ISO-10303-21;
HEADER;
FILE_DESCRIPTION(('Open CASCADE Model'),'2;1');
FILE_NAME('Open CASCADE Shape Model','2026-08-21T11:44:01',('Author'),(
    'Open CASCADE'),'Open CASCADE STEP processor 7.9','build123d',
  'Unknown');
FILE_SCHEMA(('AUTOMOTIVE_DESIGN { 1 0 10303 214 1 1 1 1 }'));
ENDSEC;
DATA;
#1 = APPLICATION_PROTOCOL_DEFINITION('international standard',
  'automotive_design',2000,#2);
#2 = APPLICATION_CONTEXT(
  'core data for automotive mechanical design processes');
#3 = SHAPE_DEFINITION_REPRESENTATION(#4,#10);
#4 = PRODUCT_DEFINITION_SHAPE('','',#5);
#5 = PRODUCT_DEFINITION('design','',#6,#9);
#6 = PRODUCT_DEFINITION_FORMATION('','',#7);
#7 = PRODUCT('COMPOUND','COMPOUND','',(#8));
#8 = PRODUCT_CONTEXT('',#2,'mechanical');
#9 = PRODUCT_DEFINITION_CONTEXT('part definition',#2,'design');
#10 = ADVANCED_BREP_SHAPE_REPRESENTATION('',(#11,#15),#1865);
#11 = AXIS2_PLACEMENT_3D('',#12,#13,#14);
#12 = CARTESIAN_POINT('',(0.,0.,0.));
#13 = DIRECTION('',(0.,0.,1.));
#14 = DIRECTION('',(1.,0.,-0.));
#15 = MANIFOLD_SOLID_BREP('',#16);
#16 = CLOSED_SHELL('',(#17,#105,#703,#707,#797,#858,#987,#1107,#1203,
    #1323,#1448,#1485,#1512,#1651,#1732,#1781,#1831,#1858));
#17 = ADVANCED_FACE('',(#18),#32,.T.);
#18 = FACE_BOUND('',#19,.T.);
#19 = EDGE_LOOP('',(#20,#50,#77,#78));
#20 = ORIENTED_EDGE('',*,*,#21,.T.);
#21 = EDGE_CURVE('',#22,#24,#26,.T.);
#22 = VERTEX_POINT('',#23);
#23 = CARTESIAN_POINT('',(8.925,20.192873358652,-104.65));
#24 = VERTEX_POINT('',#25);
#25 = CARTESIAN_POINT('',(8.925,20.192873358652,-114.65));
#26 = SEAM_CURVE('',#27,(#31,#43),.PCURVE_S1.);
#27 = LINE('',#28,#29);
#28 = CARTESIAN_POINT('',(8.925,20.192873358652,-104.65));
#29 = VECTOR('',#30,1.);
#30 = DIRECTION('',(-0.,-0.,-1.));
#31 = PCURVE('',#32,#37);
#32 = CYLINDRICAL_SURFACE('',#33,8.925);
#33 = AXIS2_PLACEMENT_3D('',#34,#35,#36);
#34 = CARTESIAN_POINT('',(0.,20.192873358652,-104.65));
#35 = DIRECTION('',(0.,0.,1.));
#36 = DIRECTION('',(1.,0.,0.));
#37 = DEFINITIONAL_REPRESENTATION('',(#38),#42);
#38 = LINE('',#39,#40);
#39 = CARTESIAN_POINT('',(0.,0.));
#40 = VECTOR('',#41,1.);
#41 = DIRECTION('',(0.,-1.));
#42 = ( GEOMETRIC_REPRESENTATION_CONTEXT(2) 
PARAMETRIC_REPRESENTATION_CONTEXT() REPRESENTATION_CONTEXT('2D SPACE',''
  ) );
#43 = PCURVE('',#32,#44);
#44 = DEFINITIONAL_REPRESENTATION('',(#45),#49);
#45 = LINE('',#46,#47);
#46 = CARTESIAN_POINT('',(6.28318530718,0.));
#47 = VECTOR('',#48,1.);
#48 = DIRECTION('',(0.,-1.));
#49 = ( GEOMETRIC_REPRESENTATION_CONTEXT(2) 
PARAMETRIC_REPRESENTATION_CONTEXT() REPRESENTATION_CONTEXT('2D SPACE',''
  ) );
#50 = ORIENTED_EDGE('',*,*,#51,.T.);
#51 = EDGE_CURVE('',#24,#24,#52,.T.);
#52 = SURFACE_CURVE('',#53,(#58,#65),.PCURVE_S1.);
#53 = CIRCLE('',#54,8.925);
#54 = AXIS2_PLACEMENT_3D('',#55,#56,#57);
#55 = CARTESIAN_POINT('',(0.,20.192873358652,-114.65));
#56 = DIRECTION('',(0.,0.,1.));
#57 = DIRECTION('',(1.,0.,0.));
#58 = PCURVE('',#32,#59);
#59 = DEFINITIONAL_REPRESENTATION('',(#60),#64);
#60 = LINE('',#61,#62);
#61 = CARTESIAN_POINT('',(0.,-10.));
#62 = VECTOR('',#63,1.);
#63 = DIRECTION('',(1.,0.));
#64 = ( GEOMETRIC_REPRESENTATION_CONTEXT(2) 
PARAMETRIC_REPRESENTATION_CONTEXT() REPRESENTATION_CONTEXT('2D SPACE',''
  ) );
#65 = PCURVE('',#66,#71);
#66 = PLANE('',#67);
#67 = AXIS2_PLACEMENT_3D('',#68,#69,#70);
#68 = CARTESIAN_POINT('',(-3.064291613534E-16,20.192873358652,-114.65));
#69 = DIRECTION('',(0.,0.,1.));
#70 = DIRECTION('',(1.,0.,0.));
#71 = DEFINITIONAL_REPRESENTATION('',(#72),#76);
#72 = CIRCLE('',#73,8.925);
#73 = AXIS2_PLACEMENT_2D('',#74,#75);
#74 = CARTESIAN_POINT('',(3.064291613534E-16,-5.549550613138E-16));
#75 = DIRECTION('',(1.,0.));
#76 = ( GEOMETRIC_REPRESENTATION_CONTEXT(2) 
PARAMETRIC_REPRESENTATION_CONTEXT() REPRESENTATION_CONTEXT('2D SPACE',''
  ) );
#77 = ORIENTED_EDGE('',*,*,#21,.F.);
#78 = ORIENTED_EDGE('',*,*,#79,.F.);
#79 = EDGE_CURVE('',#22,#22,#80,.T.);
#80 = SURFACE_CURVE('',#81,(#86,#93),.PCURVE_S1.);
#81 = CIRCLE('',#82,8.925);
#82 = AXIS2_PLACEMENT_3D('',#83,#84,#85);
#83 = CARTESIAN_POINT('',(0.,20.192873358652,-104.65));
#84 = DIRECTION('',(0.,0.,1.));
#85 = DIRECTION('',(1.,0.,0.));
#86 = PCURVE('',#32,#87);
#87 = DEFINITIONAL_REPRESENTATION('',(#88),#92);
#88 = LINE('',#89,#90);
#89 = CARTESIAN_POINT('',(0.,0.));
#90 = VECTOR('',#91,1.);
#91 = DIRECTION('',(1.,0.));
#92 = ( GEOMETRIC_REPRESENTATION_CONTEXT(2) 
PARAMETRIC_REPRESENTATION_CONTEXT() REPRESENTATION_CONTEXT('2D SPACE',''
  ) );
#93 = PCURVE('',#94,#99);
#94 = PLANE('',#95);
#95 = AXIS2_PLACEMENT_3D('',#96,#97,#98);
#96 = CARTESIAN_POINT('',(-3.064291613534E-16,20.192873358652,-104.65));
#97 = DIRECTION('',(0.,0.,1.));
#98 = DIRECTION('',(1.,0.,0.));
#99 = DEFINITIONAL_REPRESENTATION('',(#100),#104);
#100 = CIRCLE('',#101,8.925);
#101 = AXIS2_PLACEMENT_2D('',#102,#103);
#102 = CARTESIAN_POINT('',(3.064291613534E-16,-5.549550613138E-16));
#103 = DIRECTION('',(1.,0.));
#104 = ( GEOMETRIC_REPRESENTATION_CONTEXT(2) 
PARAMETRIC_REPRESENTATION_CONTEXT() REPRESENTATION_CONTEXT('2D SPACE',''
  ) );
#105 = ADVANCED_FACE('',(#106,#109),#94,.T.);
#106 = FACE_BOUND('',#107,.T.);
#107 = EDGE_LOOP('',(#108));
#108 = ORIENTED_EDGE('',*,*,#79,.T.);
#109 = FACE_BOUND('',#110,.T.);
#110 = EDGE_LOOP('',(#111,#187,#261,#335,#409,#483,#557,#631));
#111 = ORIENTED_EDGE('',*,*,#112,.F.);
#112 = EDGE_CURVE('',#113,#115,#117,.T.);
#113 = VERTEX_POINT('',#114);
#114 = CARTESIAN_POINT('',(-7.,22.292873338542,-104.65));
#115 = VERTEX_POINT('',#116);
#116 = CARTESIAN_POINT('',(-7.,18.092873358652,-104.65));
#117 = SURFACE_CURVE('',#118,(#127,#139),.PCURVE_S1.);
#118 = B_SPLINE_CURVE_WITH_KNOTS('',7,(#119,#120,#121,#122,#123,#124,
    #125,#126),.UNSPECIFIED.,.F.,.F.,(8,8),(0.,1.),
  .PIECEWISE_BEZIER_KNOTS.);
#119 = CARTESIAN_POINT('',(-7.,22.292873338542,-104.65));
#120 = CARTESIAN_POINT('',(-7.,21.692873341415,-104.65));
#121 = CARTESIAN_POINT('',(-7.,21.092873344288,-104.65));
#122 = CARTESIAN_POINT('',(-7.,20.492873347161,-104.65));
#123 = CARTESIAN_POINT('',(-7.,19.892873350034,-104.65));
#124 = CARTESIAN_POINT('',(-7.,19.292873352906,-104.65));
#125 = CARTESIAN_POINT('',(-7.,18.692873355779,-104.65));
#126 = CARTESIAN_POINT('',(-7.,18.092873358652,-104.65));
#127 = PCURVE('',#94,#128);
#128 = DEFINITIONAL_REPRESENTATION('',(#129),#138);
#129 = B_SPLINE_CURVE_WITH_KNOTS('',7,(#130,#131,#132,#133,#134,#135,
    #136,#137),.UNSPECIFIED.,.F.,.F.,(8,8),(0.,1.),
  .PIECEWISE_BEZIER_KNOTS.);
#130 = CARTESIAN_POINT('',(-7.,2.09999997989));
#131 = CARTESIAN_POINT('',(-7.,1.499999982763));
#132 = CARTESIAN_POINT('',(-7.,0.899999985636));
#133 = CARTESIAN_POINT('',(-7.,0.299999988509));
#134 = CARTESIAN_POINT('',(-7.,-0.300000008618));
#135 = CARTESIAN_POINT('',(-7.,-0.900000005746));
#136 = CARTESIAN_POINT('',(-7.,-1.500000002873));
#137 = CARTESIAN_POINT('',(-7.,-2.1));
#138 = ( GEOMETRIC_REPRESENTATION_CONTEXT(2) 
PARAMETRIC_REPRESENTATION_CONTEXT() REPRESENTATION_CONTEXT('2D SPACE',''
  ) );
#139 = PCURVE('',#140,#181);
#140 = ( BOUNDED_SURFACE() B_SPLINE_SURFACE(7,4,(
    (#141,#142,#143,#144,#145)
    ,(#146,#147,#148,#149,#150)
    ,(#151,#152,#153,#154,#155)
    ,(#156,#157,#158,#159,#160)
    ,(#161,#162,#163,#164,#165)
    ,(#166,#167,#168,#169,#170)
    ,(#171,#172,#173,#174,#175)
    ,(#176,#177,#178,#179,#180
)),.UNSPECIFIED.,.F.,.F.,.F.) B_SPLINE_SURFACE_WITH_KNOTS((8,8),(5,5),(
    0.,1.),(0.,1.),.PIECEWISE_BEZIER_KNOTS.) 
GEOMETRIC_REPRESENTATION_ITEM() RATIONAL_B_SPLINE_SURFACE((
    (1.,1.,1.,1.,1.)
    ,(1.,1.,1.,1.,1.)
    ,(1.,1.,1.,1.,1.)
    ,(1.,1.,1.,1.,1.)
    ,(1.,1.,1.,1.,1.)
    ,(1.,1.,1.,1.,1.)
    ,(1.,1.,1.,1.,1.)
,(1.,1.,1.,1.,1.))) REPRESENTATION_ITEM('') SURFACE() );
#141 = CARTESIAN_POINT('',(-7.,2.09999997989,-9.65));
#142 = CARTESIAN_POINT('',(-7.,14.717482932487,-33.4517510422));
#143 = CARTESIAN_POINT('',(-7.,-0.111950195734,-57.19374946132));
#144 = CARTESIAN_POINT('',(-7.,24.780507343425,-80.79455867831));
#145 = CARTESIAN_POINT('',(-7.,22.292873338542,-104.65));
#146 = CARTESIAN_POINT('',(-7.,1.499999982763,-9.65));
#147 = CARTESIAN_POINT('',(-7.,11.957978756637,-33.4517510422));
#148 = CARTESIAN_POINT('',(-7.,2.807388706854,-57.19374946132));
#149 = CARTESIAN_POINT('',(-7.,22.021003167575,-80.79455867831));
#150 = CARTESIAN_POINT('',(-7.,21.692873341415,-104.65));
#151 = CARTESIAN_POINT('',(-7.,0.899999985636,-9.65));
#152 = CARTESIAN_POINT('',(-7.,9.198474580787,-33.4517510422));
#153 = CARTESIAN_POINT('',(-7.,5.726727609442,-57.19374946132));
#154 = CARTESIAN_POINT('',(-7.,19.261498991725,-80.79455867831));
#155 = CARTESIAN_POINT('',(-7.,21.092873344288,-104.65));
#156 = CARTESIAN_POINT('',(-7.,0.299999988509,-9.65));
#157 = CARTESIAN_POINT('',(-7.,6.438970404937,-33.4517510422));
#158 = CARTESIAN_POINT('',(-7.,8.646066512029,-57.19374946132));
#159 = CARTESIAN_POINT('',(-7.,16.501994815876,-80.79455867831));
#160 = CARTESIAN_POINT('',(-7.,20.492873347161,-104.65));
#161 = CARTESIAN_POINT('',(-7.,-0.300000008618,-9.65));
#162 = CARTESIAN_POINT('',(-7.,3.679466229088,-33.4517510422));
#163 = CARTESIAN_POINT('',(-7.,11.565405414616,-57.19374946132));
#164 = CARTESIAN_POINT('',(-7.,13.742490640026,-80.79455867831));
#165 = CARTESIAN_POINT('',(-7.,19.892873350034,-104.65));
#166 = CARTESIAN_POINT('',(-7.,-0.900000005746,-9.65));
#167 = CARTESIAN_POINT('',(-7.,0.919962053237,-33.4517510422));
#168 = CARTESIAN_POINT('',(-7.,14.484744317205,-57.19374946132));
#169 = CARTESIAN_POINT('',(-7.,10.982986464176,-80.79455867831));
#170 = CARTESIAN_POINT('',(-7.,19.292873352906,-104.65));
#171 = CARTESIAN_POINT('',(-7.,-1.500000002873,-9.65));
#172 = CARTESIAN_POINT('',(-7.,-1.839542122612,-33.4517510422));
#173 = CARTESIAN_POINT('',(-7.,17.404083219792,-57.19374946132));
#174 = CARTESIAN_POINT('',(-7.,8.223482288326,-80.79455867831));
#175 = CARTESIAN_POINT('',(-7.,18.692873355779,-104.65));
#176 = CARTESIAN_POINT('',(-7.,-2.1,-9.65));
#177 = CARTESIAN_POINT('',(-7.,-4.599046298462,-33.4517510422));
#178 = CARTESIAN_POINT('',(-7.,20.323422122379,-57.19374946132));
#179 = CARTESIAN_POINT('',(-7.,5.463978112476,-80.79455867831));
#180 = CARTESIAN_POINT('',(-7.,18.092873358652,-104.65));
#181 = DEFINITIONAL_REPRESENTATION('',(#182),#186);
#182 = LINE('',#183,#184);
#183 = CARTESIAN_POINT('',(0.,1.));
#184 = VECTOR('',#185,1.);
#185 = DIRECTION('',(1.,0.));
#186 = ( GEOMETRIC_REPRESENTATION_CONTEXT(2) 
PARAMETRIC_REPRESENTATION_CONTEXT() REPRESENTATION_CONTEXT('2D SPACE',''
  ) );
#187 = ORIENTED_EDGE('',*,*,#188,.F.);
#188 = EDGE_CURVE('',#189,#113,#191,.T.);
#189 = VERTEX_POINT('',#190);
#190 = CARTESIAN_POINT('',(-6.1,23.192873348597,-104.65));
#191 = SURFACE_CURVE('',#192,(#201,#213),.PCURVE_S1.);
#192 = B_SPLINE_CURVE_WITH_KNOTS('',7,(#193,#194,#195,#196,#197,#198,
    #199,#200),.UNSPECIFIED.,.F.,.F.,(8,8),(7.,8.),
  .PIECEWISE_BEZIER_KNOTS.);
#193 = CARTESIAN_POINT('',(-6.1,23.192873338542,-104.65));
#194 = CARTESIAN_POINT('',(-6.301959527731,23.192873338542,-104.65));
#195 = CARTESIAN_POINT('',(-6.503918078485,23.139999340646,-104.65));
#196 = CARTESIAN_POINT('',(-6.689272246741,23.034259788524,-104.65));
#197 = CARTESIAN_POINT('',(-6.841386449982,22.882145585283,-104.65));
#198 = CARTESIAN_POINT('',(-6.947126002104,22.696791417027,-104.65));
#199 = CARTESIAN_POINT('',(-7.,22.494832866273,-104.65));
#200 = CARTESIAN_POINT('',(-7.,22.292873338542,-104.65));
#201 = PCURVE('',#94,#202);
#202 = DEFINITIONAL_REPRESENTATION('',(#203),#212);
#203 = B_SPLINE_CURVE_WITH_KNOTS('',7,(#204,#205,#206,#207,#208,#209,
    #210,#211),.UNSPECIFIED.,.F.,.F.,(8,8),(7.,8.),
  .PIECEWISE_BEZIER_KNOTS.);
#204 = CARTESIAN_POINT('',(-6.1,2.99999997989));
#205 = CARTESIAN_POINT('',(-6.301959527731,2.99999997989));
#206 = CARTESIAN_POINT('',(-6.503918078485,2.947125981994));
#207 = CARTESIAN_POINT('',(-6.689272246741,2.841386429872));
#208 = CARTESIAN_POINT('',(-6.841386449982,2.689272226631));
#209 = CARTESIAN_POINT('',(-6.947126002104,2.503918058375));
#210 = CARTESIAN_POINT('',(-7.,2.301959507621));
#211 = CARTESIAN_POINT('',(-7.,2.09999997989));
#212 = ( GEOMETRIC_REPRESENTATION_CONTEXT(2) 
PARAMETRIC_REPRESENTATION_CONTEXT() REPRESENTATION_CONTEXT('2D SPACE',''
  ) );
#213 = PCURVE('',#214,#255);
#214 = ( BOUNDED_SURFACE() B_SPLINE_SURFACE(7,4,(
    (#215,#216,#217,#218,#219)
    ,(#220,#221,#222,#223,#224)
    ,(#225,#226,#227,#228,#229)
    ,(#230,#231,#232,#233,#234)
    ,(#235,#236,#237,#238,#239)
    ,(#240,#241,#242,#243,#244)
    ,(#245,#246,#247,#248,#249)
    ,(#250,#251,#252,#253,#254
)),.UNSPECIFIED.,.F.,.F.,.F.) B_SPLINE_SURFACE_WITH_KNOTS((8,8),(5,5),(
    7.,8.),(0.,1.),.PIECEWISE_BEZIER_KNOTS.) 
GEOMETRIC_REPRESENTATION_ITEM() RATIONAL_B_SPLINE_SURFACE((
    (1.,1.,1.,1.,1.)
    ,(1.,1.,1.,1.,1.)
    ,(1.,1.,1.,1.,1.)
    ,(1.,1.,1.,1.,1.)
    ,(1.,1.,1.,1.,1.)
    ,(1.,1.,1.,1.,1.)
    ,(1.,1.,1.,1.,1.)
,(1.,1.,1.,1.,1.))) REPRESENTATION_ITEM('') SURFACE() );
#215 = CARTESIAN_POINT('',(-6.1,2.99999997989,-9.65));
#216 = CARTESIAN_POINT('',(-2.860743564338,18.85673936815,-33.4517510422
    ));
#217 = CARTESIAN_POINT('',(-11.37900862267,-4.490958818408,
    -57.19374946132));
#218 = CARTESIAN_POINT('',(-2.860743564338,28.919763779088,
    -80.79455867831));
#219 = CARTESIAN_POINT('',(-6.1,23.192873338542,-104.65));
#220 = CARTESIAN_POINT('',(-6.301959527731,2.99999997989,-9.65));
#221 = CARTESIAN_POINT('',(-3.789590536452,18.85673936815,-33.4517510422
    ));
#222 = CARTESIAN_POINT('',(-10.3963613856,-4.490958818407,
    -57.19374946132));
#223 = CARTESIAN_POINT('',(-3.789590536452,28.919763779088,
    -80.79455867831));
#224 = CARTESIAN_POINT('',(-6.301959527731,23.192873338542,-104.65));
#225 = CARTESIAN_POINT('',(-6.503918078485,2.947125981994,-9.65));
#226 = CARTESIAN_POINT('',(-4.718433015282,18.613562661403,
    -33.4517510422));
#227 = CARTESIAN_POINT('',(-9.413718902074,-4.233696937625,
    -57.19374946132));
#228 = CARTESIAN_POINT('',(-4.718433015282,28.676587072341,
    -80.79455867831));
#229 = CARTESIAN_POINT('',(-6.503918078485,23.139999340646,-104.65));
#230 = CARTESIAN_POINT('',(-6.689272246741,2.841386429872,-9.65));
#231 = CARTESIAN_POINT('',(-5.57090905287,18.127248081822,-33.4517510422
    ));
#232 = CARTESIAN_POINT('',(-8.51186612314,-3.719214259295,
    -57.19374946132));
#233 = CARTESIAN_POINT('',(-5.57090905287,28.19027249276,-80.79455867831
    ));
#234 = CARTESIAN_POINT('',(-6.689272246741,23.034259788524,-104.65));
#235 = CARTESIAN_POINT('',(-6.841386449982,2.689272226631,-9.65));
#236 = CARTESIAN_POINT('',(-6.270508713671,17.427648421019,
    -33.4517510422));
#237 = CARTESIAN_POINT('',(-7.771744559113,-2.979092695267,
    -57.19374946132));
#238 = CARTESIAN_POINT('',(-6.270508713671,27.490672831957,
    -80.79455867831));
#239 = CARTESIAN_POINT('',(-6.841386449982,22.882145585283,-104.65));
#240 = CARTESIAN_POINT('',(-6.947126002104,2.503918058375,-9.65));
#241 = CARTESIAN_POINT('',(-6.756823293253,16.575172383432,
    -33.4517510422));
#242 = CARTESIAN_POINT('',(-7.257261880782,-2.077239916334,
    -57.19374946132));
#243 = CARTESIAN_POINT('',(-6.756823293253,26.63819679437,
    -80.79455867831));
#244 = CARTESIAN_POINT('',(-6.947126002104,22.696791417027,-104.65));
#245 = CARTESIAN_POINT('',(-7.,2.301959507621,-9.65));
#246 = CARTESIAN_POINT('',(-7.,15.646329904602,-33.4517510422));
#247 = CARTESIAN_POINT('',(-7.,-1.094597432805,-57.19374946132));
#248 = CARTESIAN_POINT('',(-7.,25.70935431554,-80.79455867831));
#249 = CARTESIAN_POINT('',(-7.,22.494832866273,-104.65));
#250 = CARTESIAN_POINT('',(-7.,2.09999997989,-9.65));
#251 = CARTESIAN_POINT('',(-7.,14.717482932487,-33.4517510422));
#252 = CARTESIAN_POINT('',(-7.,-0.111950195734,-57.19374946132));
#253 = CARTESIAN_POINT('',(-7.,24.780507343425,-80.79455867831));
#254 = CARTESIAN_POINT('',(-7.,22.292873338542,-104.65));
#255 = DEFINITIONAL_REPRESENTATION('',(#256),#260);
#256 = LINE('',#257,#258);
#257 = CARTESIAN_POINT('',(0.,1.));
#258 = VECTOR('',#259,1.);
#259 = DIRECTION('',(1.,0.));
#260 = ( GEOMETRIC_REPRESENTATION_CONTEXT(2) 
PARAMETRIC_REPRESENTATION_CONTEXT() REPRESENTATION_CONTEXT('2D SPACE',''
  ) );
#261 = ORIENTED_EDGE('',*,*,#262,.F.);
#262 = EDGE_CURVE('',#263,#189,#265,.T.);
#263 = VERTEX_POINT('',#264);
#264 = CARTESIAN_POINT('',(6.1,23.192873348597,-104.65));
#265 = SURFACE_CURVE('',#266,(#275,#287),.PCURVE_S1.);
#266 = B_SPLINE_CURVE_WITH_KNOTS('',7,(#267,#268,#269,#270,#271,#272,
    #273,#274),.UNSPECIFIED.,.F.,.F.,(8,8),(6.,7.),
  .PIECEWISE_BEZIER_KNOTS.);
#267 = CARTESIAN_POINT('',(6.1,23.192873358652,-104.65));
#268 = CARTESIAN_POINT('',(4.357142857143,23.192873358652,-104.65));
#269 = CARTESIAN_POINT('',(2.614285714286,23.192873358652,-104.65));
#270 = CARTESIAN_POINT('',(0.871428571429,23.192873358652,-104.65));
#271 = CARTESIAN_POINT('',(-0.871428571429,23.192873358652,-104.65));
#272 = CARTESIAN_POINT('',(-2.614285714286,23.192873358652,-104.65));
#273 = CARTESIAN_POINT('',(-4.357142857143,23.192873358652,-104.65));
#274 = CARTESIAN_POINT('',(-6.1,23.192873338542,-104.65));
#275 = PCURVE('',#94,#276);
#276 = DEFINITIONAL_REPRESENTATION('',(#277),#286);
#277 = B_SPLINE_CURVE_WITH_KNOTS('',7,(#278,#279,#280,#281,#282,#283,
    #284,#285),.UNSPECIFIED.,.F.,.F.,(8,8),(6.,7.),
  .PIECEWISE_BEZIER_KNOTS.);
#278 = CARTESIAN_POINT('',(6.1,3.));
#279 = CARTESIAN_POINT('',(4.357142857143,3.));
#280 = CARTESIAN_POINT('',(2.614285714286,3.));
#281 = CARTESIAN_POINT('',(0.871428571429,3.));
#282 = CARTESIAN_POINT('',(-0.871428571429,3.));
#283 = CARTESIAN_POINT('',(-2.614285714286,3.));
#284 = CARTESIAN_POINT('',(-4.357142857143,3.));
#285 = CARTESIAN_POINT('',(-6.1,2.99999997989));
#286 = ( GEOMETRIC_REPRESENTATION_CONTEXT(2) 
PARAMETRIC_REPRESENTATION_CONTEXT() REPRESENTATION_CONTEXT('2D SPACE',''
  ) );
#287 = PCURVE('',#288,#329);
#288 = ( BOUNDED_SURFACE() B_SPLINE_SURFACE(7,4,(
    (#289,#290,#291,#292,#293)
    ,(#294,#295,#296,#297,#298)
    ,(#299,#300,#301,#302,#303)
    ,(#304,#305,#306,#307,#308)
    ,(#309,#310,#311,#312,#313)
    ,(#314,#315,#316,#317,#318)
    ,(#319,#320,#321,#322,#323)
    ,(#324,#325,#326,#327,#328
)),.UNSPECIFIED.,.F.,.F.,.F.) B_SPLINE_SURFACE_WITH_KNOTS((8,8),(5,5),(
    6.,7.),(0.,1.),.PIECEWISE_BEZIER_KNOTS.) 
GEOMETRIC_REPRESENTATION_ITEM() RATIONAL_B_SPLINE_SURFACE((
    (1.,1.,1.,1.,1.)
    ,(1.,1.,1.,1.,1.)
    ,(1.,1.,1.,1.,1.)
    ,(1.,1.,1.,1.,1.)
    ,(1.,1.,1.,1.,1.)
    ,(1.,1.,1.,1.,1.)
    ,(1.,1.,1.,1.,1.)
,(1.,1.,1.,1.,1.))) REPRESENTATION_ITEM('') SURFACE() );
#289 = CARTESIAN_POINT('',(6.1,3.,-9.65));
#290 = CARTESIAN_POINT('',(2.860743564338,18.856739460638,-33.4517510422
    ));
#291 = CARTESIAN_POINT('',(11.379008622674,-4.490958916253,
    -57.19374946132));
#292 = CARTESIAN_POINT('',(2.860743564338,28.919763871576,
    -80.79455867831));
#293 = CARTESIAN_POINT('',(6.1,23.192873358652,-104.65));
#294 = CARTESIAN_POINT('',(4.357142857143,3.,-9.65));
#295 = CARTESIAN_POINT('',(2.043388260241,18.856739460638,-33.4517510422
    ));
#296 = CARTESIAN_POINT('',(8.12786330191,-4.490958916253,-57.19374946132
    ));
#297 = CARTESIAN_POINT('',(2.043388260241,28.919763871576,
    -80.79455867831));
#298 = CARTESIAN_POINT('',(4.357142857143,23.192873358652,-104.65));
#299 = CARTESIAN_POINT('',(2.614285714286,3.,-9.65));
#300 = CARTESIAN_POINT('',(1.226032956145,18.856739460638,-33.4517510422
    ));
#301 = CARTESIAN_POINT('',(4.876717981146,-4.490958916253,
    -57.19374946132));
#302 = CARTESIAN_POINT('',(1.226032956145,28.919763871576,
    -80.79455867831));
#303 = CARTESIAN_POINT('',(2.614285714286,23.192873358652,-104.65));
#304 = CARTESIAN_POINT('',(0.871428571429,3.,-9.65));
#305 = CARTESIAN_POINT('',(0.408677652048,18.856739460638,-33.4517510422
    ));
#306 = CARTESIAN_POINT('',(1.625572660382,-4.490958916253,
    -57.19374946132));
#307 = CARTESIAN_POINT('',(0.408677652048,28.919763871576,
    -80.79455867831));
#308 = CARTESIAN_POINT('',(0.871428571429,23.192873358652,-104.65));
#309 = CARTESIAN_POINT('',(-0.871428571429,3.,-9.65));
#310 = CARTESIAN_POINT('',(-0.408677652048,18.856739460638,
    -33.4517510422));
#311 = CARTESIAN_POINT('',(-1.625572660382,-4.490958916253,
    -57.19374946132));
#312 = CARTESIAN_POINT('',(-0.408677652048,28.919763871576,
    -80.79455867831));
#313 = CARTESIAN_POINT('',(-0.871428571429,23.192873358652,-104.65));
#314 = CARTESIAN_POINT('',(-2.614285714286,3.,-9.65));
#315 = CARTESIAN_POINT('',(-1.226032956145,18.856739460638,
    -33.4517510422));
#316 = CARTESIAN_POINT('',(-4.876717981146,-4.490958916253,
    -57.19374946132));
#317 = CARTESIAN_POINT('',(-1.226032956145,28.919763871576,
    -80.79455867831));
#318 = CARTESIAN_POINT('',(-2.614285714286,23.192873358652,-104.65));
#319 = CARTESIAN_POINT('',(-4.357142857143,3.,-9.65));
#320 = CARTESIAN_POINT('',(-2.043388260241,18.856739460638,
    -33.4517510422));
#321 = CARTESIAN_POINT('',(-8.12786330191,-4.490958916253,
    -57.19374946132));
#322 = CARTESIAN_POINT('',(-2.043388260241,28.919763871576,
    -80.79455867831));
#323 = CARTESIAN_POINT('',(-4.357142857143,23.192873358652,-104.65));
#324 = CARTESIAN_POINT('',(-6.1,2.99999997989,-9.65));
#325 = CARTESIAN_POINT('',(-2.860743564338,18.85673936815,-33.4517510422
    ));
#326 = CARTESIAN_POINT('',(-11.37900862267,-4.490958818408,
    -57.19374946132));
#327 = CARTESIAN_POINT('',(-2.860743564338,28.919763779088,
    -80.79455867831));
#328 = CARTESIAN_POINT('',(-6.1,23.192873338542,-104.65));
#329 = DEFINITIONAL_REPRESENTATION('',(#330),#334);
#330 = LINE('',#331,#332);
#331 = CARTESIAN_POINT('',(0.,1.));
#332 = VECTOR('',#333,1.);
#333 = DIRECTION('',(1.,0.));
#334 = ( GEOMETRIC_REPRESENTATION_CONTEXT(2) 
PARAMETRIC_REPRESENTATION_CONTEXT() REPRESENTATION_CONTEXT('2D SPACE',''
  ) );
#335 = ORIENTED_EDGE('',*,*,#336,.F.);
#336 = EDGE_CURVE('',#337,#263,#339,.T.);
#337 = VERTEX_POINT('',#338);
#338 = CARTESIAN_POINT('',(7.,22.292873338542,-104.65));
#339 = SURFACE_CURVE('',#340,(#349,#361),.PCURVE_S1.);
#340 = B_SPLINE_CURVE_WITH_KNOTS('',7,(#341,#342,#343,#344,#345,#346,
    #347,#348),.UNSPECIFIED.,.F.,.F.,(8,8),(5.,6.),
  .PIECEWISE_BEZIER_KNOTS.);
#341 = CARTESIAN_POINT('',(7.,22.292873338542,-104.65));
#342 = CARTESIAN_POINT('',(7.,22.494832866273,-104.65));
#343 = CARTESIAN_POINT('',(6.947126002104,22.696791417027,-104.65));
#344 = CARTESIAN_POINT('',(6.841386449982,22.882145585283,-104.65));
#345 = CARTESIAN_POINT('',(6.689272246741,23.034259788524,-104.65));
#346 = CARTESIAN_POINT('',(6.503918078485,23.139999340646,-104.65));
#347 = CARTESIAN_POINT('',(6.301959527731,23.192873338542,-104.65));
#348 = CARTESIAN_POINT('',(6.1,23.192873358652,-104.65));
#349 = PCURVE('',#94,#350);
#350 = DEFINITIONAL_REPRESENTATION('',(#351),#360);
#351 = B_SPLINE_CURVE_WITH_KNOTS('',7,(#352,#353,#354,#355,#356,#357,
    #358,#359),.UNSPECIFIED.,.F.,.F.,(8,8),(5.,6.),
  .PIECEWISE_BEZIER_KNOTS.);
#352 = CARTESIAN_POINT('',(7.,2.09999997989));
#353 = CARTESIAN_POINT('',(7.,2.301959507621));
#354 = CARTESIAN_POINT('',(6.947126002104,2.503918058375));
#355 = CARTESIAN_POINT('',(6.841386449982,2.689272226631));
#356 = CARTESIAN_POINT('',(6.689272246741,2.841386429872));
#357 = CARTESIAN_POINT('',(6.503918078485,2.947125981994));
#358 = CARTESIAN_POINT('',(6.301959527731,2.99999997989));
#359 = CARTESIAN_POINT('',(6.1,3.));
#360 = ( GEOMETRIC_REPRESENTATION_CONTEXT(2) 
PARAMETRIC_REPRESENTATION_CONTEXT() REPRESENTATION_CONTEXT('2D SPACE',''
  ) );
#361 = PCURVE('',#362,#403);
#362 = ( BOUNDED_SURFACE() B_SPLINE_SURFACE(7,4,(
    (#363,#364,#365,#366,#367)
    ,(#368,#369,#370,#371,#372)
    ,(#373,#374,#375,#376,#377)
    ,(#378,#379,#380,#381,#382)
    ,(#383,#384,#385,#386,#387)
    ,(#388,#389,#390,#391,#392)
    ,(#393,#394,#395,#396,#397)
    ,(#398,#399,#400,#401,#402
)),.UNSPECIFIED.,.F.,.F.,.F.) B_SPLINE_SURFACE_WITH_KNOTS((8,8),(5,5),(
    5.,6.),(0.,1.),.PIECEWISE_BEZIER_KNOTS.) 
GEOMETRIC_REPRESENTATION_ITEM() RATIONAL_B_SPLINE_SURFACE((
    (1.,1.,1.,1.,1.)
    ,(1.,1.,1.,1.,1.)
    ,(1.,1.,1.,1.,1.)
    ,(1.,1.,1.,1.,1.)
    ,(1.,1.,1.,1.,1.)
    ,(1.,1.,1.,1.,1.)
    ,(1.,1.,1.,1.,1.)
,(1.,1.,1.,1.,1.))) REPRESENTATION_ITEM('') SURFACE() );
#363 = CARTESIAN_POINT('',(7.,2.09999997989,-9.65));
#364 = CARTESIAN_POINT('',(7.,14.717482932487,-33.4517510422));
#365 = CARTESIAN_POINT('',(7.,-0.111950195734,-57.19374946132));
#366 = CARTESIAN_POINT('',(7.,24.780507343425,-80.79455867831));
#367 = CARTESIAN_POINT('',(7.,22.292873338542,-104.65));
#368 = CARTESIAN_POINT('',(7.,2.301959507621,-9.65));
#369 = CARTESIAN_POINT('',(7.,15.646329904602,-33.4517510422));
#370 = CARTESIAN_POINT('',(7.,-1.094597432805,-57.19374946132));
#371 = CARTESIAN_POINT('',(7.,25.70935431554,-80.79455867831));
#372 = CARTESIAN_POINT('',(7.,22.494832866273,-104.65));
#373 = CARTESIAN_POINT('',(6.947126002104,2.503918058375,-9.65));
#374 = CARTESIAN_POINT('',(6.756823293254,16.575172383432,-33.4517510422
    ));
#375 = CARTESIAN_POINT('',(7.25726188078,-2.077239916334,-57.19374946132
    ));
#376 = CARTESIAN_POINT('',(6.756823293254,26.63819679437,-80.79455867831
    ));
#377 = CARTESIAN_POINT('',(6.947126002104,22.696791417027,-104.65));
#378 = CARTESIAN_POINT('',(6.841386449982,2.689272226631,-9.65));
#379 = CARTESIAN_POINT('',(6.27050871367,17.427648421019,-33.4517510422)
  );
#380 = CARTESIAN_POINT('',(7.771744559116,-2.979092695267,
    -57.19374946132));
#381 = CARTESIAN_POINT('',(6.27050871367,27.490672831957,-80.79455867831
    ));
#382 = CARTESIAN_POINT('',(6.841386449982,22.882145585283,-104.65));
#383 = CARTESIAN_POINT('',(6.689272246741,2.841386429872,-9.65));
#384 = CARTESIAN_POINT('',(5.570909052871,18.127248081822,-33.4517510422
    ));
#385 = CARTESIAN_POINT('',(8.511866123138,-3.719214259295,
    -57.19374946132));
#386 = CARTESIAN_POINT('',(5.570909052871,28.19027249276,-80.79455867831
    ));
#387 = CARTESIAN_POINT('',(6.689272246741,23.034259788524,-104.65));
#388 = CARTESIAN_POINT('',(6.503918078485,2.947125981994,-9.65));
#389 = CARTESIAN_POINT('',(4.718433015281,18.613562661403,-33.4517510422
    ));
#390 = CARTESIAN_POINT('',(9.413718902075,-4.233696937626,
    -57.19374946132));
#391 = CARTESIAN_POINT('',(4.718433015281,28.676587072341,
    -80.79455867831));
#392 = CARTESIAN_POINT('',(6.503918078485,23.139999340646,-104.65));
#393 = CARTESIAN_POINT('',(6.301959527731,2.99999997989,-9.65));
#394 = CARTESIAN_POINT('',(3.789590536452,18.85673936815,-33.4517510422)
  );
#395 = CARTESIAN_POINT('',(10.396361385602,-4.490958818408,
    -57.19374946132));
#396 = CARTESIAN_POINT('',(3.789590536452,28.919763779088,
    -80.79455867831));
#397 = CARTESIAN_POINT('',(6.301959527731,23.192873338542,-104.65));
#398 = CARTESIAN_POINT('',(6.1,3.,-9.65));
#399 = CARTESIAN_POINT('',(2.860743564338,18.856739460638,-33.4517510422
    ));
#400 = CARTESIAN_POINT('',(11.379008622674,-4.490958916253,
    -57.19374946132));
#401 = CARTESIAN_POINT('',(2.860743564338,28.919763871576,
    -80.79455867831));
#402 = CARTESIAN_POINT('',(6.1,23.192873358652,-104.65));
#403 = DEFINITIONAL_REPRESENTATION('',(#404),#408);
#404 = LINE('',#405,#406);
#405 = CARTESIAN_POINT('',(0.,1.));
#406 = VECTOR('',#407,1.);
#407 = DIRECTION('',(1.,0.));
#408 = ( GEOMETRIC_REPRESENTATION_CONTEXT(2) 
PARAMETRIC_REPRESENTATION_CONTEXT() REPRESENTATION_CONTEXT('2D SPACE',''
  ) );
#409 = ORIENTED_EDGE('',*,*,#410,.F.);
#410 = EDGE_CURVE('',#411,#337,#413,.T.);
#411 = VERTEX_POINT('',#412);
#412 = CARTESIAN_POINT('',(7.,18.092873358652,-104.65));
#413 = SURFACE_CURVE('',#414,(#423,#435),.PCURVE_S1.);
#414 = B_SPLINE_CURVE_WITH_KNOTS('',7,(#415,#416,#417,#418,#419,#420,
    #421,#422),.UNSPECIFIED.,.F.,.F.,(8,8),(4.,5.),
  .PIECEWISE_BEZIER_KNOTS.);
#415 = CARTESIAN_POINT('',(7.,18.092873358652,-104.65));
#416 = CARTESIAN_POINT('',(7.,18.692873355779,-104.65));
#417 = CARTESIAN_POINT('',(7.,19.292873352906,-104.65));
#418 = CARTESIAN_POINT('',(7.,19.892873350034,-104.65));
#419 = CARTESIAN_POINT('',(7.,20.492873347161,-104.65));
#420 = CARTESIAN_POINT('',(7.,21.092873344288,-104.65));
#421 = CARTESIAN_POINT('',(7.,21.692873341415,-104.65));
#422 = CARTESIAN_POINT('',(7.,22.292873338542,-104.65));
#423 = PCURVE('',#94,#424);
#424 = DEFINITIONAL_REPRESENTATION('',(#425),#434);
#425 = B_SPLINE_CURVE_WITH_KNOTS('',7,(#426,#427,#428,#429,#430,#431,
    #432,#433),.UNSPECIFIED.,.F.,.F.,(8,8),(4.,5.),
  .PIECEWISE_BEZIER_KNOTS.);
#426 = CARTESIAN_POINT('',(7.,-2.1));
#427 = CARTESIAN_POINT('',(7.,-1.500000002873));
#428 = CARTESIAN_POINT('',(7.,-0.900000005746));
#429 = CARTESIAN_POINT('',(7.,-0.300000008618));
#430 = CARTESIAN_POINT('',(7.,0.299999988509));
#431 = CARTESIAN_POINT('',(7.,0.899999985636));
#432 = CARTESIAN_POINT('',(7.,1.499999982763));
#433 = CARTESIAN_POINT('',(7.,2.09999997989));
#434 = ( GEOMETRIC_REPRESENTATION_CONTEXT(2) 
PARAMETRIC_REPRESENTATION_CONTEXT() REPRESENTATION_CONTEXT('2D SPACE',''
  ) );
#435 = PCURVE('',#436,#477);
#436 = ( BOUNDED_SURFACE() B_SPLINE_SURFACE(7,4,(
    (#437,#438,#439,#440,#441)
    ,(#442,#443,#444,#445,#446)
    ,(#447,#448,#449,#450,#451)
    ,(#452,#453,#454,#455,#456)
    ,(#457,#458,#459,#460,#461)
    ,(#462,#463,#464,#465,#466)
    ,(#467,#468,#469,#470,#471)
    ,(#472,#473,#474,#475,#476
)),.UNSPECIFIED.,.F.,.F.,.F.) B_SPLINE_SURFACE_WITH_KNOTS((8,8),(5,5),(
    4.,5.),(0.,1.),.PIECEWISE_BEZIER_KNOTS.) 
GEOMETRIC_REPRESENTATION_ITEM() RATIONAL_B_SPLINE_SURFACE((
    (1.,1.,1.,1.,1.)
    ,(1.,1.,1.,1.,1.)
    ,(1.,1.,1.,1.,1.)
    ,(1.,1.,1.,1.,1.)
    ,(1.,1.,1.,1.,1.)
    ,(1.,1.,1.,1.,1.)
    ,(1.,1.,1.,1.,1.)
,(1.,1.,1.,1.,1.))) REPRESENTATION_ITEM('') SURFACE() );
#437 = CARTESIAN_POINT('',(7.,-2.1,-9.65));
#438 = CARTESIAN_POINT('',(7.,-4.599046298462,-33.4517510422));
#439 = CARTESIAN_POINT('',(7.,20.323422122379,-57.19374946132));
#440 = CARTESIAN_POINT('',(7.,5.463978112476,-80.79455867831));
#441 = CARTESIAN_POINT('',(7.,18.092873358652,-104.65));
#442 = CARTESIAN_POINT('',(7.,-1.500000002873,-9.65));
#443 = CARTESIAN_POINT('',(7.,-1.839542122612,-33.4517510422));
#444 = CARTESIAN_POINT('',(7.,17.404083219792,-57.19374946132));
#445 = CARTESIAN_POINT('',(7.,8.223482288326,-80.79455867831));
#446 = CARTESIAN_POINT('',(7.,18.692873355779,-104.65));
#447 = CARTESIAN_POINT('',(7.,-0.900000005746,-9.65));
#448 = CARTESIAN_POINT('',(7.,0.919962053238,-33.4517510422));
#449 = CARTESIAN_POINT('',(7.,14.484744317204,-57.19374946132));
#450 = CARTESIAN_POINT('',(7.,10.982986464176,-80.79455867831));
#451 = CARTESIAN_POINT('',(7.,19.292873352906,-104.65));
#452 = CARTESIAN_POINT('',(7.,-0.300000008618,-9.65));
#453 = CARTESIAN_POINT('',(7.,3.679466229088,-33.4517510422));
#454 = CARTESIAN_POINT('',(7.,11.565405414617,-57.19374946132));
#455 = CARTESIAN_POINT('',(7.,13.742490640026,-80.79455867831));
#456 = CARTESIAN_POINT('',(7.,19.892873350034,-104.65));
#457 = CARTESIAN_POINT('',(7.,0.299999988509,-9.65));
#458 = CARTESIAN_POINT('',(7.,6.438970404938,-33.4517510422));
#459 = CARTESIAN_POINT('',(7.,8.646066512029,-57.19374946132));
#460 = CARTESIAN_POINT('',(7.,16.501994815876,-80.79455867831));
#461 = CARTESIAN_POINT('',(7.,20.492873347161,-104.65));
#462 = CARTESIAN_POINT('',(7.,0.899999985636,-9.65));
#463 = CARTESIAN_POINT('',(7.,9.198474580787,-33.4517510422));
#464 = CARTESIAN_POINT('',(7.,5.726727609442,-57.19374946132));
#465 = CARTESIAN_POINT('',(7.,19.261498991725,-80.79455867831));
#466 = CARTESIAN_POINT('',(7.,21.092873344288,-104.65));
#467 = CARTESIAN_POINT('',(7.,1.499999982763,-9.65));
#468 = CARTESIAN_POINT('',(7.,11.957978756638,-33.4517510422));
#469 = CARTESIAN_POINT('',(7.,2.807388706853,-57.19374946132));
#470 = CARTESIAN_POINT('',(7.,22.021003167576,-80.79455867831));
#471 = CARTESIAN_POINT('',(7.,21.692873341415,-104.65));
#472 = CARTESIAN_POINT('',(7.,2.09999997989,-9.65));
#473 = CARTESIAN_POINT('',(7.,14.717482932487,-33.4517510422));
#474 = CARTESIAN_POINT('',(7.,-0.111950195734,-57.19374946132));
#475 = CARTESIAN_POINT('',(7.,24.780507343425,-80.79455867831));
#476 = CARTESIAN_POINT('',(7.,22.292873338542,-104.65));
#477 = DEFINITIONAL_REPRESENTATION('',(#478),#482);
#478 = LINE('',#479,#480);
#479 = CARTESIAN_POINT('',(0.,1.));
#480 = VECTOR('',#481,1.);
#481 = DIRECTION('',(1.,0.));
#482 = ( GEOMETRIC_REPRESENTATION_CONTEXT(2) 
PARAMETRIC_REPRESENTATION_CONTEXT() REPRESENTATION_CONTEXT('2D SPACE',''
  ) );
#483 = ORIENTED_EDGE('',*,*,#484,.F.);
#484 = EDGE_CURVE('',#485,#411,#487,.T.);
#485 = VERTEX_POINT('',#486);
#486 = CARTESIAN_POINT('',(6.1,17.192873358652,-104.65));
#487 = SURFACE_CURVE('',#488,(#497,#509),.PCURVE_S1.);
#488 = B_SPLINE_CURVE_WITH_KNOTS('',7,(#489,#490,#491,#492,#493,#494,
    #495,#496),.UNSPECIFIED.,.F.,.F.,(8,8),(3.,4.),
  .PIECEWISE_BEZIER_KNOTS.);
#489 = CARTESIAN_POINT('',(6.1,17.192873358652,-104.65));
#490 = CARTESIAN_POINT('',(6.301959527731,17.192873358652,-104.65));
#491 = CARTESIAN_POINT('',(6.503918078485,17.245747356549,-104.65));
#492 = CARTESIAN_POINT('',(6.689272246741,17.35148690867,-104.65));
#493 = CARTESIAN_POINT('',(6.841386449982,17.503601111912,-104.65));
#494 = CARTESIAN_POINT('',(6.947126002104,17.688955280167,-104.65));
#495 = CARTESIAN_POINT('',(7.,17.890913830921,-104.65));
#496 = CARTESIAN_POINT('',(7.,18.092873358652,-104.65));
#497 = PCURVE('',#94,#498);
#498 = DEFINITIONAL_REPRESENTATION('',(#499),#508);
#499 = B_SPLINE_CURVE_WITH_KNOTS('',7,(#500,#501,#502,#503,#504,#505,
    #506,#507),.UNSPECIFIED.,.F.,.F.,(8,8),(3.,4.),
  .PIECEWISE_BEZIER_KNOTS.);
#500 = CARTESIAN_POINT('',(6.1,-3.));
#501 = CARTESIAN_POINT('',(6.301959527731,-3.));
#502 = CARTESIAN_POINT('',(6.503918078485,-2.947126002103));
#503 = CARTESIAN_POINT('',(6.689272246741,-2.841386449982));
#504 = CARTESIAN_POINT('',(6.841386449982,-2.689272246741));
#505 = CARTESIAN_POINT('',(6.947126002104,-2.503918078485));
#506 = CARTESIAN_POINT('',(7.,-2.301959527731));
#507 = CARTESIAN_POINT('',(7.,-2.1));
#508 = ( GEOMETRIC_REPRESENTATION_CONTEXT(2) 
PARAMETRIC_REPRESENTATION_CONTEXT() REPRESENTATION_CONTEXT('2D SPACE',''
  ) );
#509 = PCURVE('',#510,#551);
#510 = ( BOUNDED_SURFACE() B_SPLINE_SURFACE(7,4,(
    (#511,#512,#513,#514,#515)
    ,(#516,#517,#518,#519,#520)
    ,(#521,#522,#523,#524,#525)
    ,(#526,#527,#528,#529,#530)
    ,(#531,#532,#533,#534,#535)
    ,(#536,#537,#538,#539,#540)
    ,(#541,#542,#543,#544,#545)
    ,(#546,#547,#548,#549,#550
)),.UNSPECIFIED.,.F.,.F.,.F.) B_SPLINE_SURFACE_WITH_KNOTS((8,8),(5,5),(
    3.,4.),(0.,1.),.PIECEWISE_BEZIER_KNOTS.) 
GEOMETRIC_REPRESENTATION_ITEM() RATIONAL_B_SPLINE_SURFACE((
    (1.,1.,1.,1.,1.)
    ,(1.,1.,1.,1.,1.)
    ,(1.,1.,1.,1.,1.)
    ,(1.,1.,1.,1.,1.)
    ,(1.,1.,1.,1.,1.)
    ,(1.,1.,1.,1.,1.)
    ,(1.,1.,1.,1.,1.)
,(1.,1.,1.,1.,1.))) REPRESENTATION_ITEM('') SURFACE() );
#511 = CARTESIAN_POINT('',(6.1,-3.,-9.65));
#512 = CARTESIAN_POINT('',(2.860743564338,-8.738302734124,-33.4517510422
    ));
#513 = CARTESIAN_POINT('',(11.379008622674,24.702430745053,
    -57.19374946132));
#514 = CARTESIAN_POINT('',(2.860743564338,1.324721676814,-80.79455867831
    ));
#515 = CARTESIAN_POINT('',(6.1,17.192873358652,-104.65));
#516 = CARTESIAN_POINT('',(6.301959527731,-3.,-9.65));
#517 = CARTESIAN_POINT('',(3.789590536452,-8.738302734125,-33.4517510422
    ));
#518 = CARTESIAN_POINT('',(10.396361385603,24.702430745054,
    -57.19374946132));
#519 = CARTESIAN_POINT('',(3.789590536452,1.324721676813,-80.79455867831
    ));
#520 = CARTESIAN_POINT('',(6.301959527731,17.192873358652,-104.65));
#521 = CARTESIAN_POINT('',(6.503918078485,-2.947126002103,-9.65));
#522 = CARTESIAN_POINT('',(4.718433015282,-8.495126027377,-33.4517510422
    ));
#523 = CARTESIAN_POINT('',(9.413718902073,24.445168864271,
    -57.19374946132));
#524 = CARTESIAN_POINT('',(4.718433015282,1.567898383561,-80.79455867831
    ));
#525 = CARTESIAN_POINT('',(6.503918078485,17.245747356549,-104.65));
#526 = CARTESIAN_POINT('',(6.689272246741,-2.841386449982,-9.65));
#527 = CARTESIAN_POINT('',(5.570909052869,-8.008811447797,-33.4517510422
    ));
#528 = CARTESIAN_POINT('',(8.511866123141,23.930686185941,
    -57.19374946132));
#529 = CARTESIAN_POINT('',(5.570909052869,2.054212963141,-80.79455867831
    ));
#530 = CARTESIAN_POINT('',(6.689272246741,17.35148690867,-104.65));
#531 = CARTESIAN_POINT('',(6.841386449982,-2.689272246741,-9.65));
#532 = CARTESIAN_POINT('',(6.270508713672,-7.309211786993,-33.4517510422
    ));
#533 = CARTESIAN_POINT('',(7.771744559113,23.190564621912,
    -57.19374946132));
#534 = CARTESIAN_POINT('',(6.270508713672,2.753812623945,-80.79455867831
    ));
#535 = CARTESIAN_POINT('',(6.841386449982,17.503601111912,-104.65));
#536 = CARTESIAN_POINT('',(6.947126002104,-2.503918078485,-9.65));
#537 = CARTESIAN_POINT('',(6.756823293253,-6.456735749406,-33.4517510422
    ));
#538 = CARTESIAN_POINT('',(7.257261880783,22.28871184298,-57.19374946132
    ));
#539 = CARTESIAN_POINT('',(6.756823293253,3.606288661532,-80.79455867831
    ));
#540 = CARTESIAN_POINT('',(6.947126002104,17.688955280167,-104.65));
#541 = CARTESIAN_POINT('',(7.,-2.301959527731,-9.65));
#542 = CARTESIAN_POINT('',(7.,-5.527893270576,-33.4517510422));
#543 = CARTESIAN_POINT('',(7.,21.306069359451,-57.19374946132));
#544 = CARTESIAN_POINT('',(7.,4.535131140362,-80.79455867831));
#545 = CARTESIAN_POINT('',(7.,17.890913830921,-104.65));
#546 = CARTESIAN_POINT('',(7.,-2.1,-9.65));
#547 = CARTESIAN_POINT('',(7.,-4.599046298462,-33.4517510422));
#548 = CARTESIAN_POINT('',(7.,20.323422122379,-57.19374946132));
#549 = CARTESIAN_POINT('',(7.,5.463978112476,-80.79455867831));
#550 = CARTESIAN_POINT('',(7.,18.092873358652,-104.65));
#551 = DEFINITIONAL_REPRESENTATION('',(#552),#556);
#552 = LINE('',#553,#554);
#553 = CARTESIAN_POINT('',(0.,1.));
#554 = VECTOR('',#555,1.);
#555 = DIRECTION('',(1.,0.));
#556 = ( GEOMETRIC_REPRESENTATION_CONTEXT(2) 
PARAMETRIC_REPRESENTATION_CONTEXT() REPRESENTATION_CONTEXT('2D SPACE',''
  ) );
#557 = ORIENTED_EDGE('',*,*,#558,.F.);
#558 = EDGE_CURVE('',#559,#485,#561,.T.);
#559 = VERTEX_POINT('',#560);
#560 = CARTESIAN_POINT('',(-6.1,17.192873358652,-104.65));
#561 = SURFACE_CURVE('',#562,(#571,#583),.PCURVE_S1.);
#562 = B_SPLINE_CURVE_WITH_KNOTS('',7,(#563,#564,#565,#566,#567,#568,
    #569,#570),.UNSPECIFIED.,.F.,.F.,(8,8),(2.,3.),
  .PIECEWISE_BEZIER_KNOTS.);
#563 = CARTESIAN_POINT('',(-6.1,17.192873358652,-104.65));
#564 = CARTESIAN_POINT('',(-4.357142857143,17.192873358652,-104.65));
#565 = CARTESIAN_POINT('',(-2.614285714286,17.192873358652,-104.65));
#566 = CARTESIAN_POINT('',(-0.871428571429,17.192873358652,-104.65));
#567 = CARTESIAN_POINT('',(0.871428571429,17.192873358652,-104.65));
#568 = CARTESIAN_POINT('',(2.614285714286,17.192873358652,-104.65));
#569 = CARTESIAN_POINT('',(4.357142857143,17.192873358652,-104.65));
#570 = CARTESIAN_POINT('',(6.1,17.192873358652,-104.65));
#571 = PCURVE('',#94,#572);
#572 = DEFINITIONAL_REPRESENTATION('',(#573),#582);
#573 = B_SPLINE_CURVE_WITH_KNOTS('',7,(#574,#575,#576,#577,#578,#579,
    #580,#581),.UNSPECIFIED.,.F.,.F.,(8,8),(2.,3.),
  .PIECEWISE_BEZIER_KNOTS.);
#574 = CARTESIAN_POINT('',(-6.1,-3.));
#575 = CARTESIAN_POINT('',(-4.357142857143,-3.));
#576 = CARTESIAN_POINT('',(-2.614285714286,-3.));
#577 = CARTESIAN_POINT('',(-0.871428571429,-3.));
#578 = CARTESIAN_POINT('',(0.871428571429,-3.));
#579 = CARTESIAN_POINT('',(2.614285714286,-3.));
#580 = CARTESIAN_POINT('',(4.357142857143,-3.));
#581 = CARTESIAN_POINT('',(6.1,-3.));
#582 = ( GEOMETRIC_REPRESENTATION_CONTEXT(2) 
PARAMETRIC_REPRESENTATION_CONTEXT() REPRESENTATION_CONTEXT('2D SPACE',''
  ) );
#583 = PCURVE('',#584,#625);
#584 = ( BOUNDED_SURFACE() B_SPLINE_SURFACE(7,4,(
    (#585,#586,#587,#588,#589)
    ,(#590,#591,#592,#593,#594)
    ,(#595,#596,#597,#598,#599)
    ,(#600,#601,#602,#603,#604)
    ,(#605,#606,#607,#608,#609)
    ,(#610,#611,#612,#613,#614)
    ,(#615,#616,#617,#618,#619)
    ,(#620,#621,#622,#623,#624
)),.UNSPECIFIED.,.F.,.F.,.F.) B_SPLINE_SURFACE_WITH_KNOTS((8,8),(5,5),(
    2.,3.),(0.,1.),.PIECEWISE_BEZIER_KNOTS.) 
GEOMETRIC_REPRESENTATION_ITEM() RATIONAL_B_SPLINE_SURFACE((
    (1.,1.,1.,1.,1.)
    ,(1.,1.,1.,1.,1.)
    ,(1.,1.,1.,1.,1.)
    ,(1.,1.,1.,1.,1.)
    ,(1.,1.,1.,1.,1.)
    ,(1.,1.,1.,1.,1.)
    ,(1.,1.,1.,1.,1.)
,(1.,1.,1.,1.,1.))) REPRESENTATION_ITEM('') SURFACE() );
#585 = CARTESIAN_POINT('',(-6.1,-3.,-9.65));
#586 = CARTESIAN_POINT('',(-2.860743564338,-8.738303443777,
    -33.4517510422));
#587 = CARTESIAN_POINT('',(-11.37900862267,24.702431901572,
    -57.19374946132));
#588 = CARTESIAN_POINT('',(-2.860743564338,1.324720967162,
    -80.79455867831));
#589 = CARTESIAN_POINT('',(-6.1,17.192873358652,-104.65));
#590 = CARTESIAN_POINT('',(-4.357142857143,-3.,-9.65));
#591 = CARTESIAN_POINT('',(-2.043388260241,-8.738303443777,
    -33.4517510422));
#592 = CARTESIAN_POINT('',(-8.12786330191,24.702431901572,
    -57.19374946132));
#593 = CARTESIAN_POINT('',(-2.043388260241,1.324720967162,
    -80.79455867831));
#594 = CARTESIAN_POINT('',(-4.357142857143,17.192873358652,-104.65));
#595 = CARTESIAN_POINT('',(-2.614285714286,-3.,-9.65));
#596 = CARTESIAN_POINT('',(-1.226032956145,-8.738303443777,
    -33.4517510422));
#597 = CARTESIAN_POINT('',(-4.876717981146,24.702431901572,
    -57.19374946132));
#598 = CARTESIAN_POINT('',(-1.226032956145,1.324720967162,
    -80.79455867831));
#599 = CARTESIAN_POINT('',(-2.614285714286,17.192873358652,-104.65));
#600 = CARTESIAN_POINT('',(-0.871428571429,-3.,-9.65));
#601 = CARTESIAN_POINT('',(-0.408677652048,-8.738303443777,
    -33.4517510422));
#602 = CARTESIAN_POINT('',(-1.625572660382,24.702431901572,
    -57.19374946132));
#603 = CARTESIAN_POINT('',(-0.408677652048,1.324720967162,
    -80.79455867831));
#604 = CARTESIAN_POINT('',(-0.871428571429,17.192873358652,-104.65));
#605 = CARTESIAN_POINT('',(0.871428571429,-3.,-9.65));
#606 = CARTESIAN_POINT('',(0.408677652048,-8.738303443777,-33.4517510422
    ));
#607 = CARTESIAN_POINT('',(1.625572660382,24.702431901572,
    -57.19374946132));
#608 = CARTESIAN_POINT('',(0.408677652048,1.324720967162,-80.79455867831
    ));
#609 = CARTESIAN_POINT('',(0.871428571429,17.192873358652,-104.65));
#610 = CARTESIAN_POINT('',(2.614285714286,-3.,-9.65));
#611 = CARTESIAN_POINT('',(1.226032956145,-8.738303443777,-33.4517510422
    ));
#612 = CARTESIAN_POINT('',(4.876717981146,24.702431901572,
    -57.19374946132));
#613 = CARTESIAN_POINT('',(1.226032956145,1.324720967162,-80.79455867831
    ));
#614 = CARTESIAN_POINT('',(2.614285714286,17.192873358652,-104.65));
#615 = CARTESIAN_POINT('',(4.357142857143,-3.,-9.65));
#616 = CARTESIAN_POINT('',(2.043388260241,-8.738303443777,-33.4517510422
    ));
#617 = CARTESIAN_POINT('',(8.12786330191,24.702431901572,-57.19374946132
    ));
#618 = CARTESIAN_POINT('',(2.043388260241,1.324720967162,-80.79455867831
    ));
#619 = CARTESIAN_POINT('',(4.357142857143,17.192873358652,-104.65));
#620 = CARTESIAN_POINT('',(6.1,-3.,-9.65));
#621 = CARTESIAN_POINT('',(2.860743564338,-8.738302734124,-33.4517510422
    ));
#622 = CARTESIAN_POINT('',(11.379008622674,24.702430745053,
    -57.19374946132));
#623 = CARTESIAN_POINT('',(2.860743564338,1.324721676814,-80.79455867831
    ));
#624 = CARTESIAN_POINT('',(6.1,17.192873358652,-104.65));
#625 = DEFINITIONAL_REPRESENTATION('',(#626),#630);
#626 = LINE('',#627,#628);
#627 = CARTESIAN_POINT('',(0.,1.));
#628 = VECTOR('',#629,1.);
#629 = DIRECTION('',(1.,0.));
#630 = ( GEOMETRIC_REPRESENTATION_CONTEXT(2) 
PARAMETRIC_REPRESENTATION_CONTEXT() REPRESENTATION_CONTEXT('2D SPACE',''
  ) );
#631 = ORIENTED_EDGE('',*,*,#632,.F.);
#632 = EDGE_CURVE('',#115,#559,#633,.T.);
#633 = SURFACE_CURVE('',#634,(#643,#655),.PCURVE_S1.);
#634 = B_SPLINE_CURVE_WITH_KNOTS('',7,(#635,#636,#637,#638,#639,#640,
    #641,#642),.UNSPECIFIED.,.F.,.F.,(8,8),(1.,2.),
  .PIECEWISE_BEZIER_KNOTS.);
#635 = CARTESIAN_POINT('',(-7.,18.092873358652,-104.65));
#636 = CARTESIAN_POINT('',(-7.,17.890913830921,-104.65));
#637 = CARTESIAN_POINT('',(-6.947126002104,17.688955280167,-104.65));
#638 = CARTESIAN_POINT('',(-6.841386449982,17.503601111912,-104.65));
#639 = CARTESIAN_POINT('',(-6.689272246741,17.35148690867,-104.65));
#640 = CARTESIAN_POINT('',(-6.503918078485,17.245747356549,-104.65));
#641 = CARTESIAN_POINT('',(-6.301959527731,17.192873358652,-104.65));
#642 = CARTESIAN_POINT('',(-6.1,17.192873358652,-104.65));
#643 = PCURVE('',#94,#644);
#644 = DEFINITIONAL_REPRESENTATION('',(#645),#654);
#645 = B_SPLINE_CURVE_WITH_KNOTS('',7,(#646,#647,#648,#649,#650,#651,
    #652,#653),.UNSPECIFIED.,.F.,.F.,(8,8),(1.,2.),
  .PIECEWISE_BEZIER_KNOTS.);
#646 = CARTESIAN_POINT('',(-7.,-2.1));
#647 = CARTESIAN_POINT('',(-7.,-2.301959527731));
#648 = CARTESIAN_POINT('',(-6.947126002104,-2.503918078485));
#649 = CARTESIAN_POINT('',(-6.841386449982,-2.689272246741));
#650 = CARTESIAN_POINT('',(-6.689272246741,-2.841386449982));
#651 = CARTESIAN_POINT('',(-6.503918078485,-2.947126002103));
#652 = CARTESIAN_POINT('',(-6.301959527731,-3.));
#653 = CARTESIAN_POINT('',(-6.1,-3.));
#654 = ( GEOMETRIC_REPRESENTATION_CONTEXT(2) 
PARAMETRIC_REPRESENTATION_CONTEXT() REPRESENTATION_CONTEXT('2D SPACE',''
  ) );
#655 = PCURVE('',#656,#697);
#656 = ( BOUNDED_SURFACE() B_SPLINE_SURFACE(7,4,(
    (#657,#658,#659,#660,#661)
    ,(#662,#663,#664,#665,#666)
    ,(#667,#668,#669,#670,#671)
    ,(#672,#673,#674,#675,#676)
    ,(#677,#678,#679,#680,#681)
    ,(#682,#683,#684,#685,#686)
    ,(#687,#688,#689,#690,#691)
    ,(#692,#693,#694,#695,#696
)),.UNSPECIFIED.,.F.,.F.,.F.) B_SPLINE_SURFACE_WITH_KNOTS((8,8),(5,5),(
    1.,2.),(0.,1.),.PIECEWISE_BEZIER_KNOTS.) 
GEOMETRIC_REPRESENTATION_ITEM() RATIONAL_B_SPLINE_SURFACE((
    (1.,1.,1.,1.,1.)
    ,(1.,1.,1.,1.,1.)
    ,(1.,1.,1.,1.,1.)
    ,(1.,1.,1.,1.,1.)
    ,(1.,1.,1.,1.,1.)
    ,(1.,1.,1.,1.,1.)
    ,(1.,1.,1.,1.,1.)
,(1.,1.,1.,1.,1.))) REPRESENTATION_ITEM('') SURFACE() );
#657 = CARTESIAN_POINT('',(-7.,-2.1,-9.65));
#658 = CARTESIAN_POINT('',(-7.,-4.599046298462,-33.4517510422));
#659 = CARTESIAN_POINT('',(-7.,20.323422122379,-57.19374946132));
#660 = CARTESIAN_POINT('',(-7.,5.463978112476,-80.79455867831));
#661 = CARTESIAN_POINT('',(-7.,18.092873358652,-104.65));
#662 = CARTESIAN_POINT('',(-7.,-2.301959527731,-9.65));
#663 = CARTESIAN_POINT('',(-7.,-5.527893270577,-33.4517510422));
#664 = CARTESIAN_POINT('',(-7.,21.306069359451,-57.19374946132));
#665 = CARTESIAN_POINT('',(-7.,4.535131140362,-80.79455867831));
#666 = CARTESIAN_POINT('',(-7.,17.890913830921,-104.65));
#667 = CARTESIAN_POINT('',(-6.947126002104,-2.503918078485,-9.65));
#668 = CARTESIAN_POINT('',(-6.756823293253,-6.456735749407,
    -33.4517510422));
#669 = CARTESIAN_POINT('',(-7.257261880782,22.28871184298,
    -57.19374946132));
#670 = CARTESIAN_POINT('',(-6.756823293253,3.606288661531,
    -80.79455867831));
#671 = CARTESIAN_POINT('',(-6.947126002104,17.688955280167,-104.65));
#672 = CARTESIAN_POINT('',(-6.841386449982,-2.689272246741,-9.65));
#673 = CARTESIAN_POINT('',(-6.270508713672,-7.309211786993,
    -33.4517510422));
#674 = CARTESIAN_POINT('',(-7.771744559113,23.190564621912,
    -57.19374946132));
#675 = CARTESIAN_POINT('',(-6.270508713672,2.753812623945,
    -80.79455867831));
#676 = CARTESIAN_POINT('',(-6.841386449982,17.503601111912,-104.65));
#677 = CARTESIAN_POINT('',(-6.689272246741,-2.841386449982,-9.65));
#678 = CARTESIAN_POINT('',(-5.570909052869,-8.008811447797,
    -33.4517510422));
#679 = CARTESIAN_POINT('',(-8.511866123141,23.930686185941,
    -57.19374946132));
#680 = CARTESIAN_POINT('',(-5.570909052869,2.054212963141,
    -80.79455867831));
#681 = CARTESIAN_POINT('',(-6.689272246741,17.35148690867,-104.65));
#682 = CARTESIAN_POINT('',(-6.503918078485,-2.947126002103,-9.65));
#683 = CARTESIAN_POINT('',(-4.718433015282,-8.495126027377,
    -33.4517510422));
#684 = CARTESIAN_POINT('',(-9.413718902073,24.445168864271,
    -57.19374946132));
#685 = CARTESIAN_POINT('',(-4.718433015282,1.567898383561,
    -80.79455867831));
#686 = CARTESIAN_POINT('',(-6.503918078485,17.245747356549,-104.65));
#687 = CARTESIAN_POINT('',(-6.301959527731,-3.,-9.65));
#688 = CARTESIAN_POINT('',(-3.789590536452,-8.738302734125,
    -33.4517510422));
#689 = CARTESIAN_POINT('',(-10.3963613856,24.702430745054,
    -57.19374946132));
#690 = CARTESIAN_POINT('',(-3.789590536452,1.324721676813,
    -80.79455867831));
#691 = CARTESIAN_POINT('',(-6.301959527731,17.192873358652,-104.65));
#692 = CARTESIAN_POINT('',(-6.1,-3.,-9.65));
#693 = CARTESIAN_POINT('',(-2.860743564338,-8.738303443777,
    -33.4517510422));
#694 = CARTESIAN_POINT('',(-11.37900862267,24.702431901572,
    -57.19374946132));
#695 = CARTESIAN_POINT('',(-2.860743564338,1.324720967162,
    -80.79455867831));
#696 = CARTESIAN_POINT('',(-6.1,17.192873358652,-104.65));
#697 = DEFINITIONAL_REPRESENTATION('',(#698),#702);
#698 = LINE('',#699,#700);
#699 = CARTESIAN_POINT('',(0.,1.));
#700 = VECTOR('',#701,1.);
#701 = DIRECTION('',(1.,0.));
#702 = ( GEOMETRIC_REPRESENTATION_CONTEXT(2) 
PARAMETRIC_REPRESENTATION_CONTEXT() REPRESENTATION_CONTEXT('2D SPACE',''
  ) );
#703 = ADVANCED_FACE('',(#704),#66,.F.);
#704 = FACE_BOUND('',#705,.F.);
#705 = EDGE_LOOP('',(#706));
#706 = ORIENTED_EDGE('',*,*,#51,.T.);
#707 = ADVANCED_FACE('',(#708),#140,.F.);
#708 = FACE_BOUND('',#709,.F.);
#709 = EDGE_LOOP('',(#710,#750,#773,#774));
#710 = ORIENTED_EDGE('',*,*,#711,.T.);
#711 = EDGE_CURVE('',#712,#714,#716,.T.);
#712 = VERTEX_POINT('',#713);
#713 = CARTESIAN_POINT('',(-7.,2.09999997989,-9.65));
#714 = VERTEX_POINT('',#715);
#715 = CARTESIAN_POINT('',(-7.,-2.1,-9.65));
#716 = SURFACE_CURVE('',#717,(#726,#733),.PCURVE_S1.);
#717 = B_SPLINE_CURVE_WITH_KNOTS('',7,(#718,#719,#720,#721,#722,#723,
    #724,#725),.UNSPECIFIED.,.F.,.F.,(8,8),(0.,1.),
  .PIECEWISE_BEZIER_KNOTS.);
#718 = CARTESIAN_POINT('',(-7.,2.09999997989,-9.65));
#719 = CARTESIAN_POINT('',(-7.,1.499999982763,-9.65));
#720 = CARTESIAN_POINT('',(-7.,0.899999985636,-9.65));
#721 = CARTESIAN_POINT('',(-7.,0.299999988509,-9.65));
#722 = CARTESIAN_POINT('',(-7.,-0.300000008618,-9.65));
#723 = CARTESIAN_POINT('',(-7.,-0.900000005746,-9.65));
#724 = CARTESIAN_POINT('',(-7.,-1.500000002873,-9.65));
#725 = CARTESIAN_POINT('',(-7.,-2.1,-9.65));
#726 = PCURVE('',#140,#727);
#727 = DEFINITIONAL_REPRESENTATION('',(#728),#732);
#728 = LINE('',#729,#730);
#729 = CARTESIAN_POINT('',(0.,0.));
#730 = VECTOR('',#731,1.);
#731 = DIRECTION('',(1.,0.));
#732 = ( GEOMETRIC_REPRESENTATION_CONTEXT(2) 
PARAMETRIC_REPRESENTATION_CONTEXT() REPRESENTATION_CONTEXT('2D SPACE',''
  ) );
#733 = PCURVE('',#734,#739);
#734 = PLANE('',#735);
#735 = AXIS2_PLACEMENT_3D('',#736,#737,#738);
#736 = CARTESIAN_POINT('',(-7.,2.09999997989,-9.65));
#737 = DIRECTION('',(0.,0.,1.));
#738 = DIRECTION('',(0.953849932014,-0.300283711176,0.));
#739 = DEFINITIONAL_REPRESENTATION('',(#740),#749);
#740 = B_SPLINE_CURVE_WITH_KNOTS('',7,(#741,#742,#743,#744,#745,#746,
    #747,#748),.UNSPECIFIED.,.F.,.F.,(8,8),(0.,1.),
  .PIECEWISE_BEZIER_KNOTS.);
#741 = CARTESIAN_POINT('',(0.,0.));
#742 = CARTESIAN_POINT('',(0.180170225843,-0.572309956468));
#743 = CARTESIAN_POINT('',(0.360340451686,-1.144619912936));
#744 = CARTESIAN_POINT('',(0.540510677529,-1.716929869404));
#745 = CARTESIAN_POINT('',(0.720680903372,-2.289239825872));
#746 = CARTESIAN_POINT('',(0.900851129215,-2.861549782339));
#747 = CARTESIAN_POINT('',(1.081021355059,-3.433859738807));
#748 = CARTESIAN_POINT('',(1.261191580902,-4.006169695275));
#749 = ( GEOMETRIC_REPRESENTATION_CONTEXT(2) 
PARAMETRIC_REPRESENTATION_CONTEXT() REPRESENTATION_CONTEXT('2D SPACE',''
  ) );
#750 = ORIENTED_EDGE('',*,*,#751,.T.);
#751 = EDGE_CURVE('',#714,#115,#752,.T.);
#752 = SURFACE_CURVE('',#753,(#759,#766),.PCURVE_S1.);
#753 = ( BOUNDED_CURVE() B_SPLINE_CURVE(4,(#754,#755,#756,#757,#758),
.UNSPECIFIED.,.F.,.F.) B_SPLINE_CURVE_WITH_KNOTS((5,5),(0.,1.),
.PIECEWISE_BEZIER_KNOTS.) CURVE() GEOMETRIC_REPRESENTATION_ITEM() 
RATIONAL_B_SPLINE_CURVE((1.,1.,1.,1.,1.)) REPRESENTATION_ITEM('') );
#754 = CARTESIAN_POINT('',(-7.,-2.1,-9.65));
#755 = CARTESIAN_POINT('',(-7.,-4.599046298462,-33.4517510422));
#756 = CARTESIAN_POINT('',(-7.,20.323422122379,-57.19374946132));
#757 = CARTESIAN_POINT('',(-7.,5.463978112476,-80.79455867831));
#758 = CARTESIAN_POINT('',(-7.,18.092873358652,-104.65));
#759 = PCURVE('',#140,#760);
#760 = DEFINITIONAL_REPRESENTATION('',(#761),#765);
#761 = LINE('',#762,#763);
#762 = CARTESIAN_POINT('',(1.,0.));
#763 = VECTOR('',#764,1.);
#764 = DIRECTION('',(0.,1.));
#765 = ( GEOMETRIC_REPRESENTATION_CONTEXT(2) 
PARAMETRIC_REPRESENTATION_CONTEXT() REPRESENTATION_CONTEXT('2D SPACE',''
  ) );
#766 = PCURVE('',#656,#767);
#767 = DEFINITIONAL_REPRESENTATION('',(#768),#772);
#768 = LINE('',#769,#770);
#769 = CARTESIAN_POINT('',(1.,0.));
#770 = VECTOR('',#771,1.);
#771 = DIRECTION('',(0.,1.));
#772 = ( GEOMETRIC_REPRESENTATION_CONTEXT(2) 
PARAMETRIC_REPRESENTATION_CONTEXT() REPRESENTATION_CONTEXT('2D SPACE',''
  ) );
#773 = ORIENTED_EDGE('',*,*,#112,.F.);
#774 = ORIENTED_EDGE('',*,*,#775,.F.);
#775 = EDGE_CURVE('',#712,#113,#776,.T.);
#776 = SURFACE_CURVE('',#777,(#783,#790),.PCURVE_S1.);
#777 = ( BOUNDED_CURVE() B_SPLINE_CURVE(4,(#778,#779,#780,#781,#782),
.UNSPECIFIED.,.F.,.F.) B_SPLINE_CURVE_WITH_KNOTS((5,5),(0.,1.),
.PIECEWISE_BEZIER_KNOTS.) CURVE() GEOMETRIC_REPRESENTATION_ITEM() 
RATIONAL_B_SPLINE_CURVE((1.,1.,1.,1.,1.)) REPRESENTATION_ITEM('') );
#778 = CARTESIAN_POINT('',(-7.,2.09999997989,-9.65));
#779 = CARTESIAN_POINT('',(-7.,14.717482932487,-33.4517510422));
#780 = CARTESIAN_POINT('',(-7.,-0.111950195734,-57.19374946132));
#781 = CARTESIAN_POINT('',(-7.,24.780507343425,-80.79455867831));
#782 = CARTESIAN_POINT('',(-7.,22.292873338542,-104.65));
#783 = PCURVE('',#140,#784);
#784 = DEFINITIONAL_REPRESENTATION('',(#785),#789);
#785 = LINE('',#786,#787);
#786 = CARTESIAN_POINT('',(0.,0.));
#787 = VECTOR('',#788,1.);
#788 = DIRECTION('',(0.,1.));
#789 = ( GEOMETRIC_REPRESENTATION_CONTEXT(2) 
PARAMETRIC_REPRESENTATION_CONTEXT() REPRESENTATION_CONTEXT('2D SPACE',''
  ) );
#790 = PCURVE('',#214,#791);
#791 = DEFINITIONAL_REPRESENTATION('',(#792),#796);
#792 = LINE('',#793,#794);
#793 = CARTESIAN_POINT('',(8.,0.));
#794 = VECTOR('',#795,1.);
#795 = DIRECTION('',(0.,1.));
#796 = ( GEOMETRIC_REPRESENTATION_CONTEXT(2) 
PARAMETRIC_REPRESENTATION_CONTEXT() REPRESENTATION_CONTEXT('2D SPACE',''
  ) );
#797 = ADVANCED_FACE('',(#798),#656,.F.);
#798 = FACE_BOUND('',#799,.F.);
#799 = EDGE_LOOP('',(#800,#833,#856,#857));
#800 = ORIENTED_EDGE('',*,*,#801,.T.);
#801 = EDGE_CURVE('',#714,#802,#804,.T.);
#802 = VERTEX_POINT('',#803);
#803 = CARTESIAN_POINT('',(-6.1,-3.,-9.65));
#804 = SURFACE_CURVE('',#805,(#814,#821),.PCURVE_S1.);
#805 = B_SPLINE_CURVE_WITH_KNOTS('',7,(#806,#807,#808,#809,#810,#811,
    #812,#813),.UNSPECIFIED.,.F.,.F.,(8,8),(1.,2.),
  .PIECEWISE_BEZIER_KNOTS.);
#806 = CARTESIAN_POINT('',(-7.,-2.1,-9.65));
#807 = CARTESIAN_POINT('',(-7.,-2.301959527731,-9.65));
#808 = CARTESIAN_POINT('',(-6.947126002104,-2.503918078485,-9.65));
#809 = CARTESIAN_POINT('',(-6.841386449982,-2.689272246741,-9.65));
#810 = CARTESIAN_POINT('',(-6.689272246741,-2.841386449982,-9.65));
#811 = CARTESIAN_POINT('',(-6.503918078485,-2.947126002103,-9.65));
#812 = CARTESIAN_POINT('',(-6.301959527731,-3.,-9.65));
#813 = CARTESIAN_POINT('',(-6.1,-3.,-9.65));
#814 = PCURVE('',#656,#815);
#815 = DEFINITIONAL_REPRESENTATION('',(#816),#820);
#816 = LINE('',#817,#818);
#817 = CARTESIAN_POINT('',(0.,0.));
#818 = VECTOR('',#819,1.);
#819 = DIRECTION('',(1.,0.));
#820 = ( GEOMETRIC_REPRESENTATION_CONTEXT(2) 
PARAMETRIC_REPRESENTATION_CONTEXT() REPRESENTATION_CONTEXT('2D SPACE',''
  ) );
#821 = PCURVE('',#734,#822);
#822 = DEFINITIONAL_REPRESENTATION('',(#823),#832);
#823 = B_SPLINE_CURVE_WITH_KNOTS('',7,(#824,#825,#826,#827,#828,#829,
    #830,#831),.UNSPECIFIED.,.F.,.F.,(8,8),(1.,2.),
  .PIECEWISE_BEZIER_KNOTS.);
#824 = CARTESIAN_POINT('',(1.261191580902,-4.006169695275));
#825 = CARTESIAN_POINT('',(1.321836737396,-4.198808777071));
#826 = CARTESIAN_POINT('',(1.432915459819,-4.375569726664));
#827 = CARTESIAN_POINT('',(1.589433961947,-4.520617922324));
#828 = CARTESIAN_POINT('',(1.780205501839,-4.620034627272));
#829 = CARTESIAN_POINT('',(1.988757427757,-4.665235454348));
#830 = CARTESIAN_POINT('',(2.197272777977,-4.655024450523));
#831 = CARTESIAN_POINT('',(2.389911859772,-4.594379294029));
#832 = ( GEOMETRIC_REPRESENTATION_CONTEXT(2) 
PARAMETRIC_REPRESENTATION_CONTEXT() REPRESENTATION_CONTEXT('2D SPACE',''
  ) );
#833 = ORIENTED_EDGE('',*,*,#834,.T.);
#834 = EDGE_CURVE('',#802,#559,#835,.T.);
#835 = SURFACE_CURVE('',#836,(#842,#849),.PCURVE_S1.);
#836 = ( BOUNDED_CURVE() B_SPLINE_CURVE(4,(#837,#838,#839,#840,#841),
.UNSPECIFIED.,.F.,.F.) B_SPLINE_CURVE_WITH_KNOTS((5,5),(0.,1.),
.PIECEWISE_BEZIER_KNOTS.) CURVE() GEOMETRIC_REPRESENTATION_ITEM() 
RATIONAL_B_SPLINE_CURVE((1.,1.,1.,1.,1.)) REPRESENTATION_ITEM('') );
#837 = CARTESIAN_POINT('',(-6.1,-3.,-9.65));
#838 = CARTESIAN_POINT('',(-2.860743564338,-8.738303443777,
    -33.4517510422));
#839 = CARTESIAN_POINT('',(-11.37900862267,24.702431901572,
    -57.19374946132));
#840 = CARTESIAN_POINT('',(-2.860743564338,1.324720967162,
    -80.79455867831));
#841 = CARTESIAN_POINT('',(-6.1,17.192873358652,-104.65));
#842 = PCURVE('',#656,#843);
#843 = DEFINITIONAL_REPRESENTATION('',(#844),#848);
#844 = LINE('',#845,#846);
#845 = CARTESIAN_POINT('',(2.,0.));
#846 = VECTOR('',#847,1.);
#847 = DIRECTION('',(0.,1.));
#848 = ( GEOMETRIC_REPRESENTATION_CONTEXT(2) 
PARAMETRIC_REPRESENTATION_CONTEXT() REPRESENTATION_CONTEXT('2D SPACE',''
  ) );
#849 = PCURVE('',#584,#850);
#850 = DEFINITIONAL_REPRESENTATION('',(#851),#855);
#851 = LINE('',#852,#853);
#852 = CARTESIAN_POINT('',(2.,0.));
#853 = VECTOR('',#854,1.);
#854 = DIRECTION('',(0.,1.));
#855 = ( GEOMETRIC_REPRESENTATION_CONTEXT(2) 
PARAMETRIC_REPRESENTATION_CONTEXT() REPRESENTATION_CONTEXT('2D SPACE',''
  ) );
#856 = ORIENTED_EDGE('',*,*,#632,.F.);
#857 = ORIENTED_EDGE('',*,*,#751,.F.);
#858 = ADVANCED_FACE('',(#859),#584,.F.);
#859 = FACE_BOUND('',#860,.F.);
#860 = EDGE_LOOP('',(#861,#862,#895,#929,#963,#986));
#861 = ORIENTED_EDGE('',*,*,#834,.F.);
#862 = ORIENTED_EDGE('',*,*,#863,.T.);
#863 = EDGE_CURVE('',#802,#864,#866,.T.);
#864 = VERTEX_POINT('',#865);
#865 = CARTESIAN_POINT('',(-2.22044604925E-16,-3.,-9.65));
#866 = SURFACE_CURVE('',#867,(#876,#883),.PCURVE_S1.);
#867 = B_SPLINE_CURVE_WITH_KNOTS('',7,(#868,#869,#870,#871,#872,#873,
    #874,#875),.UNSPECIFIED.,.F.,.F.,(8,8),(2.,3.),
  .PIECEWISE_BEZIER_KNOTS.);
#868 = CARTESIAN_POINT('',(-6.1,-3.,-9.65));
#869 = CARTESIAN_POINT('',(-4.357142857143,-3.,-9.65));
#870 = CARTESIAN_POINT('',(-2.614285714286,-3.,-9.65));
#871 = CARTESIAN_POINT('',(-0.871428571429,-3.,-9.65));
#872 = CARTESIAN_POINT('',(0.871428571429,-3.,-9.65));
#873 = CARTESIAN_POINT('',(2.614285714286,-3.,-9.65));
#874 = CARTESIAN_POINT('',(4.357142857143,-3.,-9.65));
#875 = CARTESIAN_POINT('',(6.1,-3.,-9.65));
#876 = PCURVE('',#584,#877);
#877 = DEFINITIONAL_REPRESENTATION('',(#878),#882);
#878 = LINE('',#879,#880);
#879 = CARTESIAN_POINT('',(0.,0.));
#880 = VECTOR('',#881,1.);
#881 = DIRECTION('',(1.,0.));
#882 = ( GEOMETRIC_REPRESENTATION_CONTEXT(2) 
PARAMETRIC_REPRESENTATION_CONTEXT() REPRESENTATION_CONTEXT('2D SPACE',''
  ) );
#883 = PCURVE('',#734,#884);
#884 = DEFINITIONAL_REPRESENTATION('',(#885),#894);
#885 = B_SPLINE_CURVE_WITH_KNOTS('',7,(#886,#887,#888,#889,#890,#891,
    #892,#893),.UNSPECIFIED.,.F.,.F.,(8,8),(2.,3.),
  .PIECEWISE_BEZIER_KNOTS.);
#886 = CARTESIAN_POINT('',(2.389911859772,-4.594379294029));
#887 = CARTESIAN_POINT('',(4.052336026996,-4.071027683121));
#888 = CARTESIAN_POINT('',(5.71476019422,-3.547676072214));
#889 = CARTESIAN_POINT('',(7.377184361443,-3.024324461307));
#890 = CARTESIAN_POINT('',(9.039608528667,-2.5009728504));
#891 = CARTESIAN_POINT('',(10.70203269589,-1.977621239493));
#892 = CARTESIAN_POINT('',(12.364456863114,-1.454269628585));
#893 = CARTESIAN_POINT('',(14.026881030338,-0.930918017678));
#894 = ( GEOMETRIC_REPRESENTATION_CONTEXT(2) 
PARAMETRIC_REPRESENTATION_CONTEXT() REPRESENTATION_CONTEXT('2D SPACE',''
  ) );
#895 = ORIENTED_EDGE('',*,*,#896,.T.);
#896 = EDGE_CURVE('',#864,#897,#899,.T.);
#897 = VERTEX_POINT('',#898);
#898 = CARTESIAN_POINT('',(0.,-3.191745577971,-10.52676399305));
#899 = SURFACE_CURVE('',#900,(#906,#915),.PCURVE_S1.);
#900 = B_SPLINE_CURVE_WITH_KNOTS('',4,(#901,#902,#903,#904,#905),
  .UNSPECIFIED.,.F.,.F.,(5,5),(0.,1.),.PIECEWISE_BEZIER_KNOTS.);
#901 = CARTESIAN_POINT('',(0.,-3.,-9.65));
#902 = CARTESIAN_POINT('',(0.,-3.080790055957,-9.985106851577));
#903 = CARTESIAN_POINT('',(0.,-3.154243159164,-10.32198270184));
#904 = CARTESIAN_POINT('',(0.,-3.220379750586,-10.66036600394));
#905 = CARTESIAN_POINT('',(0.,-3.279303237301,-11.));
#906 = PCURVE('',#584,#907);
#907 = DEFINITIONAL_REPRESENTATION('',(#908),#914);
#908 = B_SPLINE_CURVE_WITH_KNOTS('',4,(#909,#910,#911,#912,#913),
  .UNSPECIFIED.,.F.,.F.,(5,5),(0.,1.),.PIECEWISE_BEZIER_KNOTS.);
#909 = CARTESIAN_POINT('',(2.5,0.));
#910 = CARTESIAN_POINT('',(2.5,3.519770992721E-03));
#911 = CARTESIAN_POINT('',(2.5,7.058246216627E-03));
#912 = CARTESIAN_POINT('',(2.5,1.061268665659E-02));
#913 = CARTESIAN_POINT('',(2.5,1.41803963688E-02));
#914 = ( GEOMETRIC_REPRESENTATION_CONTEXT(2) 
PARAMETRIC_REPRESENTATION_CONTEXT() REPRESENTATION_CONTEXT('2D SPACE',''
  ) );
#915 = PCURVE('',#916,#921);
#916 = PLANE('',#917);
#917 = AXIS2_PLACEMENT_3D('',#918,#919,#920);
#918 = CARTESIAN_POINT('',(0.,0.,0.));
#919 = DIRECTION('',(1.,0.,0.));
#920 = DIRECTION('',(0.,0.,1.));
#921 = DEFINITIONAL_REPRESENTATION('',(#922),#928);
#922 = B_SPLINE_CURVE_WITH_KNOTS('',4,(#923,#924,#925,#926,#927),
  .UNSPECIFIED.,.F.,.F.,(5,5),(0.,1.),.PIECEWISE_BEZIER_KNOTS.);
#923 = CARTESIAN_POINT('',(-9.65,3.));
#924 = CARTESIAN_POINT('',(-9.985106851577,3.080790055957));
#925 = CARTESIAN_POINT('',(-10.32198270184,3.154243159164));
#926 = CARTESIAN_POINT('',(-10.66036600394,3.220379750586));
#927 = CARTESIAN_POINT('',(-11.,3.279303237301));
#928 = ( GEOMETRIC_REPRESENTATION_CONTEXT(2) 
PARAMETRIC_REPRESENTATION_CONTEXT() REPRESENTATION_CONTEXT('2D SPACE',''
  ) );
#929 = ORIENTED_EDGE('',*,*,#930,.F.);
#930 = EDGE_CURVE('',#931,#897,#933,.T.);
#931 = VERTEX_POINT('',#932);
#932 = CARTESIAN_POINT('',(5.986567747484,-3.191745554702,
    -10.52676400011));
#933 = SURFACE_CURVE('',#934,(#940,#949),.PCURVE_S1.);
#934 = B_SPLINE_CURVE_WITH_KNOTS('',4,(#935,#936,#937,#938,#939),
  .UNSPECIFIED.,.F.,.F.,(5,5),(0.,1.),.PIECEWISE_BEZIER_KNOTS.);
#935 = CARTESIAN_POINT('',(5.986567747484,-3.191745554702,
    -10.52676400011));
#936 = CARTESIAN_POINT('',(4.489925660616,-3.191745575223,
    -10.52676399388));
#937 = CARTESIAN_POINT('',(2.993283573743,-3.191745576028,
    -10.52676399364));
#938 = CARTESIAN_POINT('',(1.496641486872,-3.19174557765,-10.52676399315
    ));
#939 = CARTESIAN_POINT('',(-5.99999998931E-07,-3.191745577971,
    -10.52676399305));
#940 = PCURVE('',#584,#941);
#941 = DEFINITIONAL_REPRESENTATION('',(#942),#948);
#942 = B_SPLINE_CURVE_WITH_KNOTS('',4,(#943,#944,#945,#946,#947),
  .UNSPECIFIED.,.F.,.F.,(5,5),(0.,1.),.PIECEWISE_BEZIER_KNOTS.);
#943 = CARTESIAN_POINT('',(3.,9.209350354492E-03));
#944 = CARTESIAN_POINT('',(2.874999987408,9.209350289135E-03));
#945 = CARTESIAN_POINT('',(2.749999974914,9.209350286569E-03));
#946 = CARTESIAN_POINT('',(2.624999962398,9.209350281404E-03));
#947 = CARTESIAN_POINT('',(2.499999949888,9.209350280382E-03));
#948 = ( GEOMETRIC_REPRESENTATION_CONTEXT(2) 
PARAMETRIC_REPRESENTATION_CONTEXT() REPRESENTATION_CONTEXT('2D SPACE',''
  ) );
#949 = PCURVE('',#950,#955);
#950 = CYLINDRICAL_SURFACE('',#951,11.);
#951 = AXIS2_PLACEMENT_3D('',#952,#953,#954);
#952 = CARTESIAN_POINT('',(8.,0.,0.));
#953 = DIRECTION('',(1.,0.,0.));
#954 = DIRECTION('',(0.,0.,1.));
#955 = DEFINITIONAL_REPRESENTATION('',(#956),#962);
#956 = B_SPLINE_CURVE_WITH_KNOTS('',4,(#957,#958,#959,#960,#961),
  .UNSPECIFIED.,.F.,.F.,(5,5),(0.,1.),.PIECEWISE_BEZIER_KNOTS.);
#957 = CARTESIAN_POINT('',(2.847199999372,-2.013432252516));
#958 = CARTESIAN_POINT('',(2.847199997423,-3.510074339384));
#959 = CARTESIAN_POINT('',(2.847199997346,-5.006716426257));
#960 = CARTESIAN_POINT('',(2.847199997192,-6.503358513128));
#961 = CARTESIAN_POINT('',(2.847199997162,-8.0000006));
#962 = ( GEOMETRIC_REPRESENTATION_CONTEXT(2) 
PARAMETRIC_REPRESENTATION_CONTEXT() REPRESENTATION_CONTEXT('2D SPACE',''
  ) );
#963 = ORIENTED_EDGE('',*,*,#964,.T.);
#964 = EDGE_CURVE('',#931,#485,#965,.T.);
#965 = SURFACE_CURVE('',#966,(#972,#979),.PCURVE_S1.);
#966 = ( BOUNDED_CURVE() B_SPLINE_CURVE(4,(#967,#968,#969,#970,#971),
.UNSPECIFIED.,.F.,.F.) B_SPLINE_CURVE_WITH_KNOTS((5,5),(0.,1.),
.PIECEWISE_BEZIER_KNOTS.) CURVE() GEOMETRIC_REPRESENTATION_ITEM() 
RATIONAL_B_SPLINE_CURVE((1.,1.,1.,1.,1.)) REPRESENTATION_ITEM('') );
#967 = CARTESIAN_POINT('',(6.1,-3.,-9.65));
#968 = CARTESIAN_POINT('',(2.860743564338,-8.738302734124,-33.4517510422
    ));
#969 = CARTESIAN_POINT('',(11.379008622674,24.702430745053,
    -57.19374946132));
#970 = CARTESIAN_POINT('',(2.860743564338,1.324721676814,-80.79455867831
    ));
#971 = CARTESIAN_POINT('',(6.1,17.192873358652,-104.65));
#972 = PCURVE('',#584,#973);
#973 = DEFINITIONAL_REPRESENTATION('',(#974),#978);
#974 = LINE('',#975,#976);
#975 = CARTESIAN_POINT('',(3.,0.));
#976 = VECTOR('',#977,1.);
#977 = DIRECTION('',(0.,1.));
#978 = ( GEOMETRIC_REPRESENTATION_CONTEXT(2) 
PARAMETRIC_REPRESENTATION_CONTEXT() REPRESENTATION_CONTEXT('2D SPACE',''
  ) );
#979 = PCURVE('',#510,#980);
#980 = DEFINITIONAL_REPRESENTATION('',(#981),#985);
#981 = LINE('',#982,#983);
#982 = CARTESIAN_POINT('',(3.,0.));
#983 = VECTOR('',#984,1.);
#984 = DIRECTION('',(0.,1.));
#985 = ( GEOMETRIC_REPRESENTATION_CONTEXT(2) 
PARAMETRIC_REPRESENTATION_CONTEXT() REPRESENTATION_CONTEXT('2D SPACE',''
  ) );
#986 = ORIENTED_EDGE('',*,*,#558,.F.);
#987 = ADVANCED_FACE('',(#988),#510,.F.);
#988 = FACE_BOUND('',#989,.F.);
#989 = EDGE_LOOP('',(#990,#991,#1083,#1106));
#990 = ORIENTED_EDGE('',*,*,#964,.F.);
#991 = ORIENTED_EDGE('',*,*,#992,.F.);
#992 = EDGE_CURVE('',#993,#931,#995,.T.);
#993 = VERTEX_POINT('',#994);
#994 = CARTESIAN_POINT('',(7.,-2.195825474467,-10.77860614762));
#995 = SURFACE_CURVE('',#996,(#1023,#1053),.PCURVE_S1.);
#996 = B_SPLINE_CURVE_WITH_KNOTS('',7,(#997,#998,#999,#1000,#1001,#1002,
    #1003,#1004,#1005,#1006,#1007,#1008,#1009,#1010,#1011,#1012,#1013,
    #1014,#1015,#1016,#1017,#1018,#1019,#1020,#1021,#1022),
  .UNSPECIFIED.,.F.,.F.,(8,6,6,6,8),(0.,0.229471967774,0.37066265368,
    0.549582658269,1.),.UNSPECIFIED.);
#997 = CARTESIAN_POINT('',(7.,-2.195825474467,-10.77860614762));
#998 = CARTESIAN_POINT('',(7.,-2.255950958574,-10.76635734032));
#999 = CARTESIAN_POINT('',(6.995851430538,-2.315981662555,
    -10.75372033074));
#1000 = CARTESIAN_POINT('',(6.987546361102,-2.375283456872,
    -10.74082455465));
#1001 = CARTESIAN_POINT('',(6.975230123816,-2.433316757551,
    -10.72780629029));
#1002 = CARTESIAN_POINT('',(6.959146236082,-2.489631904116,
    -10.71480239393));
#1003 = CARTESIAN_POINT('',(6.939600974038,-2.543863999625,
    -10.70194395218));
#1004 = CARTESIAN_POINT('',(6.90300931104,-2.62763787587,-10.68160088798
    ));
#1005 = CARTESIAN_POINT('',(6.887888614742,-2.658664654457,
    -10.67394885171));
#1006 = CARTESIAN_POINT('',(6.871660799558,-2.688752066961,
    -10.66641865723));
#1007 = CARTESIAN_POINT('',(6.854402199402,-2.717859004962,
    -10.65903240422));
#1008 = CARTESIAN_POINT('',(6.836188045941,-2.74595665975,
    -10.65180941398));
#1009 = CARTESIAN_POINT('',(6.817090324063,-2.773026448838,
    -10.64476626645));
#1010 = CARTESIAN_POINT('',(6.771939276901,-2.832045635206,
    -10.62923708673));
#1011 = CARTESIAN_POINT('',(6.745392759887,-2.86336374284,
    -10.62086900661));
#1012 = CARTESIAN_POINT('',(6.717670263747,-2.892994549652,
    -10.61284017953));
#1013 = CARTESIAN_POINT('',(6.68889664218,-2.920934769379,
    -10.60517297768));
#1014 = CARTESIAN_POINT('',(6.659185925424,-2.947192395289,
    -10.59788509754));
#1015 = CARTESIAN_POINT('',(6.628639830534,-2.971783550265,
    -10.59099009478));
#1016 = CARTESIAN_POINT('',(6.518567145584,-3.05249358871,
    -10.56815436636));
#1017 = CARTESIAN_POINT('',(6.435142403241,-3.099764074251,
    -10.55438268186));
#1018 = CARTESIAN_POINT('',(6.348380930751,-3.137002686685,
    -10.54330909876));
#1019 = CARTESIAN_POINT('',(6.259339936579,-3.164540075725,
    -10.53501263274));
#1020 = CARTESIAN_POINT('',(6.168910334426,-3.182702358355,
    -10.52950595849));
#1021 = CARTESIAN_POINT('',(6.077802935118,-3.191745554702,
    -10.52676400011));
#1022 = CARTESIAN_POINT('',(5.986567747484,-3.191745554702,
    -10.52676400011));
#1023 = PCURVE('',#510,#1024);
#1024 = DEFINITIONAL_REPRESENTATION('',(#1025),#1052);
#1025 = B_SPLINE_CURVE_WITH_KNOTS('',7,(#1026,#1027,#1028,#1029,#1030,
    #1031,#1032,#1033,#1034,#1035,#1036,#1037,#1038,#1039,#1040,#1041,
    #1042,#1043,#1044,#1045,#1046,#1047,#1048,#1049,#1050,#1051),
  .UNSPECIFIED.,.F.,.F.,(8,6,6,6,8),(0.,0.229471967774,0.37066265368,
    0.549582658269,1.),.UNSPECIFIED.);
#1026 = CARTESIAN_POINT('',(4.,1.185476924689E-02));
#1027 = CARTESIAN_POINT('',(3.962844786411,1.172610310134E-02));
#1028 = CARTESIAN_POINT('',(3.925607223608,1.15933592809E-02));
#1029 = CARTESIAN_POINT('',(3.888463885057,1.145789744541E-02));
#1030 = CARTESIAN_POINT('',(3.851539091493,1.132114912178E-02));
#1031 = CARTESIAN_POINT('',(3.814930627328,1.118455189776E-02));
#1032 = CARTESIAN_POINT('',(3.778724679736,1.104948274356E-02));
#1033 = CARTESIAN_POINT('',(3.721019137044,1.083579298938E-02));
#1034 = CARTESIAN_POINT('',(3.699211620697,1.075541372522E-02));
#1035 = CARTESIAN_POINT('',(3.677587531075,1.06763143816E-02));
#1036 = CARTESIAN_POINT('',(3.656153045571,1.059872709649E-02));
#1037 = CARTESIAN_POINT('',(3.634910893889,1.052285482211E-02));
#1038 = CARTESIAN_POINT('',(3.613860812645,1.044887171393E-02));
#1039 = CARTESIAN_POINT('',(3.566564710183,1.028574915383E-02));
#1040 = CARTESIAN_POINT('',(3.540435137362,1.019784872948E-02));
#1041 = CARTESIAN_POINT('',(3.514602854597,1.011351197299E-02));
#1042 = CARTESIAN_POINT('',(3.489057418533,1.003297387705E-02));
#1043 = CARTESIAN_POINT('',(3.463786011684,9.956420319417E-03));
#1044 = CARTESIAN_POINT('',(3.438773084747,9.883993681691E-03));
#1045 = CARTESIAN_POINT('',(3.351635661835,9.644122266339E-03));
#1046 = CARTESIAN_POINT('',(3.290863085913,9.499461788377E-03));
#1047 = CARTESIAN_POINT('',(3.231287853265,9.383142864575E-03));
#1048 = CARTESIAN_POINT('',(3.172665890051,9.295995364662E-03));
#1049 = CARTESIAN_POINT('',(3.114755735614,9.238152341716E-03));
#1050 = CARTESIAN_POINT('',(3.057312291216,9.209350354492E-03));
#1051 = CARTESIAN_POINT('',(3.,9.209350354492E-03));
#1052 = ( GEOMETRIC_REPRESENTATION_CONTEXT(2) 
PARAMETRIC_REPRESENTATION_CONTEXT() REPRESENTATION_CONTEXT('2D SPACE',''
  ) );
#1053 = PCURVE('',#950,#1054);
#1054 = DEFINITIONAL_REPRESENTATION('',(#1055),#1082);
#1055 = B_SPLINE_CURVE_WITH_KNOTS('',7,(#1056,#1057,#1058,#1059,#1060,
    #1061,#1062,#1063,#1064,#1065,#1066,#1067,#1068,#1069,#1070,#1071,
    #1072,#1073,#1074,#1075,#1076,#1077,#1078,#1079,#1080,#1081),
  .UNSPECIFIED.,.F.,.F.,(8,6,6,6,8),(0.,0.229471967774,0.37066265368,
    0.549582658269,1.),.UNSPECIFIED.);
#1056 = CARTESIAN_POINT('',(2.940622045433,-1.));
#1057 = CARTESIAN_POINT('',(2.935043821006,-1.));
#1058 = CARTESIAN_POINT('',(2.929466994685,-1.004148569462));
#1059 = CARTESIAN_POINT('',(2.923950119913,-1.012453638898));
#1060 = CARTESIAN_POINT('',(2.918543452012,-1.024769876184));
#1061 = CARTESIAN_POINT('',(2.913289324411,-1.040853763918));
#1062 = CARTESIAN_POINT('',(2.908222523979,-1.060399025962));
#1063 = CARTESIAN_POINT('',(2.900385389129,-1.09699068896));
#1064 = CARTESIAN_POINT('',(2.897480276086,-1.112111385258));
#1065 = CARTESIAN_POINT('',(2.894660718312,-1.128339200442));
#1066 = CARTESIAN_POINT('',(2.891930789071,-1.145597800598));
#1067 = CARTESIAN_POINT('',(2.889293425788,-1.163811954059));
#1068 = CARTESIAN_POINT('',(2.886750612928,-1.182909675937));
#1069 = CARTESIAN_POINT('',(2.881202610695,-1.228060723099));
#1070 = CARTESIAN_POINT('',(2.878255650635,-1.254607240113));
#1071 = CARTESIAN_POINT('',(2.875464831592,-1.282329736253));
#1072 = CARTESIAN_POINT('',(2.872830933147,-1.31110335782));
#1073 = CARTESIAN_POINT('',(2.870353651902,-1.340814074576));
#1074 = CARTESIAN_POINT('',(2.868031885819,-1.371360169466));
#1075 = CARTESIAN_POINT('',(2.86040657954,-1.481432854416));
#1076 = CARTESIAN_POINT('',(2.855930737963,-1.564857596759));
#1077 = CARTESIAN_POINT('',(2.852398948896,-1.651619069249));
#1078 = CARTESIAN_POINT('',(2.849784406298,-1.740660063421));
#1079 = CARTESIAN_POINT('',(2.848059067278,-1.831089665574));
#1080 = CARTESIAN_POINT('',(2.847199999372,-1.922197064882));
#1081 = CARTESIAN_POINT('',(2.847199999372,-2.013432252516));
#1082 = ( GEOMETRIC_REPRESENTATION_CONTEXT(2) 
PARAMETRIC_REPRESENTATION_CONTEXT() REPRESENTATION_CONTEXT('2D SPACE',''
  ) );
#1083 = ORIENTED_EDGE('',*,*,#1084,.T.);
#1084 = EDGE_CURVE('',#993,#411,#1085,.T.);
#1085 = SURFACE_CURVE('',#1086,(#1092,#1099),.PCURVE_S1.);
#1086 = ( BOUNDED_CURVE() B_SPLINE_CURVE(4,(#1087,#1088,#1089,#1090,
#1091),.UNSPECIFIED.,.F.,.F.) B_SPLINE_CURVE_WITH_KNOTS((5,5),(0.,1.),
.PIECEWISE_BEZIER_KNOTS.) CURVE() GEOMETRIC_REPRESENTATION_ITEM() 
RATIONAL_B_SPLINE_CURVE((1.,1.,1.,1.,1.)) REPRESENTATION_ITEM('') );
#1087 = CARTESIAN_POINT('',(7.,-2.1,-9.65));
#1088 = CARTESIAN_POINT('',(7.,-4.599046298462,-33.4517510422));
#1089 = CARTESIAN_POINT('',(7.,20.323422122379,-57.19374946132));
#1090 = CARTESIAN_POINT('',(7.,5.463978112476,-80.79455867831));
#1091 = CARTESIAN_POINT('',(7.,18.092873358652,-104.65));
#1092 = PCURVE('',#510,#1093);
#1093 = DEFINITIONAL_REPRESENTATION('',(#1094),#1098);
#1094 = LINE('',#1095,#1096);
#1095 = CARTESIAN_POINT('',(4.,0.));
#1096 = VECTOR('',#1097,1.);
#1097 = DIRECTION('',(0.,1.));
#1098 = ( GEOMETRIC_REPRESENTATION_CONTEXT(2) 
PARAMETRIC_REPRESENTATION_CONTEXT() REPRESENTATION_CONTEXT('2D SPACE',''
  ) );
#1099 = PCURVE('',#436,#1100);
#1100 = DEFINITIONAL_REPRESENTATION('',(#1101),#1105);
#1101 = LINE('',#1102,#1103);
#1102 = CARTESIAN_POINT('',(4.,0.));
#1103 = VECTOR('',#1104,1.);
#1104 = DIRECTION('',(0.,1.));
#1105 = ( GEOMETRIC_REPRESENTATION_CONTEXT(2) 
PARAMETRIC_REPRESENTATION_CONTEXT() REPRESENTATION_CONTEXT('2D SPACE',''
  ) );
#1106 = ORIENTED_EDGE('',*,*,#484,.F.);
#1107 = ADVANCED_FACE('',(#1108),#436,.F.);
#1108 = FACE_BOUND('',#1109,.F.);
#1109 = EDGE_LOOP('',(#1110,#1111,#1179,#1202));
#1110 = ORIENTED_EDGE('',*,*,#1084,.F.);
#1111 = ORIENTED_EDGE('',*,*,#1112,.F.);
#1112 = EDGE_CURVE('',#1113,#993,#1115,.T.);
#1113 = VERTEX_POINT('',#1114);
#1114 = CARTESIAN_POINT('',(7.,2.627836654431,-10.68150151044));
#1115 = SURFACE_CURVE('',#1116,(#1135,#1157),.PCURVE_S1.);
#1116 = B_SPLINE_CURVE_WITH_KNOTS('',5,(#1117,#1118,#1119,#1120,#1121,
    #1122,#1123,#1124,#1125,#1126,#1127,#1128,#1129,#1130,#1131,#1132,
    #1133,#1134),.UNSPECIFIED.,.F.,.F.,(6,4,4,4,6),(0.,0.237851896177,
    0.488243577346,0.743472327729,1.),.UNSPECIFIED.);
#1117 = CARTESIAN_POINT('',(7.,2.627836654431,-10.68150151044));
#1118 = CARTESIAN_POINT('',(7.,2.404079982983,-10.73654957483));
#1119 = CARTESIAN_POINT('',(7.,2.178640403642,-10.78579794776));
#1120 = CARTESIAN_POINT('',(7.,1.951762041607,-10.82915983754));
#1121 = CARTESIAN_POINT('',(7.,1.72368466939,-10.86657059336));
#1122 = CARTESIAN_POINT('',(7.,1.253532851087,-10.9310513959));
#1123 = CARTESIAN_POINT('',(7.,1.011354317039,-10.95747230078));
#1124 = CARTESIAN_POINT('',(7.,0.768388624926,-10.9771906727));
#1125 = CARTESIAN_POINT('',(7.,0.524910903149,-10.99017307386));
#1126 = CARTESIAN_POINT('',(7.,3.277360826763E-02,-11.00275783964));
#1127 = CARTESIAN_POINT('',(7.,-0.215895470101,-11.00209689088));
#1128 = CARTESIAN_POINT('',(7.,-0.464519469572,-10.99440747517));
#1129 = CARTESIAN_POINT('',(7.,-0.71280870673,-10.97969545541));
#1130 = CARTESIAN_POINT('',(7.,-1.209396559032,-10.93616931231));
#1131 = CARTESIAN_POINT('',(7.,-1.457689066274,-10.90728377428));
#1132 = CARTESIAN_POINT('',(7.,-1.705054754556,-10.87135837097));
#1133 = CARTESIAN_POINT('',(7.,-1.951199199806,-10.82844159001));
#1134 = CARTESIAN_POINT('',(7.,-2.195825474467,-10.77860614762));
#1135 = PCURVE('',#436,#1136);
#1136 = DEFINITIONAL_REPRESENTATION('',(#1137),#1156);
#1137 = B_SPLINE_CURVE_WITH_KNOTS('',5,(#1138,#1139,#1140,#1141,#1142,
    #1143,#1144,#1145,#1146,#1147,#1148,#1149,#1150,#1151,#1152,#1153,
    #1154,#1155),.UNSPECIFIED.,.F.,.F.,(6,4,4,4,6),(0.,0.237851896177,
    0.488243577346,0.743472327729,1.),.UNSPECIFIED.);
#1138 = CARTESIAN_POINT('',(5.,1.083474912374E-02));
#1139 = CARTESIAN_POINT('',(4.94790896418,1.141299042093E-02));
#1140 = CARTESIAN_POINT('',(4.896926567589,1.193031326635E-02));
#1141 = CARTESIAN_POINT('',(4.846875050737,1.238580461641E-02));
#1142 = CARTESIAN_POINT('',(4.797609206059,1.277878424289E-02));
#1143 = CARTESIAN_POINT('',(4.697828029436,1.345612180317E-02));
#1144 = CARTESIAN_POINT('',(4.647383751767,1.373366095174E-02));
#1145 = CARTESIAN_POINT('',(4.59751691839,1.39407936809E-02));
#1146 = CARTESIAN_POINT('',(4.548097366314,1.407716816431E-02));
#1147 = CARTESIAN_POINT('',(4.448954109034,1.420936570162E-02));
#1148 = CARTESIAN_POINT('',(4.399242933331,1.420242276359E-02));
#1149 = CARTESIAN_POINT('',(4.349734014148,1.412164866182E-02));
#1150 = CARTESIAN_POINT('',(4.300300383364,1.396710521839E-02));
#1151 = CARTESIAN_POINT('',(4.201058923104,1.350988329647E-02));
#1152 = CARTESIAN_POINT('',(4.151250434989,1.320645464493E-02));
#1153 = CARTESIAN_POINT('',(4.101241405114,1.282907665222E-02));
#1154 = CARTESIAN_POINT('',(4.050883547123,1.23782597489E-02));
#1155 = CARTESIAN_POINT('',(4.,1.185476924689E-02));
#1156 = ( GEOMETRIC_REPRESENTATION_CONTEXT(2) 
PARAMETRIC_REPRESENTATION_CONTEXT() REPRESENTATION_CONTEXT('2D SPACE',''
  ) );
#1157 = PCURVE('',#950,#1158);
#1158 = DEFINITIONAL_REPRESENTATION('',(#1159),#1178);
#1159 = B_SPLINE_CURVE_WITH_KNOTS('',5,(#1160,#1161,#1162,#1163,#1164,
    #1165,#1166,#1167,#1168,#1169,#1170,#1171,#1172,#1173,#1174,#1175,
    #1176,#1177),.UNSPECIFIED.,.F.,.F.,(6,4,4,4,6),(0.,0.237851896177,
    0.488243577346,0.743472327729,1.),.UNSPECIFIED.);
#1160 = CARTESIAN_POINT('',(3.382819614892,-1.));
#1161 = CARTESIAN_POINT('',(3.361871560798,-1.));
#1162 = CARTESIAN_POINT('',(3.340900901004,-1.));
#1163 = CARTESIAN_POINT('',(3.31991191728,-1.));
#1164 = CARTESIAN_POINT('',(3.298907791468,-1.));
#1165 = CARTESIAN_POINT('',(3.255766613832,-1.));
#1166 = CARTESIAN_POINT('',(3.233628205427,-1.));
#1167 = CARTESIAN_POINT('',(3.211479129929,-1.));
#1168 = CARTESIAN_POINT('',(3.189321854402,-1.));
#1169 = CARTESIAN_POINT('',(3.144567474835,-1.));
#1170 = CARTESIAN_POINT('',(3.121970118555,-1.));
#1171 = CARTESIAN_POINT('',(3.099369172446,-1.));
#1172 = CARTESIAN_POINT('',(3.076766851114,-1.));
#1173 = CARTESIAN_POINT('',(3.031449419718,-1.));
#1174 = CARTESIAN_POINT('',(3.008734295527,-1.));
#1175 = CARTESIAN_POINT('',(2.986022805446,-1.));
#1176 = CARTESIAN_POINT('',(2.963317584292,-1.));
#1177 = CARTESIAN_POINT('',(2.940622045433,-1.));
#1178 = ( GEOMETRIC_REPRESENTATION_CONTEXT(2) 
PARAMETRIC_REPRESENTATION_CONTEXT() REPRESENTATION_CONTEXT('2D SPACE',''
  ) );
#1179 = ORIENTED_EDGE('',*,*,#1180,.T.);
#1180 = EDGE_CURVE('',#1113,#337,#1181,.T.);
#1181 = SURFACE_CURVE('',#1182,(#1188,#1195),.PCURVE_S1.);
#1182 = ( BOUNDED_CURVE() B_SPLINE_CURVE(4,(#1183,#1184,#1185,#1186,
#1187),.UNSPECIFIED.,.F.,.F.) B_SPLINE_CURVE_WITH_KNOTS((5,5),(0.,1.),
.PIECEWISE_BEZIER_KNOTS.) CURVE() GEOMETRIC_REPRESENTATION_ITEM() 
RATIONAL_B_SPLINE_CURVE((1.,1.,1.,1.,1.)) REPRESENTATION_ITEM('') );
#1183 = CARTESIAN_POINT('',(7.,2.09999997989,-9.65));
#1184 = CARTESIAN_POINT('',(7.,14.717482932487,-33.4517510422));
#1185 = CARTESIAN_POINT('',(7.,-0.111950195734,-57.19374946132));
#1186 = CARTESIAN_POINT('',(7.,24.780507343425,-80.79455867831));
#1187 = CARTESIAN_POINT('',(7.,22.292873338542,-104.65));
#1188 = PCURVE('',#436,#1189);
#1189 = DEFINITIONAL_REPRESENTATION('',(#1190),#1194);
#1190 = LINE('',#1191,#1192);
#1191 = CARTESIAN_POINT('',(5.,0.));
#1192 = VECTOR('',#1193,1.);
#1193 = DIRECTION('',(0.,1.));
#1194 = ( GEOMETRIC_REPRESENTATION_CONTEXT(2) 
PARAMETRIC_REPRESENTATION_CONTEXT() REPRESENTATION_CONTEXT('2D SPACE',''
  ) );
#1195 = PCURVE('',#362,#1196);
#1196 = DEFINITIONAL_REPRESENTATION('',(#1197),#1201);
#1197 = LINE('',#1198,#1199);
#1198 = CARTESIAN_POINT('',(5.,0.));
#1199 = VECTOR('',#1200,1.);
#1200 = DIRECTION('',(0.,1.));
#1201 = ( GEOMETRIC_REPRESENTATION_CONTEXT(2) 
PARAMETRIC_REPRESENTATION_CONTEXT() REPRESENTATION_CONTEXT('2D SPACE',''
  ) );
#1202 = ORIENTED_EDGE('',*,*,#410,.F.);
#1203 = ADVANCED_FACE('',(#1204),#362,.F.);
#1204 = FACE_BOUND('',#1205,.F.);
#1205 = EDGE_LOOP('',(#1206,#1207,#1299,#1322));
#1206 = ORIENTED_EDGE('',*,*,#1180,.F.);
#1207 = ORIENTED_EDGE('',*,*,#1208,.F.);
#1208 = EDGE_CURVE('',#1209,#1113,#1211,.T.);
#1209 = VERTEX_POINT('',#1210);
#1210 = CARTESIAN_POINT('',(5.998828282426,3.502499158819,
    -10.42748769562));
#1211 = SURFACE_CURVE('',#1212,(#1239,#1269),.PCURVE_S1.);
#1212 = B_SPLINE_CURVE_WITH_KNOTS('',7,(#1213,#1214,#1215,#1216,#1217,
    #1218,#1219,#1220,#1221,#1222,#1223,#1224,#1225,#1226,#1227,#1228,
    #1229,#1230,#1231,#1232,#1233,#1234,#1235,#1236,#1237,#1238),
  .UNSPECIFIED.,.F.,.F.,(8,6,6,6,8),(0.,0.482971742686,0.653456081166,
    0.782291653244,1.),.UNSPECIFIED.);
#1213 = CARTESIAN_POINT('',(5.998828282426,3.502499158819,
    -10.42748769562));
#1214 = CARTESIAN_POINT('',(6.092791828202,3.50249915109,-10.42748769822
    ));
#1215 = CARTESIAN_POINT('',(6.186571033514,3.49400010758,-10.43034252687
    ));
#1216 = CARTESIAN_POINT('',(6.27972791686,3.476942633474,-10.4360715839)
  );
#1217 = CARTESIAN_POINT('',(6.371605292614,3.450982562469,
    -10.44474380126));
#1218 = CARTESIAN_POINT('',(6.461273453078,3.415599646144,
    -10.45643047745));
#1219 = CARTESIAN_POINT('',(6.547569989542,3.370213661602,
    -10.47115832878));
#1220 = CARTESIAN_POINT('',(6.657600555471,3.293922400517,-10.4952613563
    ));
#1221 = CARTESIAN_POINT('',(6.685669575614,3.272659805589,
    -10.50193045723));
#1222 = CARTESIAN_POINT('',(6.713023991287,3.250003217054,
    -10.50897976971));
#1223 = CARTESIAN_POINT('',(6.739570684311,3.225919629971,
    -10.51640619185));
#1224 = CARTESIAN_POINT('',(6.765201670827,3.200381396049,
    -10.52420324041));
#1225 = CARTESIAN_POINT('',(6.789795307626,3.173369071261,
    -10.53236027518));
#1226 = CARTESIAN_POINT('',(6.830917724686,3.123340644043,
    -10.54728629521));
#1227 = CARTESIAN_POINT('',(6.847947505028,3.100962096136,
    -10.55390704809));
#1228 = CARTESIAN_POINT('',(6.864248356201,3.077736669936,
    -10.56071686396));
#1229 = CARTESIAN_POINT('',(6.879755421822,3.053668906984,
    -10.56770612739));
#1230 = CARTESIAN_POINT('',(6.894399545336,3.02877190215,-10.57486245181
    ));
#1231 = CARTESIAN_POINT('',(6.908109342948,3.003069365608,
    -10.58217040598));
#1232 = CARTESIAN_POINT('',(6.942280580444,2.931865428253,
    -10.60218487773));
#1233 = CARTESIAN_POINT('',(6.96089580993,2.884895594433,-10.61514957956
    ));
#1234 = CARTESIAN_POINT('',(6.976273950754,2.83592131882,-10.62839828342
    ));
#1235 = CARTESIAN_POINT('',(6.988076507879,2.785261392158,
    -10.64180418456));
#1236 = CARTESIAN_POINT('',(6.996035748635,2.733330199178,
    -10.65522523412));
#1237 = CARTESIAN_POINT('',(7.,2.680645871456,-10.66850951713));
#1238 = CARTESIAN_POINT('',(7.,2.627836654431,-10.68150151044));
#1239 = PCURVE('',#362,#1240);
#1240 = DEFINITIONAL_REPRESENTATION('',(#1241),#1268);
#1241 = B_SPLINE_CURVE_WITH_KNOTS('',7,(#1242,#1243,#1244,#1245,#1246,
    #1247,#1248,#1249,#1250,#1251,#1252,#1253,#1254,#1255,#1256,#1257,
    #1258,#1259,#1260,#1261,#1262,#1263,#1264,#1265,#1266,#1267),
  .UNSPECIFIED.,.F.,.F.,(8,6,6,6,8),(0.,0.482971742686,0.653456081166,
    0.782291653244,1.),.UNSPECIFIED.);
#1242 = CARTESIAN_POINT('',(6.,8.166539720202E-03));
#1243 = CARTESIAN_POINT('',(5.940250957675,8.166539747472E-03));
#1244 = CARTESIAN_POINT('',(5.880393915061,8.196527101788E-03));
#1245 = CARTESIAN_POINT('',(5.819932467625,8.256705587061E-03));
#1246 = CARTESIAN_POINT('',(5.758505725633,8.34779931258E-03));
#1247 = CARTESIAN_POINT('',(5.69573726104,8.470557295194E-03));
#1248 = CARTESIAN_POINT('',(5.631257211607,8.625260308465E-03));
#1249 = CARTESIAN_POINT('',(5.540754008802,8.878441746099E-03));
#1250 = CARTESIAN_POINT('',(5.516856252611,8.94849491711E-03));
#1251 = CARTESIAN_POINT('',(5.492649069335,9.02254192905E-03));
#1252 = CARTESIAN_POINT('',(5.468112352818,9.100550208532E-03));
#1253 = CARTESIAN_POINT('',(5.443229005189,9.182451664933E-03));
#1254 = CARTESIAN_POINT('',(5.417984420707,9.268134541848E-03));
#1255 = CARTESIAN_POINT('',(5.373006022315,9.4249201197E-03));
#1256 = CARTESIAN_POINT('',(5.353434084358,9.49446573045E-03));
#1257 = CARTESIAN_POINT('',(5.333646075206,9.565997338076E-03));
#1258 = CARTESIAN_POINT('',(5.313640895371,9.63941394485E-03));
#1259 = CARTESIAN_POINT('',(5.293420898672,9.714585444289E-03));
#1260 = CARTESIAN_POINT('',(5.27299236451,9.791349747421E-03));
#1261 = CARTESIAN_POINT('',(5.217511169227,1.000158616173E-02));
#1262 = CARTESIAN_POINT('',(5.182059320118,1.013777039913E-02));
#1263 = CARTESIAN_POINT('',(5.146110377513,1.027693803121E-02));
#1264 = CARTESIAN_POINT('',(5.109778199237,1.041775708373E-02));
#1265 = CARTESIAN_POINT('',(5.073194208809,1.05587354435E-02));
#1266 = CARTESIAN_POINT('',(5.036524445229,1.069827734858E-02));
#1267 = CARTESIAN_POINT('',(5.,1.083474912374E-02));
#1268 = ( GEOMETRIC_REPRESENTATION_CONTEXT(2) 
PARAMETRIC_REPRESENTATION_CONTEXT() REPRESENTATION_CONTEXT('2D SPACE',''
  ) );
#1269 = PCURVE('',#950,#1270);
#1270 = DEFINITIONAL_REPRESENTATION('',(#1271),#1298);
#1271 = B_SPLINE_CURVE_WITH_KNOTS('',7,(#1272,#1273,#1274,#1275,#1276,
    #1277,#1278,#1279,#1280,#1281,#1282,#1283,#1284,#1285,#1286,#1287,
    #1288,#1289,#1290,#1291,#1292,#1293,#1294,#1295,#1296,#1297),
  .UNSPECIFIED.,.F.,.F.,(8,6,6,6,8),(0.,0.482971742686,0.653456081166,
    0.782291653244,1.),.UNSPECIFIED.);
#1272 = CARTESIAN_POINT('',(3.465643329492,-2.001171717574));
#1273 = CARTESIAN_POINT('',(3.465643328751,-1.907208171798));
#1274 = CARTESIAN_POINT('',(3.464828265384,-1.813428966486));
#1275 = CARTESIAN_POINT('',(3.46319245695,-1.72027208314));
#1276 = CARTESIAN_POINT('',(3.460704256715,-1.628394707386));
#1277 = CARTESIAN_POINT('',(3.457316748023,-1.538726546922));
#1278 = CARTESIAN_POINT('',(3.452979079048,-1.452430010458));
#1279 = CARTESIAN_POINT('',(3.445705606101,-1.342399444529));
#1280 = CARTESIAN_POINT('',(3.443679795998,-1.314330424386));
#1281 = CARTESIAN_POINT('',(3.44152272242,-1.286976008713));
#1282 = CARTESIAN_POINT('',(3.439231591531,-1.260429315689));
#1283 = CARTESIAN_POINT('',(3.436804156618,-1.234798329173));
#1284 = CARTESIAN_POINT('',(3.434238982774,-1.210204692374));
#1285 = CARTESIAN_POINT('',(3.42949284071,-1.169082275314));
#1286 = CARTESIAN_POINT('',(3.42737126533,-1.152052494972));
#1287 = CARTESIAN_POINT('',(3.425170986861,-1.135751643799));
#1288 = CARTESIAN_POINT('',(3.422892631891,-1.120244578178));
#1289 = CARTESIAN_POINT('',(3.420537638502,-1.105600454664));
#1290 = CARTESIAN_POINT('',(3.418108442604,-1.091890657052));
#1291 = CARTESIAN_POINT('',(3.411384500078,-1.057719419556));
#1292 = CARTESIAN_POINT('',(3.406954888683,-1.03910419007));
#1293 = CARTESIAN_POINT('',(3.402342743948,-1.023726049246));
#1294 = CARTESIAN_POINT('',(3.397578908678,-1.011923492121));
#1295 = CARTESIAN_POINT('',(3.392702914195,-1.003964251365));
#1296 = CARTESIAN_POINT('',(3.387763603055,-1.));
#1297 = CARTESIAN_POINT('',(3.382819614892,-1.));
#1298 = ( GEOMETRIC_REPRESENTATION_CONTEXT(2) 
PARAMETRIC_REPRESENTATION_CONTEXT() REPRESENTATION_CONTEXT('2D SPACE',''
  ) );
#1299 = ORIENTED_EDGE('',*,*,#1300,.T.);
#1300 = EDGE_CURVE('',#1209,#263,#1301,.T.);
#1301 = SURFACE_CURVE('',#1302,(#1308,#1315),.PCURVE_S1.);
#1302 = ( BOUNDED_CURVE() B_SPLINE_CURVE(4,(#1303,#1304,#1305,#1306,
#1307),.UNSPECIFIED.,.F.,.F.) B_SPLINE_CURVE_WITH_KNOTS((5,5),(0.,1.),
.PIECEWISE_BEZIER_KNOTS.) CURVE() GEOMETRIC_REPRESENTATION_ITEM() 
RATIONAL_B_SPLINE_CURVE((1.,1.,1.,1.,1.)) REPRESENTATION_ITEM('') );
#1303 = CARTESIAN_POINT('',(6.1,3.,-9.65));
#1304 = CARTESIAN_POINT('',(2.860743564338,18.856739460638,
    -33.4517510422));
#1305 = CARTESIAN_POINT('',(11.379008622674,-4.490958916253,
    -57.19374946132));
#1306 = CARTESIAN_POINT('',(2.860743564338,28.919763871576,
    -80.79455867831));
#1307 = CARTESIAN_POINT('',(6.1,23.192873358652,-104.65));
#1308 = PCURVE('',#362,#1309);
#1309 = DEFINITIONAL_REPRESENTATION('',(#1310),#1314);
#1310 = LINE('',#1311,#1312);
#1311 = CARTESIAN_POINT('',(6.,0.));
#1312 = VECTOR('',#1313,1.);
#1313 = DIRECTION('',(0.,1.));
#1314 = ( GEOMETRIC_REPRESENTATION_CONTEXT(2) 
PARAMETRIC_REPRESENTATION_CONTEXT() REPRESENTATION_CONTEXT('2D SPACE',''
  ) );
#1315 = PCURVE('',#288,#1316);
#1316 = DEFINITIONAL_REPRESENTATION('',(#1317),#1321);
#1317 = LINE('',#1318,#1319);
#1318 = CARTESIAN_POINT('',(6.,0.));
#1319 = VECTOR('',#1320,1.);
#1320 = DIRECTION('',(0.,1.));
#1321 = ( GEOMETRIC_REPRESENTATION_CONTEXT(2) 
PARAMETRIC_REPRESENTATION_CONTEXT() REPRESENTATION_CONTEXT('2D SPACE',''
  ) );
#1322 = ORIENTED_EDGE('',*,*,#336,.F.);
#1323 = ADVANCED_FACE('',(#1324),#288,.F.);
#1324 = FACE_BOUND('',#1325,.F.);
#1325 = EDGE_LOOP('',(#1326,#1357,#1390,#1413,#1414,#1415));
#1326 = ORIENTED_EDGE('',*,*,#1327,.F.);
#1327 = EDGE_CURVE('',#1328,#1330,#1332,.T.);
#1328 = VERTEX_POINT('',#1329);
#1329 = CARTESIAN_POINT('',(2.22044604925E-16,2.999999999843,-9.65));
#1330 = VERTEX_POINT('',#1331);
#1331 = CARTESIAN_POINT('',(0.,3.502499158675,-10.42748769567));
#1332 = SURFACE_CURVE('',#1333,(#1339,#1348),.PCURVE_S1.);
#1333 = B_SPLINE_CURVE_WITH_KNOTS('',4,(#1334,#1335,#1336,#1337,#1338),
  .UNSPECIFIED.,.F.,.F.,(5,5),(0.,1.),.PIECEWISE_BEZIER_KNOTS.);
#1334 = CARTESIAN_POINT('',(0.,2.999999999843,-9.65));
#1335 = CARTESIAN_POINT('',(0.,3.196936773795,-9.945611848607));
#1336 = CARTESIAN_POINT('',(0.,3.389689370407,-10.24401096044));
#1337 = CARTESIAN_POINT('',(0.,3.578147298604,-10.54514230813));
#1338 = CARTESIAN_POINT('',(0.,3.762221576582,-10.84892928278));
#1339 = PCURVE('',#288,#1340);
#1340 = DEFINITIONAL_REPRESENTATION('',(#1341),#1347);
#1341 = B_SPLINE_CURVE_WITH_KNOTS('',4,(#1342,#1343,#1344,#1345,#1346),
  .UNSPECIFIED.,.F.,.F.,(5,5),(0.,1.),.PIECEWISE_BEZIER_KNOTS.);
#1342 = CARTESIAN_POINT('',(6.5,0.));
#1343 = CARTESIAN_POINT('',(6.5,3.104938036728E-03));
#1344 = CARTESIAN_POINT('',(6.5,6.239248700482E-03));
#1345 = CARTESIAN_POINT('',(6.5,9.402359791234E-03));
#1346 = CARTESIAN_POINT('',(6.5,1.259347241154E-02));
#1347 = ( GEOMETRIC_REPRESENTATION_CONTEXT(2) 
PARAMETRIC_REPRESENTATION_CONTEXT() REPRESENTATION_CONTEXT('2D SPACE',''
  ) );
#1348 = PCURVE('',#916,#1349);
#1349 = DEFINITIONAL_REPRESENTATION('',(#1350),#1356);
#1350 = B_SPLINE_CURVE_WITH_KNOTS('',4,(#1351,#1352,#1353,#1354,#1355),
  .UNSPECIFIED.,.F.,.F.,(5,5),(0.,1.),.PIECEWISE_BEZIER_KNOTS.);
#1351 = CARTESIAN_POINT('',(-9.65,-2.999999999843));
#1352 = CARTESIAN_POINT('',(-9.945611848607,-3.196936773795));
#1353 = CARTESIAN_POINT('',(-10.24401096044,-3.389689370407));
#1354 = CARTESIAN_POINT('',(-10.54514230813,-3.578147298604));
#1355 = CARTESIAN_POINT('',(-10.84892928278,-3.762221576582));
#1356 = ( GEOMETRIC_REPRESENTATION_CONTEXT(2) 
PARAMETRIC_REPRESENTATION_CONTEXT() REPRESENTATION_CONTEXT('2D SPACE',''
  ) );
#1357 = ORIENTED_EDGE('',*,*,#1358,.T.);
#1358 = EDGE_CURVE('',#1328,#1359,#1361,.T.);
#1359 = VERTEX_POINT('',#1360);
#1360 = CARTESIAN_POINT('',(-6.1,2.999999989945,-9.65));
#1361 = SURFACE_CURVE('',#1362,(#1371,#1378),.PCURVE_S1.);
#1362 = B_SPLINE_CURVE_WITH_KNOTS('',7,(#1363,#1364,#1365,#1366,#1367,
    #1368,#1369,#1370),.UNSPECIFIED.,.F.,.F.,(8,8),(6.,7.),
  .PIECEWISE_BEZIER_KNOTS.);
#1363 = CARTESIAN_POINT('',(6.1,3.,-9.65));
#1364 = CARTESIAN_POINT('',(4.357142857143,3.,-9.65));
#1365 = CARTESIAN_POINT('',(2.614285714286,3.,-9.65));
#1366 = CARTESIAN_POINT('',(0.871428571429,3.,-9.65));
#1367 = CARTESIAN_POINT('',(-0.871428571429,3.,-9.65));
#1368 = CARTESIAN_POINT('',(-2.614285714286,3.,-9.65));
#1369 = CARTESIAN_POINT('',(-4.357142857143,3.,-9.65));
#1370 = CARTESIAN_POINT('',(-6.1,2.99999997989,-9.65));
#1371 = PCURVE('',#288,#1372);
#1372 = DEFINITIONAL_REPRESENTATION('',(#1373),#1377);
#1373 = LINE('',#1374,#1375);
#1374 = CARTESIAN_POINT('',(0.,0.));
#1375 = VECTOR('',#1376,1.);
#1376 = DIRECTION('',(1.,0.));
#1377 = ( GEOMETRIC_REPRESENTATION_CONTEXT(2) 
PARAMETRIC_REPRESENTATION_CONTEXT() REPRESENTATION_CONTEXT('2D SPACE',''
  ) );
#1378 = PCURVE('',#734,#1379);
#1379 = DEFINITIONAL_REPRESENTATION('',(#1380),#1389);
#1380 = B_SPLINE_CURVE_WITH_KNOTS('',7,(#1381,#1382,#1383,#1384,#1385,
    #1386,#1387,#1388),.UNSPECIFIED.,.F.,.F.,(8,8),(6.,7.),
  .PIECEWISE_BEZIER_KNOTS.);
#1381 = CARTESIAN_POINT('',(12.22517876328,4.792181574403));
#1382 = CARTESIAN_POINT('',(10.562754596056,4.268829963496));
#1383 = CARTESIAN_POINT('',(8.900330428833,3.745478352589));
#1384 = CARTESIAN_POINT('',(7.237906261609,3.222126741681));
#1385 = CARTESIAN_POINT('',(5.575482094386,2.698775130774));
#1386 = CARTESIAN_POINT('',(3.913057927162,2.175423519867));
#1387 = CARTESIAN_POINT('',(2.250633759938,1.65207190896));
#1388 = CARTESIAN_POINT('',(0.588209598754,1.128720278871));
#1389 = ( GEOMETRIC_REPRESENTATION_CONTEXT(2) 
PARAMETRIC_REPRESENTATION_CONTEXT() REPRESENTATION_CONTEXT('2D SPACE',''
  ) );
#1390 = ORIENTED_EDGE('',*,*,#1391,.T.);
#1391 = EDGE_CURVE('',#1359,#189,#1392,.T.);
#1392 = SURFACE_CURVE('',#1393,(#1399,#1406),.PCURVE_S1.);
#1393 = ( BOUNDED_CURVE() B_SPLINE_CURVE(4,(#1394,#1395,#1396,#1397,
#1398),.UNSPECIFIED.,.F.,.F.) B_SPLINE_CURVE_WITH_KNOTS((5,5),(0.,1.),
.PIECEWISE_BEZIER_KNOTS.) CURVE() GEOMETRIC_REPRESENTATION_ITEM() 
RATIONAL_B_SPLINE_CURVE((1.,1.,1.,1.,1.)) REPRESENTATION_ITEM('') );
#1394 = CARTESIAN_POINT('',(-6.1,2.99999997989,-9.65));
#1395 = CARTESIAN_POINT('',(-2.860743564338,18.85673936815,
    -33.4517510422));
#1396 = CARTESIAN_POINT('',(-11.37900862267,-4.490958818408,
    -57.19374946132));
#1397 = CARTESIAN_POINT('',(-2.860743564338,28.919763779088,
    -80.79455867831));
#1398 = CARTESIAN_POINT('',(-6.1,23.192873338542,-104.65));
#1399 = PCURVE('',#288,#1400);
#1400 = DEFINITIONAL_REPRESENTATION('',(#1401),#1405);
#1401 = LINE('',#1402,#1403);
#1402 = CARTESIAN_POINT('',(7.,0.));
#1403 = VECTOR('',#1404,1.);
#1404 = DIRECTION('',(0.,1.));
#1405 = ( GEOMETRIC_REPRESENTATION_CONTEXT(2) 
PARAMETRIC_REPRESENTATION_CONTEXT() REPRESENTATION_CONTEXT('2D SPACE',''
  ) );
#1406 = PCURVE('',#214,#1407);
#1407 = DEFINITIONAL_REPRESENTATION('',(#1408),#1412);
#1408 = LINE('',#1409,#1410);
#1409 = CARTESIAN_POINT('',(7.,0.));
#1410 = VECTOR('',#1411,1.);
#1411 = DIRECTION('',(0.,1.));
#1412 = ( GEOMETRIC_REPRESENTATION_CONTEXT(2) 
PARAMETRIC_REPRESENTATION_CONTEXT() REPRESENTATION_CONTEXT('2D SPACE',''
  ) );
#1413 = ORIENTED_EDGE('',*,*,#262,.F.);
#1414 = ORIENTED_EDGE('',*,*,#1300,.F.);
#1415 = ORIENTED_EDGE('',*,*,#1416,.F.);
#1416 = EDGE_CURVE('',#1330,#1209,#1417,.T.);
#1417 = SURFACE_CURVE('',#1418,(#1426,#1437),.PCURVE_S1.);
#1418 = B_SPLINE_CURVE_WITH_KNOTS('',6,(#1419,#1420,#1421,#1422,#1423,
    #1424,#1425),.UNSPECIFIED.,.F.,.F.,(7,7),(0.,1.),
  .PIECEWISE_BEZIER_KNOTS.);
#1419 = CARTESIAN_POINT('',(-5.999999992678E-07,3.502499158675,
    -10.42748769567));
#1420 = CARTESIAN_POINT('',(0.728579996664,3.502499158798,
    -10.42748769563));
#1421 = CARTESIAN_POINT('',(1.840735426552,3.502499158864,
    -10.42748769561));
#1422 = CARTESIAN_POINT('',(2.996291419591,3.502499158788,
    -10.42748769563));
#1423 = CARTESIAN_POINT('',(4.036798681164,3.502499158829,
    -10.42748769562));
#1424 = CARTESIAN_POINT('',(4.977415380717,3.50249915882,-10.42748769562
    ));
#1425 = CARTESIAN_POINT('',(5.998828282426,3.50249915882,-10.42748769562
    ));
#1426 = PCURVE('',#288,#1427);
#1427 = DEFINITIONAL_REPRESENTATION('',(#1428),#1436);
#1428 = B_SPLINE_CURVE_WITH_KNOTS('',6,(#1429,#1430,#1431,#1432,#1433,
    #1434,#1435),.UNSPECIFIED.,.F.,.F.,(7,7),(0.,1.),
  .PIECEWISE_BEZIER_KNOTS.);
#1429 = CARTESIAN_POINT('',(6.50000005001,8.166539720711E-03));
#1430 = CARTESIAN_POINT('',(6.439273141157,8.166539720278E-03));
#1431 = CARTESIAN_POINT('',(6.346575419408,8.166539720045E-03));
#1432 = CARTESIAN_POINT('',(6.25026027763,8.166539720313E-03));
#1433 = CARTESIAN_POINT('',(6.163534402794,8.166539720166E-03));
#1434 = CARTESIAN_POINT('',(6.085134367382,8.166539720202E-03));
#1435 = CARTESIAN_POINT('',(6.,8.166539720202E-03));
#1436 = ( GEOMETRIC_REPRESENTATION_CONTEXT(2) 
PARAMETRIC_REPRESENTATION_CONTEXT() REPRESENTATION_CONTEXT('2D SPACE',''
  ) );
#1437 = PCURVE('',#950,#1438);
#1438 = DEFINITIONAL_REPRESENTATION('',(#1439),#1447);
#1439 = B_SPLINE_CURVE_WITH_KNOTS('',6,(#1440,#1441,#1442,#1443,#1444,
    #1445,#1446),.UNSPECIFIED.,.F.,.F.,(7,7),(0.,1.),
  .PIECEWISE_BEZIER_KNOTS.);
#1440 = CARTESIAN_POINT('',(3.465643329478,-8.0000006));
#1441 = CARTESIAN_POINT('',(3.46564332949,-7.271420003336));
#1442 = CARTESIAN_POINT('',(3.465643329496,-6.159264573448));
#1443 = CARTESIAN_POINT('',(3.465643329489,-5.003708580409));
#1444 = CARTESIAN_POINT('',(3.465643329493,-3.963201318836));
#1445 = CARTESIAN_POINT('',(3.465643329492,-3.022584619283));
#1446 = CARTESIAN_POINT('',(3.465643329492,-2.001171717574));
#1447 = ( GEOMETRIC_REPRESENTATION_CONTEXT(2) 
PARAMETRIC_REPRESENTATION_CONTEXT() REPRESENTATION_CONTEXT('2D SPACE',''
  ) );
#1448 = ADVANCED_FACE('',(#1449),#214,.F.);
#1449 = FACE_BOUND('',#1450,.F.);
#1450 = EDGE_LOOP('',(#1451,#1482,#1483,#1484));
#1451 = ORIENTED_EDGE('',*,*,#1452,.T.);
#1452 = EDGE_CURVE('',#1359,#712,#1453,.T.);
#1453 = SURFACE_CURVE('',#1454,(#1463,#1470),.PCURVE_S1.);
#1454 = B_SPLINE_CURVE_WITH_KNOTS('',7,(#1455,#1456,#1457,#1458,#1459,
    #1460,#1461,#1462),.UNSPECIFIED.,.F.,.F.,(8,8),(7.,8.),
  .PIECEWISE_BEZIER_KNOTS.);
#1455 = CARTESIAN_POINT('',(-6.1,2.99999997989,-9.65));
#1456 = CARTESIAN_POINT('',(-6.301959527731,2.99999997989,-9.65));
#1457 = CARTESIAN_POINT('',(-6.503918078485,2.947125981994,-9.65));
#1458 = CARTESIAN_POINT('',(-6.689272246741,2.841386429872,-9.65));
#1459 = CARTESIAN_POINT('',(-6.841386449982,2.689272226631,-9.65));
#1460 = CARTESIAN_POINT('',(-6.947126002104,2.503918058375,-9.65));
#1461 = CARTESIAN_POINT('',(-7.,2.301959507621,-9.65));
#1462 = CARTESIAN_POINT('',(-7.,2.09999997989,-9.65));
#1463 = PCURVE('',#214,#1464);
#1464 = DEFINITIONAL_REPRESENTATION('',(#1465),#1469);
#1465 = LINE('',#1466,#1467);
#1466 = CARTESIAN_POINT('',(0.,0.));
#1467 = VECTOR('',#1468,1.);
#1468 = DIRECTION('',(1.,0.));
#1469 = ( GEOMETRIC_REPRESENTATION_CONTEXT(2) 
PARAMETRIC_REPRESENTATION_CONTEXT() REPRESENTATION_CONTEXT('2D SPACE',''
  ) );
#1470 = PCURVE('',#734,#1471);
#1471 = DEFINITIONAL_REPRESENTATION('',(#1472),#1481);
#1472 = B_SPLINE_CURVE_WITH_KNOTS('',7,(#1473,#1474,#1475,#1476,#1477,
    #1478,#1479,#1480),.UNSPECIFIED.,.F.,.F.,(8,8),(7.,8.),
  .PIECEWISE_BEZIER_KNOTS.);
#1473 = CARTESIAN_POINT('',(0.588209598754,1.128720278871));
#1474 = CARTESIAN_POINT('',(0.395570516958,1.068075122376));
#1475 = CARTESIAN_POINT('',(0.218809567365,0.956996399953));
#1476 = CARTESIAN_POINT('',(7.376137170453E-02,0.800477897825));
#1477 = CARTESIAN_POINT('',(-2.565533324313E-02,0.609706357933));
#1478 = CARTESIAN_POINT('',(-7.085616031998E-02,0.401154432015));
#1479 = CARTESIAN_POINT('',(-6.064515649436E-02,0.192639081795));
#1480 = CARTESIAN_POINT('',(0.,0.));
#1481 = ( GEOMETRIC_REPRESENTATION_CONTEXT(2) 
PARAMETRIC_REPRESENTATION_CONTEXT() REPRESENTATION_CONTEXT('2D SPACE',''
  ) );
#1482 = ORIENTED_EDGE('',*,*,#775,.T.);
#1483 = ORIENTED_EDGE('',*,*,#188,.F.);
#1484 = ORIENTED_EDGE('',*,*,#1391,.F.);
#1485 = ADVANCED_FACE('',(#1486),#734,.T.);
#1486 = FACE_BOUND('',#1487,.T.);
#1487 = EDGE_LOOP('',(#1488,#1489,#1490,#1491,#1492,#1511));
#1488 = ORIENTED_EDGE('',*,*,#1452,.T.);
#1489 = ORIENTED_EDGE('',*,*,#711,.T.);
#1490 = ORIENTED_EDGE('',*,*,#801,.T.);
#1491 = ORIENTED_EDGE('',*,*,#863,.T.);
#1492 = ORIENTED_EDGE('',*,*,#1493,.T.);
#1493 = EDGE_CURVE('',#864,#1328,#1494,.T.);
#1494 = SURFACE_CURVE('',#1495,(#1499,#1505),.PCURVE_S1.);
#1495 = LINE('',#1496,#1497);
#1496 = CARTESIAN_POINT('',(0.,1.049999989945,-9.65));
#1497 = VECTOR('',#1498,1.);
#1498 = DIRECTION('',(0.,1.,0.));
#1499 = PCURVE('',#734,#1500);
#1500 = DEFINITIONAL_REPRESENTATION('',(#1501),#1504);
#1501 = B_SPLINE_CURVE_WITH_KNOTS('',1,(#1502,#1503),.UNSPECIFIED.,.F.,
  .F.,(2,2),(-6.044639539249,2.712221586637),.PIECEWISE_BEZIER_KNOTS.);
#1502 = CARTESIAN_POINT('',(8.807354211379,-4.665235454348));
#1503 = CARTESIAN_POINT('',(6.177811454243,3.68749593523));
#1504 = ( GEOMETRIC_REPRESENTATION_CONTEXT(2) 
PARAMETRIC_REPRESENTATION_CONTEXT() REPRESENTATION_CONTEXT('2D SPACE',''
  ) );
#1505 = PCURVE('',#916,#1506);
#1506 = DEFINITIONAL_REPRESENTATION('',(#1507),#1510);
#1507 = B_SPLINE_CURVE_WITH_KNOTS('',1,(#1508,#1509),.UNSPECIFIED.,.F.,
  .F.,(2,2),(-6.044639539249,2.712221586637),.PIECEWISE_BEZIER_KNOTS.);
#1508 = CARTESIAN_POINT('',(-9.65,4.994639549304));
#1509 = CARTESIAN_POINT('',(-9.65,-3.762221576582));
#1510 = ( GEOMETRIC_REPRESENTATION_CONTEXT(2) 
PARAMETRIC_REPRESENTATION_CONTEXT() REPRESENTATION_CONTEXT('2D SPACE',''
  ) );
#1511 = ORIENTED_EDGE('',*,*,#1358,.T.);
#1512 = ADVANCED_FACE('',(#1513),#950,.T.);
#1513 = FACE_BOUND('',#1514,.T.);
#1514 = EDGE_LOOP('',(#1515,#1545,#1567,#1568,#1569,#1570,#1571,#1572,
    #1596,#1624));
#1515 = ORIENTED_EDGE('',*,*,#1516,.F.);
#1516 = EDGE_CURVE('',#1517,#1519,#1521,.T.);
#1517 = VERTEX_POINT('',#1518);
#1518 = CARTESIAN_POINT('',(0.,0.,11.));
#1519 = VERTEX_POINT('',#1520);
#1520 = CARTESIAN_POINT('',(16.,0.,11.));
#1521 = SURFACE_CURVE('',#1522,(#1526,#1533),.PCURVE_S1.);
#1522 = LINE('',#1523,#1524);
#1523 = CARTESIAN_POINT('',(8.,0.,11.));
#1524 = VECTOR('',#1525,1.);
#1525 = DIRECTION('',(1.,0.,0.));
#1526 = PCURVE('',#950,#1527);
#1527 = DEFINITIONAL_REPRESENTATION('',(#1528),#1532);
#1528 = LINE('',#1529,#1530);
#1529 = CARTESIAN_POINT('',(0.,0.));
#1530 = VECTOR('',#1531,1.);
#1531 = DIRECTION('',(0.,1.));
#1532 = ( GEOMETRIC_REPRESENTATION_CONTEXT(2) 
PARAMETRIC_REPRESENTATION_CONTEXT() REPRESENTATION_CONTEXT('2D SPACE',''
  ) );
#1533 = PCURVE('',#1534,#1539);
#1534 = PLANE('',#1535);
#1535 = AXIS2_PLACEMENT_3D('',#1536,#1537,#1538);
#1536 = CARTESIAN_POINT('',(8.,0.,9.65));
#1537 = DIRECTION('',(0.,-1.,0.));
#1538 = DIRECTION('',(1.,0.,0.));
#1539 = DEFINITIONAL_REPRESENTATION('',(#1540),#1544);
#1540 = LINE('',#1541,#1542);
#1541 = CARTESIAN_POINT('',(0.,1.35));
#1542 = VECTOR('',#1543,1.);
#1543 = DIRECTION('',(1.,0.));
#1544 = ( GEOMETRIC_REPRESENTATION_CONTEXT(2) 
PARAMETRIC_REPRESENTATION_CONTEXT() REPRESENTATION_CONTEXT('2D SPACE',''
  ) );
#1545 = ORIENTED_EDGE('',*,*,#1546,.T.);
#1546 = EDGE_CURVE('',#1517,#897,#1547,.T.);
#1547 = SURFACE_CURVE('',#1548,(#1553,#1560),.PCURVE_S1.);
#1548 = CIRCLE('',#1549,11.);
#1549 = AXIS2_PLACEMENT_3D('',#1550,#1551,#1552);
#1550 = CARTESIAN_POINT('',(0.,0.,0.));
#1551 = DIRECTION('',(1.,0.,-0.));
#1552 = DIRECTION('',(0.,0.,1.));
#1553 = PCURVE('',#950,#1554);
#1554 = DEFINITIONAL_REPRESENTATION('',(#1555),#1559);
#1555 = LINE('',#1556,#1557);
#1556 = CARTESIAN_POINT('',(0.,-8.));
#1557 = VECTOR('',#1558,1.);
#1558 = DIRECTION('',(1.,0.));
#1559 = ( GEOMETRIC_REPRESENTATION_CONTEXT(2) 
PARAMETRIC_REPRESENTATION_CONTEXT() REPRESENTATION_CONTEXT('2D SPACE',''
  ) );
#1560 = PCURVE('',#916,#1561);
#1561 = DEFINITIONAL_REPRESENTATION('',(#1562),#1566);
#1562 = CIRCLE('',#1563,11.);
#1563 = AXIS2_PLACEMENT_2D('',#1564,#1565);
#1564 = CARTESIAN_POINT('',(0.,0.));
#1565 = DIRECTION('',(1.,-0.));
#1566 = ( GEOMETRIC_REPRESENTATION_CONTEXT(2) 
PARAMETRIC_REPRESENTATION_CONTEXT() REPRESENTATION_CONTEXT('2D SPACE',''
  ) );
#1567 = ORIENTED_EDGE('',*,*,#930,.F.);
#1568 = ORIENTED_EDGE('',*,*,#992,.F.);
#1569 = ORIENTED_EDGE('',*,*,#1112,.F.);
#1570 = ORIENTED_EDGE('',*,*,#1208,.F.);
#1571 = ORIENTED_EDGE('',*,*,#1416,.F.);
#1572 = ORIENTED_EDGE('',*,*,#1573,.T.);
#1573 = EDGE_CURVE('',#1330,#1574,#1576,.T.);
#1574 = VERTEX_POINT('',#1575);
#1575 = CARTESIAN_POINT('',(0.,3.762221576582,-10.33661882864));
#1576 = SURFACE_CURVE('',#1577,(#1582,#1589),.PCURVE_S1.);
#1577 = CIRCLE('',#1578,11.);
#1578 = AXIS2_PLACEMENT_3D('',#1579,#1580,#1581);
#1579 = CARTESIAN_POINT('',(0.,0.,0.));
#1580 = DIRECTION('',(1.,0.,-0.));
#1581 = DIRECTION('',(0.,0.,1.));
#1582 = PCURVE('',#950,#1583);
#1583 = DEFINITIONAL_REPRESENTATION('',(#1584),#1588);
#1584 = LINE('',#1585,#1586);
#1585 = CARTESIAN_POINT('',(0.,-8.));
#1586 = VECTOR('',#1587,1.);
#1587 = DIRECTION('',(1.,0.));
#1588 = ( GEOMETRIC_REPRESENTATION_CONTEXT(2) 
PARAMETRIC_REPRESENTATION_CONTEXT() REPRESENTATION_CONTEXT('2D SPACE',''
  ) );
#1589 = PCURVE('',#916,#1590);
#1590 = DEFINITIONAL_REPRESENTATION('',(#1591),#1595);
#1591 = CIRCLE('',#1592,11.);
#1592 = AXIS2_PLACEMENT_2D('',#1593,#1594);
#1593 = CARTESIAN_POINT('',(0.,0.));
#1594 = DIRECTION('',(1.,-0.));
#1595 = ( GEOMETRIC_REPRESENTATION_CONTEXT(2) 
PARAMETRIC_REPRESENTATION_CONTEXT() REPRESENTATION_CONTEXT('2D SPACE',''
  ) );
#1596 = ORIENTED_EDGE('',*,*,#1597,.T.);
#1597 = EDGE_CURVE('',#1574,#1598,#1600,.T.);
#1598 = VERTEX_POINT('',#1599);
#1599 = CARTESIAN_POINT('',(16.,3.762221576582,-10.33661882864));
#1600 = SURFACE_CURVE('',#1601,(#1605,#1612),.PCURVE_S1.);
#1601 = LINE('',#1602,#1603);
#1602 = CARTESIAN_POINT('',(8.,3.762221576582,-10.33661882864));
#1603 = VECTOR('',#1604,1.);
#1604 = DIRECTION('',(1.,0.,0.));
#1605 = PCURVE('',#950,#1606);
#1606 = DEFINITIONAL_REPRESENTATION('',(#1607),#1611);
#1607 = LINE('',#1608,#1609);
#1608 = CARTESIAN_POINT('',(3.490658503989,0.));
#1609 = VECTOR('',#1610,1.);
#1610 = DIRECTION('',(0.,1.));
#1611 = ( GEOMETRIC_REPRESENTATION_CONTEXT(2) 
PARAMETRIC_REPRESENTATION_CONTEXT() REPRESENTATION_CONTEXT('2D SPACE',''
  ) );
#1612 = PCURVE('',#1613,#1618);
#1613 = PLANE('',#1614);
#1614 = AXIS2_PLACEMENT_3D('',#1615,#1616,#1617);
#1615 = CARTESIAN_POINT('',(8.,3.300494383093,-9.068033790584));
#1616 = DIRECTION('',(0.,0.939692620786,0.342020143326));
#1617 = DIRECTION('',(1.,0.,0.));
#1618 = DEFINITIONAL_REPRESENTATION('',(#1619),#1623);
#1619 = LINE('',#1620,#1621);
#1620 = CARTESIAN_POINT('',(0.,1.35));
#1621 = VECTOR('',#1622,1.);
#1622 = DIRECTION('',(1.,0.));
#1623 = ( GEOMETRIC_REPRESENTATION_CONTEXT(2) 
PARAMETRIC_REPRESENTATION_CONTEXT() REPRESENTATION_CONTEXT('2D SPACE',''
  ) );
#1624 = ORIENTED_EDGE('',*,*,#1625,.F.);
#1625 = EDGE_CURVE('',#1519,#1598,#1626,.T.);
#1626 = SURFACE_CURVE('',#1627,(#1632,#1639),.PCURVE_S1.);
#1627 = CIRCLE('',#1628,11.);
#1628 = AXIS2_PLACEMENT_3D('',#1629,#1630,#1631);
#1629 = CARTESIAN_POINT('',(16.,0.,0.));
#1630 = DIRECTION('',(1.,0.,-0.));
#1631 = DIRECTION('',(0.,0.,1.));
#1632 = PCURVE('',#950,#1633);
#1633 = DEFINITIONAL_REPRESENTATION('',(#1634),#1638);
#1634 = LINE('',#1635,#1636);
#1635 = CARTESIAN_POINT('',(0.,8.));
#1636 = VECTOR('',#1637,1.);
#1637 = DIRECTION('',(1.,0.));
#1638 = ( GEOMETRIC_REPRESENTATION_CONTEXT(2) 
PARAMETRIC_REPRESENTATION_CONTEXT() REPRESENTATION_CONTEXT('2D SPACE',''
  ) );
#1639 = PCURVE('',#1640,#1645);
#1640 = PLANE('',#1641);
#1641 = AXIS2_PLACEMENT_3D('',#1642,#1643,#1644);
#1642 = CARTESIAN_POINT('',(16.,0.,0.));
#1643 = DIRECTION('',(1.,0.,0.));
#1644 = DIRECTION('',(0.,0.,1.));
#1645 = DEFINITIONAL_REPRESENTATION('',(#1646),#1650);
#1646 = CIRCLE('',#1647,11.);
#1647 = AXIS2_PLACEMENT_2D('',#1648,#1649);
#1648 = CARTESIAN_POINT('',(0.,0.));
#1649 = DIRECTION('',(1.,-0.));
#1650 = ( GEOMETRIC_REPRESENTATION_CONTEXT(2) 
PARAMETRIC_REPRESENTATION_CONTEXT() REPRESENTATION_CONTEXT('2D SPACE',''
  ) );
#1651 = ADVANCED_FACE('',(#1652),#916,.F.);
#1652 = FACE_BOUND('',#1653,.T.);
#1653 = EDGE_LOOP('',(#1654,#1677,#1706,#1727,#1728,#1729,#1730,#1731));
#1654 = ORIENTED_EDGE('',*,*,#1655,.F.);
#1655 = EDGE_CURVE('',#1656,#1517,#1658,.T.);
#1656 = VERTEX_POINT('',#1657);
#1657 = CARTESIAN_POINT('',(0.,0.,8.3));
#1658 = SURFACE_CURVE('',#1659,(#1663,#1670),.PCURVE_S1.);
#1659 = LINE('',#1660,#1661);
#1660 = CARTESIAN_POINT('',(0.,0.,9.65));
#1661 = VECTOR('',#1662,1.);
#1662 = DIRECTION('',(0.,0.,1.));
#1663 = PCURVE('',#916,#1664);
#1664 = DEFINITIONAL_REPRESENTATION('',(#1665),#1669);
#1665 = LINE('',#1666,#1667);
#1666 = CARTESIAN_POINT('',(9.65,-0.));
#1667 = VECTOR('',#1668,1.);
#1668 = DIRECTION('',(1.,-0.));
#1669 = ( GEOMETRIC_REPRESENTATION_CONTEXT(2) 
PARAMETRIC_REPRESENTATION_CONTEXT() REPRESENTATION_CONTEXT('2D SPACE',''
  ) );
#1670 = PCURVE('',#1534,#1671);
#1671 = DEFINITIONAL_REPRESENTATION('',(#1672),#1676);
#1672 = LINE('',#1673,#1674);
#1673 = CARTESIAN_POINT('',(-8.,0.));
#1674 = VECTOR('',#1675,1.);
#1675 = DIRECTION('',(0.,1.));
#1676 = ( GEOMETRIC_REPRESENTATION_CONTEXT(2) 
PARAMETRIC_REPRESENTATION_CONTEXT() REPRESENTATION_CONTEXT('2D SPACE',''
  ) );
#1677 = ORIENTED_EDGE('',*,*,#1678,.T.);
#1678 = EDGE_CURVE('',#1656,#1679,#1681,.T.);
#1679 = VERTEX_POINT('',#1680);
#1680 = CARTESIAN_POINT('',(0.,2.838767189603,-7.799448752523));
#1681 = SURFACE_CURVE('',#1682,(#1687,#1694),.PCURVE_S1.);
#1682 = CIRCLE('',#1683,8.3);
#1683 = AXIS2_PLACEMENT_3D('',#1684,#1685,#1686);
#1684 = CARTESIAN_POINT('',(0.,0.,0.));
#1685 = DIRECTION('',(1.,0.,-0.));
#1686 = DIRECTION('',(0.,0.,1.));
#1687 = PCURVE('',#916,#1688);
#1688 = DEFINITIONAL_REPRESENTATION('',(#1689),#1693);
#1689 = CIRCLE('',#1690,8.3);
#1690 = AXIS2_PLACEMENT_2D('',#1691,#1692);
#1691 = CARTESIAN_POINT('',(0.,0.));
#1692 = DIRECTION('',(1.,-0.));
#1693 = ( GEOMETRIC_REPRESENTATION_CONTEXT(2) 
PARAMETRIC_REPRESENTATION_CONTEXT() REPRESENTATION_CONTEXT('2D SPACE',''
  ) );
#1694 = PCURVE('',#1695,#1700);
#1695 = CYLINDRICAL_SURFACE('',#1696,8.3);
#1696 = AXIS2_PLACEMENT_3D('',#1697,#1698,#1699);
#1697 = CARTESIAN_POINT('',(8.,0.,0.));
#1698 = DIRECTION('',(1.,0.,0.));
#1699 = DIRECTION('',(0.,0.,1.));
#1700 = DEFINITIONAL_REPRESENTATION('',(#1701),#1705);
#1701 = LINE('',#1702,#1703);
#1702 = CARTESIAN_POINT('',(0.,-8.));
#1703 = VECTOR('',#1704,1.);
#1704 = DIRECTION('',(1.,0.));
#1705 = ( GEOMETRIC_REPRESENTATION_CONTEXT(2) 
PARAMETRIC_REPRESENTATION_CONTEXT() REPRESENTATION_CONTEXT('2D SPACE',''
  ) );
#1706 = ORIENTED_EDGE('',*,*,#1707,.T.);
#1707 = EDGE_CURVE('',#1679,#1574,#1708,.T.);
#1708 = SURFACE_CURVE('',#1709,(#1713,#1720),.PCURVE_S1.);
#1709 = LINE('',#1710,#1711);
#1710 = CARTESIAN_POINT('',(0.,3.300494383093,-9.068033790584));
#1711 = VECTOR('',#1712,1.);
#1712 = DIRECTION('',(0.,0.342020143326,-0.939692620786));
#1713 = PCURVE('',#916,#1714);
#1714 = DEFINITIONAL_REPRESENTATION('',(#1715),#1719);
#1715 = LINE('',#1716,#1717);
#1716 = CARTESIAN_POINT('',(-9.068033790584,-3.300494383093));
#1717 = VECTOR('',#1718,1.);
#1718 = DIRECTION('',(-0.939692620786,-0.342020143326));
#1719 = ( GEOMETRIC_REPRESENTATION_CONTEXT(2) 
PARAMETRIC_REPRESENTATION_CONTEXT() REPRESENTATION_CONTEXT('2D SPACE',''
  ) );
#1720 = PCURVE('',#1613,#1721);
#1721 = DEFINITIONAL_REPRESENTATION('',(#1722),#1726);
#1722 = LINE('',#1723,#1724);
#1723 = CARTESIAN_POINT('',(-8.,0.));
#1724 = VECTOR('',#1725,1.);
#1725 = DIRECTION('',(0.,1.));
#1726 = ( GEOMETRIC_REPRESENTATION_CONTEXT(2) 
PARAMETRIC_REPRESENTATION_CONTEXT() REPRESENTATION_CONTEXT('2D SPACE',''
  ) );
#1727 = ORIENTED_EDGE('',*,*,#1573,.F.);
#1728 = ORIENTED_EDGE('',*,*,#1327,.F.);
#1729 = ORIENTED_EDGE('',*,*,#1493,.F.);
#1730 = ORIENTED_EDGE('',*,*,#896,.T.);
#1731 = ORIENTED_EDGE('',*,*,#1546,.F.);
#1732 = ADVANCED_FACE('',(#1733),#1534,.F.);
#1733 = FACE_BOUND('',#1734,.F.);
#1734 = EDGE_LOOP('',(#1735,#1736,#1759,#1780));
#1735 = ORIENTED_EDGE('',*,*,#1655,.F.);
#1736 = ORIENTED_EDGE('',*,*,#1737,.T.);
#1737 = EDGE_CURVE('',#1656,#1738,#1740,.T.);
#1738 = VERTEX_POINT('',#1739);
#1739 = CARTESIAN_POINT('',(16.,0.,8.3));
#1740 = SURFACE_CURVE('',#1741,(#1745,#1752),.PCURVE_S1.);
#1741 = LINE('',#1742,#1743);
#1742 = CARTESIAN_POINT('',(8.,0.,8.3));
#1743 = VECTOR('',#1744,1.);
#1744 = DIRECTION('',(1.,0.,0.));
#1745 = PCURVE('',#1534,#1746);
#1746 = DEFINITIONAL_REPRESENTATION('',(#1747),#1751);
#1747 = LINE('',#1748,#1749);
#1748 = CARTESIAN_POINT('',(0.,-1.35));
#1749 = VECTOR('',#1750,1.);
#1750 = DIRECTION('',(1.,0.));
#1751 = ( GEOMETRIC_REPRESENTATION_CONTEXT(2) 
PARAMETRIC_REPRESENTATION_CONTEXT() REPRESENTATION_CONTEXT('2D SPACE',''
  ) );
#1752 = PCURVE('',#1695,#1753);
#1753 = DEFINITIONAL_REPRESENTATION('',(#1754),#1758);
#1754 = LINE('',#1755,#1756);
#1755 = CARTESIAN_POINT('',(0.,0.));
#1756 = VECTOR('',#1757,1.);
#1757 = DIRECTION('',(0.,1.));
#1758 = ( GEOMETRIC_REPRESENTATION_CONTEXT(2) 
PARAMETRIC_REPRESENTATION_CONTEXT() REPRESENTATION_CONTEXT('2D SPACE',''
  ) );
#1759 = ORIENTED_EDGE('',*,*,#1760,.T.);
#1760 = EDGE_CURVE('',#1738,#1519,#1761,.T.);
#1761 = SURFACE_CURVE('',#1762,(#1766,#1773),.PCURVE_S1.);
#1762 = LINE('',#1763,#1764);
#1763 = CARTESIAN_POINT('',(16.,0.,9.65));
#1764 = VECTOR('',#1765,1.);
#1765 = DIRECTION('',(0.,0.,1.));
#1766 = PCURVE('',#1534,#1767);
#1767 = DEFINITIONAL_REPRESENTATION('',(#1768),#1772);
#1768 = LINE('',#1769,#1770);
#1769 = CARTESIAN_POINT('',(8.,0.));
#1770 = VECTOR('',#1771,1.);
#1771 = DIRECTION('',(0.,1.));
#1772 = ( GEOMETRIC_REPRESENTATION_CONTEXT(2) 
PARAMETRIC_REPRESENTATION_CONTEXT() REPRESENTATION_CONTEXT('2D SPACE',''
  ) );
#1773 = PCURVE('',#1640,#1774);
#1774 = DEFINITIONAL_REPRESENTATION('',(#1775),#1779);
#1775 = LINE('',#1776,#1777);
#1776 = CARTESIAN_POINT('',(9.65,-0.));
#1777 = VECTOR('',#1778,1.);
#1778 = DIRECTION('',(1.,-0.));
#1779 = ( GEOMETRIC_REPRESENTATION_CONTEXT(2) 
PARAMETRIC_REPRESENTATION_CONTEXT() REPRESENTATION_CONTEXT('2D SPACE',''
  ) );
#1780 = ORIENTED_EDGE('',*,*,#1516,.F.);
#1781 = ADVANCED_FACE('',(#1782),#1640,.T.);
#1782 = FACE_BOUND('',#1783,.F.);
#1783 = EDGE_LOOP('',(#1784,#1808,#1829,#1830));
#1784 = ORIENTED_EDGE('',*,*,#1785,.T.);
#1785 = EDGE_CURVE('',#1738,#1786,#1788,.T.);
#1786 = VERTEX_POINT('',#1787);
#1787 = CARTESIAN_POINT('',(16.,2.838767189603,-7.799448752523));
#1788 = SURFACE_CURVE('',#1789,(#1794,#1801),.PCURVE_S1.);
#1789 = CIRCLE('',#1790,8.3);
#1790 = AXIS2_PLACEMENT_3D('',#1791,#1792,#1793);
#1791 = CARTESIAN_POINT('',(16.,0.,0.));
#1792 = DIRECTION('',(1.,0.,-0.));
#1793 = DIRECTION('',(0.,0.,1.));
#1794 = PCURVE('',#1640,#1795);
#1795 = DEFINITIONAL_REPRESENTATION('',(#1796),#1800);
#1796 = CIRCLE('',#1797,8.3);
#1797 = AXIS2_PLACEMENT_2D('',#1798,#1799);
#1798 = CARTESIAN_POINT('',(0.,0.));
#1799 = DIRECTION('',(1.,-0.));
#1800 = ( GEOMETRIC_REPRESENTATION_CONTEXT(2) 
PARAMETRIC_REPRESENTATION_CONTEXT() REPRESENTATION_CONTEXT('2D SPACE',''
  ) );
#1801 = PCURVE('',#1695,#1802);
#1802 = DEFINITIONAL_REPRESENTATION('',(#1803),#1807);
#1803 = LINE('',#1804,#1805);
#1804 = CARTESIAN_POINT('',(0.,8.));
#1805 = VECTOR('',#1806,1.);
#1806 = DIRECTION('',(1.,0.));
#1807 = ( GEOMETRIC_REPRESENTATION_CONTEXT(2) 
PARAMETRIC_REPRESENTATION_CONTEXT() REPRESENTATION_CONTEXT('2D SPACE',''
  ) );
#1808 = ORIENTED_EDGE('',*,*,#1809,.T.);
#1809 = EDGE_CURVE('',#1786,#1598,#1810,.T.);
#1810 = SURFACE_CURVE('',#1811,(#1815,#1822),.PCURVE_S1.);
#1811 = LINE('',#1812,#1813);
#1812 = CARTESIAN_POINT('',(16.,3.300494383093,-9.068033790584));
#1813 = VECTOR('',#1814,1.);
#1814 = DIRECTION('',(0.,0.342020143326,-0.939692620786));
#1815 = PCURVE('',#1640,#1816);
#1816 = DEFINITIONAL_REPRESENTATION('',(#1817),#1821);
#1817 = LINE('',#1818,#1819);
#1818 = CARTESIAN_POINT('',(-9.068033790584,-3.300494383093));
#1819 = VECTOR('',#1820,1.);
#1820 = DIRECTION('',(-0.939692620786,-0.342020143326));
#1821 = ( GEOMETRIC_REPRESENTATION_CONTEXT(2) 
PARAMETRIC_REPRESENTATION_CONTEXT() REPRESENTATION_CONTEXT('2D SPACE',''
  ) );
#1822 = PCURVE('',#1613,#1823);
#1823 = DEFINITIONAL_REPRESENTATION('',(#1824),#1828);
#1824 = LINE('',#1825,#1826);
#1825 = CARTESIAN_POINT('',(8.,0.));
#1826 = VECTOR('',#1827,1.);
#1827 = DIRECTION('',(0.,1.));
#1828 = ( GEOMETRIC_REPRESENTATION_CONTEXT(2) 
PARAMETRIC_REPRESENTATION_CONTEXT() REPRESENTATION_CONTEXT('2D SPACE',''
  ) );
#1829 = ORIENTED_EDGE('',*,*,#1625,.F.);
#1830 = ORIENTED_EDGE('',*,*,#1760,.F.);
#1831 = ADVANCED_FACE('',(#1832),#1613,.T.);
#1832 = FACE_BOUND('',#1833,.T.);
#1833 = EDGE_LOOP('',(#1834,#1835,#1856,#1857));
#1834 = ORIENTED_EDGE('',*,*,#1707,.F.);
#1835 = ORIENTED_EDGE('',*,*,#1836,.T.);
#1836 = EDGE_CURVE('',#1679,#1786,#1837,.T.);
#1837 = SURFACE_CURVE('',#1838,(#1842,#1849),.PCURVE_S1.);
#1838 = LINE('',#1839,#1840);
#1839 = CARTESIAN_POINT('',(8.,2.838767189603,-7.799448752523));
#1840 = VECTOR('',#1841,1.);
#1841 = DIRECTION('',(1.,0.,0.));
#1842 = PCURVE('',#1613,#1843);
#1843 = DEFINITIONAL_REPRESENTATION('',(#1844),#1848);
#1844 = LINE('',#1845,#1846);
#1845 = CARTESIAN_POINT('',(0.,-1.35));
#1846 = VECTOR('',#1847,1.);
#1847 = DIRECTION('',(1.,0.));
#1848 = ( GEOMETRIC_REPRESENTATION_CONTEXT(2) 
PARAMETRIC_REPRESENTATION_CONTEXT() REPRESENTATION_CONTEXT('2D SPACE',''
  ) );
#1849 = PCURVE('',#1695,#1850);
#1850 = DEFINITIONAL_REPRESENTATION('',(#1851),#1855);
#1851 = LINE('',#1852,#1853);
#1852 = CARTESIAN_POINT('',(3.490658503989,0.));
#1853 = VECTOR('',#1854,1.);
#1854 = DIRECTION('',(0.,1.));
#1855 = ( GEOMETRIC_REPRESENTATION_CONTEXT(2) 
PARAMETRIC_REPRESENTATION_CONTEXT() REPRESENTATION_CONTEXT('2D SPACE',''
  ) );
#1856 = ORIENTED_EDGE('',*,*,#1809,.T.);
#1857 = ORIENTED_EDGE('',*,*,#1597,.F.);
#1858 = ADVANCED_FACE('',(#1859),#1695,.F.);
#1859 = FACE_BOUND('',#1860,.F.);
#1860 = EDGE_LOOP('',(#1861,#1862,#1863,#1864));
#1861 = ORIENTED_EDGE('',*,*,#1678,.T.);
#1862 = ORIENTED_EDGE('',*,*,#1836,.T.);
#1863 = ORIENTED_EDGE('',*,*,#1785,.F.);
#1864 = ORIENTED_EDGE('',*,*,#1737,.F.);
#1865 = ( GEOMETRIC_REPRESENTATION_CONTEXT(3) 
GLOBAL_UNCERTAINTY_ASSIGNED_CONTEXT((#1869)) 
GLOBAL_UNIT_ASSIGNED_CONTEXT((#1866,#1867,#1868)) REPRESENTATION_CONTEXT
('Context #1','3D Context with UNIT and UNCERTAINTY') );
#1866 = ( LENGTH_UNIT() NAMED_UNIT(*) SI_UNIT(.MILLI.,.METRE.) );
#1867 = ( NAMED_UNIT(*) PLANE_ANGLE_UNIT() SI_UNIT($,.RADIAN.) );
#1868 = ( NAMED_UNIT(*) SI_UNIT($,.STERADIAN.) SOLID_ANGLE_UNIT() );
#1869 = UNCERTAINTY_MEASURE_WITH_UNIT(LENGTH_MEASURE(1.E-06),#1866,
  'distance_accuracy_value','confusion accuracy');
#1870 = PRODUCT_RELATED_PRODUCT_CATEGORY('part',$,(#7));
ENDSEC;
END-ISO-10303-21;
