ISO-10303-21;
HEADER;
FILE_DESCRIPTION(('Open CASCADE Model'),'2;1');
FILE_NAME('Open CASCADE Shape Model','2026-08-21T11:43:59',('Author'),(
    'Open CASCADE'),'Open CASCADE STEP processor 7.9','build123d',
  'Unknown');
FILE_SCHEMA(('AUTOMOTIVE_DESIGN { 1 0 10303 214 1 1 1 1 }'));
ENDSEC;
DATA;
#1 = APPLICATION_PROTOCOL_DEFINITION('international standard',
  'automotive_design',2000,#2);
#2 = APPLICATION_CONTEXT(
  'core data for automotive mechanical design processes');
#3 = SHAPE_DEFINITION_REPRESENTATION(#4,#10);
#4 = PRODUCT_DEFINITION_SHAPE('','',#5);
#5 = PRODUCT_DEFINITION('design','',#6,#9);
#6 = PRODUCT_DEFINITION_FORMATION('','',#7);
#7 = PRODUCT('COMPOUND','COMPOUND','',(#8));
#8 = PRODUCT_CONTEXT('',#2,'mechanical');
#9 = PRODUCT_DEFINITION_CONTEXT('part definition',#2,'design');
#10 = ADVANCED_BREP_SHAPE_REPRESENTATION('',(#11,#15),#10545);
#11 = AXIS2_PLACEMENT_3D('',#12,#13,#14);
#12 = CARTESIAN_POINT('',(0.,0.,0.));
#13 = DIRECTION('',(0.,0.,1.));
#14 = DIRECTION('',(1.,0.,-0.));
#15 = MANIFOLD_SOLID_BREP('',#16);
#16 = CLOSED_SHELL('',(#17,#617,#1277,#1331,#1359,#1663,#2574,#4656,
    #4737,#4933,#5569,#5846,#5874,#5924,#8006,#8059,#8255,#8480,#8551,
    #8608,#8634,#9005,#9035,#9447,#9510,#9535,#9588,#9618,#9675,#9701,
    #9730,#9803,#9876,#9903,#9928,#9955,#9962,#10121,#10173,#10227,
    #10281,#10333,#10358,#10383,#10436,#10461,#10486,#10541));
#17 = ADVANCED_FACE('',(#18),#36,.T.);
#18 = FACE_BOUND('',#19,.T.);
#19 = EDGE_LOOP('',(#20,#67,#96,#131,#157,#186,#212,#241,#264,#291,#292,
    #316,#342,#371,#397,#437,#466,#501,#527,#556,#582));
#20 = ORIENTED_EDGE('',*,*,#21,.T.);
#21 = EDGE_CURVE('',#22,#24,#26,.T.);
#22 = VERTEX_POINT('',#23);
#23 = CARTESIAN_POINT('',(0.5,-6.76387462974,9.300537618501));
#24 = VERTEX_POINT('',#25);
#25 = CARTESIAN_POINT('',(1.,-7.745966692415,8.5));
#26 = SURFACE_CURVE('',#27,(#35,#51),.PCURVE_S1.);
#27 = B_SPLINE_CURVE_WITH_KNOTS('',6,(#28,#29,#30,#31,#32,#33,#34),
  .UNSPECIFIED.,.F.,.F.,(7,7),(0.,1.),.PIECEWISE_BEZIER_KNOTS.);
#28 = CARTESIAN_POINT('',(-5.999999999531E-07,-5.567762746382,
    10.062306793176));
#29 = CARTESIAN_POINT('',(0.153790649536,-5.982088740572,9.833048345513)
  );
#30 = CARTESIAN_POINT('',(0.315129183046,-6.374651617205,9.589091631102)
  );
#31 = CARTESIAN_POINT('',(0.481984890491,-6.74633151425,9.332475043666)
  );
#32 = CARTESIAN_POINT('',(0.652659711956,-7.098114218856,9.064746900295)
  );
#33 = CARTESIAN_POINT('',(0.825738485824,-7.431007820981,8.787018977316)
  );
#34 = CARTESIAN_POINT('',(1.000000364286,-7.745967350822,8.4999994));
#35 = PCURVE('',#36,#41);
#36 = CYLINDRICAL_SURFACE('',#37,16.);
#37 = AXIS2_PLACEMENT_3D('',#38,#39,#40);
#38 = CARTESIAN_POINT('',(15.,0.,6.5));
#39 = DIRECTION('',(0.,0.,1.));
#40 = DIRECTION('',(1.,0.,0.));
#41 = DEFINITIONAL_REPRESENTATION('',(#42),#50);
#42 = B_SPLINE_CURVE_WITH_KNOTS('',6,(#43,#44,#45,#46,#47,#48,#49),
  .UNSPECIFIED.,.F.,.F.,(7,7),(0.,1.),.PIECEWISE_BEZIER_KNOTS.);
#43 = CARTESIAN_POINT('',(3.497013747517,3.562306793176));
#44 = CARTESIAN_POINT('',(3.524635479358,3.333048345513));
#45 = CARTESIAN_POINT('',(3.551146175174,3.089091631102));
#46 = CARTESIAN_POINT('',(3.576591184349,2.832475043667));
#47 = CARTESIAN_POINT('',(3.601014019348,2.564746900295));
#48 = CARTESIAN_POINT('',(3.624456101043,2.287018977316));
#49 = CARTESIAN_POINT('',(3.646953210903,1.9999994));
#50 = ( GEOMETRIC_REPRESENTATION_CONTEXT(2) 
PARAMETRIC_REPRESENTATION_CONTEXT() REPRESENTATION_CONTEXT('2D SPACE',''
  ) );
#51 = PCURVE('',#52,#57);
#52 = CYLINDRICAL_SURFACE('',#53,11.5);
#53 = AXIS2_PLACEMENT_3D('',#54,#55,#56);
#54 = CARTESIAN_POINT('',(0.,0.,0.));
#55 = DIRECTION('',(-1.,-0.,-0.));
#56 = DIRECTION('',(0.,1.,0.));
#57 = DEFINITIONAL_REPRESENTATION('',(#58),#66);
#58 = B_SPLINE_CURVE_WITH_KNOTS('',6,(#59,#60,#61,#62,#63,#64,#65),
  .UNSPECIFIED.,.F.,.F.,(7,7),(0.,1.),.PIECEWISE_BEZIER_KNOTS.);
#59 = CARTESIAN_POINT('',(-2.076191539147,5.999999999062E-07));
#60 = CARTESIAN_POINT('',(-2.117367583836,-0.153790649536));
#61 = CARTESIAN_POINT('',(-2.157506577783,-0.315129183046));
#62 = CARTESIAN_POINT('',(-2.196715293323,-0.481984890491));
#63 = CARTESIAN_POINT('',(-2.235097703945,-0.652659711956));
#64 = CARTESIAN_POINT('',(-2.272760218319,-0.825738485824));
#65 = CARTESIAN_POINT('',(-2.309814283268,-1.000000364286));
#66 = ( GEOMETRIC_REPRESENTATION_CONTEXT(2) 
PARAMETRIC_REPRESENTATION_CONTEXT() REPRESENTATION_CONTEXT('2D SPACE',''
  ) );
#67 = ORIENTED_EDGE('',*,*,#68,.T.);
#68 = EDGE_CURVE('',#24,#69,#71,.T.);
#69 = VERTEX_POINT('',#70);
#70 = CARTESIAN_POINT('',(29.,-7.745966692415,8.5));
#71 = SURFACE_CURVE('',#72,(#77,#84),.PCURVE_S1.);
#72 = CIRCLE('',#73,16.);
#73 = AXIS2_PLACEMENT_3D('',#74,#75,#76);
#74 = CARTESIAN_POINT('',(15.,0.,8.5));
#75 = DIRECTION('',(0.,0.,1.));
#76 = DIRECTION('',(1.,0.,0.));
#77 = PCURVE('',#36,#78);
#78 = DEFINITIONAL_REPRESENTATION('',(#79),#83);
#79 = LINE('',#80,#81);
#80 = CARTESIAN_POINT('',(0.,2.));
#81 = VECTOR('',#82,1.);
#82 = DIRECTION('',(1.,0.));
#83 = ( GEOMETRIC_REPRESENTATION_CONTEXT(2) 
PARAMETRIC_REPRESENTATION_CONTEXT() REPRESENTATION_CONTEXT('2D SPACE',''
  ) );
#84 = PCURVE('',#85,#90);
#85 = TOROIDAL_SURFACE('',#86,14.,2.);
#86 = AXIS2_PLACEMENT_3D('',#87,#88,#89);
#87 = CARTESIAN_POINT('',(15.,0.,8.5));
#88 = DIRECTION('',(-0.,-0.,-1.));
#89 = DIRECTION('',(1.,0.,0.));
#90 = DEFINITIONAL_REPRESENTATION('',(#91),#95);
#91 = LINE('',#92,#93);
#92 = CARTESIAN_POINT('',(-0.,0.));
#93 = VECTOR('',#94,1.);
#94 = DIRECTION('',(-1.,0.));
#95 = ( GEOMETRIC_REPRESENTATION_CONTEXT(2) 
PARAMETRIC_REPRESENTATION_CONTEXT() REPRESENTATION_CONTEXT('2D SPACE',''
  ) );
#96 = ORIENTED_EDGE('',*,*,#97,.T.);
#97 = EDGE_CURVE('',#69,#98,#100,.T.);
#98 = VERTEX_POINT('',#99);
#99 = CARTESIAN_POINT('',(30.,-5.56776436283,10.062305898749));
#100 = SURFACE_CURVE('',#101,(#109,#120),.PCURVE_S1.);
#101 = B_SPLINE_CURVE_WITH_KNOTS('',6,(#102,#103,#104,#105,#106,#107,
    #108),.UNSPECIFIED.,.F.,.F.,(7,7),(0.,1.),.PIECEWISE_BEZIER_KNOTS.);
#102 = CARTESIAN_POINT('',(28.999999635714,-7.745967350822,8.4999994));
#103 = CARTESIAN_POINT('',(29.174261396766,-7.431008033187,
    8.787018783935));
#104 = CARTESIAN_POINT('',(29.347340031546,-7.098114709957,
    9.064746488026));
#105 = CARTESIAN_POINT('',(29.518014959674,-6.746331882052,
    9.332474826067));
#106 = CARTESIAN_POINT('',(29.684870933531,-6.374651436882,
    9.589091815386));
#107 = CARTESIAN_POINT('',(29.846209594134,-5.982088084105,
    9.833048708755));
#108 = CARTESIAN_POINT('',(30.0000006,-5.567762746382,10.062306793176));
#109 = PCURVE('',#36,#110);
#110 = DEFINITIONAL_REPRESENTATION('',(#111),#119);
#111 = B_SPLINE_CURVE_WITH_KNOTS('',6,(#112,#113,#114,#115,#116,#117,
    #118),.UNSPECIFIED.,.F.,.F.,(7,7),(0.,1.),.PIECEWISE_BEZIER_KNOTS.);
#112 = CARTESIAN_POINT('',(5.777824749866,1.9999994));
#113 = CARTESIAN_POINT('',(5.800321844569,2.287018783935));
#114 = CARTESIAN_POINT('',(5.82376390679,2.564746488026));
#115 = CARTESIAN_POINT('',(5.848186751767,2.832474826067));
#116 = CARTESIAN_POINT('',(5.873631798701,3.089091815386));
#117 = CARTESIAN_POINT('',(5.900142525176,3.333048708755));
#118 = CARTESIAN_POINT('',(5.927764213253,3.562306793176));
#119 = ( GEOMETRIC_REPRESENTATION_CONTEXT(2) 
PARAMETRIC_REPRESENTATION_CONTEXT() REPRESENTATION_CONTEXT('2D SPACE',''
  ) );
#120 = PCURVE('',#52,#121);
#121 = DEFINITIONAL_REPRESENTATION('',(#122),#130);
#122 = B_SPLINE_CURVE_WITH_KNOTS('',6,(#123,#124,#125,#126,#127,#128,
    #129),.UNSPECIFIED.,.F.,.F.,(7,7),(0.,1.),.PIECEWISE_BEZIER_KNOTS.);
#123 = CARTESIAN_POINT('',(-2.309814283268,-28.99999963571));
#124 = CARTESIAN_POINT('',(-2.272760243284,-29.17426139676));
#125 = CARTESIAN_POINT('',(-2.235097759772,-29.34734003154));
#126 = CARTESIAN_POINT('',(-2.196715329723,-29.51801495967));
#127 = CARTESIAN_POINT('',(-2.157506556376,-29.68487093353));
#128 = CARTESIAN_POINT('',(-2.117367518596,-29.84620959413));
#129 = CARTESIAN_POINT('',(-2.076191539147,-30.0000006));
#130 = ( GEOMETRIC_REPRESENTATION_CONTEXT(2) 
PARAMETRIC_REPRESENTATION_CONTEXT() REPRESENTATION_CONTEXT('2D SPACE',''
  ) );
#131 = ORIENTED_EDGE('',*,*,#132,.F.);
#132 = EDGE_CURVE('',#133,#98,#135,.T.);
#133 = VERTEX_POINT('',#134);
#134 = CARTESIAN_POINT('',(30.,-5.56776436283,8.5));
#135 = SURFACE_CURVE('',#136,(#140,#146),.PCURVE_S1.);
#136 = LINE('',#137,#138);
#137 = CARTESIAN_POINT('',(30.,-5.56776436283,6.5));
#138 = VECTOR('',#139,1.);
#139 = DIRECTION('',(0.,0.,1.));
#140 = PCURVE('',#36,#141);
#141 = DEFINITIONAL_REPRESENTATION('',(#142),#145);
#142 = B_SPLINE_CURVE_WITH_KNOTS('',1,(#143,#144),.UNSPECIFIED.,.F.,.F.,
  (2,2),(1.9999994,7.266568199809),.PIECEWISE_BEZIER_KNOTS.);
#143 = CARTESIAN_POINT('',(5.927764105489,1.9999994));
#144 = CARTESIAN_POINT('',(5.927764105489,7.266568199809));
#145 = ( GEOMETRIC_REPRESENTATION_CONTEXT(2) 
PARAMETRIC_REPRESENTATION_CONTEXT() REPRESENTATION_CONTEXT('2D SPACE',''
  ) );
#146 = PCURVE('',#147,#152);
#147 = PLANE('',#148);
#148 = AXIS2_PLACEMENT_3D('',#149,#150,#151);
#149 = CARTESIAN_POINT('',(30.,-7.134470256727E-16,9.574461116723E-16));
#150 = DIRECTION('',(1.,0.,0.));
#151 = DIRECTION('',(0.,1.,0.));
#152 = DEFINITIONAL_REPRESENTATION('',(#153),#156);
#153 = B_SPLINE_CURVE_WITH_KNOTS('',1,(#154,#155),.UNSPECIFIED.,.F.,.F.,
  (2,2),(1.9999994,7.266568199809),.PIECEWISE_BEZIER_KNOTS.);
#154 = CARTESIAN_POINT('',(-5.56776436283,8.4999994));
#155 = CARTESIAN_POINT('',(-5.56776436283,13.766568199809));
#156 = ( GEOMETRIC_REPRESENTATION_CONTEXT(2) 
PARAMETRIC_REPRESENTATION_CONTEXT() REPRESENTATION_CONTEXT('2D SPACE',''
  ) );
#157 = ORIENTED_EDGE('',*,*,#158,.T.);
#158 = EDGE_CURVE('',#133,#159,#161,.T.);
#159 = VERTEX_POINT('',#160);
#160 = CARTESIAN_POINT('',(30.979987484351,-0.8,8.5));
#161 = SURFACE_CURVE('',#162,(#167,#174),.PCURVE_S1.);
#162 = CIRCLE('',#163,16.);
#163 = AXIS2_PLACEMENT_3D('',#164,#165,#166);
#164 = CARTESIAN_POINT('',(15.,0.,8.5));
#165 = DIRECTION('',(0.,0.,1.));
#166 = DIRECTION('',(1.,0.,0.));
#167 = PCURVE('',#36,#168);
#168 = DEFINITIONAL_REPRESENTATION('',(#169),#173);
#169 = LINE('',#170,#171);
#170 = CARTESIAN_POINT('',(0.,2.));
#171 = VECTOR('',#172,1.);
#172 = DIRECTION('',(1.,0.));
#173 = ( GEOMETRIC_REPRESENTATION_CONTEXT(2) 
PARAMETRIC_REPRESENTATION_CONTEXT() REPRESENTATION_CONTEXT('2D SPACE',''
  ) );
#174 = PCURVE('',#175,#180);
#175 = TOROIDAL_SURFACE('',#176,14.,2.);
#176 = AXIS2_PLACEMENT_3D('',#177,#178,#179);
#177 = CARTESIAN_POINT('',(15.,0.,8.5));
#178 = DIRECTION('',(-0.,-0.,-1.));
#179 = DIRECTION('',(1.,0.,0.));
#180 = DEFINITIONAL_REPRESENTATION('',(#181),#185);
#181 = LINE('',#182,#183);
#182 = CARTESIAN_POINT('',(-0.,0.));
#183 = VECTOR('',#184,1.);
#184 = DIRECTION('',(-1.,0.));
#185 = ( GEOMETRIC_REPRESENTATION_CONTEXT(2) 
PARAMETRIC_REPRESENTATION_CONTEXT() REPRESENTATION_CONTEXT('2D SPACE',''
  ) );
#186 = ORIENTED_EDGE('',*,*,#187,.T.);
#187 = EDGE_CURVE('',#159,#188,#190,.T.);
#188 = VERTEX_POINT('',#189);
#189 = CARTESIAN_POINT('',(30.979987484351,-0.8,13.5));
#190 = SURFACE_CURVE('',#191,(#195,#201),.PCURVE_S1.);
#191 = LINE('',#192,#193);
#192 = CARTESIAN_POINT('',(30.979987484351,-0.8,6.5));
#193 = VECTOR('',#194,1.);
#194 = DIRECTION('',(0.,0.,1.));
#195 = PCURVE('',#36,#196);
#196 = DEFINITIONAL_REPRESENTATION('',(#197),#200);
#197 = B_SPLINE_CURVE_WITH_KNOTS('',1,(#198,#199),.UNSPECIFIED.,.F.,.F.,
  (2,2),(1.9999994,8.35),.PIECEWISE_BEZIER_KNOTS.);
#198 = CARTESIAN_POINT('',(6.233164450374,1.9999994));
#199 = CARTESIAN_POINT('',(6.233164450374,8.35));
#200 = ( GEOMETRIC_REPRESENTATION_CONTEXT(2) 
PARAMETRIC_REPRESENTATION_CONTEXT() REPRESENTATION_CONTEXT('2D SPACE',''
  ) );
#201 = PCURVE('',#202,#207);
#202 = PLANE('',#203);
#203 = AXIS2_PLACEMENT_3D('',#204,#205,#206);
#204 = CARTESIAN_POINT('',(0.,-0.8,0.));
#205 = DIRECTION('',(-0.,1.,0.));
#206 = DIRECTION('',(0.,0.,1.));
#207 = DEFINITIONAL_REPRESENTATION('',(#208),#211);
#208 = B_SPLINE_CURVE_WITH_KNOTS('',1,(#209,#210),.UNSPECIFIED.,.F.,.F.,
  (2,2),(1.9999994,8.35),.PIECEWISE_BEZIER_KNOTS.);
#209 = CARTESIAN_POINT('',(8.4999994,30.979987484351));
#210 = CARTESIAN_POINT('',(14.85,30.979987484351));
#211 = ( GEOMETRIC_REPRESENTATION_CONTEXT(2) 
PARAMETRIC_REPRESENTATION_CONTEXT() REPRESENTATION_CONTEXT('2D SPACE',''
  ) );
#212 = ORIENTED_EDGE('',*,*,#213,.T.);
#213 = EDGE_CURVE('',#188,#214,#216,.T.);
#214 = VERTEX_POINT('',#215);
#215 = CARTESIAN_POINT('',(31.,-3.918869757272E-15,13.5));
#216 = SURFACE_CURVE('',#217,(#222,#229),.PCURVE_S1.);
#217 = CIRCLE('',#218,16.);
#218 = AXIS2_PLACEMENT_3D('',#219,#220,#221);
#219 = CARTESIAN_POINT('',(15.,0.,13.5));
#220 = DIRECTION('',(0.,0.,1.));
#221 = DIRECTION('',(1.,0.,-0.));
#222 = PCURVE('',#36,#223);
#223 = DEFINITIONAL_REPRESENTATION('',(#224),#228);
#224 = LINE('',#225,#226);
#225 = CARTESIAN_POINT('',(0.,7.));
#226 = VECTOR('',#227,1.);
#227 = DIRECTION('',(1.,0.));
#228 = ( GEOMETRIC_REPRESENTATION_CONTEXT(2) 
PARAMETRIC_REPRESENTATION_CONTEXT() REPRESENTATION_CONTEXT('2D SPACE',''
  ) );
#229 = PCURVE('',#230,#235);
#230 = PLANE('',#231);
#231 = AXIS2_PLACEMENT_3D('',#232,#233,#234);
#232 = CARTESIAN_POINT('',(0.,-0.8,13.5));
#233 = DIRECTION('',(0.,0.,1.));
#234 = DIRECTION('',(1.,0.,-0.));
#235 = DEFINITIONAL_REPRESENTATION('',(#236),#240);
#236 = CIRCLE('',#237,16.);
#237 = AXIS2_PLACEMENT_2D('',#238,#239);
#238 = CARTESIAN_POINT('',(15.,0.8));
#239 = DIRECTION('',(1.,0.));
#240 = ( GEOMETRIC_REPRESENTATION_CONTEXT(2) 
PARAMETRIC_REPRESENTATION_CONTEXT() REPRESENTATION_CONTEXT('2D SPACE',''
  ) );
#241 = ORIENTED_EDGE('',*,*,#242,.T.);
#242 = EDGE_CURVE('',#214,#243,#245,.T.);
#243 = VERTEX_POINT('',#244);
#244 = CARTESIAN_POINT('',(31.,0.,15.));
#245 = SEAM_CURVE('',#246,(#250,#257),.PCURVE_S1.);
#246 = LINE('',#247,#248);
#247 = CARTESIAN_POINT('',(31.,-3.918869757272E-15,6.5));
#248 = VECTOR('',#249,1.);
#249 = DIRECTION('',(0.,0.,1.));
#250 = PCURVE('',#36,#251);
#251 = DEFINITIONAL_REPRESENTATION('',(#252),#256);
#252 = LINE('',#253,#254);
#253 = CARTESIAN_POINT('',(6.28318530718,-0.));
#254 = VECTOR('',#255,1.);
#255 = DIRECTION('',(0.,1.));
#256 = ( GEOMETRIC_REPRESENTATION_CONTEXT(2) 
PARAMETRIC_REPRESENTATION_CONTEXT() REPRESENTATION_CONTEXT('2D SPACE',''
  ) );
#257 = PCURVE('',#36,#258);
#258 = DEFINITIONAL_REPRESENTATION('',(#259),#263);
#259 = LINE('',#260,#261);
#260 = CARTESIAN_POINT('',(0.,-0.));
#261 = VECTOR('',#262,1.);
#262 = DIRECTION('',(0.,1.));
#263 = ( GEOMETRIC_REPRESENTATION_CONTEXT(2) 
PARAMETRIC_REPRESENTATION_CONTEXT() REPRESENTATION_CONTEXT('2D SPACE',''
  ) );
#264 = ORIENTED_EDGE('',*,*,#265,.F.);
#265 = EDGE_CURVE('',#243,#243,#266,.T.);
#266 = SURFACE_CURVE('',#267,(#272,#279),.PCURVE_S1.);
#267 = CIRCLE('',#268,16.);
#268 = AXIS2_PLACEMENT_3D('',#269,#270,#271);
#269 = CARTESIAN_POINT('',(15.,0.,15.));
#270 = DIRECTION('',(0.,0.,1.));
#271 = DIRECTION('',(1.,0.,-0.));
#272 = PCURVE('',#36,#273);
#273 = DEFINITIONAL_REPRESENTATION('',(#274),#278);
#274 = LINE('',#275,#276);
#275 = CARTESIAN_POINT('',(0.,8.5));
#276 = VECTOR('',#277,1.);
#277 = DIRECTION('',(1.,0.));
#278 = ( GEOMETRIC_REPRESENTATION_CONTEXT(2) 
PARAMETRIC_REPRESENTATION_CONTEXT() REPRESENTATION_CONTEXT('2D SPACE',''
  ) );
#279 = PCURVE('',#280,#285);
#280 = CONICAL_SURFACE('',#281,16.,0.785398163397);
#281 = AXIS2_PLACEMENT_3D('',#282,#283,#284);
#282 = CARTESIAN_POINT('',(15.,0.,15.));
#283 = DIRECTION('',(-0.,-0.,-1.));
#284 = DIRECTION('',(1.,0.,0.));
#285 = DEFINITIONAL_REPRESENTATION('',(#286),#290);
#286 = LINE('',#287,#288);
#287 = CARTESIAN_POINT('',(-0.,-0.));
#288 = VECTOR('',#289,1.);
#289 = DIRECTION('',(-1.,-0.));
#290 = ( GEOMETRIC_REPRESENTATION_CONTEXT(2) 
PARAMETRIC_REPRESENTATION_CONTEXT() REPRESENTATION_CONTEXT('2D SPACE',''
  ) );
#291 = ORIENTED_EDGE('',*,*,#242,.F.);
#292 = ORIENTED_EDGE('',*,*,#293,.T.);
#293 = EDGE_CURVE('',#214,#294,#296,.T.);
#294 = VERTEX_POINT('',#295);
#295 = CARTESIAN_POINT('',(30.979987484351,0.8,13.5));
#296 = SURFACE_CURVE('',#297,(#302,#309),.PCURVE_S1.);
#297 = CIRCLE('',#298,16.);
#298 = AXIS2_PLACEMENT_3D('',#299,#300,#301);
#299 = CARTESIAN_POINT('',(15.,0.,13.5));
#300 = DIRECTION('',(0.,0.,1.));
#301 = DIRECTION('',(1.,0.,-0.));
#302 = PCURVE('',#36,#303);
#303 = DEFINITIONAL_REPRESENTATION('',(#304),#308);
#304 = LINE('',#305,#306);
#305 = CARTESIAN_POINT('',(0.,7.));
#306 = VECTOR('',#307,1.);
#307 = DIRECTION('',(1.,0.));
#308 = ( GEOMETRIC_REPRESENTATION_CONTEXT(2) 
PARAMETRIC_REPRESENTATION_CONTEXT() REPRESENTATION_CONTEXT('2D SPACE',''
  ) );
#309 = PCURVE('',#230,#310);
#310 = DEFINITIONAL_REPRESENTATION('',(#311),#315);
#311 = CIRCLE('',#312,16.);
#312 = AXIS2_PLACEMENT_2D('',#313,#314);
#313 = CARTESIAN_POINT('',(15.,0.8));
#314 = DIRECTION('',(1.,0.));
#315 = ( GEOMETRIC_REPRESENTATION_CONTEXT(2) 
PARAMETRIC_REPRESENTATION_CONTEXT() REPRESENTATION_CONTEXT('2D SPACE',''
  ) );
#316 = ORIENTED_EDGE('',*,*,#317,.F.);
#317 = EDGE_CURVE('',#318,#294,#320,.T.);
#318 = VERTEX_POINT('',#319);
#319 = CARTESIAN_POINT('',(30.979987484351,0.8,8.5));
#320 = SURFACE_CURVE('',#321,(#325,#331),.PCURVE_S1.);
#321 = LINE('',#322,#323);
#322 = CARTESIAN_POINT('',(30.979987484351,0.8,6.5));
#323 = VECTOR('',#324,1.);
#324 = DIRECTION('',(0.,0.,1.));
#325 = PCURVE('',#36,#326);
#326 = DEFINITIONAL_REPRESENTATION('',(#327),#330);
#327 = B_SPLINE_CURVE_WITH_KNOTS('',1,(#328,#329),.UNSPECIFIED.,.F.,.F.,
  (2,2),(1.9999994,8.35),.PIECEWISE_BEZIER_KNOTS.);
#328 = CARTESIAN_POINT('',(5.002085680577E-02,1.9999994));
#329 = CARTESIAN_POINT('',(5.002085680577E-02,8.35));
#330 = ( GEOMETRIC_REPRESENTATION_CONTEXT(2) 
PARAMETRIC_REPRESENTATION_CONTEXT() REPRESENTATION_CONTEXT('2D SPACE',''
  ) );
#331 = PCURVE('',#332,#337);
#332 = PLANE('',#333);
#333 = AXIS2_PLACEMENT_3D('',#334,#335,#336);
#334 = CARTESIAN_POINT('',(0.,0.8,0.));
#335 = DIRECTION('',(-0.,1.,0.));
#336 = DIRECTION('',(0.,0.,1.));
#337 = DEFINITIONAL_REPRESENTATION('',(#338),#341);
#338 = B_SPLINE_CURVE_WITH_KNOTS('',1,(#339,#340),.UNSPECIFIED.,.F.,.F.,
  (2,2),(1.9999994,8.35),.PIECEWISE_BEZIER_KNOTS.);
#339 = CARTESIAN_POINT('',(8.4999994,30.979987484351));
#340 = CARTESIAN_POINT('',(14.85,30.979987484351));
#341 = ( GEOMETRIC_REPRESENTATION_CONTEXT(2) 
PARAMETRIC_REPRESENTATION_CONTEXT() REPRESENTATION_CONTEXT('2D SPACE',''
  ) );
#342 = ORIENTED_EDGE('',*,*,#343,.T.);
#343 = EDGE_CURVE('',#318,#344,#346,.T.);
#344 = VERTEX_POINT('',#345);
#345 = CARTESIAN_POINT('',(30.,5.56776436283,8.5));
#346 = SURFACE_CURVE('',#347,(#352,#359),.PCURVE_S1.);
#347 = CIRCLE('',#348,16.);
#348 = AXIS2_PLACEMENT_3D('',#349,#350,#351);
#349 = CARTESIAN_POINT('',(15.,0.,8.5));
#350 = DIRECTION('',(0.,0.,1.));
#351 = DIRECTION('',(1.,0.,0.));
#352 = PCURVE('',#36,#353);
#353 = DEFINITIONAL_REPRESENTATION('',(#354),#358);
#354 = LINE('',#355,#356);
#355 = CARTESIAN_POINT('',(0.,2.));
#356 = VECTOR('',#357,1.);
#357 = DIRECTION('',(1.,0.));
#358 = ( GEOMETRIC_REPRESENTATION_CONTEXT(2) 
PARAMETRIC_REPRESENTATION_CONTEXT() REPRESENTATION_CONTEXT('2D SPACE',''
  ) );
#359 = PCURVE('',#360,#365);
#360 = TOROIDAL_SURFACE('',#361,14.,2.);
#361 = AXIS2_PLACEMENT_3D('',#362,#363,#364);
#362 = CARTESIAN_POINT('',(15.,0.,8.5));
#363 = DIRECTION('',(-0.,-0.,-1.));
#364 = DIRECTION('',(1.,0.,0.));
#365 = DEFINITIONAL_REPRESENTATION('',(#366),#370);
#366 = LINE('',#367,#368);
#367 = CARTESIAN_POINT('',(-0.,0.));
#368 = VECTOR('',#369,1.);
#369 = DIRECTION('',(-1.,0.));
#370 = ( GEOMETRIC_REPRESENTATION_CONTEXT(2) 
PARAMETRIC_REPRESENTATION_CONTEXT() REPRESENTATION_CONTEXT('2D SPACE',''
  ) );
#371 = ORIENTED_EDGE('',*,*,#372,.T.);
#372 = EDGE_CURVE('',#344,#373,#375,.T.);
#373 = VERTEX_POINT('',#374);
#374 = CARTESIAN_POINT('',(30.,5.56776436283,10.062305898749));
#375 = SURFACE_CURVE('',#376,(#380,#386),.PCURVE_S1.);
#376 = LINE('',#377,#378);
#377 = CARTESIAN_POINT('',(30.,5.56776436283,6.5));
#378 = VECTOR('',#379,1.);
#379 = DIRECTION('',(0.,0.,1.));
#380 = PCURVE('',#36,#381);
#381 = DEFINITIONAL_REPRESENTATION('',(#382),#385);
#382 = B_SPLINE_CURVE_WITH_KNOTS('',1,(#383,#384),.UNSPECIFIED.,.F.,.F.,
  (2,2),(1.9999994,7.266568199809),.PIECEWISE_BEZIER_KNOTS.);
#383 = CARTESIAN_POINT('',(0.35542120169,1.9999994));
#384 = CARTESIAN_POINT('',(0.35542120169,7.266568199809));
#385 = ( GEOMETRIC_REPRESENTATION_CONTEXT(2) 
PARAMETRIC_REPRESENTATION_CONTEXT() REPRESENTATION_CONTEXT('2D SPACE',''
  ) );
#386 = PCURVE('',#387,#392);
#387 = PLANE('',#388);
#388 = AXIS2_PLACEMENT_3D('',#389,#390,#391);
#389 = CARTESIAN_POINT('',(30.,-7.134470256727E-16,9.574461116723E-16));
#390 = DIRECTION('',(1.,0.,0.));
#391 = DIRECTION('',(0.,1.,0.));
#392 = DEFINITIONAL_REPRESENTATION('',(#393),#396);
#393 = B_SPLINE_CURVE_WITH_KNOTS('',1,(#394,#395),.UNSPECIFIED.,.F.,.F.,
  (2,2),(1.9999994,7.266568199809),.PIECEWISE_BEZIER_KNOTS.);
#394 = CARTESIAN_POINT('',(5.56776436283,8.4999994));
#395 = CARTESIAN_POINT('',(5.56776436283,13.766568199809));
#396 = ( GEOMETRIC_REPRESENTATION_CONTEXT(2) 
PARAMETRIC_REPRESENTATION_CONTEXT() REPRESENTATION_CONTEXT('2D SPACE',''
  ) );
#397 = ORIENTED_EDGE('',*,*,#398,.T.);
#398 = EDGE_CURVE('',#373,#399,#401,.T.);
#399 = VERTEX_POINT('',#400);
#400 = CARTESIAN_POINT('',(29.,7.745966692415,8.5));
#401 = SURFACE_CURVE('',#402,(#410,#421),.PCURVE_S1.);
#402 = B_SPLINE_CURVE_WITH_KNOTS('',6,(#403,#404,#405,#406,#407,#408,
    #409),.UNSPECIFIED.,.F.,.F.,(7,7),(0.,1.),.PIECEWISE_BEZIER_KNOTS.);
#403 = CARTESIAN_POINT('',(30.0000006,5.567762746382,10.062306793176));
#404 = CARTESIAN_POINT('',(29.846209350464,5.982088740573,9.833048345513
    ));
#405 = CARTESIAN_POINT('',(29.684870816954,6.374651617205,9.589091631102
    ));
#406 = CARTESIAN_POINT('',(29.518015109509,6.746331514249,9.332475043667
    ));
#407 = CARTESIAN_POINT('',(29.347340288044,7.098114218856,9.064746900294
    ));
#408 = CARTESIAN_POINT('',(29.174261514176,7.431007820981,8.787018977316
    ));
#409 = CARTESIAN_POINT('',(28.999999635714,7.745967350822,8.4999994));
#410 = PCURVE('',#36,#411);
#411 = DEFINITIONAL_REPRESENTATION('',(#412),#420);
#412 = B_SPLINE_CURVE_WITH_KNOTS('',6,(#413,#414,#415,#416,#417,#418,
    #419),.UNSPECIFIED.,.F.,.F.,(7,7),(0.,1.),.PIECEWISE_BEZIER_KNOTS.);
#413 = CARTESIAN_POINT('',(0.355421093927,3.562306793176));
#414 = CARTESIAN_POINT('',(0.383042825768,3.333048345513));
#415 = CARTESIAN_POINT('',(0.409553521584,3.089091631102));
#416 = CARTESIAN_POINT('',(0.434998530759,2.832475043667));
#417 = CARTESIAN_POINT('',(0.459421365758,2.564746900294));
#418 = CARTESIAN_POINT('',(0.482863447454,2.287018977316));
#419 = CARTESIAN_POINT('',(0.505360557313,1.9999994));
#420 = ( GEOMETRIC_REPRESENTATION_CONTEXT(2) 
PARAMETRIC_REPRESENTATION_CONTEXT() REPRESENTATION_CONTEXT('2D SPACE',''
  ) );
#421 = PCURVE('',#422,#427);
#422 = CYLINDRICAL_SURFACE('',#423,11.5);
#423 = AXIS2_PLACEMENT_3D('',#424,#425,#426);
#424 = CARTESIAN_POINT('',(0.,0.,0.));
#425 = DIRECTION('',(-1.,-0.,-0.));
#426 = DIRECTION('',(0.,1.,0.));
#427 = DEFINITIONAL_REPRESENTATION('',(#428),#436);
#428 = B_SPLINE_CURVE_WITH_KNOTS('',6,(#429,#430,#431,#432,#433,#434,
    #435),.UNSPECIFIED.,.F.,.F.,(7,7),(0.,1.),.PIECEWISE_BEZIER_KNOTS.);
#429 = CARTESIAN_POINT('',(-7.348586421622,-30.0000006));
#430 = CARTESIAN_POINT('',(-7.307410376933,-29.84620935046));
#431 = CARTESIAN_POINT('',(-7.267271382986,-29.68487081695));
#432 = CARTESIAN_POINT('',(-7.228062667447,-29.5180151095));
#433 = CARTESIAN_POINT('',(-7.189680256824,-29.34734028804));
#434 = CARTESIAN_POINT('',(-7.152017742451,-29.17426151417));
#435 = CARTESIAN_POINT('',(-7.114963677501,-28.99999963571));
#436 = ( GEOMETRIC_REPRESENTATION_CONTEXT(2) 
PARAMETRIC_REPRESENTATION_CONTEXT() REPRESENTATION_CONTEXT('2D SPACE',''
  ) );
#437 = ORIENTED_EDGE('',*,*,#438,.T.);
#438 = EDGE_CURVE('',#399,#439,#441,.T.);
#439 = VERTEX_POINT('',#440);
#440 = CARTESIAN_POINT('',(1.,7.745966692415,8.5));
#441 = SURFACE_CURVE('',#442,(#447,#454),.PCURVE_S1.);
#442 = CIRCLE('',#443,16.);
#443 = AXIS2_PLACEMENT_3D('',#444,#445,#446);
#444 = CARTESIAN_POINT('',(15.,0.,8.5));
#445 = DIRECTION('',(0.,0.,1.));
#446 = DIRECTION('',(1.,0.,0.));
#447 = PCURVE('',#36,#448);
#448 = DEFINITIONAL_REPRESENTATION('',(#449),#453);
#449 = LINE('',#450,#451);
#450 = CARTESIAN_POINT('',(0.,2.));
#451 = VECTOR('',#452,1.);
#452 = DIRECTION('',(1.,0.));
#453 = ( GEOMETRIC_REPRESENTATION_CONTEXT(2) 
PARAMETRIC_REPRESENTATION_CONTEXT() REPRESENTATION_CONTEXT('2D SPACE',''
  ) );
#454 = PCURVE('',#455,#460);
#455 = TOROIDAL_SURFACE('',#456,14.,2.);
#456 = AXIS2_PLACEMENT_3D('',#457,#458,#459);
#457 = CARTESIAN_POINT('',(15.,0.,8.5));
#458 = DIRECTION('',(-0.,-0.,-1.));
#459 = DIRECTION('',(1.,0.,0.));
#460 = DEFINITIONAL_REPRESENTATION('',(#461),#465);
#461 = LINE('',#462,#463);
#462 = CARTESIAN_POINT('',(-0.,0.));
#463 = VECTOR('',#464,1.);
#464 = DIRECTION('',(-1.,0.));
#465 = ( GEOMETRIC_REPRESENTATION_CONTEXT(2) 
PARAMETRIC_REPRESENTATION_CONTEXT() REPRESENTATION_CONTEXT('2D SPACE',''
  ) );
#466 = ORIENTED_EDGE('',*,*,#467,.T.);
#467 = EDGE_CURVE('',#439,#468,#470,.T.);
#468 = VERTEX_POINT('',#469);
#469 = CARTESIAN_POINT('',(0.,5.56776436283,10.062305898749));
#470 = SURFACE_CURVE('',#471,(#479,#490),.PCURVE_S1.);
#471 = B_SPLINE_CURVE_WITH_KNOTS('',6,(#472,#473,#474,#475,#476,#477,
    #478),.UNSPECIFIED.,.F.,.F.,(7,7),(0.,1.),.PIECEWISE_BEZIER_KNOTS.);
#472 = CARTESIAN_POINT('',(1.000000364286,7.745967350822,8.4999994));
#473 = CARTESIAN_POINT('',(0.825738603234,7.431008033187,8.787018783935)
  );
#474 = CARTESIAN_POINT('',(0.652659968454,7.098114709957,9.064746488026)
  );
#475 = CARTESIAN_POINT('',(0.481985040326,6.746331882052,9.332474826067)
  );
#476 = CARTESIAN_POINT('',(0.315129066469,6.374651436883,9.589091815386)
  );
#477 = CARTESIAN_POINT('',(0.153790405866,5.982088084106,9.833048708755)
  );
#478 = CARTESIAN_POINT('',(-6.000000008413E-07,5.567762746382,
    10.062306793176));
#479 = PCURVE('',#36,#480);
#480 = DEFINITIONAL_REPRESENTATION('',(#481),#489);
#481 = B_SPLINE_CURVE_WITH_KNOTS('',6,(#482,#483,#484,#485,#486,#487,
    #488),.UNSPECIFIED.,.F.,.F.,(7,7),(0.,1.),.PIECEWISE_BEZIER_KNOTS.);
#482 = CARTESIAN_POINT('',(2.636232096277,1.9999994));
#483 = CARTESIAN_POINT('',(2.658729190979,2.287018783935));
#484 = CARTESIAN_POINT('',(2.682171253201,2.564746488026));
#485 = CARTESIAN_POINT('',(2.706594098177,2.832474826067));
#486 = CARTESIAN_POINT('',(2.732039145111,3.089091815386));
#487 = CARTESIAN_POINT('',(2.758549871586,3.333048708755));
#488 = CARTESIAN_POINT('',(2.786171559663,3.562306793176));
#489 = ( GEOMETRIC_REPRESENTATION_CONTEXT(2) 
PARAMETRIC_REPRESENTATION_CONTEXT() REPRESENTATION_CONTEXT('2D SPACE',''
  ) );
#490 = PCURVE('',#422,#491);
#491 = DEFINITIONAL_REPRESENTATION('',(#492),#500);
#492 = B_SPLINE_CURVE_WITH_KNOTS('',6,(#493,#494,#495,#496,#497,#498,
    #499),.UNSPECIFIED.,.F.,.F.,(7,7),(0.,1.),.PIECEWISE_BEZIER_KNOTS.);
#493 = CARTESIAN_POINT('',(-7.114963677501,-1.000000364286));
#494 = CARTESIAN_POINT('',(-7.152017717485,-0.825738603234));
#495 = CARTESIAN_POINT('',(-7.189680200997,-0.652659968454));
#496 = CARTESIAN_POINT('',(-7.228062631047,-0.481985040326));
#497 = CARTESIAN_POINT('',(-7.267271404394,-0.315129066469));
#498 = CARTESIAN_POINT('',(-7.307410442173,-0.153790405866));
#499 = CARTESIAN_POINT('',(-7.348586421622,5.999999999062E-07));
#500 = ( GEOMETRIC_REPRESENTATION_CONTEXT(2) 
PARAMETRIC_REPRESENTATION_CONTEXT() REPRESENTATION_CONTEXT('2D SPACE',''
  ) );
#501 = ORIENTED_EDGE('',*,*,#502,.F.);
#502 = EDGE_CURVE('',#503,#468,#505,.T.);
#503 = VERTEX_POINT('',#504);
#504 = CARTESIAN_POINT('',(0.,5.56776436283,8.5));
#505 = SURFACE_CURVE('',#506,(#510,#516),.PCURVE_S1.);
#506 = LINE('',#507,#508);
#507 = CARTESIAN_POINT('',(0.,5.56776436283,6.5));
#508 = VECTOR('',#509,1.);
#509 = DIRECTION('',(0.,0.,1.));
#510 = PCURVE('',#36,#511);
#511 = DEFINITIONAL_REPRESENTATION('',(#512),#515);
#512 = B_SPLINE_CURVE_WITH_KNOTS('',1,(#513,#514),.UNSPECIFIED.,.F.,.F.,
  (2,2),(1.9999994,9.0000006),.PIECEWISE_BEZIER_KNOTS.);
#513 = CARTESIAN_POINT('',(2.7861714519,1.9999994));
#514 = CARTESIAN_POINT('',(2.7861714519,9.0000006));
#515 = ( GEOMETRIC_REPRESENTATION_CONTEXT(2) 
PARAMETRIC_REPRESENTATION_CONTEXT() REPRESENTATION_CONTEXT('2D SPACE',''
  ) );
#516 = PCURVE('',#517,#522);
#517 = PLANE('',#518);
#518 = AXIS2_PLACEMENT_3D('',#519,#520,#521);
#519 = CARTESIAN_POINT('',(0.,-0.8,0.));
#520 = DIRECTION('',(1.,0.,-0.));
#521 = DIRECTION('',(0.,0.,1.));
#522 = DEFINITIONAL_REPRESENTATION('',(#523),#526);
#523 = B_SPLINE_CURVE_WITH_KNOTS('',1,(#524,#525),.UNSPECIFIED.,.F.,.F.,
  (2,2),(1.9999994,9.0000006),.PIECEWISE_BEZIER_KNOTS.);
#524 = CARTESIAN_POINT('',(8.4999994,-6.36776436283));
#525 = CARTESIAN_POINT('',(15.5000006,-6.36776436283));
#526 = ( GEOMETRIC_REPRESENTATION_CONTEXT(2) 
PARAMETRIC_REPRESENTATION_CONTEXT() REPRESENTATION_CONTEXT('2D SPACE',''
  ) );
#527 = ORIENTED_EDGE('',*,*,#528,.T.);
#528 = EDGE_CURVE('',#503,#529,#531,.T.);
#529 = VERTEX_POINT('',#530);
#530 = CARTESIAN_POINT('',(-1.7763568394E-15,-5.56776436283,8.5));
#531 = SURFACE_CURVE('',#532,(#537,#544),.PCURVE_S1.);
#532 = CIRCLE('',#533,16.);
#533 = AXIS2_PLACEMENT_3D('',#534,#535,#536);
#534 = CARTESIAN_POINT('',(15.,0.,8.5));
#535 = DIRECTION('',(0.,0.,1.));
#536 = DIRECTION('',(1.,0.,0.));
#537 = PCURVE('',#36,#538);
#538 = DEFINITIONAL_REPRESENTATION('',(#539),#543);
#539 = LINE('',#540,#541);
#540 = CARTESIAN_POINT('',(0.,2.));
#541 = VECTOR('',#542,1.);
#542 = DIRECTION('',(1.,0.));
#543 = ( GEOMETRIC_REPRESENTATION_CONTEXT(2) 
PARAMETRIC_REPRESENTATION_CONTEXT() REPRESENTATION_CONTEXT('2D SPACE',''
  ) );
#544 = PCURVE('',#545,#550);
#545 = TOROIDAL_SURFACE('',#546,14.,2.);
#546 = AXIS2_PLACEMENT_3D('',#547,#548,#549);
#547 = CARTESIAN_POINT('',(15.,0.,8.5));
#548 = DIRECTION('',(-0.,-0.,-1.));
#549 = DIRECTION('',(1.,0.,0.));
#550 = DEFINITIONAL_REPRESENTATION('',(#551),#555);
#551 = LINE('',#552,#553);
#552 = CARTESIAN_POINT('',(-0.,0.));
#553 = VECTOR('',#554,1.);
#554 = DIRECTION('',(-1.,0.));
#555 = ( GEOMETRIC_REPRESENTATION_CONTEXT(2) 
PARAMETRIC_REPRESENTATION_CONTEXT() REPRESENTATION_CONTEXT('2D SPACE',''
  ) );
#556 = ORIENTED_EDGE('',*,*,#557,.T.);
#557 = EDGE_CURVE('',#529,#558,#560,.T.);
#558 = VERTEX_POINT('',#559);
#559 = CARTESIAN_POINT('',(0.,-5.56776436283,9.486832980505));
#560 = SURFACE_CURVE('',#561,(#565,#571),.PCURVE_S1.);
#561 = LINE('',#562,#563);
#562 = CARTESIAN_POINT('',(0.,-5.56776436283,6.5));
#563 = VECTOR('',#564,1.);
#564 = DIRECTION('',(0.,0.,1.));
#565 = PCURVE('',#36,#566);
#566 = DEFINITIONAL_REPRESENTATION('',(#567),#570);
#567 = B_SPLINE_CURVE_WITH_KNOTS('',1,(#568,#569),.UNSPECIFIED.,.F.,.F.,
  (2,2),(1.9999994,9.0000006),.PIECEWISE_BEZIER_KNOTS.);
#568 = CARTESIAN_POINT('',(3.49701385528,1.9999994));
#569 = CARTESIAN_POINT('',(3.49701385528,9.0000006));
#570 = ( GEOMETRIC_REPRESENTATION_CONTEXT(2) 
PARAMETRIC_REPRESENTATION_CONTEXT() REPRESENTATION_CONTEXT('2D SPACE',''
  ) );
#571 = PCURVE('',#572,#577);
#572 = PLANE('',#573);
#573 = AXIS2_PLACEMENT_3D('',#574,#575,#576);
#574 = CARTESIAN_POINT('',(0.,-0.8,0.));
#575 = DIRECTION('',(1.,0.,-0.));
#576 = DIRECTION('',(0.,0.,1.));
#577 = DEFINITIONAL_REPRESENTATION('',(#578),#581);
#578 = B_SPLINE_CURVE_WITH_KNOTS('',1,(#579,#580),.UNSPECIFIED.,.F.,.F.,
  (2,2),(1.9999994,9.0000006),.PIECEWISE_BEZIER_KNOTS.);
#579 = CARTESIAN_POINT('',(8.4999994,4.76776436283));
#580 = CARTESIAN_POINT('',(15.5000006,4.76776436283));
#581 = ( GEOMETRIC_REPRESENTATION_CONTEXT(2) 
PARAMETRIC_REPRESENTATION_CONTEXT() REPRESENTATION_CONTEXT('2D SPACE',''
  ) );
#582 = ORIENTED_EDGE('',*,*,#583,.F.);
#583 = EDGE_CURVE('',#22,#558,#584,.T.);
#584 = SURFACE_CURVE('',#585,(#592,#602),.PCURVE_S1.);
#585 = B_SPLINE_CURVE_WITH_KNOTS('',5,(#586,#587,#588,#589,#590,#591),
  .UNSPECIFIED.,.F.,.F.,(6,6),(0.,1.),.PIECEWISE_BEZIER_KNOTS.);
#586 = CARTESIAN_POINT('',(0.5,-6.763874629234,9.300537618869));
#587 = CARTESIAN_POINT('',(0.392510020962,-6.533443880368,9.335209801309
    ));
#588 = CARTESIAN_POINT('',(0.288567389304,-6.29866961514,9.371681939329)
  );
#589 = CARTESIAN_POINT('',(0.188359047375,-6.059494591366,9.409450159978
    ));
#590 = CARTESIAN_POINT('',(9.20933217919E-02,-5.815871095956,
    9.448003026618));
#591 = CARTESIAN_POINT('',(0.,-5.56776436283,9.486832980505));
#592 = PCURVE('',#36,#593);
#593 = DEFINITIONAL_REPRESENTATION('',(#594),#601);
#594 = B_SPLINE_CURVE_WITH_KNOTS('',5,(#595,#596,#597,#598,#599,#600),
  .UNSPECIFIED.,.F.,.F.,(6,6),(0.,1.),.PIECEWISE_BEZIER_KNOTS.);
#595 = CARTESIAN_POINT('',(3.578061682325,2.800537618869));
#596 = CARTESIAN_POINT('',(3.562169906541,2.835209801309));
#597 = CARTESIAN_POINT('',(3.546125837213,2.871681939329));
#598 = CARTESIAN_POINT('',(3.529922809374,2.909450159978));
#599 = CARTESIAN_POINT('',(3.513554304155,2.948003026618));
#600 = CARTESIAN_POINT('',(3.49701385528,2.986832980505));
#601 = ( GEOMETRIC_REPRESENTATION_CONTEXT(2) 
PARAMETRIC_REPRESENTATION_CONTEXT() REPRESENTATION_CONTEXT('2D SPACE',''
  ) );
#602 = PCURVE('',#603,#608);
#603 = CONICAL_SURFACE('',#604,11.5,0.785398163397);
#604 = AXIS2_PLACEMENT_3D('',#605,#606,#607);
#605 = CARTESIAN_POINT('',(0.5,0.,0.));
#606 = DIRECTION('',(1.,0.,-0.));
#607 = DIRECTION('',(0.,-0.484153422855,0.87498312163));
#608 = DEFINITIONAL_REPRESENTATION('',(#609),#616);
#609 = B_SPLINE_CURVE_WITH_KNOTS('',5,(#610,#611,#612,#613,#614,#615),
  .UNSPECIFIED.,.F.,.F.,(6,6),(0.,1.),.PIECEWISE_BEZIER_KNOTS.);
#610 = CARTESIAN_POINT('',(0.123390172705,0.));
#611 = CARTESIAN_POINT('',(0.105411736837,-0.107489979038));
#612 = CARTESIAN_POINT('',(8.661567234172E-02,-0.211432610696));
#613 = CARTESIAN_POINT('',(6.700114671699E-02,-0.311640952625));
#614 = CARTESIAN_POINT('',(4.657074366547E-02,-0.407906678208));
#615 = CARTESIAN_POINT('',(2.533154389713E-02,-0.5));
#616 = ( GEOMETRIC_REPRESENTATION_CONTEXT(2) 
PARAMETRIC_REPRESENTATION_CONTEXT() REPRESENTATION_CONTEXT('2D SPACE',''
  ) );
#617 = ADVANCED_FACE('',(#618,#950),#52,.T.);
#618 = FACE_BOUND('',#619,.F.);
#619 = EDGE_LOOP('',(#620,#621,#713,#739,#766,#787,#877,#878,#902,#928)
  );
#620 = ORIENTED_EDGE('',*,*,#21,.T.);
#621 = ORIENTED_EDGE('',*,*,#622,.T.);
#622 = EDGE_CURVE('',#24,#623,#625,.T.);
#623 = VERTEX_POINT('',#624);
#624 = CARTESIAN_POINT('',(4.704369859013,-9.486832980505,6.5));
#625 = SURFACE_CURVE('',#626,(#653,#683),.PCURVE_S1.);
#626 = B_SPLINE_CURVE_WITH_KNOTS('',7,(#627,#628,#629,#630,#631,#632,
    #633,#634,#635,#636,#637,#638,#639,#640,#641,#642,#643,#644,#645,
    #646,#647,#648,#649,#650,#651,#652),.UNSPECIFIED.,.F.,.F.,(8,6,6,6,8
    ),(0.,0.242017284192,0.400455974698,0.753482642798,1.),
  .UNSPECIFIED.);
#627 = CARTESIAN_POINT('',(1.,-7.745966692415,8.5));
#628 = CARTESIAN_POINT('',(1.074215746793,-7.88010365638,8.3777622994));
#629 = CARTESIAN_POINT('',(1.156530264003,-8.007334648266,8.257297459696
    ));
#630 = CARTESIAN_POINT('',(1.246236689395,-8.127498160546,8.13931759264)
  );
#631 = CARTESIAN_POINT('',(1.342636032555,-8.240599333641,8.024434385461
    ));
#632 = CARTESIAN_POINT('',(1.445057365545,-8.34676098436,7.913147386269)
  );
#633 = CARTESIAN_POINT('',(1.55288064853,-8.446184117751,7.80584552823)
  );
#634 = CARTESIAN_POINT('',(1.739330128089,-8.599957834489,7.635376585952
    ));
#635 = CARTESIAN_POINT('',(1.815178007123,-8.658014742296,7.569766777528
    ));
#636 = CARTESIAN_POINT('',(1.892952578346,-8.713358521489,7.50607505974)
  );
#637 = CARTESIAN_POINT('',(1.972509174363,-8.766063456936,7.444370718193
    ));
#638 = CARTESIAN_POINT('',(2.053712772696,-8.816206318184,7.384711144503
    ));
#639 = CARTESIAN_POINT('',(2.136439058931,-8.863864435004,7.327143249169
    ));
#640 = CARTESIAN_POINT('',(2.408044874919,-9.009936513543,7.148179335037
    ));
#641 = CARTESIAN_POINT('',(2.602446970245,-9.098763603887,7.035271764393
    ));
#642 = CARTESIAN_POINT('',(2.802610387208,-9.176496837189,6.933332383623
    ));
#643 = CARTESIAN_POINT('',(3.007497895598,-9.243875910473,6.84264580245)
  );
#644 = CARTESIAN_POINT('',(3.216196004055,-9.301508716868,6.763428132896
    ));
#645 = CARTESIAN_POINT('',(3.427925390731,-9.349840409104,6.695901572402
    ));
#646 = CARTESIAN_POINT('',(3.79161018326,-9.416449006934,6.601722331916)
  );
#647 = CARTESIAN_POINT('',(3.942275503981,-9.439384594445,6.568898018142
    ));
#648 = CARTESIAN_POINT('',(4.093864653329,-9.457938024237,6.542095992314
    ));
#649 = CARTESIAN_POINT('',(4.246146846842,-9.472104914732,6.521495657233
    ));
#650 = CARTESIAN_POINT('',(4.398860174909,-9.481795727738,6.507351964339
    ));
#651 = CARTESIAN_POINT('',(4.551710913538,-9.486832980505,6.5));
#652 = CARTESIAN_POINT('',(4.704369859013,-9.486832980505,6.5));
#653 = PCURVE('',#52,#654);
#654 = DEFINITIONAL_REPRESENTATION('',(#655),#682);
#655 = B_SPLINE_CURVE_WITH_KNOTS('',7,(#656,#657,#658,#659,#660,#661,
    #662,#663,#664,#665,#666,#667,#668,#669,#670,#671,#672,#673,#674,
    #675,#676,#677,#678,#679,#680,#681),.UNSPECIFIED.,.F.,.F.,(8,6,6,6,8
    ),(0.,0.242017284192,0.400455974698,0.753482642798,1.),
  .UNSPECIFIED.);
#656 = CARTESIAN_POINT('',(-2.309814205809,-1.));
#657 = CARTESIAN_POINT('',(-2.325595025099,-1.074215746793));
#658 = CARTESIAN_POINT('',(-2.340828141163,-1.156530264003));
#659 = CARTESIAN_POINT('',(-2.355467903445,-1.246236689395));
#660 = CARTESIAN_POINT('',(-2.36948318122,-1.342636032555));
#661 = CARTESIAN_POINT('',(-2.382854962277,-1.445057365545));
#662 = CARTESIAN_POINT('',(-2.395574065817,-1.55288064853));
#663 = CARTESIAN_POINT('',(-2.415537362241,-1.739330128089));
#664 = CARTESIAN_POINT('',(-2.423155146279,-1.815178007123));
#665 = CARTESIAN_POINT('',(-2.430491862789,-1.892952578346));
#666 = CARTESIAN_POINT('',(-2.437547912839,-1.972509174363));
#667 = CARTESIAN_POINT('',(-2.444324397586,-2.053712772696));
#668 = CARTESIAN_POINT('',(-2.450822958431,-2.136439058931));
#669 = CARTESIAN_POINT('',(-2.470910693159,-2.408044874919));
#670 = CARTESIAN_POINT('',(-2.483400909587,-2.602446970245));
#671 = CARTESIAN_POINT('',(-2.494546597052,-2.802610387208));
#672 = CARTESIAN_POINT('',(-2.50436975998,-3.007497895598));
#673 = CARTESIAN_POINT('',(-2.512887948218,-3.216196004055));
#674 = CARTESIAN_POINT('',(-2.520108782889,-3.427925390731));
#675 = CARTESIAN_POINT('',(-2.530139523784,-3.79161018326));
#676 = CARTESIAN_POINT('',(-2.533621505166,-3.942275503981));
#677 = CARTESIAN_POINT('',(-2.536456015917,-4.093864653329));
#678 = CARTESIAN_POINT('',(-2.538630054336,-4.246146846842));
#679 = CARTESIAN_POINT('',(-2.540120936626,-4.398860174909));
#680 = CARTESIAN_POINT('',(-2.540895900654,-4.551710913538));
#681 = CARTESIAN_POINT('',(-2.540895900654,-4.704369859013));
#682 = ( GEOMETRIC_REPRESENTATION_CONTEXT(2) 
PARAMETRIC_REPRESENTATION_CONTEXT() REPRESENTATION_CONTEXT('2D SPACE',''
  ) );
#683 = PCURVE('',#85,#684);
#684 = DEFINITIONAL_REPRESENTATION('',(#685),#712);
#685 = B_SPLINE_CURVE_WITH_KNOTS('',7,(#686,#687,#688,#689,#690,#691,
    #692,#693,#694,#695,#696,#697,#698,#699,#700,#701,#702,#703,#704,
    #705,#706,#707,#708,#709,#710,#711),.UNSPECIFIED.,.F.,.F.,(8,6,6,6,8
    ),(0.,0.242017284192,0.400455974698,0.753482642798,1.),
  .UNSPECIFIED.);
#686 = CARTESIAN_POINT('',(-3.646953163874,0.));
#687 = CARTESIAN_POINT('',(-3.656534375586,6.111885029984E-02));
#688 = CARTESIAN_POINT('',(-3.665982964785,0.121351284455));
#689 = CARTESIAN_POINT('',(-3.675292081803,0.18071407055));
#690 = CARTESIAN_POINT('',(-3.684461188857,0.239225813971));
#691 = CARTESIAN_POINT('',(-3.693493683512,0.296912333362));
#692 = CARTESIAN_POINT('',(-3.702395679367,0.353811550444));
#693 = CARTESIAN_POINT('',(-3.716924019479,0.446747671953));
#694 = CARTESIAN_POINT('',(-3.722619750419,0.483202279301));
#695 = CARTESIAN_POINT('',(-3.728265567475,0.519356811525));
#696 = CARTESIAN_POINT('',(-3.733863954085,0.555226875749));
#697 = CARTESIAN_POINT('',(-3.739417440779,0.590829131855));
#698 = CARTESIAN_POINT('',(-3.744928599528,0.626181833923));
#699 = CARTESIAN_POINT('',(-3.762591275718,0.739566214741));
#700 = CARTESIAN_POINT('',(-3.774580884321,0.816661354314));
#701 = CARTESIAN_POINT('',(-3.786403394112,0.89284949287));
#702 = CARTESIAN_POINT('',(-3.798082394153,0.968373299394));
#703 = CARTESIAN_POINT('',(-3.809633540109,1.043483356658));
#704 = CARTESIAN_POINT('',(-3.821064988993,1.118484705347));
#705 = CARTESIAN_POINT('',(-3.840273186411,1.246402586058));
#706 = CARTESIAN_POINT('',(-3.848109303615,1.299137325207));
#707 = CARTESIAN_POINT('',(-3.855883483189,1.352159945792));
#708 = CARTESIAN_POINT('',(-3.863589766064,1.405626492173));
#709 = CARTESIAN_POINT('',(-3.871215333544,1.459720868122));
#710 = CARTESIAN_POINT('',(-3.878739991191,1.514663468212));
#711 = CARTESIAN_POINT('',(-3.886129021388,1.570796326795));
#712 = ( GEOMETRIC_REPRESENTATION_CONTEXT(2) 
PARAMETRIC_REPRESENTATION_CONTEXT() REPRESENTATION_CONTEXT('2D SPACE',''
  ) );
#713 = ORIENTED_EDGE('',*,*,#714,.F.);
#714 = EDGE_CURVE('',#715,#623,#717,.T.);
#715 = VERTEX_POINT('',#716);
#716 = CARTESIAN_POINT('',(13.500057791247,-9.486832980505,6.5));
#717 = SURFACE_CURVE('',#718,(#722,#728),.PCURVE_S1.);
#718 = LINE('',#719,#720);
#719 = CARTESIAN_POINT('',(0.,-9.486832980505,6.5));
#720 = VECTOR('',#721,1.);
#721 = DIRECTION('',(-1.,-0.,-0.));
#722 = PCURVE('',#52,#723);
#723 = DEFINITIONAL_REPRESENTATION('',(#724),#727);
#724 = B_SPLINE_CURVE_WITH_KNOTS('',1,(#725,#726),.UNSPECIFIED.,.F.,.F.,
  (2,2),(-30.0000006,6.E-07),.PIECEWISE_BEZIER_KNOTS.);
#725 = CARTESIAN_POINT('',(-2.540895900654,-30.0000006));
#726 = CARTESIAN_POINT('',(-2.540895900654,6.E-07));
#727 = ( GEOMETRIC_REPRESENTATION_CONTEXT(2) 
PARAMETRIC_REPRESENTATION_CONTEXT() REPRESENTATION_CONTEXT('2D SPACE',''
  ) );
#728 = PCURVE('',#729,#734);
#729 = PLANE('',#730);
#730 = AXIS2_PLACEMENT_3D('',#731,#732,#733);
#731 = CARTESIAN_POINT('',(15.,0.,6.5));
#732 = DIRECTION('',(0.,0.,1.));
#733 = DIRECTION('',(1.,0.,0.));
#734 = DEFINITIONAL_REPRESENTATION('',(#735),#738);
#735 = B_SPLINE_CURVE_WITH_KNOTS('',1,(#736,#737),.UNSPECIFIED.,.F.,.F.,
  (2,2),(-30.0000006,6.E-07),.PIECEWISE_BEZIER_KNOTS.);
#736 = CARTESIAN_POINT('',(15.0000006,-9.486832980505));
#737 = CARTESIAN_POINT('',(-15.0000006,-9.486832980505));
#738 = ( GEOMETRIC_REPRESENTATION_CONTEXT(2) 
PARAMETRIC_REPRESENTATION_CONTEXT() REPRESENTATION_CONTEXT('2D SPACE',''
  ) );
#739 = ORIENTED_EDGE('',*,*,#740,.F.);
#740 = EDGE_CURVE('',#741,#715,#743,.T.);
#741 = VERTEX_POINT('',#742);
#742 = CARTESIAN_POINT('',(16.499942208753,-9.486832980505,6.5));
#743 = SURFACE_CURVE('',#744,(#748,#754),.PCURVE_S1.);
#744 = LINE('',#745,#746);
#745 = CARTESIAN_POINT('',(0.,-9.486832980505,6.5));
#746 = VECTOR('',#747,1.);
#747 = DIRECTION('',(-1.,-0.,-0.));
#748 = PCURVE('',#52,#749);
#749 = DEFINITIONAL_REPRESENTATION('',(#750),#753);
#750 = B_SPLINE_CURVE_WITH_KNOTS('',1,(#751,#752),.UNSPECIFIED.,.F.,.F.,
  (2,2),(-30.0000006,6.E-07),.PIECEWISE_BEZIER_KNOTS.);
#751 = CARTESIAN_POINT('',(-2.540895900654,-30.0000006));
#752 = CARTESIAN_POINT('',(-2.540895900654,6.E-07));
#753 = ( GEOMETRIC_REPRESENTATION_CONTEXT(2) 
PARAMETRIC_REPRESENTATION_CONTEXT() REPRESENTATION_CONTEXT('2D SPACE',''
  ) );
#754 = PCURVE('',#755,#760);
#755 = PLANE('',#756);
#756 = AXIS2_PLACEMENT_3D('',#757,#758,#759);
#757 = CARTESIAN_POINT('',(15.,-9.5,6.5));
#758 = DIRECTION('',(0.,0.,1.));
#759 = DIRECTION('',(1.,0.,0.));
#760 = DEFINITIONAL_REPRESENTATION('',(#761),#765);
#761 = LINE('',#762,#763);
#762 = CARTESIAN_POINT('',(-15.,1.316701949486E-02));
#763 = VECTOR('',#764,1.);
#764 = DIRECTION('',(-1.,0.));
#765 = ( GEOMETRIC_REPRESENTATION_CONTEXT(2) 
PARAMETRIC_REPRESENTATION_CONTEXT() REPRESENTATION_CONTEXT('2D SPACE',''
  ) );
#766 = ORIENTED_EDGE('',*,*,#767,.F.);
#767 = EDGE_CURVE('',#768,#741,#770,.T.);
#768 = VERTEX_POINT('',#769);
#769 = CARTESIAN_POINT('',(25.295630140987,-9.486832980505,6.5));
#770 = SURFACE_CURVE('',#771,(#775,#781),.PCURVE_S1.);
#771 = LINE('',#772,#773);
#772 = CARTESIAN_POINT('',(0.,-9.486832980505,6.5));
#773 = VECTOR('',#774,1.);
#774 = DIRECTION('',(-1.,-0.,-0.));
#775 = PCURVE('',#52,#776);
#776 = DEFINITIONAL_REPRESENTATION('',(#777),#780);
#777 = B_SPLINE_CURVE_WITH_KNOTS('',1,(#778,#779),.UNSPECIFIED.,.F.,.F.,
  (2,2),(-30.0000006,6.E-07),.PIECEWISE_BEZIER_KNOTS.);
#778 = CARTESIAN_POINT('',(-2.540895900654,-30.0000006));
#779 = CARTESIAN_POINT('',(-2.540895900654,6.E-07));
#780 = ( GEOMETRIC_REPRESENTATION_CONTEXT(2) 
PARAMETRIC_REPRESENTATION_CONTEXT() REPRESENTATION_CONTEXT('2D SPACE',''
  ) );
#781 = PCURVE('',#729,#782);
#782 = DEFINITIONAL_REPRESENTATION('',(#783),#786);
#783 = B_SPLINE_CURVE_WITH_KNOTS('',1,(#784,#785),.UNSPECIFIED.,.F.,.F.,
  (2,2),(-30.0000006,6.E-07),.PIECEWISE_BEZIER_KNOTS.);
#784 = CARTESIAN_POINT('',(15.0000006,-9.486832980505));
#785 = CARTESIAN_POINT('',(-15.0000006,-9.486832980505));
#786 = ( GEOMETRIC_REPRESENTATION_CONTEXT(2) 
PARAMETRIC_REPRESENTATION_CONTEXT() REPRESENTATION_CONTEXT('2D SPACE',''
  ) );
#787 = ORIENTED_EDGE('',*,*,#788,.F.);
#788 = EDGE_CURVE('',#69,#768,#789,.T.);
#789 = SURFACE_CURVE('',#790,(#817,#847),.PCURVE_S1.);
#790 = B_SPLINE_CURVE_WITH_KNOTS('',7,(#791,#792,#793,#794,#795,#796,
    #797,#798,#799,#800,#801,#802,#803,#804,#805,#806,#807,#808,#809,
    #810,#811,#812,#813,#814,#815,#816),.UNSPECIFIED.,.F.,.F.,(8,6,6,6,8
    ),(0.,0.242017284192,0.400455974699,0.753482642798,1.),
  .UNSPECIFIED.);
#791 = CARTESIAN_POINT('',(29.,-7.745966692415,8.5));
#792 = CARTESIAN_POINT('',(28.925784253207,-7.88010365638,8.3777622994)
  );
#793 = CARTESIAN_POINT('',(28.843469735997,-8.007334648266,
    8.257297459696));
#794 = CARTESIAN_POINT('',(28.753763310606,-8.127498160546,8.13931759264
    ));
#795 = CARTESIAN_POINT('',(28.657363967445,-8.240599333641,
    8.024434385461));
#796 = CARTESIAN_POINT('',(28.554942634454,-8.34676098436,7.913147386269
    ));
#797 = CARTESIAN_POINT('',(28.44711935147,-8.446184117751,7.805845528231
    ));
#798 = CARTESIAN_POINT('',(28.260669871911,-8.599957834489,
    7.635376585952));
#799 = CARTESIAN_POINT('',(28.184821992877,-8.658014742296,
    7.569766777528));
#800 = CARTESIAN_POINT('',(28.107047421654,-8.713358521489,7.50607505974
    ));
#801 = CARTESIAN_POINT('',(28.027490825637,-8.766063456936,
    7.444370718193));
#802 = CARTESIAN_POINT('',(27.946287227304,-8.816206318184,
    7.384711144503));
#803 = CARTESIAN_POINT('',(27.863560941069,-8.863864435004,
    7.327143249169));
#804 = CARTESIAN_POINT('',(27.591955125081,-9.009936513543,
    7.148179335037));
#805 = CARTESIAN_POINT('',(27.397553029754,-9.098763603887,
    7.035271764393));
#806 = CARTESIAN_POINT('',(27.197389612792,-9.176496837189,
    6.933332383623));
#807 = CARTESIAN_POINT('',(26.992502104402,-9.243875910473,6.84264580245
    ));
#808 = CARTESIAN_POINT('',(26.783803995944,-9.301508716869,
    6.763428132896));
#809 = CARTESIAN_POINT('',(26.572074609269,-9.349840409104,
    6.695901572402));
#810 = CARTESIAN_POINT('',(26.20838981674,-9.416449006934,6.601722331916
    ));
#811 = CARTESIAN_POINT('',(26.057724496019,-9.439384594445,
    6.568898018142));
#812 = CARTESIAN_POINT('',(25.906135346671,-9.457938024237,
    6.542095992314));
#813 = CARTESIAN_POINT('',(25.753853153157,-9.472104914732,
    6.521495657233));
#814 = CARTESIAN_POINT('',(25.601139825091,-9.481795727738,
    6.507351964339));
#815 = CARTESIAN_POINT('',(25.448289086462,-9.486832980505,6.5));
#816 = CARTESIAN_POINT('',(25.295630140987,-9.486832980505,6.5));
#817 = PCURVE('',#52,#818);
#818 = DEFINITIONAL_REPRESENTATION('',(#819),#846);
#819 = B_SPLINE_CURVE_WITH_KNOTS('',7,(#820,#821,#822,#823,#824,#825,
    #826,#827,#828,#829,#830,#831,#832,#833,#834,#835,#836,#837,#838,
    #839,#840,#841,#842,#843,#844,#845),.UNSPECIFIED.,.F.,.F.,(8,6,6,6,8
    ),(0.,0.242017284192,0.400455974699,0.753482642798,1.),
  .UNSPECIFIED.);
#820 = CARTESIAN_POINT('',(-2.309814205809,-29.));
#821 = CARTESIAN_POINT('',(-2.325595025099,-28.9257842532));
#822 = CARTESIAN_POINT('',(-2.340828141163,-28.84346973599));
#823 = CARTESIAN_POINT('',(-2.355467903445,-28.7537633106));
#824 = CARTESIAN_POINT('',(-2.36948318122,-28.65736396744));
#825 = CARTESIAN_POINT('',(-2.382854962277,-28.55494263445));
#826 = CARTESIAN_POINT('',(-2.395574065817,-28.44711935147));
#827 = CARTESIAN_POINT('',(-2.415537362241,-28.26066987191));
#828 = CARTESIAN_POINT('',(-2.423155146279,-28.18482199287));
#829 = CARTESIAN_POINT('',(-2.430491862789,-28.10704742165));
#830 = CARTESIAN_POINT('',(-2.437547912839,-28.02749082563));
#831 = CARTESIAN_POINT('',(-2.444324397586,-27.9462872273));
#832 = CARTESIAN_POINT('',(-2.450822958431,-27.86356094106));
#833 = CARTESIAN_POINT('',(-2.470910693159,-27.59195512508));
#834 = CARTESIAN_POINT('',(-2.483400909587,-27.39755302975));
#835 = CARTESIAN_POINT('',(-2.494546597052,-27.19738961279));
#836 = CARTESIAN_POINT('',(-2.50436975998,-26.9925021044));
#837 = CARTESIAN_POINT('',(-2.512887948218,-26.78380399594));
#838 = CARTESIAN_POINT('',(-2.520108782889,-26.57207460926));
#839 = CARTESIAN_POINT('',(-2.530139523784,-26.20838981674));
#840 = CARTESIAN_POINT('',(-2.533621505166,-26.05772449601));
#841 = CARTESIAN_POINT('',(-2.536456015917,-25.90613534667));
#842 = CARTESIAN_POINT('',(-2.538630054336,-25.75385315315));
#843 = CARTESIAN_POINT('',(-2.540120936626,-25.60113982509));
#844 = CARTESIAN_POINT('',(-2.540895900654,-25.44828908646));
#845 = CARTESIAN_POINT('',(-2.540895900654,-25.29563014098));
#846 = ( GEOMETRIC_REPRESENTATION_CONTEXT(2) 
PARAMETRIC_REPRESENTATION_CONTEXT() REPRESENTATION_CONTEXT('2D SPACE',''
  ) );
#847 = PCURVE('',#85,#848);
#848 = DEFINITIONAL_REPRESENTATION('',(#849),#876);
#849 = B_SPLINE_CURVE_WITH_KNOTS('',7,(#850,#851,#852,#853,#854,#855,
    #856,#857,#858,#859,#860,#861,#862,#863,#864,#865,#866,#867,#868,
    #869,#870,#871,#872,#873,#874,#875),.UNSPECIFIED.,.F.,.F.,(8,6,6,6,8
    ),(0.,0.242017284192,0.400455974699,0.753482642798,1.),
  .UNSPECIFIED.);
#850 = CARTESIAN_POINT('',(-5.777824796895,0.));
#851 = CARTESIAN_POINT('',(-5.768243585184,6.111885029982E-02));
#852 = CARTESIAN_POINT('',(-5.758794995985,0.121351284455));
#853 = CARTESIAN_POINT('',(-5.749485878967,0.18071407055));
#854 = CARTESIAN_POINT('',(-5.740316771913,0.239225813971));
#855 = CARTESIAN_POINT('',(-5.731284277257,0.296912333362));
#856 = CARTESIAN_POINT('',(-5.722382281402,0.353811550444));
#857 = CARTESIAN_POINT('',(-5.707853941291,0.446747671953));
#858 = CARTESIAN_POINT('',(-5.702158210351,0.483202279301));
#859 = CARTESIAN_POINT('',(-5.696512393294,0.519356811525));
#860 = CARTESIAN_POINT('',(-5.690914006685,0.555226875749));
#861 = CARTESIAN_POINT('',(-5.685360519991,0.590829131855));
#862 = CARTESIAN_POINT('',(-5.679849361242,0.626181833923));
#863 = CARTESIAN_POINT('',(-5.662186685051,0.739566214741));
#864 = CARTESIAN_POINT('',(-5.650197076448,0.816661354315));
#865 = CARTESIAN_POINT('',(-5.638374566657,0.89284949287));
#866 = CARTESIAN_POINT('',(-5.626695566617,0.968373299394));
#867 = CARTESIAN_POINT('',(-5.61514442066,1.043483356658));
#868 = CARTESIAN_POINT('',(-5.603712971776,1.118484705347));
#869 = CARTESIAN_POINT('',(-5.584504774359,1.246402586058));
#870 = CARTESIAN_POINT('',(-5.576668657154,1.299137325207));
#871 = CARTESIAN_POINT('',(-5.568894477581,1.352159945792));
#872 = CARTESIAN_POINT('',(-5.561188194706,1.405626492173));
#873 = CARTESIAN_POINT('',(-5.553562627226,1.459720868122));
#874 = CARTESIAN_POINT('',(-5.546037969578,1.514663468212));
#875 = CARTESIAN_POINT('',(-5.538648939381,1.570796326795));
#876 = ( GEOMETRIC_REPRESENTATION_CONTEXT(2) 
PARAMETRIC_REPRESENTATION_CONTEXT() REPRESENTATION_CONTEXT('2D SPACE',''
  ) );
#877 = ORIENTED_EDGE('',*,*,#97,.T.);
#878 = ORIENTED_EDGE('',*,*,#879,.T.);
#879 = EDGE_CURVE('',#98,#880,#882,.T.);
#880 = VERTEX_POINT('',#881);
#881 = CARTESIAN_POINT('',(30.,-0.8,-11.4721401665));
#882 = SURFACE_CURVE('',#883,(#888,#895),.PCURVE_S1.);
#883 = CIRCLE('',#884,11.5);
#884 = AXIS2_PLACEMENT_3D('',#885,#886,#887);
#885 = CARTESIAN_POINT('',(30.,0.,0.));
#886 = DIRECTION('',(1.,0.,0.));
#887 = DIRECTION('',(0.,1.,0.));
#888 = PCURVE('',#52,#889);
#889 = DEFINITIONAL_REPRESENTATION('',(#890),#894);
#890 = LINE('',#891,#892);
#891 = CARTESIAN_POINT('',(-0.,-30.));
#892 = VECTOR('',#893,1.);
#893 = DIRECTION('',(-1.,0.));
#894 = ( GEOMETRIC_REPRESENTATION_CONTEXT(2) 
PARAMETRIC_REPRESENTATION_CONTEXT() REPRESENTATION_CONTEXT('2D SPACE',''
  ) );
#895 = PCURVE('',#147,#896);
#896 = DEFINITIONAL_REPRESENTATION('',(#897),#901);
#897 = CIRCLE('',#898,11.5);
#898 = AXIS2_PLACEMENT_2D('',#899,#900);
#899 = CARTESIAN_POINT('',(7.134470256727E-16,-9.574461116723E-16));
#900 = DIRECTION('',(1.,0.));
#901 = ( GEOMETRIC_REPRESENTATION_CONTEXT(2) 
PARAMETRIC_REPRESENTATION_CONTEXT() REPRESENTATION_CONTEXT('2D SPACE',''
  ) );
#902 = ORIENTED_EDGE('',*,*,#903,.T.);
#903 = EDGE_CURVE('',#880,#904,#906,.T.);
#904 = VERTEX_POINT('',#905);
#905 = CARTESIAN_POINT('',(0.5,-0.8,-11.4721401665));
#906 = SURFACE_CURVE('',#907,(#911,#917),.PCURVE_S1.);
#907 = LINE('',#908,#909);
#908 = CARTESIAN_POINT('',(0.,-0.8,-11.4721401665));
#909 = VECTOR('',#910,1.);
#910 = DIRECTION('',(-1.,-0.,-0.));
#911 = PCURVE('',#52,#912);
#912 = DEFINITIONAL_REPRESENTATION('',(#913),#916);
#913 = B_SPLINE_CURVE_WITH_KNOTS('',1,(#914,#915),.UNSPECIFIED.,.F.,.F.,
  (2,2),(-30.0000006,6.E-07),.PIECEWISE_BEZIER_KNOTS.);
#914 = CARTESIAN_POINT('',(-4.642767532402,-30.0000006));
#915 = CARTESIAN_POINT('',(-4.642767532402,6.E-07));
#916 = ( GEOMETRIC_REPRESENTATION_CONTEXT(2) 
PARAMETRIC_REPRESENTATION_CONTEXT() REPRESENTATION_CONTEXT('2D SPACE',''
  ) );
#917 = PCURVE('',#918,#923);
#918 = PLANE('',#919);
#919 = AXIS2_PLACEMENT_3D('',#920,#921,#922);
#920 = CARTESIAN_POINT('',(-1.,-0.8,-12.5));
#921 = DIRECTION('',(0.,1.,0.));
#922 = DIRECTION('',(0.,0.,1.));
#923 = DEFINITIONAL_REPRESENTATION('',(#924),#927);
#924 = B_SPLINE_CURVE_WITH_KNOTS('',1,(#925,#926),.UNSPECIFIED.,.F.,.F.,
  (2,2),(-30.0000006,6.E-07),.PIECEWISE_BEZIER_KNOTS.);
#925 = CARTESIAN_POINT('',(1.027859833492,31.0000006));
#926 = CARTESIAN_POINT('',(1.027859833492,0.9999994));
#927 = ( GEOMETRIC_REPRESENTATION_CONTEXT(2) 
PARAMETRIC_REPRESENTATION_CONTEXT() REPRESENTATION_CONTEXT('2D SPACE',''
  ) );
#928 = ORIENTED_EDGE('',*,*,#929,.F.);
#929 = EDGE_CURVE('',#22,#904,#930,.T.);
#930 = SURFACE_CURVE('',#931,(#936,#943),.PCURVE_S1.);
#931 = CIRCLE('',#932,11.5);
#932 = AXIS2_PLACEMENT_3D('',#933,#934,#935);
#933 = CARTESIAN_POINT('',(0.5,0.,0.));
#934 = DIRECTION('',(1.,0.,0.));
#935 = DIRECTION('',(0.,-0.484153422855,0.87498312163));
#936 = PCURVE('',#52,#937);
#937 = DEFINITIONAL_REPRESENTATION('',(#938),#942);
#938 = LINE('',#939,#940);
#939 = CARTESIAN_POINT('',(-2.076191699791,-0.5));
#940 = VECTOR('',#941,1.);
#941 = DIRECTION('',(-1.,0.));
#942 = ( GEOMETRIC_REPRESENTATION_CONTEXT(2) 
PARAMETRIC_REPRESENTATION_CONTEXT() REPRESENTATION_CONTEXT('2D SPACE',''
  ) );
#943 = PCURVE('',#603,#944);
#944 = DEFINITIONAL_REPRESENTATION('',(#945),#949);
#945 = LINE('',#946,#947);
#946 = CARTESIAN_POINT('',(0.,-0.));
#947 = VECTOR('',#948,1.);
#948 = DIRECTION('',(1.,-0.));
#949 = ( GEOMETRIC_REPRESENTATION_CONTEXT(2) 
PARAMETRIC_REPRESENTATION_CONTEXT() REPRESENTATION_CONTEXT('2D SPACE',''
  ) );
#950 = FACE_BOUND('',#951,.F.);
#951 = EDGE_LOOP('',(#952));
#952 = ORIENTED_EDGE('',*,*,#953,.F.);
#953 = EDGE_CURVE('',#954,#954,#956,.T.);
#954 = VERTEX_POINT('',#955);
#955 = CARTESIAN_POINT('',(16.5,-9.2,-6.9));
#956 = SURFACE_CURVE('',#957,(#1060,#1166),.PCURVE_S1.);
#957 = B_SPLINE_CURVE_WITH_KNOTS('',6,(#958,#959,#960,#961,#962,#963,
    #964,#965,#966,#967,#968,#969,#970,#971,#972,#973,#974,#975,#976,
    #977,#978,#979,#980,#981,#982,#983,#984,#985,#986,#987,#988,#989,
    #990,#991,#992,#993,#994,#995,#996,#997,#998,#999,#1000,#1001,#1002,
    #1003,#1004,#1005,#1006,#1007,#1008,#1009,#1010,#1011,#1012,#1013,
    #1014,#1015,#1016,#1017,#1018,#1019,#1020,#1021,#1022,#1023,#1024,
    #1025,#1026,#1027,#1028,#1029,#1030,#1031,#1032,#1033,#1034,#1035,
    #1036,#1037,#1038,#1039,#1040,#1041,#1042,#1043,#1044,#1045,#1046,
    #1047,#1048,#1049,#1050,#1051,#1052,#1053,#1054,#1055,#1056,#1057,
    #1058,#1059),.UNSPECIFIED.,.T.,.F.,(7,5,5,5,5,5,5,5,5,5,5,5,5,5,5,5,
    5,5,5,5,7),(0.,9.026707421415E-02,0.157389669643,0.186400653738,
    0.212424029631,0.258383317899,0.304562683626,0.330491050185,
    0.359300740723,0.426003517234,0.486176908763,0.544156928336,
    0.597696780579,0.645246690869,0.69967006444,0.758338789195,
    0.817177702947,0.844655420915,0.870192905254,0.918173338816,1.),
  .UNSPECIFIED.);
#958 = CARTESIAN_POINT('',(16.5,-9.2,-6.9));
#959 = CARTESIAN_POINT('',(16.5,-9.094284222271,-7.040954370305));
#960 = CARTESIAN_POINT('',(16.484105684565,-8.986586245951,
    -7.179152660958));
#961 = CARTESIAN_POINT('',(16.453481085534,-8.878188408639,
    -7.313002182319));
#962 = CARTESIAN_POINT('',(16.409193423367,-8.770454971485,
    -7.441204326749));
#963 = CARTESIAN_POINT('',(16.352236721045,-8.664868461639,
    -7.562626643469));
#964 = CARTESIAN_POINT('',(16.232476086378,-8.487340074867,
    -7.760665167653));
#965 = CARTESIAN_POINT('',(16.174837698308,-8.413597301072,
    -7.840916627078));
#966 = CARTESIAN_POINT('',(16.110931822363,-8.342422268314,
    -7.916587191638));
#967 = CARTESIAN_POINT('',(16.041005639432,-8.274490596756,
    -7.98727993238));
#968 = CARTESIAN_POINT('',(15.965280601202,-8.210573119609,
    -8.05254553298));
#969 = CARTESIAN_POINT('',(15.848834894259,-8.12604649459,
    -8.137485858386));
#970 = CARTESIAN_POINT('',(15.81265398879,-8.101454908075,
    -8.162004169731));
#971 = CARTESIAN_POINT('',(15.775464015234,-8.077860921023,
    -8.185355719971));
#972 = CARTESIAN_POINT('',(15.737297508602,-8.055345979844,
    -8.207488581267));
#973 = CARTESIAN_POINT('',(15.698188435597,-8.033992053795,
    -8.22835086236));
#974 = CARTESIAN_POINT('',(15.622276904821,-7.995842226653,
    -8.265418302983));
#975 = CARTESIAN_POINT('',(15.585649926394,-7.978802409611,
    -8.281882438839));
#976 = CARTESIAN_POINT('',(15.54833362908,-7.962830426255,
    -8.297237371747));
#977 = CARTESIAN_POINT('',(15.510371735987,-7.947990335177,
    -8.311440528077));
#978 = CARTESIAN_POINT('',(15.471809323573,-7.934342011162,
    -8.324452504962));
#979 = CARTESIAN_POINT('',(15.363610063315,-7.900040259753,
    -8.357049521283));
#980 = CARTESIAN_POINT('',(15.292745868681,-7.882013144878,
    -8.374048990221));
#981 = CARTESIAN_POINT('',(15.220519037703,-7.86822999594,-8.38697389008
    ));
#982 = CARTESIAN_POINT('',(15.147360137406,-7.858946272711,
    -8.395653533712));
#983 = CARTESIAN_POINT('',(15.073706963169,-7.854298186344,-8.4));
#984 = CARTESIAN_POINT('',(14.925940088782,-7.854298186344,-8.4));
#985 = CARTESIAN_POINT('',(14.851935219128,-7.858990893665,
    -8.395611802466));
#986 = CARTESIAN_POINT('',(14.778431784218,-7.868363506635,
    -8.386849069511));
#987 = CARTESIAN_POINT('',(14.705873422198,-7.882277259056,
    -8.373801326085));
#988 = CARTESIAN_POINT('',(14.6346963716,-7.900472057945,-8.356642315936
    ));
#989 = CARTESIAN_POINT('',(14.526374728283,-7.934979100573,
    -8.323845247772));
#990 = CARTESIAN_POINT('',(14.487976506387,-7.948623478717,
    -8.310834997201));
#991 = CARTESIAN_POINT('',(14.450175914155,-7.963449067118,
    -8.296643506824));
#992 = CARTESIAN_POINT('',(14.413017371215,-7.979396591261,
    -8.281309777007));
#993 = CARTESIAN_POINT('',(14.37654396375,-7.996402690693,
    -8.264875907537));
#994 = CARTESIAN_POINT('',(14.301078546094,-8.034397113123,
    -8.227954820598));
#995 = CARTESIAN_POINT('',(14.262254898259,-8.055619180929,
    -8.207219321178));
#996 = CARTESIAN_POINT('',(14.224361144029,-8.077985334707,
    -8.185231387381));
#997 = CARTESIAN_POINT('',(14.187430524702,-8.10141530684,
    -8.162041832584));
#998 = CARTESIAN_POINT('',(14.151494879847,-8.125829349827,
    -8.137701495514));
#999 = CARTESIAN_POINT('',(14.035757349407,-8.209768790461,
    -8.05335968215));
#1000 = CARTESIAN_POINT('',(13.960440155178,-8.273230630625,
    -7.988572419514));
#1001 = CARTESIAN_POINT('',(13.890847171714,-8.340665133201,
    -7.918420907235));
#1002 = CARTESIAN_POINT('',(13.827195183696,-8.411315218693,
    -7.843346436408));
#1003 = CARTESIAN_POINT('',(13.769726122196,-8.484516859708,
    -7.76373886999));
#1004 = CARTESIAN_POINT('',(13.672724886306,-8.627486709597,
    -7.604392285912));
#1005 = CARTESIAN_POINT('',(13.631964833311,-8.696922554634,
    -7.525392043446));
#1006 = CARTESIAN_POINT('',(13.596687694489,-8.767536770493,
    -7.443251011219));
#1007 = CARTESIAN_POINT('',(13.567159901734,-8.838904352453,
    -7.358267132877));
#1008 = CARTESIAN_POINT('',(13.543677745907,-8.910625986246,
    -7.270758509225));
#1009 = CARTESIAN_POINT('',(13.510084125916,-9.051415215118,
    -7.094654586076));
#1010 = CARTESIAN_POINT('',(13.499507974394,-9.120522171394,
    -7.006167893644));
#1011 = CARTESIAN_POINT('',(13.495183463688,-9.189159431464,
    -6.916109576942));
#1012 = CARTESIAN_POINT('',(13.497399058989,-9.256872017765,
    -6.8250186003));
#1013 = CARTESIAN_POINT('',(13.506389434359,-9.323241225973,
    -6.733476112552));
#1014 = CARTESIAN_POINT('',(13.53706138256,-9.447582230464,
    -6.557733773562));
#1015 = CARTESIAN_POINT('',(13.557714521366,-9.505791934552,
    -6.473531120556));
#1016 = CARTESIAN_POINT('',(13.584396023661,-9.562076764611,
    -6.390187874496));
#1017 = CARTESIAN_POINT('',(13.617081485286,-9.616070023013,
    -6.308393966994));
#1018 = CARTESIAN_POINT('',(13.655622105087,-9.667472102061,
    -6.228822285447));
#1019 = CARTESIAN_POINT('',(13.738932049967,-9.759183414026,
    -6.083982376615));
#1020 = CARTESIAN_POINT('',(13.782495392037,-9.800060874647,
    -6.018156165063));
#1021 = CARTESIAN_POINT('',(13.830232158229,-9.838516446057,
    -5.95507256639));
#1022 = CARTESIAN_POINT('',(13.881867704824,-9.874432573227,
    -5.895138803284));
#1023 = CARTESIAN_POINT('',(13.937057233613,-9.907729046388,
    -5.838716533976));
#1024 = CARTESIAN_POINT('',(14.062148753102,-9.97341249792,
    -5.725897092332));
#1025 = CARTESIAN_POINT('',(14.133008678381,-10.00496402151,
    -5.670696502359));
#1026 = CARTESIAN_POINT('',(14.207476751459,-10.03301380048,
    -5.620834724659));
#1027 = CARTESIAN_POINT('',(14.285025673129,-10.05758401473,
    -5.576580929968));
#1028 = CARTESIAN_POINT('',(14.365093104943,-10.07871111141,
    -5.538136300131));
#1029 = CARTESIAN_POINT('',(14.53547022238,-10.11555191411,
    -5.470576122319));
#1030 = CARTESIAN_POINT('',(14.626133272712,-10.13072403269,
    -5.442405430334));
#1031 = CARTESIAN_POINT('',(14.718492266417,-10.14204193454,
    -5.421214308453));
#1032 = CARTESIAN_POINT('',(14.81197119536,-10.14956483647,
    -5.407069144659));
#1033 = CARTESIAN_POINT('',(14.905997356446,-10.15332457867,-5.4));
#1034 = CARTESIAN_POINT('',(15.094275330844,-10.15332457867,-5.4));
#1035 = CARTESIAN_POINT('',(15.188574534175,-10.14954299126,
    -5.407110216984));
#1036 = CARTESIAN_POINT('',(15.282321725167,-10.1419763394,
    -5.421337647061));
#1037 = CARTESIAN_POINT('',(15.374939054068,-10.13059242443,
    -5.442651846314));
#1038 = CARTESIAN_POINT('',(15.465845339692,-10.11533139301,
    -5.470985554758));
#1039 = CARTESIAN_POINT('',(15.595835193104,-10.0871289388,
    -5.522696927995));
#1040 = CARTESIAN_POINT('',(15.636710163383,-10.07728769192,
    -5.540665074144));
#1041 = CARTESIAN_POINT('',(15.677009881878,-10.06657677953,
    -5.560124429678));
#1042 = CARTESIAN_POINT('',(15.716665805075,-10.05499007825,
    -5.581055942887));
#1043 = CARTESIAN_POINT('',(15.755610577832,-10.04252162506,
    -5.603436839407));
#1044 = CARTESIAN_POINT('',(15.829250440498,-10.01675269282,
    -5.649363592244));
#1045 = CARTESIAN_POINT('',(15.864051734632,-10.0035730883,
    -5.672715876006));
#1046 = CARTESIAN_POINT('',(15.898120745148,-9.989624912136,
    -5.697271121804));
#1047 = CARTESIAN_POINT('',(15.931398966533,-9.974907571869,
    -5.722999251413));
#1048 = CARTESIAN_POINT('',(15.963830558404,-9.959421774283,
    -5.749866460091));
#1049 = CARTESIAN_POINT('',(16.0546050178,-9.912634413162,
    -5.830383582131));
#1050 = CARTESIAN_POINT('',(16.110692506126,-9.879382894031,
    -5.886839485947));
#1051 = CARTESIAN_POINT('',(16.163199203344,-9.843461605008,
    -5.946898260744));
#1052 = CARTESIAN_POINT('',(16.211769222698,-9.804948957404,
    -6.010194853352));
#1053 = CARTESIAN_POINT('',(16.256117785336,-9.763961263251,
    -6.076316974296));
#1054 = CARTESIAN_POINT('',(16.364104036376,-9.646810197347,
    -6.261641503207));
#1055 = CARTESIAN_POINT('',(16.419090879633,-9.566435374865,
    -6.385058307165));
#1056 = CARTESIAN_POINT('',(16.46015220859,-9.480319505998,
    -6.512910632929));
#1057 = CARTESIAN_POINT('',(16.487020166654,-9.38954267488,
    -6.642867728413));
#1058 = CARTESIAN_POINT('',(16.5,-9.295531475995,-6.772624698673));
#1059 = CARTESIAN_POINT('',(16.5,-9.2,-6.9));
#1060 = PCURVE('',#52,#1061);
#1061 = DEFINITIONAL_REPRESENTATION('',(#1062),#1165);
#1062 = B_SPLINE_CURVE_WITH_KNOTS('',6,(#1063,#1064,#1065,#1066,#1067,
    #1068,#1069,#1070,#1071,#1072,#1073,#1074,#1075,#1076,#1077,#1078,
    #1079,#1080,#1081,#1082,#1083,#1084,#1085,#1086,#1087,#1088,#1089,
    #1090,#1091,#1092,#1093,#1094,#1095,#1096,#1097,#1098,#1099,#1100,
    #1101,#1102,#1103,#1104,#1105,#1106,#1107,#1108,#1109,#1110,#1111,
    #1112,#1113,#1114,#1115,#1116,#1117,#1118,#1119,#1120,#1121,#1122,
    #1123,#1124,#1125,#1126,#1127,#1128,#1129,#1130,#1131,#1132,#1133,
    #1134,#1135,#1136,#1137,#1138,#1139,#1140,#1141,#1142,#1143,#1144,
    #1145,#1146,#1147,#1148,#1149,#1150,#1151,#1152,#1153,#1154,#1155,
    #1156,#1157,#1158,#1159,#1160,#1161,#1162,#1163,#1164),
  .UNSPECIFIED.,.T.,.F.,(7,5,5,5,5,5,5,5,5,5,5,5,5,5,5,5,5,5,5,5,7),(0.,
    9.026707421415E-02,0.157389669643,0.186400653738,0.212424029631,
    0.258383317899,0.304562683626,0.330491050185,0.359300740723,
    0.426003517234,0.486176908763,0.544156928336,0.597696780579,
    0.645246690869,0.69967006444,0.758338789195,0.817177702947,
    0.844655420915,0.870192905254,0.918173338816,1.),.UNSPECIFIED.);
#1063 = CARTESIAN_POINT('',(-3.785093762383,-16.5));
#1064 = CARTESIAN_POINT('',(-3.80041488959,-16.5));
#1065 = CARTESIAN_POINT('',(-3.815647709382,-16.48410568456));
#1066 = CARTESIAN_POINT('',(-3.830620989452,-16.45348108553));
#1067 = CARTESIAN_POINT('',(-3.845179332568,-16.40919342336));
#1068 = CARTESIAN_POINT('',(-3.859169876895,-16.35223672104));
#1069 = CARTESIAN_POINT('',(-3.88229697459,-16.23247608637));
#1070 = CARTESIAN_POINT('',(-3.891773432149,-16.1748376983));
#1071 = CARTESIAN_POINT('',(-3.900805986068,-16.11093182236));
#1072 = CARTESIAN_POINT('',(-3.909330731167,-16.04100563943));
#1073 = CARTESIAN_POINT('',(-3.917274064352,-15.9652806012));
#1074 = CARTESIAN_POINT('',(-3.927694202342,-15.84883489425));
#1075 = CARTESIAN_POINT('',(-3.93071382998,-15.81265398879));
#1076 = CARTESIAN_POINT('',(-3.933600406455,-15.77546401523));
#1077 = CARTESIAN_POINT('',(-3.936345769639,-15.7372975086));
#1078 = CARTESIAN_POINT('',(-3.938941707328,-15.69818843559));
#1079 = CARTESIAN_POINT('',(-3.943567111384,-15.62227690482));
#1080 = CARTESIAN_POINT('',(-3.945627483884,-15.58564992639));
#1081 = CARTESIAN_POINT('',(-3.947554063908,-15.54833362908));
#1082 = CARTESIAN_POINT('',(-3.949340285421,-15.51037173598));
#1083 = CARTESIAN_POINT('',(-3.950980027184,-15.47180932357));
#1084 = CARTESIAN_POINT('',(-3.955094803566,-15.36361006331));
#1085 = CARTESIAN_POINT('',(-3.957249413696,-15.29274586868));
#1086 = CARTESIAN_POINT('',(-3.958892468499,-15.2205190377));
#1087 = CARTESIAN_POINT('',(-3.95999761882,-15.1473601374));
#1088 = CARTESIAN_POINT('',(-3.960550981822,-15.07370696316));
#1089 = CARTESIAN_POINT('',(-3.960550981822,-14.92594008878));
#1090 = CARTESIAN_POINT('',(-3.959992306283,-14.85193521912));
#1091 = CARTESIAN_POINT('',(-3.958876575314,-14.77843178421));
#1092 = CARTESIAN_POINT('',(-3.957217929537,-14.70587342219));
#1093 = CARTESIAN_POINT('',(-3.955043193525,-14.6346963716));
#1094 = CARTESIAN_POINT('',(-3.950903493463,-14.52637472828));
#1095 = CARTESIAN_POINT('',(-3.949264103638,-14.48797650638));
#1096 = CARTESIAN_POINT('',(-3.947479494584,-14.45017591415));
#1097 = CARTESIAN_POINT('',(-3.945555725566,-14.41301737121));
#1098 = CARTESIAN_POINT('',(-3.943499290299,-14.37654396375));
#1099 = CARTESIAN_POINT('',(-3.938892446704,-14.30107854609));
#1100 = CARTESIAN_POINT('',(-3.936312414562,-14.26225489825));
#1101 = CARTESIAN_POINT('',(-3.933585112145,-14.22436114402));
#1102 = CARTESIAN_POINT('',(-3.930718581029,-14.1874305247));
#1103 = CARTESIAN_POINT('',(-3.927720812737,-14.15149487984));
#1104 = CARTESIAN_POINT('',(-3.91737358178,-14.0357573494));
#1105 = CARTESIAN_POINT('',(-3.90948768262,-13.96044015517));
#1106 = CARTESIAN_POINT('',(-3.901026813814,-13.89084717171));
#1107 = CARTESIAN_POINT('',(-3.892063272103,-13.82719518369));
#1108 = CARTESIAN_POINT('',(-3.882659862915,-13.76972612219));
#1109 = CARTESIAN_POINT('',(-3.864043913124,-13.6727248863));
#1110 = CARTESIAN_POINT('',(-3.85489849148,-13.63196483331));
#1111 = CARTESIAN_POINT('',(-3.845480126883,-13.59668769448));
#1112 = CARTESIAN_POINT('',(-3.835831079171,-13.56715990173));
#1113 = CARTESIAN_POINT('',(-3.825993128216,-13.5436777459));
#1114 = CARTESIAN_POINT('',(-3.806387527629,-13.51008412591));
#1115 = CARTESIAN_POINT('',(-3.796625118838,-13.49950797439));
#1116 = CARTESIAN_POINT('',(-3.7867798709,-13.49518346368));
#1117 = CARTESIAN_POINT('',(-3.776911245652,-13.49739905898));
#1118 = CARTESIAN_POINT('',(-3.767079701076,-13.50638943435));
#1119 = CARTESIAN_POINT('',(-3.748359584603,-13.53706138256));
#1120 = CARTESIAN_POINT('',(-3.739458870643,-13.55771452136));
#1121 = CARTESIAN_POINT('',(-3.730714513238,-13.58439602366));
#1122 = CARTESIAN_POINT('',(-3.722192764018,-13.61708148528));
#1123 = CARTESIAN_POINT('',(-3.713955683558,-13.65562210508));
#1124 = CARTESIAN_POINT('',(-3.699048392505,-13.73893204996));
#1125 = CARTESIAN_POINT('',(-3.692310753105,-13.78249539203));
#1126 = CARTESIAN_POINT('',(-3.685886639819,-13.83023215822));
#1127 = CARTESIAN_POINT('',(-3.679811084016,-13.88186770482));
#1128 = CARTESIAN_POINT('',(-3.67411428252,-13.93705723361));
#1129 = CARTESIAN_POINT('',(-3.662762361813,-14.0621487531));
#1130 = CARTESIAN_POINT('',(-3.657233713722,-14.13300867838));
#1131 = CARTESIAN_POINT('',(-3.65225907261,-14.20747675145));
#1132 = CARTESIAN_POINT('',(-3.647857650027,-14.28502567312));
#1133 = CARTESIAN_POINT('',(-3.644043118758,-14.36509310494));
#1134 = CARTESIAN_POINT('',(-3.63735163368,-14.53547022238));
#1135 = CARTESIAN_POINT('',(-3.634569357275,-14.62613327271));
#1136 = CARTESIAN_POINT('',(-3.632480314193,-14.71849226641));
#1137 = CARTESIAN_POINT('',(-3.63108715619,-14.81197119536));
#1138 = CARTESIAN_POINT('',(-3.630390917541,-14.90599735644));
#1139 = CARTESIAN_POINT('',(-3.630390917541,-15.09427533084));
#1140 = CARTESIAN_POINT('',(-3.631091201394,-15.18857453417));
#1141 = CARTESIAN_POINT('',(-3.632492461809,-15.28232172516));
#1142 = CARTESIAN_POINT('',(-3.634593649292,-15.37493905406));
#1143 = CARTESIAN_POINT('',(-3.637392071605,-15.46584533969));
#1144 = CARTESIAN_POINT('',(-3.642513983867,-15.5958351931));
#1145 = CARTESIAN_POINT('',(-3.644295433108,-15.63671016338));
#1146 = CARTESIAN_POINT('',(-3.646226937472,-15.67700988187));
#1147 = CARTESIAN_POINT('',(-3.648307314192,-15.71666580507));
#1148 = CARTESIAN_POINT('',(-3.650535101206,-15.75561057783));
#1149 = CARTESIAN_POINT('',(-3.655114420622,-15.82925044049));
#1150 = CARTESIAN_POINT('',(-3.657446131848,-15.86405173463));
#1151 = CARTESIAN_POINT('',(-3.659901790372,-15.89812074514));
#1152 = CARTESIAN_POINT('',(-3.662479172096,-15.93139896653));
#1153 = CARTESIAN_POINT('',(-3.665175729281,-15.9638305584));
#1154 = CARTESIAN_POINT('',(-3.67327346128,-16.0546050178));
#1155 = CARTESIAN_POINT('',(-3.678970797441,-16.11069250612));
#1156 = CARTESIAN_POINT('',(-3.685055910484,-16.16319920334));
#1157 = CARTESIAN_POINT('',(-3.691498421303,-16.21176922269));
#1158 = CARTESIAN_POINT('',(-3.698262974552,-16.25611778533));
#1159 = CARTESIAN_POINT('',(-3.717327991806,-16.36410403637));
#1160 = CARTESIAN_POINT('',(-3.730133904277,-16.41909087963));
#1161 = CARTESIAN_POINT('',(-3.743535684803,-16.46015220859));
#1162 = CARTESIAN_POINT('',(-3.757317111708,-16.48702016665));
#1163 = CARTESIAN_POINT('',(-3.771248620935,-16.5));
#1164 = CARTESIAN_POINT('',(-3.785093762383,-16.5));
#1165 = ( GEOMETRIC_REPRESENTATION_CONTEXT(2) 
PARAMETRIC_REPRESENTATION_CONTEXT() REPRESENTATION_CONTEXT('2D SPACE',''
  ) );
#1166 = PCURVE('',#1167,#1172);
#1167 = CYLINDRICAL_SURFACE('',#1168,1.5);
#1168 = AXIS2_PLACEMENT_3D('',#1169,#1170,#1171);
#1169 = CARTESIAN_POINT('',(15.,0.,-6.9));
#1170 = DIRECTION('',(-0.,1.,0.));
#1171 = DIRECTION('',(1.,0.,0.));
#1172 = DEFINITIONAL_REPRESENTATION('',(#1173),#1276);
#1173 = B_SPLINE_CURVE_WITH_KNOTS('',6,(#1174,#1175,#1176,#1177,#1178,
    #1179,#1180,#1181,#1182,#1183,#1184,#1185,#1186,#1187,#1188,#1189,
    #1190,#1191,#1192,#1193,#1194,#1195,#1196,#1197,#1198,#1199,#1200,
    #1201,#1202,#1203,#1204,#1205,#1206,#1207,#1208,#1209,#1210,#1211,
    #1212,#1213,#1214,#1215,#1216,#1217,#1218,#1219,#1220,#1221,#1222,
    #1223,#1224,#1225,#1226,#1227,#1228,#1229,#1230,#1231,#1232,#1233,
    #1234,#1235,#1236,#1237,#1238,#1239,#1240,#1241,#1242,#1243,#1244,
    #1245,#1246,#1247,#1248,#1249,#1250,#1251,#1252,#1253,#1254,#1255,
    #1256,#1257,#1258,#1259,#1260,#1261,#1262,#1263,#1264,#1265,#1266,
    #1267,#1268,#1269,#1270,#1271,#1272,#1273,#1274,#1275),
  .UNSPECIFIED.,.F.,.F.,(7,5,5,5,5,5,5,5,5,5,5,5,5,5,5,5,5,5,5,5,7),(0.,
    9.026707421415E-02,0.157389669643,0.186400653738,0.212424029631,
    0.258383317899,0.304562683626,0.330491050185,0.359300740723,
    0.426003517234,0.486176908763,0.544156928336,0.597696780579,
    0.645246690869,0.69967006444,0.758338789195,0.817177702947,
    0.844655420915,0.870192905254,0.918173338816,1.),.UNSPECIFIED.);
#1174 = CARTESIAN_POINT('',(0.,-9.2));
#1175 = CARTESIAN_POINT('',(9.39695802035E-02,-9.094284222271));
#1176 = CARTESIAN_POINT('',(0.186101958939,-8.986586245951));
#1177 = CARTESIAN_POINT('',(0.276827609602,-8.878188408639));
#1178 = CARTESIAN_POINT('',(0.36648745875,-8.770454971485));
#1179 = CARTESIAN_POINT('',(0.455404043964,-8.664868461639));
#1180 = CARTESIAN_POINT('',(0.609693622609,-8.487340074867));
#1181 = CARTESIAN_POINT('',(0.67535845144,-8.413597301072));
#1182 = CARTESIAN_POINT('',(0.741085387574,-8.342422268314));
#1183 = CARTESIAN_POINT('',(0.807064400752,-8.274490596756));
#1184 = CARTESIAN_POINT('',(0.873491578623,-8.210573119609));
#1185 = CARTESIAN_POINT('',(0.969580568733,-8.12604649459));
#1186 = CARTESIAN_POINT('',(0.998700410878,-8.101454908075));
#1187 = CARTESIAN_POINT('',(1.027949129233,-8.077860921023));
#1188 = CARTESIAN_POINT('',(1.057334618498,-8.055345979844));
#1189 = CARTESIAN_POINT('',(1.086866106007,-8.033992053795));
#1190 = CARTESIAN_POINT('',(1.143184864118,-7.995842226653));
#1191 = CARTESIAN_POINT('',(1.169942779931,-7.978802409611));
#1192 = CARTESIAN_POINT('',(1.196823256997,-7.962830426255));
#1193 = CARTESIAN_POINT('',(1.223823163117,-7.947990335177));
#1194 = CARTESIAN_POINT('',(1.250940876068,-7.934342011162));
#1195 = CARTESIAN_POINT('',(1.326276113193,-7.900040259753));
#1196 = CARTESIAN_POINT('',(1.374779751469,-7.882013144878));
#1197 = CARTESIAN_POINT('',(1.423570211076,-7.86822999594));
#1198 = CARTESIAN_POINT('',(1.472556141755,-7.858946272711));
#1199 = CARTESIAN_POINT('',(1.521658351349,-7.854298186344));
#1200 = CARTESIAN_POINT('',(1.62016960094,-7.854298186344));
#1201 = CARTESIAN_POINT('',(1.669506277197,-7.858990893665));
#1202 = CARTESIAN_POINT('',(1.718724972738,-7.868363506635));
#1203 = CARTESIAN_POINT('',(1.767745653055,-7.882277259056));
#1204 = CARTESIAN_POINT('',(1.816475852917,-7.900472057945));
#1205 = CARTESIAN_POINT('',(1.891927753978,-7.934979100573));
#1206 = CARTESIAN_POINT('',(1.91894157411,-7.948623478717));
#1207 = CARTESIAN_POINT('',(1.94583830031,-7.963449067118));
#1208 = CARTESIAN_POINT('',(1.972616390373,-7.979396591261));
#1209 = CARTESIAN_POINT('',(1.999272817302,-7.996402690693));
#1210 = CARTESIAN_POINT('',(2.055281530604,-8.034397113123));
#1211 = CARTESIAN_POINT('',(2.084605748448,-8.055619180929));
#1212 = CARTESIAN_POINT('',(2.113786046671,-8.077985334707));
#1213 = CARTESIAN_POINT('',(2.142831462374,-8.10141530684));
#1214 = CARTESIAN_POINT('',(2.171749745932,-8.125829349827));
#1215 = CARTESIAN_POINT('',(2.267222179263,-8.209768790461));
#1216 = CARTESIAN_POINT('',(2.333239312287,-8.273230630625));
#1217 = CARTESIAN_POINT('',(2.398811324768,-8.340665133201));
#1218 = CARTESIAN_POINT('',(2.464131152199,-8.411315218693));
#1219 = CARTESIAN_POINT('',(2.529385580284,-8.484516859708));
#1220 = CARTESIAN_POINT('',(2.653751659299,-8.627486709597));
#1221 = CARTESIAN_POINT('',(2.712868066076,-8.696922554634));
#1222 = CARTESIAN_POINT('',(2.772241986489,-8.767536770493));
#1223 = CARTESIAN_POINT('',(2.831988688588,-8.838904352453));
#1224 = CARTESIAN_POINT('',(2.892227908855,-8.910625986246));
#1225 = CARTESIAN_POINT('',(3.011747545647,-9.051415215118));
#1226 = CARTESIAN_POINT('',(3.071014854203,-9.120522171394));
#1227 = CARTESIAN_POINT('',(3.13089395938,-9.189159431464));
#1228 = CARTESIAN_POINT('',(3.191396150473,-9.256872017765));
#1229 = CARTESIAN_POINT('',(3.252546325426,-9.323241225973));
#1230 = CARTESIAN_POINT('',(3.371478870491,-9.447582230464));
#1231 = CARTESIAN_POINT('',(3.429145375486,-9.505791934552));
#1232 = CARTESIAN_POINT('',(3.487273404554,-9.562076764611));
#1233 = CARTESIAN_POINT('',(3.545775569933,-9.616070023013));
#1234 = CARTESIAN_POINT('',(3.604570019835,-9.667472102061));
#1235 = CARTESIAN_POINT('',(3.715963508785,-9.759183414026));
#1236 = CARTESIAN_POINT('',(3.768484188646,-9.800060874647));
#1237 = CARTESIAN_POINT('',(3.821065846918,-9.838516446057));
#1238 = CARTESIAN_POINT('',(3.873647450634,-9.874432573227));
#1239 = CARTESIAN_POINT('',(3.926161898404,-9.907729046388));
#1240 = CARTESIAN_POINT('',(4.038463307638,-9.97341249792));
#1241 = CARTESIAN_POINT('',(4.098190294458,-10.00496402151));
#1242 = CARTESIAN_POINT('',(4.157706908861,-10.03301380048));
#1243 = CARTESIAN_POINT('',(4.217006931496,-10.05758401473));
#1244 = CARTESIAN_POINT('',(4.276073829606,-10.07871111141));
#1245 = CARTESIAN_POINT('',(4.398262644829,-10.11555191411));
#1246 = CARTESIAN_POINT('',(4.461371307968,-10.13072403269));
#1247 = CARTESIAN_POINT('',(4.524274078499,-10.14204193454));
#1248 = CARTESIAN_POINT('',(4.587036488388,-10.14956483647));
#1249 = CARTESIAN_POINT('',(4.649720551348,-10.15332457867));
#1250 = CARTESIAN_POINT('',(4.775239200947,-10.15332457867));
#1251 = CARTESIAN_POINT('',(4.838105291151,-10.14954299126));
#1252 = CARTESIAN_POINT('',(4.90105041125,-10.1419763394));
#1253 = CARTESIAN_POINT('',(4.964137026885,-10.13059242443));
#1254 = CARTESIAN_POINT('',(5.027431175073,-10.11533139301));
#1255 = CARTESIAN_POINT('',(5.120696455291,-10.0871289388));
#1256 = CARTESIAN_POINT('',(5.150444246578,-10.07728769192));
#1257 = CARTESIAN_POINT('',(5.180250351672,-10.06657677953));
#1258 = CARTESIAN_POINT('',(5.210115560827,-10.05499007825));
#1259 = CARTESIAN_POINT('',(5.24004120694,-10.04252162506));
#1260 = CARTESIAN_POINT('',(5.297899639532,-10.01675269282));
#1261 = CARTESIAN_POINT('',(5.325824103984,-10.0035730883));
#1262 = CARTESIAN_POINT('',(5.353797841827,-9.989624912136));
#1263 = CARTESIAN_POINT('',(5.381816717452,-9.974907571869));
#1264 = CARTESIAN_POINT('',(5.409877176726,-9.959421774283));
#1265 = CARTESIAN_POINT('',(5.490769449177,-9.912634413162));
#1266 = CARTESIAN_POINT('',(5.543717603164,-9.879382894031));
#1267 = CARTESIAN_POINT('',(5.596738838071,-9.843461605008));
#1268 = CARTESIAN_POINT('',(5.64976604186,-9.804948957404));
#1269 = CARTESIAN_POINT('',(5.702738411325,-9.763961263251));
#1270 = CARTESIAN_POINT('',(5.845732135243,-9.646810197347));
#1271 = CARTESIAN_POINT('',(5.93527741488,-9.566435374865));
#1272 = CARTESIAN_POINT('',(6.02402301665,-9.480319505998));
#1273 = CARTESIAN_POINT('',(6.111763923009,-9.38954267488));
#1274 = CARTESIAN_POINT('',(6.198268439629,-9.295531475995));
#1275 = CARTESIAN_POINT('',(6.28318530718,-9.2));
#1276 = ( GEOMETRIC_REPRESENTATION_CONTEXT(2) 
PARAMETRIC_REPRESENTATION_CONTEXT() REPRESENTATION_CONTEXT('2D SPACE',''
  ) );
#1277 = ADVANCED_FACE('',(#1278),#603,.T.);
#1278 = FACE_BOUND('',#1279,.F.);
#1279 = EDGE_LOOP('',(#1280,#1281,#1282,#1309));
#1280 = ORIENTED_EDGE('',*,*,#583,.F.);
#1281 = ORIENTED_EDGE('',*,*,#929,.T.);
#1282 = ORIENTED_EDGE('',*,*,#1283,.T.);
#1283 = EDGE_CURVE('',#904,#1284,#1286,.T.);
#1284 = VERTEX_POINT('',#1285);
#1285 = CARTESIAN_POINT('',(0.,-0.8,-10.97087052152));
#1286 = SURFACE_CURVE('',#1287,(#1292,#1302),.PCURVE_S1.);
#1287 = HYPERBOLA('',#1288,0.8,0.8);
#1288 = AXIS2_PLACEMENT_3D('',#1289,#1290,#1291);
#1289 = CARTESIAN_POINT('',(-11.,-0.8,0.));
#1290 = DIRECTION('',(0.,-1.,-0.));
#1291 = DIRECTION('',(1.,0.,-0.));
#1292 = PCURVE('',#603,#1293);
#1293 = DEFINITIONAL_REPRESENTATION('',(#1294),#1301);
#1294 = B_SPLINE_CURVE_WITH_KNOTS('',5,(#1295,#1296,#1297,#1298,#1299,
    #1300),.UNSPECIFIED.,.F.,.F.,(6,6),(-3.357425735922,-3.312861060117)
  ,.PIECEWISE_BEZIER_KNOTS.);
#1295 = CARTESIAN_POINT('',(2.566575832611,8.881784197001E-16));
#1296 = CARTESIAN_POINT('',(2.565955802339,-0.10225044146));
#1297 = CARTESIAN_POINT('',(2.56532888094,-0.203358926984));
#1298 = CARTESIAN_POINT('',(2.564694966791,-0.303342379089));
#1299 = CARTESIAN_POINT('',(2.564053956056,-0.402217342384));
#1300 = CARTESIAN_POINT('',(2.56340574259,-0.5));
#1301 = ( GEOMETRIC_REPRESENTATION_CONTEXT(2) 
PARAMETRIC_REPRESENTATION_CONTEXT() REPRESENTATION_CONTEXT('2D SPACE',''
  ) );
#1302 = PCURVE('',#918,#1303);
#1303 = DEFINITIONAL_REPRESENTATION('',(#1304),#1308);
#1304 = ( BOUNDED_CURVE() B_SPLINE_CURVE(2,(#1305,#1306,#1307),
.UNSPECIFIED.,.F.,.F.) B_SPLINE_CURVE_WITH_KNOTS((3,3),(-3.357425735922,
-3.312861060117),.PIECEWISE_BEZIER_KNOTS.) CURVE() 
GEOMETRIC_REPRESENTATION_ITEM() RATIONAL_B_SPLINE_CURVE((1.,
1.000248261563,1.)) REPRESENTATION_ITEM('') );
#1305 = CARTESIAN_POINT('',(1.027859833492,1.5));
#1306 = CARTESIAN_POINT('',(1.284064318707,1.244416194289));
#1307 = CARTESIAN_POINT('',(1.529129478478,1.));
#1308 = ( GEOMETRIC_REPRESENTATION_CONTEXT(2) 
PARAMETRIC_REPRESENTATION_CONTEXT() REPRESENTATION_CONTEXT('2D SPACE',''
  ) );
#1309 = ORIENTED_EDGE('',*,*,#1310,.F.);
#1310 = EDGE_CURVE('',#558,#1284,#1311,.T.);
#1311 = SURFACE_CURVE('',#1312,(#1317,#1324),.PCURVE_S1.);
#1312 = CIRCLE('',#1313,11.);
#1313 = AXIS2_PLACEMENT_3D('',#1314,#1315,#1316);
#1314 = CARTESIAN_POINT('',(0.,0.,0.));
#1315 = DIRECTION('',(1.,0.,0.));
#1316 = DIRECTION('',(0.,-0.484153422855,0.87498312163));
#1317 = PCURVE('',#603,#1318);
#1318 = DEFINITIONAL_REPRESENTATION('',(#1319),#1323);
#1319 = LINE('',#1320,#1321);
#1320 = CARTESIAN_POINT('',(0.,-0.5));
#1321 = VECTOR('',#1322,1.);
#1322 = DIRECTION('',(1.,-0.));
#1323 = ( GEOMETRIC_REPRESENTATION_CONTEXT(2) 
PARAMETRIC_REPRESENTATION_CONTEXT() REPRESENTATION_CONTEXT('2D SPACE',''
  ) );
#1324 = PCURVE('',#572,#1325);
#1325 = DEFINITIONAL_REPRESENTATION('',(#1326),#1330);
#1326 = CIRCLE('',#1327,11.);
#1327 = AXIS2_PLACEMENT_2D('',#1328,#1329);
#1328 = CARTESIAN_POINT('',(0.,-0.8));
#1329 = DIRECTION('',(0.87498312163,0.484153422855));
#1330 = ( GEOMETRIC_REPRESENTATION_CONTEXT(2) 
PARAMETRIC_REPRESENTATION_CONTEXT() REPRESENTATION_CONTEXT('2D SPACE',''
  ) );
#1331 = ADVANCED_FACE('',(#1332),#85,.T.);
#1332 = FACE_BOUND('',#1333,.F.);
#1333 = EDGE_LOOP('',(#1334,#1335,#1336,#1358));
#1334 = ORIENTED_EDGE('',*,*,#68,.T.);
#1335 = ORIENTED_EDGE('',*,*,#788,.T.);
#1336 = ORIENTED_EDGE('',*,*,#1337,.F.);
#1337 = EDGE_CURVE('',#623,#768,#1338,.T.);
#1338 = SURFACE_CURVE('',#1339,(#1344,#1351),.PCURVE_S1.);
#1339 = CIRCLE('',#1340,14.);
#1340 = AXIS2_PLACEMENT_3D('',#1341,#1342,#1343);
#1341 = CARTESIAN_POINT('',(15.,0.,6.5));
#1342 = DIRECTION('',(0.,0.,1.));
#1343 = DIRECTION('',(1.,0.,0.));
#1344 = PCURVE('',#85,#1345);
#1345 = DEFINITIONAL_REPRESENTATION('',(#1346),#1350);
#1346 = LINE('',#1347,#1348);
#1347 = CARTESIAN_POINT('',(-0.,1.570796326795));
#1348 = VECTOR('',#1349,1.);
#1349 = DIRECTION('',(-1.,0.));
#1350 = ( GEOMETRIC_REPRESENTATION_CONTEXT(2) 
PARAMETRIC_REPRESENTATION_CONTEXT() REPRESENTATION_CONTEXT('2D SPACE',''
  ) );
#1351 = PCURVE('',#729,#1352);
#1352 = DEFINITIONAL_REPRESENTATION('',(#1353),#1357);
#1353 = CIRCLE('',#1354,14.);
#1354 = AXIS2_PLACEMENT_2D('',#1355,#1356);
#1355 = CARTESIAN_POINT('',(0.,0.));
#1356 = DIRECTION('',(1.,0.));
#1357 = ( GEOMETRIC_REPRESENTATION_CONTEXT(2) 
PARAMETRIC_REPRESENTATION_CONTEXT() REPRESENTATION_CONTEXT('2D SPACE',''
  ) );
#1358 = ORIENTED_EDGE('',*,*,#622,.F.);
#1359 = ADVANCED_FACE('',(#1360),#572,.F.);
#1360 = FACE_BOUND('',#1361,.F.);
#1361 = EDGE_LOOP('',(#1362,#1383,#1412,#1661,#1662));
#1362 = ORIENTED_EDGE('',*,*,#1363,.T.);
#1363 = EDGE_CURVE('',#1284,#1364,#1366,.T.);
#1364 = VERTEX_POINT('',#1365);
#1365 = CARTESIAN_POINT('',(0.,-0.8,-8.261355820929));
#1366 = SURFACE_CURVE('',#1367,(#1371,#1377),.PCURVE_S1.);
#1367 = LINE('',#1368,#1369);
#1368 = CARTESIAN_POINT('',(0.,-0.8,-6.25));
#1369 = VECTOR('',#1370,1.);
#1370 = DIRECTION('',(0.,-0.,1.));
#1371 = PCURVE('',#572,#1372);
#1372 = DEFINITIONAL_REPRESENTATION('',(#1373),#1376);
#1373 = B_SPLINE_CURVE_WITH_KNOTS('',1,(#1374,#1375),.UNSPECIFIED.,.F.,
  .F.,(2,2),(-5.25,7.25),.PIECEWISE_BEZIER_KNOTS.);
#1374 = CARTESIAN_POINT('',(-11.5,0.));
#1375 = CARTESIAN_POINT('',(1.,0.));
#1376 = ( GEOMETRIC_REPRESENTATION_CONTEXT(2) 
PARAMETRIC_REPRESENTATION_CONTEXT() REPRESENTATION_CONTEXT('2D SPACE',''
  ) );
#1377 = PCURVE('',#918,#1378);
#1378 = DEFINITIONAL_REPRESENTATION('',(#1379),#1382);
#1379 = B_SPLINE_CURVE_WITH_KNOTS('',1,(#1380,#1381),.UNSPECIFIED.,.F.,
  .F.,(2,2),(-5.25,7.25),.PIECEWISE_BEZIER_KNOTS.);
#1380 = CARTESIAN_POINT('',(1.,1.));
#1381 = CARTESIAN_POINT('',(13.5,1.));
#1382 = ( GEOMETRIC_REPRESENTATION_CONTEXT(2) 
PARAMETRIC_REPRESENTATION_CONTEXT() REPRESENTATION_CONTEXT('2D SPACE',''
  ) );
#1383 = ORIENTED_EDGE('',*,*,#1384,.F.);
#1384 = EDGE_CURVE('',#1385,#1364,#1387,.T.);
#1385 = VERTEX_POINT('',#1386);
#1386 = CARTESIAN_POINT('',(0.,-4.077766849767,7.229233536063));
#1387 = SURFACE_CURVE('',#1388,(#1393,#1400),.PCURVE_S1.);
#1388 = CIRCLE('',#1389,8.3);
#1389 = AXIS2_PLACEMENT_3D('',#1390,#1391,#1392);
#1390 = CARTESIAN_POINT('',(0.,0.,0.));
#1391 = DIRECTION('',(1.,0.,0.));
#1392 = DIRECTION('',(0.,-9.638554216868E-02,0.995344074811));
#1393 = PCURVE('',#572,#1394);
#1394 = DEFINITIONAL_REPRESENTATION('',(#1395),#1399);
#1395 = CIRCLE('',#1396,8.3);
#1396 = AXIS2_PLACEMENT_2D('',#1397,#1398);
#1397 = CARTESIAN_POINT('',(0.,-0.8));
#1398 = DIRECTION('',(0.995344074811,9.638554216868E-02));
#1399 = ( GEOMETRIC_REPRESENTATION_CONTEXT(2) 
PARAMETRIC_REPRESENTATION_CONTEXT() REPRESENTATION_CONTEXT('2D SPACE',''
  ) );
#1400 = PCURVE('',#1401,#1406);
#1401 = CYLINDRICAL_SURFACE('',#1402,8.3);
#1402 = AXIS2_PLACEMENT_3D('',#1403,#1404,#1405);
#1403 = CARTESIAN_POINT('',(0.,0.,0.));
#1404 = DIRECTION('',(-1.,-0.,-0.));
#1405 = DIRECTION('',(0.,1.,0.));
#1406 = DEFINITIONAL_REPRESENTATION('',(#1407),#1411);
#1407 = LINE('',#1408,#1409);
#1408 = CARTESIAN_POINT('',(-1.667331736067,0.));
#1409 = VECTOR('',#1410,1.);
#1410 = DIRECTION('',(-1.,0.));
#1411 = ( GEOMETRIC_REPRESENTATION_CONTEXT(2) 
PARAMETRIC_REPRESENTATION_CONTEXT() REPRESENTATION_CONTEXT('2D SPACE',''
  ) );
#1412 = ORIENTED_EDGE('',*,*,#1413,.T.);
#1413 = EDGE_CURVE('',#1385,#529,#1414,.T.);
#1414 = SURFACE_CURVE('',#1415,(#1495,#1578),.PCURVE_S1.);
#1415 = B_SPLINE_CURVE_WITH_KNOTS('',8,(#1416,#1417,#1418,#1419,#1420,
    #1421,#1422,#1423,#1424,#1425,#1426,#1427,#1428,#1429,#1430,#1431,
    #1432,#1433,#1434,#1435,#1436,#1437,#1438,#1439,#1440,#1441,#1442,
    #1443,#1444,#1445,#1446,#1447,#1448,#1449,#1450,#1451,#1452,#1453,
    #1454,#1455,#1456,#1457,#1458,#1459,#1460,#1461,#1462,#1463,#1464,
    #1465,#1466,#1467,#1468,#1469,#1470,#1471,#1472,#1473,#1474,#1475,
    #1476,#1477,#1478,#1479,#1480,#1481,#1482,#1483,#1484,#1485,#1486,
    #1487,#1488,#1489,#1490,#1491,#1492,#1493,#1494),.UNSPECIFIED.,.F.,
  .F.,(9,7,7,7,7,7,7,7,7,7,7,9),(0.,3.663169316348E-02,
    6.418879832417E-02,0.112877020798,0.171594020753,0.253925184731,
    0.499732695784,0.720570390294,0.808137443992,0.920326921297,
    0.958346807375,1.),.UNSPECIFIED.);
#1416 = CARTESIAN_POINT('',(0.,5.56776436283,8.5));
#1417 = CARTESIAN_POINT('',(0.,5.56776436283,8.447954782155));
#1418 = CARTESIAN_POINT('',(0.,5.563316211779,8.395888158062));
#1419 = CARTESIAN_POINT('',(0.,5.554414284174,8.34422285764));
#1420 = CARTESIAN_POINT('',(0.,5.541216483091,8.293302716934));
#1421 = CARTESIAN_POINT('',(0.,5.523988956008,8.243402765757));
#1422 = CARTESIAN_POINT('',(0.,5.503062408886,8.19473776335));
#1423 = CARTESIAN_POINT('',(0.,5.478800018503,8.147469182053));
#1424 = CARTESIAN_POINT('',(0.,5.431097705303,8.067287633302));
#1425 = CARTESIAN_POINT('',(0.,5.408930385599,8.033698688351));
#1426 = CARTESIAN_POINT('',(0.,5.385217346778,8.000969765384));
#1427 = CARTESIAN_POINT('',(0.,5.360095579529,7.969113363306));
#1428 = CARTESIAN_POINT('',(0.,5.333693975075,7.938130298686));
#1429 = CARTESIAN_POINT('',(0.,5.306130597859,7.908011485748));
#1430 = CARTESIAN_POINT('',(0.,5.277509958231,7.878739716362));
#1431 = CARTESIAN_POINT('',(0.,5.195640897354,7.800028685684));
#1432 = CARTESIAN_POINT('',(0.,5.14036713448,7.752364809864));
#1433 = CARTESIAN_POINT('',(0.,5.082576323424,7.70714688374));
#1434 = CARTESIAN_POINT('',(0.,5.022667755574,7.664232701486));
#1435 = CARTESIAN_POINT('',(0.,4.960970829105,7.623483617763));
#1436 = CARTESIAN_POINT('',(0.,4.897749554199,7.584760794785));
#1437 = CARTESIAN_POINT('',(0.,4.833203421165,7.547924858959));
#1438 = CARTESIAN_POINT('',(0.,4.688184996338,7.47052609954));
#1439 = CARTESIAN_POINT('',(0.,4.607222051766,7.430785320292));
#1440 = CARTESIAN_POINT('',(0.,4.524849004203,7.393390657515));
#1441 = CARTESIAN_POINT('',(0.,4.441288431005,7.358155473565));
#1442 = CARTESIAN_POINT('',(0.,4.356720619387,7.324918347164));
#1443 = CARTESIAN_POINT('',(0.,4.271288917817,7.29353393647));
#1444 = CARTESIAN_POINT('',(0.,4.185102099811,7.263868823076));
#1445 = CARTESIAN_POINT('',(0.,3.976429609003,7.196448376835));
#1446 = CARTESIAN_POINT('',(0.,3.853328951199,7.160250823959));
#1447 = CARTESIAN_POINT('',(0.,3.729165557636,7.126881882004));
#1448 = CARTESIAN_POINT('',(0.,3.604127557998,7.096076718094));
#1449 = CARTESIAN_POINT('',(0.,3.478364869824,7.067612432915));
#1450 = CARTESIAN_POINT('',(0.,3.351994029035,7.041294209579));
#1451 = CARTESIAN_POINT('',(0.,3.225100401924,7.016948641226));
#1452 = CARTESIAN_POINT('',(0.,2.717484567958,6.927175489883));
#1453 = CARTESIAN_POINT('',(0.,2.333422766815,6.87622284684));
#1454 = CARTESIAN_POINT('',(0.,1.946990585287,6.83746064321));
#1455 = CARTESIAN_POINT('',(0.,1.559141257534,6.80866506946));
#1456 = CARTESIAN_POINT('',(0.,1.170558439131,6.788080312017));
#1457 = CARTESIAN_POINT('',(0.,0.78161428277,6.774712300362));
#1458 = CARTESIAN_POINT('',(0.,0.392435141606,6.767992425583));
#1459 = CARTESIAN_POINT('',(0.,-0.347116858832,6.76791065253));
#1460 = CARTESIAN_POINT('',(0.,-0.696925135022,6.773260576878));
#1461 = CARTESIAN_POINT('',(0.,-1.046564784034,6.783985281467));
#1462 = CARTESIAN_POINT('',(0.,-1.395908176211,6.800438591455));
#1463 = CARTESIAN_POINT('',(0.,-1.74469372233,6.823285555059));
#1464 = CARTESIAN_POINT('',(0.,-2.092507120536,6.853617373373));
#1465 = CARTESIAN_POINT('',(0.,-2.438786333349,6.892898546129));
#1466 = CARTESIAN_POINT('',(0.,-2.919142449883,6.963599571207));
#1467 = CARTESIAN_POINT('',(0.,-3.055136825441,6.985453447888));
#1468 = CARTESIAN_POINT('',(0.,-3.190688700382,7.009234103971));
#1469 = CARTESIAN_POINT('',(0.,-3.325724181887,7.035111091849));
#1470 = CARTESIAN_POINT('',(0.,-3.460142429619,7.063275974372));
#1471 = CARTESIAN_POINT('',(0.,-3.593813865405,7.093948622379));
#1472 = CARTESIAN_POINT('',(0.,-3.726576373541,7.127389918689));
#1473 = CARTESIAN_POINT('',(0.,-4.026901313901,7.21072372414));
#1474 = CARTESIAN_POINT('',(0.,-4.193201273234,7.262446931581));
#1475 = CARTESIAN_POINT('',(0.,-4.357295805255,7.319857586078));
#1476 = CARTESIAN_POINT('',(0.,-4.518728263003,7.383878698951));
#1477 = CARTESIAN_POINT('',(0.,-4.676532836008,7.455464681339));
#1478 = CARTESIAN_POINT('',(0.,-4.828969735286,7.535917568483));
#1479 = CARTESIAN_POINT('',(0.,-4.97382586202,7.626473061206));
#1480 = CARTESIAN_POINT('',(0.,-5.152735703696,7.764641916285));
#1481 = CARTESIAN_POINT('',(0.,-5.196671356919,7.801020729347));
#1482 = CARTESIAN_POINT('',(0.,-5.239105688233,7.838886720153));
#1483 = CARTESIAN_POINT('',(0.,-5.27983771458,7.878308925537));
#1484 = CARTESIAN_POINT('',(0.,-5.318620700687,7.919342232126));
#1485 = CARTESIAN_POINT('',(0.,-5.355166635715,7.962023476027));
#1486 = CARTESIAN_POINT('',(0.,-5.389152591417,8.006366183115));
#1487 = CARTESIAN_POINT('',(0.,-5.4542750933,8.102736460449));
#1488 = CARTESIAN_POINT('',(0.,-5.484863257456,8.155143317855));
#1489 = CARTESIAN_POINT('',(0.,-5.511455307137,8.209464370603));
#1490 = CARTESIAN_POINT('',(0.,-5.533508311805,8.265514641694));
#1491 = CARTESIAN_POINT('',(0.,-5.550505591152,8.323024002673));
#1492 = CARTESIAN_POINT('',(0.,-5.56201355691,8.381622875387));
#1493 = CARTESIAN_POINT('',(0.,-5.56776436283,8.440823961537));
#1494 = CARTESIAN_POINT('',(0.,-5.56776436283,8.5));
#1495 = PCURVE('',#572,#1496);
#1496 = DEFINITIONAL_REPRESENTATION('',(#1497),#1577);
#1497 = B_SPLINE_CURVE_WITH_KNOTS('',8,(#1498,#1499,#1500,#1501,#1502,
    #1503,#1504,#1505,#1506,#1507,#1508,#1509,#1510,#1511,#1512,#1513,
    #1514,#1515,#1516,#1517,#1518,#1519,#1520,#1521,#1522,#1523,#1524,
    #1525,#1526,#1527,#1528,#1529,#1530,#1531,#1532,#1533,#1534,#1535,
    #1536,#1537,#1538,#1539,#1540,#1541,#1542,#1543,#1544,#1545,#1546,
    #1547,#1548,#1549,#1550,#1551,#1552,#1553,#1554,#1555,#1556,#1557,
    #1558,#1559,#1560,#1561,#1562,#1563,#1564,#1565,#1566,#1567,#1568,
    #1569,#1570,#1571,#1572,#1573,#1574,#1575,#1576),.UNSPECIFIED.,.F.,
  .F.,(9,7,7,7,7,7,7,7,7,7,7,9),(0.,3.663169316348E-02,
    6.418879832417E-02,0.112877020798,0.171594020753,0.253925184731,
    0.499732695784,0.720570390294,0.808137443992,0.920326921297,
    0.958346807375,1.),.UNSPECIFIED.);
#1498 = CARTESIAN_POINT('',(8.5,-6.36776436283));
#1499 = CARTESIAN_POINT('',(8.447954782155,-6.36776436283));
#1500 = CARTESIAN_POINT('',(8.395888158062,-6.363316211779));
#1501 = CARTESIAN_POINT('',(8.34422285764,-6.354414284174));
#1502 = CARTESIAN_POINT('',(8.293302716934,-6.341216483091));
#1503 = CARTESIAN_POINT('',(8.243402765757,-6.323988956008));
#1504 = CARTESIAN_POINT('',(8.19473776335,-6.303062408886));
#1505 = CARTESIAN_POINT('',(8.147469182053,-6.278800018503));
#1506 = CARTESIAN_POINT('',(8.067287633302,-6.231097705303));
#1507 = CARTESIAN_POINT('',(8.033698688351,-6.208930385599));
#1508 = CARTESIAN_POINT('',(8.000969765384,-6.185217346778));
#1509 = CARTESIAN_POINT('',(7.969113363306,-6.160095579529));
#1510 = CARTESIAN_POINT('',(7.938130298686,-6.133693975075));
#1511 = CARTESIAN_POINT('',(7.908011485748,-6.106130597859));
#1512 = CARTESIAN_POINT('',(7.878739716362,-6.077509958231));
#1513 = CARTESIAN_POINT('',(7.800028685684,-5.995640897354));
#1514 = CARTESIAN_POINT('',(7.752364809864,-5.94036713448));
#1515 = CARTESIAN_POINT('',(7.70714688374,-5.882576323424));
#1516 = CARTESIAN_POINT('',(7.664232701486,-5.822667755574));
#1517 = CARTESIAN_POINT('',(7.623483617763,-5.760970829105));
#1518 = CARTESIAN_POINT('',(7.584760794785,-5.697749554199));
#1519 = CARTESIAN_POINT('',(7.547924858959,-5.633203421165));
#1520 = CARTESIAN_POINT('',(7.47052609954,-5.488184996338));
#1521 = CARTESIAN_POINT('',(7.430785320292,-5.407222051766));
#1522 = CARTESIAN_POINT('',(7.393390657515,-5.324849004203));
#1523 = CARTESIAN_POINT('',(7.358155473565,-5.241288431005));
#1524 = CARTESIAN_POINT('',(7.324918347164,-5.156720619387));
#1525 = CARTESIAN_POINT('',(7.29353393647,-5.071288917817));
#1526 = CARTESIAN_POINT('',(7.263868823076,-4.985102099811));
#1527 = CARTESIAN_POINT('',(7.196448376835,-4.776429609003));
#1528 = CARTESIAN_POINT('',(7.160250823959,-4.653328951199));
#1529 = CARTESIAN_POINT('',(7.126881882004,-4.529165557636));
#1530 = CARTESIAN_POINT('',(7.096076718094,-4.404127557998));
#1531 = CARTESIAN_POINT('',(7.067612432915,-4.278364869824));
#1532 = CARTESIAN_POINT('',(7.041294209579,-4.151994029035));
#1533 = CARTESIAN_POINT('',(7.016948641226,-4.025100401924));
#1534 = CARTESIAN_POINT('',(6.927175489883,-3.517484567958));
#1535 = CARTESIAN_POINT('',(6.87622284684,-3.133422766815));
#1536 = CARTESIAN_POINT('',(6.83746064321,-2.746990585287));
#1537 = CARTESIAN_POINT('',(6.80866506946,-2.359141257534));
#1538 = CARTESIAN_POINT('',(6.788080312017,-1.970558439131));
#1539 = CARTESIAN_POINT('',(6.774712300362,-1.58161428277));
#1540 = CARTESIAN_POINT('',(6.767992425583,-1.192435141606));
#1541 = CARTESIAN_POINT('',(6.76791065253,-0.452883141168));
#1542 = CARTESIAN_POINT('',(6.773260576878,-0.103074864978));
#1543 = CARTESIAN_POINT('',(6.783985281467,0.246564784034));
#1544 = CARTESIAN_POINT('',(6.800438591455,0.595908176211));
#1545 = CARTESIAN_POINT('',(6.823285555059,0.94469372233));
#1546 = CARTESIAN_POINT('',(6.853617373373,1.292507120536));
#1547 = CARTESIAN_POINT('',(6.892898546129,1.638786333349));
#1548 = CARTESIAN_POINT('',(6.963599571207,2.119142449883));
#1549 = CARTESIAN_POINT('',(6.985453447888,2.255136825441));
#1550 = CARTESIAN_POINT('',(7.009234103971,2.390688700382));
#1551 = CARTESIAN_POINT('',(7.035111091849,2.525724181887));
#1552 = CARTESIAN_POINT('',(7.063275974372,2.660142429619));
#1553 = CARTESIAN_POINT('',(7.093948622379,2.793813865405));
#1554 = CARTESIAN_POINT('',(7.127389918689,2.926576373541));
#1555 = CARTESIAN_POINT('',(7.21072372414,3.226901313901));
#1556 = CARTESIAN_POINT('',(7.262446931581,3.393201273234));
#1557 = CARTESIAN_POINT('',(7.319857586078,3.557295805255));
#1558 = CARTESIAN_POINT('',(7.383878698951,3.718728263003));
#1559 = CARTESIAN_POINT('',(7.455464681339,3.876532836008));
#1560 = CARTESIAN_POINT('',(7.535917568483,4.028969735286));
#1561 = CARTESIAN_POINT('',(7.626473061206,4.17382586202));
#1562 = CARTESIAN_POINT('',(7.764641916285,4.352735703696));
#1563 = CARTESIAN_POINT('',(7.801020729347,4.396671356919));
#1564 = CARTESIAN_POINT('',(7.838886720153,4.439105688233));
#1565 = CARTESIAN_POINT('',(7.878308925537,4.47983771458));
#1566 = CARTESIAN_POINT('',(7.919342232126,4.518620700687));
#1567 = CARTESIAN_POINT('',(7.962023476027,4.555166635715));
#1568 = CARTESIAN_POINT('',(8.006366183115,4.589152591417));
#1569 = CARTESIAN_POINT('',(8.102736460449,4.6542750933));
#1570 = CARTESIAN_POINT('',(8.155143317855,4.684863257456));
#1571 = CARTESIAN_POINT('',(8.209464370603,4.711455307137));
#1572 = CARTESIAN_POINT('',(8.265514641694,4.733508311805));
#1573 = CARTESIAN_POINT('',(8.323024002673,4.750505591152));
#1574 = CARTESIAN_POINT('',(8.381622875387,4.76201355691));
#1575 = CARTESIAN_POINT('',(8.440823961537,4.76776436283));
#1576 = CARTESIAN_POINT('',(8.5,4.76776436283));
#1577 = ( GEOMETRIC_REPRESENTATION_CONTEXT(2) 
PARAMETRIC_REPRESENTATION_CONTEXT() REPRESENTATION_CONTEXT('2D SPACE',''
  ) );
#1578 = PCURVE('',#545,#1579);
#1579 = DEFINITIONAL_REPRESENTATION('',(#1580),#1660);
#1580 = B_SPLINE_CURVE_WITH_KNOTS('',8,(#1581,#1582,#1583,#1584,#1585,
    #1586,#1587,#1588,#1589,#1590,#1591,#1592,#1593,#1594,#1595,#1596,
    #1597,#1598,#1599,#1600,#1601,#1602,#1603,#1604,#1605,#1606,#1607,
    #1608,#1609,#1610,#1611,#1612,#1613,#1614,#1615,#1616,#1617,#1618,
    #1619,#1620,#1621,#1622,#1623,#1624,#1625,#1626,#1627,#1628,#1629,
    #1630,#1631,#1632,#1633,#1634,#1635,#1636,#1637,#1638,#1639,#1640,
    #1641,#1642,#1643,#1644,#1645,#1646,#1647,#1648,#1649,#1650,#1651,
    #1652,#1653,#1654,#1655,#1656,#1657,#1658,#1659),.UNSPECIFIED.,.F.,
  .F.,(9,7,7,7,7,7,7,7,7,7,7,9),(0.,3.663169316348E-02,
    6.418879832417E-02,0.112877020798,0.171594020753,0.253925184731,
    0.499732695784,0.720570390294,0.808137443992,0.920326921297,
    0.958346807375,1.),.UNSPECIFIED.);
#1581 = CARTESIAN_POINT('',(-2.7861714519,0.));
#1582 = CARTESIAN_POINT('',(-2.7861714519,2.602260892273E-02));
#1583 = CARTESIAN_POINT('',(-2.786432088374,5.205590118869E-02));
#1584 = CARTESIAN_POINT('',(-2.786953678579,7.791545386826E-02));
#1585 = CARTESIAN_POINT('',(-2.787727274831,0.103456149545));
#1586 = CARTESIAN_POINT('',(-2.78873783478,0.12856350447));
#1587 = CARTESIAN_POINT('',(-2.789966692414,0.153147388081));
#1588 = CARTESIAN_POINT('',(-2.791393329773,0.177138133871));
#1589 = CARTESIAN_POINT('',(-2.794202436108,0.218048335508));
#1590 = CARTESIAN_POINT('',(-2.795509037565,0.235257712306));
#1591 = CARTESIAN_POINT('',(-2.796908220992,0.252103143472));
#1592 = CARTESIAN_POINT('',(-2.798392251302,0.2685799027));
#1593 = CARTESIAN_POINT('',(-2.799953848194,0.284687965481));
#1594 = CARTESIAN_POINT('',(-2.801586343258,0.30043140865));
#1595 = CARTESIAN_POINT('',(-2.803283837088,0.315817809936));
#1596 = CARTESIAN_POINT('',(-2.808146562471,0.357430212154));
#1597 = CARTESIAN_POINT('',(-2.811437333834,0.382905999301));
#1598 = CARTESIAN_POINT('',(-2.814886809577,0.407354415103));
#1599 = CARTESIAN_POINT('',(-2.818472456651,0.430835225022));
#1600 = CARTESIAN_POINT('',(-2.82217560694,0.453404295433));
#1601 = CARTESIAN_POINT('',(-2.825981238812,0.475117195956));
#1602 = CARTESIAN_POINT('',(-2.829878003135,0.496030662554));
#1603 = CARTESIAN_POINT('',(-2.838658884016,0.540528046719));
#1604 = CARTESIAN_POINT('',(-2.84357793952,0.563759255776));
#1605 = CARTESIAN_POINT('',(-2.848600126342,0.585986995259));
#1606 = CARTESIAN_POINT('',(-2.853712640097,0.607283051751));
#1607 = CARTESIAN_POINT('',(-2.858904973403,0.627707336294));
#1608 = CARTESIAN_POINT('',(-2.864168660785,0.647312982524));
#1609 = CARTESIAN_POINT('',(-2.869497201017,0.666148758346));
#1610 = CARTESIAN_POINT('',(-2.882442384472,0.709652119884));
#1611 = CARTESIAN_POINT('',(-2.890114699818,0.733609863074));
#1612 = CARTESIAN_POINT('',(-2.897888906505,0.756249728897));
#1613 = CARTESIAN_POINT('',(-2.905753140511,0.777660624778));
#1614 = CARTESIAN_POINT('',(-2.913697530833,0.797913508215));
#1615 = CARTESIAN_POINT('',(-2.921714005671,0.817068480995));
#1616 = CARTESIAN_POINT('',(-2.929796244212,0.835178126821));
#1617 = CARTESIAN_POINT('',(-2.962253055837,0.903367534144));
#1618 = CARTESIAN_POINT('',(-2.987088896578,0.945479737461));
#1619 = CARTESIAN_POINT('',(-3.012326910724,0.979852322659));
#1620 = CARTESIAN_POINT('',(-3.037864752989,1.006927058202));
#1621 = CARTESIAN_POINT('',(-3.063609704293,1.027065984565));
#1622 = CARTESIAN_POINT('',(-3.089485329989,1.040435062918));
#1623 = CARTESIAN_POINT('',(-3.115430311771,1.047154318057));
#1624 = CARTESIAN_POINT('',(-3.164733776658,1.047236091087));
#1625 = CARTESIAN_POINT('',(-3.188054566314,1.041886335853));
#1626 = CARTESIAN_POINT('',(-3.211325636725,1.031159353587));
#1627 = CARTESIAN_POINT('',(-3.234499942093,1.014985471833));
#1628 = CARTESIAN_POINT('',(-3.257522416594,0.993249996244));
#1629 = CARTESIAN_POINT('',(-3.280330390399,0.965741433442));
#1630 = CARTESIAN_POINT('',(-3.302855975069,0.932163859301));
#1631 = CARTESIAN_POINT('',(-3.333814241296,0.875870552529));
#1632 = CARTESIAN_POINT('',(-3.342546120877,0.858832039731));
#1633 = CARTESIAN_POINT('',(-3.351215193682,0.840698389363));
#1634 = CARTESIAN_POINT('',(-3.359815344885,0.821421564605));
#1635 = CARTESIAN_POINT('',(-3.368338959961,0.800946031309));
#1636 = CARTESIAN_POINT('',(-3.37677689543,0.779205667451));
#1637 = CARTESIAN_POINT('',(-3.385118341057,0.756117335032));
#1638 = CARTESIAN_POINT('',(-3.403897575067,0.700122897977));
#1639 = CARTESIAN_POINT('',(-3.414230868475,0.666383443718));
#1640 = CARTESIAN_POINT('',(-3.424361185654,0.630047217259));
#1641 = CARTESIAN_POINT('',(-3.434260521917,0.59076150774));
#1642 = CARTESIAN_POINT('',(-3.443870740605,0.548191291242));
#1643 = CARTESIAN_POINT('',(-3.453090153192,0.501853006645));
#1644 = CARTESIAN_POINT('',(-3.461793525117,0.451298839656));
#1645 = CARTESIAN_POINT('',(-3.472481683715,0.376438782679));
#1646 = CARTESIAN_POINT('',(-3.475100724019,0.356899952014));
#1647 = CARTESIAN_POINT('',(-3.4776249346,0.336734932624));
#1648 = CARTESIAN_POINT('',(-3.480042953215,0.31591441902));
#1649 = CARTESIAN_POINT('',(-3.482340823322,0.294415448375));
#1650 = CARTESIAN_POINT('',(-3.48450227873,0.272222250622));
#1651 = CARTESIAN_POINT('',(-3.486509107114,0.249327684005));
#1652 = CARTESIAN_POINT('',(-3.490349196042,0.199888257358));
#1653 = CARTESIAN_POINT('',(-3.492149569107,0.173178133434));
#1654 = CARTESIAN_POINT('',(-3.493712125721,0.145655315447));
#1655 = CARTESIAN_POINT('',(-3.495006190496,0.117400713497));
#1656 = CARTESIAN_POINT('',(-3.496002609513,8.852755776488E-02));
#1657 = CARTESIAN_POINT('',(-3.496676888081,5.918850627252E-02));
#1658 = CARTESIAN_POINT('',(-3.49701385528,2.958801923132E-02));
#1659 = CARTESIAN_POINT('',(-3.49701385528,0.));
#1660 = ( GEOMETRIC_REPRESENTATION_CONTEXT(2) 
PARAMETRIC_REPRESENTATION_CONTEXT() REPRESENTATION_CONTEXT('2D SPACE',''
  ) );
#1661 = ORIENTED_EDGE('',*,*,#557,.T.);
#1662 = ORIENTED_EDGE('',*,*,#1310,.T.);
#1663 = ADVANCED_FACE('',(#1664),#545,.T.);
#1664 = FACE_BOUND('',#1665,.F.);
#1665 = EDGE_LOOP('',(#1666,#1917,#1918,#1919,#2023,#2052,#2117,#2373,
    #2438,#2467));
#1666 = ORIENTED_EDGE('',*,*,#1667,.F.);
#1667 = EDGE_CURVE('',#503,#1668,#1670,.T.);
#1668 = VERTEX_POINT('',#1669);
#1669 = CARTESIAN_POINT('',(0.,4.077766849767,7.229233536063));
#1670 = SURFACE_CURVE('',#1671,(#1751,#1834),.PCURVE_S1.);
#1671 = B_SPLINE_CURVE_WITH_KNOTS('',8,(#1672,#1673,#1674,#1675,#1676,
    #1677,#1678,#1679,#1680,#1681,#1682,#1683,#1684,#1685,#1686,#1687,
    #1688,#1689,#1690,#1691,#1692,#1693,#1694,#1695,#1696,#1697,#1698,
    #1699,#1700,#1701,#1702,#1703,#1704,#1705,#1706,#1707,#1708,#1709,
    #1710,#1711,#1712,#1713,#1714,#1715,#1716,#1717,#1718,#1719,#1720,
    #1721,#1722,#1723,#1724,#1725,#1726,#1727,#1728,#1729,#1730,#1731,
    #1732,#1733,#1734,#1735,#1736,#1737,#1738,#1739,#1740,#1741,#1742,
    #1743,#1744,#1745,#1746,#1747,#1748,#1749,#1750),.UNSPECIFIED.,.F.,
  .F.,(9,7,7,7,7,7,7,7,7,7,7,9),(0.,3.663169316348E-02,
    6.418879832417E-02,0.112877020798,0.171594020753,0.253925184731,
    0.499732695784,0.720570390294,0.808137443992,0.920326921297,
    0.958346807375,1.),.UNSPECIFIED.);
#1672 = CARTESIAN_POINT('',(0.,5.56776436283,8.5));
#1673 = CARTESIAN_POINT('',(0.,5.56776436283,8.447954782155));
#1674 = CARTESIAN_POINT('',(0.,5.563316211779,8.395888158062));
#1675 = CARTESIAN_POINT('',(0.,5.554414284174,8.34422285764));
#1676 = CARTESIAN_POINT('',(0.,5.541216483091,8.293302716934));
#1677 = CARTESIAN_POINT('',(0.,5.523988956008,8.243402765757));
#1678 = CARTESIAN_POINT('',(0.,5.503062408886,8.19473776335));
#1679 = CARTESIAN_POINT('',(0.,5.478800018503,8.147469182053));
#1680 = CARTESIAN_POINT('',(0.,5.431097705303,8.067287633302));
#1681 = CARTESIAN_POINT('',(0.,5.408930385599,8.033698688351));
#1682 = CARTESIAN_POINT('',(0.,5.385217346778,8.000969765384));
#1683 = CARTESIAN_POINT('',(0.,5.360095579529,7.969113363306));
#1684 = CARTESIAN_POINT('',(0.,5.333693975075,7.938130298686));
#1685 = CARTESIAN_POINT('',(0.,5.306130597859,7.908011485748));
#1686 = CARTESIAN_POINT('',(0.,5.277509958231,7.878739716362));
#1687 = CARTESIAN_POINT('',(0.,5.195640897354,7.800028685684));
#1688 = CARTESIAN_POINT('',(0.,5.14036713448,7.752364809864));
#1689 = CARTESIAN_POINT('',(0.,5.082576323424,7.70714688374));
#1690 = CARTESIAN_POINT('',(0.,5.022667755574,7.664232701486));
#1691 = CARTESIAN_POINT('',(0.,4.960970829105,7.623483617763));
#1692 = CARTESIAN_POINT('',(0.,4.897749554199,7.584760794785));
#1693 = CARTESIAN_POINT('',(0.,4.833203421165,7.547924858959));
#1694 = CARTESIAN_POINT('',(0.,4.688184996338,7.47052609954));
#1695 = CARTESIAN_POINT('',(0.,4.607222051766,7.430785320292));
#1696 = CARTESIAN_POINT('',(0.,4.524849004203,7.393390657515));
#1697 = CARTESIAN_POINT('',(0.,4.441288431005,7.358155473565));
#1698 = CARTESIAN_POINT('',(0.,4.356720619387,7.324918347164));
#1699 = CARTESIAN_POINT('',(0.,4.271288917817,7.29353393647));
#1700 = CARTESIAN_POINT('',(0.,4.185102099811,7.263868823076));
#1701 = CARTESIAN_POINT('',(0.,3.976429609003,7.196448376835));
#1702 = CARTESIAN_POINT('',(0.,3.853328951199,7.160250823959));
#1703 = CARTESIAN_POINT('',(0.,3.729165557636,7.126881882004));
#1704 = CARTESIAN_POINT('',(0.,3.604127557998,7.096076718094));
#1705 = CARTESIAN_POINT('',(0.,3.478364869824,7.067612432915));
#1706 = CARTESIAN_POINT('',(0.,3.351994029035,7.041294209579));
#1707 = CARTESIAN_POINT('',(0.,3.225100401924,7.016948641226));
#1708 = CARTESIAN_POINT('',(0.,2.717484567958,6.927175489883));
#1709 = CARTESIAN_POINT('',(0.,2.333422766815,6.87622284684));
#1710 = CARTESIAN_POINT('',(0.,1.946990585287,6.83746064321));
#1711 = CARTESIAN_POINT('',(0.,1.559141257534,6.80866506946));
#1712 = CARTESIAN_POINT('',(0.,1.170558439131,6.788080312017));
#1713 = CARTESIAN_POINT('',(0.,0.78161428277,6.774712300362));
#1714 = CARTESIAN_POINT('',(0.,0.392435141606,6.767992425583));
#1715 = CARTESIAN_POINT('',(0.,-0.347116858832,6.76791065253));
#1716 = CARTESIAN_POINT('',(0.,-0.696925135022,6.773260576878));
#1717 = CARTESIAN_POINT('',(0.,-1.046564784034,6.783985281467));
#1718 = CARTESIAN_POINT('',(0.,-1.395908176211,6.800438591455));
#1719 = CARTESIAN_POINT('',(0.,-1.74469372233,6.823285555059));
#1720 = CARTESIAN_POINT('',(0.,-2.092507120536,6.853617373373));
#1721 = CARTESIAN_POINT('',(0.,-2.438786333349,6.892898546129));
#1722 = CARTESIAN_POINT('',(0.,-2.919142449883,6.963599571207));
#1723 = CARTESIAN_POINT('',(0.,-3.055136825441,6.985453447888));
#1724 = CARTESIAN_POINT('',(0.,-3.190688700382,7.009234103971));
#1725 = CARTESIAN_POINT('',(0.,-3.325724181887,7.035111091849));
#1726 = CARTESIAN_POINT('',(0.,-3.460142429619,7.063275974372));
#1727 = CARTESIAN_POINT('',(0.,-3.593813865405,7.093948622379));
#1728 = CARTESIAN_POINT('',(0.,-3.726576373541,7.127389918689));
#1729 = CARTESIAN_POINT('',(0.,-4.026901313901,7.21072372414));
#1730 = CARTESIAN_POINT('',(0.,-4.193201273234,7.262446931581));
#1731 = CARTESIAN_POINT('',(0.,-4.357295805255,7.319857586078));
#1732 = CARTESIAN_POINT('',(0.,-4.518728263003,7.383878698951));
#1733 = CARTESIAN_POINT('',(0.,-4.676532836008,7.455464681339));
#1734 = CARTESIAN_POINT('',(0.,-4.828969735286,7.535917568483));
#1735 = CARTESIAN_POINT('',(0.,-4.97382586202,7.626473061206));
#1736 = CARTESIAN_POINT('',(0.,-5.152735703696,7.764641916285));
#1737 = CARTESIAN_POINT('',(0.,-5.196671356919,7.801020729347));
#1738 = CARTESIAN_POINT('',(0.,-5.239105688233,7.838886720153));
#1739 = CARTESIAN_POINT('',(0.,-5.27983771458,7.878308925537));
#1740 = CARTESIAN_POINT('',(0.,-5.318620700687,7.919342232126));
#1741 = CARTESIAN_POINT('',(0.,-5.355166635715,7.962023476027));
#1742 = CARTESIAN_POINT('',(0.,-5.389152591417,8.006366183115));
#1743 = CARTESIAN_POINT('',(0.,-5.4542750933,8.102736460449));
#1744 = CARTESIAN_POINT('',(0.,-5.484863257456,8.155143317855));
#1745 = CARTESIAN_POINT('',(0.,-5.511455307137,8.209464370603));
#1746 = CARTESIAN_POINT('',(0.,-5.533508311805,8.265514641694));
#1747 = CARTESIAN_POINT('',(0.,-5.550505591152,8.323024002673));
#1748 = CARTESIAN_POINT('',(0.,-5.56201355691,8.381622875387));
#1749 = CARTESIAN_POINT('',(0.,-5.56776436283,8.440823961537));
#1750 = CARTESIAN_POINT('',(0.,-5.56776436283,8.5));
#1751 = PCURVE('',#545,#1752);
#1752 = DEFINITIONAL_REPRESENTATION('',(#1753),#1833);
#1753 = B_SPLINE_CURVE_WITH_KNOTS('',8,(#1754,#1755,#1756,#1757,#1758,
    #1759,#1760,#1761,#1762,#1763,#1764,#1765,#1766,#1767,#1768,#1769,
    #1770,#1771,#1772,#1773,#1774,#1775,#1776,#1777,#1778,#1779,#1780,
    #1781,#1782,#1783,#1784,#1785,#1786,#1787,#1788,#1789,#1790,#1791,
    #1792,#1793,#1794,#1795,#1796,#1797,#1798,#1799,#1800,#1801,#1802,
    #1803,#1804,#1805,#1806,#1807,#1808,#1809,#1810,#1811,#1812,#1813,
    #1814,#1815,#1816,#1817,#1818,#1819,#1820,#1821,#1822,#1823,#1824,
    #1825,#1826,#1827,#1828,#1829,#1830,#1831,#1832),.UNSPECIFIED.,.F.,
  .F.,(9,7,7,7,7,7,7,7,7,7,7,9),(0.,3.663169316348E-02,
    6.418879832417E-02,0.112877020798,0.171594020753,0.253925184731,
    0.499732695784,0.720570390294,0.808137443992,0.920326921297,
    0.958346807375,1.),.UNSPECIFIED.);
#1754 = CARTESIAN_POINT('',(-2.7861714519,0.));
#1755 = CARTESIAN_POINT('',(-2.7861714519,2.602260892273E-02));
#1756 = CARTESIAN_POINT('',(-2.786432088374,5.205590118869E-02));
#1757 = CARTESIAN_POINT('',(-2.786953678579,7.791545386826E-02));
#1758 = CARTESIAN_POINT('',(-2.787727274831,0.103456149545));
#1759 = CARTESIAN_POINT('',(-2.78873783478,0.12856350447));
#1760 = CARTESIAN_POINT('',(-2.789966692414,0.153147388081));
#1761 = CARTESIAN_POINT('',(-2.791393329773,0.177138133871));
#1762 = CARTESIAN_POINT('',(-2.794202436108,0.218048335508));
#1763 = CARTESIAN_POINT('',(-2.795509037565,0.235257712306));
#1764 = CARTESIAN_POINT('',(-2.796908220992,0.252103143472));
#1765 = CARTESIAN_POINT('',(-2.798392251302,0.2685799027));
#1766 = CARTESIAN_POINT('',(-2.799953848194,0.284687965481));
#1767 = CARTESIAN_POINT('',(-2.801586343258,0.30043140865));
#1768 = CARTESIAN_POINT('',(-2.803283837088,0.315817809936));
#1769 = CARTESIAN_POINT('',(-2.808146562471,0.357430212154));
#1770 = CARTESIAN_POINT('',(-2.811437333834,0.382905999301));
#1771 = CARTESIAN_POINT('',(-2.814886809577,0.407354415103));
#1772 = CARTESIAN_POINT('',(-2.818472456651,0.430835225022));
#1773 = CARTESIAN_POINT('',(-2.82217560694,0.453404295433));
#1774 = CARTESIAN_POINT('',(-2.825981238812,0.475117195956));
#1775 = CARTESIAN_POINT('',(-2.829878003135,0.496030662554));
#1776 = CARTESIAN_POINT('',(-2.838658884016,0.540528046719));
#1777 = CARTESIAN_POINT('',(-2.84357793952,0.563759255776));
#1778 = CARTESIAN_POINT('',(-2.848600126342,0.585986995259));
#1779 = CARTESIAN_POINT('',(-2.853712640097,0.607283051751));
#1780 = CARTESIAN_POINT('',(-2.858904973403,0.627707336294));
#1781 = CARTESIAN_POINT('',(-2.864168660785,0.647312982524));
#1782 = CARTESIAN_POINT('',(-2.869497201017,0.666148758346));
#1783 = CARTESIAN_POINT('',(-2.882442384472,0.709652119884));
#1784 = CARTESIAN_POINT('',(-2.890114699818,0.733609863074));
#1785 = CARTESIAN_POINT('',(-2.897888906505,0.756249728897));
#1786 = CARTESIAN_POINT('',(-2.905753140511,0.777660624778));
#1787 = CARTESIAN_POINT('',(-2.913697530833,0.797913508215));
#1788 = CARTESIAN_POINT('',(-2.921714005671,0.817068480995));
#1789 = CARTESIAN_POINT('',(-2.929796244212,0.835178126821));
#1790 = CARTESIAN_POINT('',(-2.962253055837,0.903367534144));
#1791 = CARTESIAN_POINT('',(-2.987088896578,0.945479737461));
#1792 = CARTESIAN_POINT('',(-3.012326910724,0.979852322659));
#1793 = CARTESIAN_POINT('',(-3.037864752989,1.006927058202));
#1794 = CARTESIAN_POINT('',(-3.063609704293,1.027065984565));
#1795 = CARTESIAN_POINT('',(-3.089485329989,1.040435062918));
#1796 = CARTESIAN_POINT('',(-3.115430311771,1.047154318057));
#1797 = CARTESIAN_POINT('',(-3.164733776658,1.047236091087));
#1798 = CARTESIAN_POINT('',(-3.188054566314,1.041886335853));
#1799 = CARTESIAN_POINT('',(-3.211325636725,1.031159353587));
#1800 = CARTESIAN_POINT('',(-3.234499942093,1.014985471833));
#1801 = CARTESIAN_POINT('',(-3.257522416594,0.993249996244));
#1802 = CARTESIAN_POINT('',(-3.280330390399,0.965741433442));
#1803 = CARTESIAN_POINT('',(-3.302855975069,0.932163859301));
#1804 = CARTESIAN_POINT('',(-3.333814241296,0.875870552529));
#1805 = CARTESIAN_POINT('',(-3.342546120877,0.858832039731));
#1806 = CARTESIAN_POINT('',(-3.351215193682,0.840698389363));
#1807 = CARTESIAN_POINT('',(-3.359815344885,0.821421564605));
#1808 = CARTESIAN_POINT('',(-3.368338959961,0.800946031309));
#1809 = CARTESIAN_POINT('',(-3.37677689543,0.779205667451));
#1810 = CARTESIAN_POINT('',(-3.385118341057,0.756117335032));
#1811 = CARTESIAN_POINT('',(-3.403897575067,0.700122897977));
#1812 = CARTESIAN_POINT('',(-3.414230868475,0.666383443718));
#1813 = CARTESIAN_POINT('',(-3.424361185654,0.630047217259));
#1814 = CARTESIAN_POINT('',(-3.434260521917,0.59076150774));
#1815 = CARTESIAN_POINT('',(-3.443870740605,0.548191291242));
#1816 = CARTESIAN_POINT('',(-3.453090153192,0.501853006645));
#1817 = CARTESIAN_POINT('',(-3.461793525117,0.451298839656));
#1818 = CARTESIAN_POINT('',(-3.472481683715,0.376438782679));
#1819 = CARTESIAN_POINT('',(-3.475100724019,0.356899952014));
#1820 = CARTESIAN_POINT('',(-3.4776249346,0.336734932624));
#1821 = CARTESIAN_POINT('',(-3.480042953215,0.31591441902));
#1822 = CARTESIAN_POINT('',(-3.482340823322,0.294415448375));
#1823 = CARTESIAN_POINT('',(-3.48450227873,0.272222250622));
#1824 = CARTESIAN_POINT('',(-3.486509107114,0.249327684005));
#1825 = CARTESIAN_POINT('',(-3.490349196042,0.199888257358));
#1826 = CARTESIAN_POINT('',(-3.492149569107,0.173178133434));
#1827 = CARTESIAN_POINT('',(-3.493712125721,0.145655315447));
#1828 = CARTESIAN_POINT('',(-3.495006190496,0.117400713497));
#1829 = CARTESIAN_POINT('',(-3.496002609513,8.852755776488E-02));
#1830 = CARTESIAN_POINT('',(-3.496676888081,5.918850627252E-02));
#1831 = CARTESIAN_POINT('',(-3.49701385528,2.958801923132E-02));
#1832 = CARTESIAN_POINT('',(-3.49701385528,0.));
#1833 = ( GEOMETRIC_REPRESENTATION_CONTEXT(2) 
PARAMETRIC_REPRESENTATION_CONTEXT() REPRESENTATION_CONTEXT('2D SPACE',''
  ) );
#1834 = PCURVE('',#517,#1835);
#1835 = DEFINITIONAL_REPRESENTATION('',(#1836),#1916);
#1836 = B_SPLINE_CURVE_WITH_KNOTS('',8,(#1837,#1838,#1839,#1840,#1841,
    #1842,#1843,#1844,#1845,#1846,#1847,#1848,#1849,#1850,#1851,#1852,
    #1853,#1854,#1855,#1856,#1857,#1858,#1859,#1860,#1861,#1862,#1863,
    #1864,#1865,#1866,#1867,#1868,#1869,#1870,#1871,#1872,#1873,#1874,
    #1875,#1876,#1877,#1878,#1879,#1880,#1881,#1882,#1883,#1884,#1885,
    #1886,#1887,#1888,#1889,#1890,#1891,#1892,#1893,#1894,#1895,#1896,
    #1897,#1898,#1899,#1900,#1901,#1902,#1903,#1904,#1905,#1906,#1907,
    #1908,#1909,#1910,#1911,#1912,#1913,#1914,#1915),.UNSPECIFIED.,.F.,
  .F.,(9,7,7,7,7,7,7,7,7,7,7,9),(0.,3.663169316348E-02,
    6.418879832417E-02,0.112877020798,0.171594020753,0.253925184731,
    0.499732695784,0.720570390294,0.808137443992,0.920326921297,
    0.958346807375,1.),.UNSPECIFIED.);
#1837 = CARTESIAN_POINT('',(8.5,-6.36776436283));
#1838 = CARTESIAN_POINT('',(8.447954782155,-6.36776436283));
#1839 = CARTESIAN_POINT('',(8.395888158062,-6.363316211779));
#1840 = CARTESIAN_POINT('',(8.34422285764,-6.354414284174));
#1841 = CARTESIAN_POINT('',(8.293302716934,-6.341216483091));
#1842 = CARTESIAN_POINT('',(8.243402765757,-6.323988956008));
#1843 = CARTESIAN_POINT('',(8.19473776335,-6.303062408886));
#1844 = CARTESIAN_POINT('',(8.147469182053,-6.278800018503));
#1845 = CARTESIAN_POINT('',(8.067287633302,-6.231097705303));
#1846 = CARTESIAN_POINT('',(8.033698688351,-6.208930385599));
#1847 = CARTESIAN_POINT('',(8.000969765384,-6.185217346778));
#1848 = CARTESIAN_POINT('',(7.969113363306,-6.160095579529));
#1849 = CARTESIAN_POINT('',(7.938130298686,-6.133693975075));
#1850 = CARTESIAN_POINT('',(7.908011485748,-6.106130597859));
#1851 = CARTESIAN_POINT('',(7.878739716362,-6.077509958231));
#1852 = CARTESIAN_POINT('',(7.800028685684,-5.995640897354));
#1853 = CARTESIAN_POINT('',(7.752364809864,-5.94036713448));
#1854 = CARTESIAN_POINT('',(7.70714688374,-5.882576323424));
#1855 = CARTESIAN_POINT('',(7.664232701486,-5.822667755574));
#1856 = CARTESIAN_POINT('',(7.623483617763,-5.760970829105));
#1857 = CARTESIAN_POINT('',(7.584760794785,-5.697749554199));
#1858 = CARTESIAN_POINT('',(7.547924858959,-5.633203421165));
#1859 = CARTESIAN_POINT('',(7.47052609954,-5.488184996338));
#1860 = CARTESIAN_POINT('',(7.430785320292,-5.407222051766));
#1861 = CARTESIAN_POINT('',(7.393390657515,-5.324849004203));
#1862 = CARTESIAN_POINT('',(7.358155473565,-5.241288431005));
#1863 = CARTESIAN_POINT('',(7.324918347164,-5.156720619387));
#1864 = CARTESIAN_POINT('',(7.29353393647,-5.071288917817));
#1865 = CARTESIAN_POINT('',(7.263868823076,-4.985102099811));
#1866 = CARTESIAN_POINT('',(7.196448376835,-4.776429609003));
#1867 = CARTESIAN_POINT('',(7.160250823959,-4.653328951199));
#1868 = CARTESIAN_POINT('',(7.126881882004,-4.529165557636));
#1869 = CARTESIAN_POINT('',(7.096076718094,-4.404127557998));
#1870 = CARTESIAN_POINT('',(7.067612432915,-4.278364869824));
#1871 = CARTESIAN_POINT('',(7.041294209579,-4.151994029035));
#1872 = CARTESIAN_POINT('',(7.016948641226,-4.025100401924));
#1873 = CARTESIAN_POINT('',(6.927175489883,-3.517484567958));
#1874 = CARTESIAN_POINT('',(6.87622284684,-3.133422766815));
#1875 = CARTESIAN_POINT('',(6.83746064321,-2.746990585287));
#1876 = CARTESIAN_POINT('',(6.80866506946,-2.359141257534));
#1877 = CARTESIAN_POINT('',(6.788080312017,-1.970558439131));
#1878 = CARTESIAN_POINT('',(6.774712300362,-1.58161428277));
#1879 = CARTESIAN_POINT('',(6.767992425583,-1.192435141606));
#1880 = CARTESIAN_POINT('',(6.76791065253,-0.452883141168));
#1881 = CARTESIAN_POINT('',(6.773260576878,-0.103074864978));
#1882 = CARTESIAN_POINT('',(6.783985281467,0.246564784034));
#1883 = CARTESIAN_POINT('',(6.800438591455,0.595908176211));
#1884 = CARTESIAN_POINT('',(6.823285555059,0.94469372233));
#1885 = CARTESIAN_POINT('',(6.853617373373,1.292507120536));
#1886 = CARTESIAN_POINT('',(6.892898546129,1.638786333349));
#1887 = CARTESIAN_POINT('',(6.963599571207,2.119142449883));
#1888 = CARTESIAN_POINT('',(6.985453447888,2.255136825441));
#1889 = CARTESIAN_POINT('',(7.009234103971,2.390688700382));
#1890 = CARTESIAN_POINT('',(7.035111091849,2.525724181887));
#1891 = CARTESIAN_POINT('',(7.063275974372,2.660142429619));
#1892 = CARTESIAN_POINT('',(7.093948622379,2.793813865405));
#1893 = CARTESIAN_POINT('',(7.127389918689,2.926576373541));
#1894 = CARTESIAN_POINT('',(7.21072372414,3.226901313901));
#1895 = CARTESIAN_POINT('',(7.262446931581,3.393201273234));
#1896 = CARTESIAN_POINT('',(7.319857586078,3.557295805255));
#1897 = CARTESIAN_POINT('',(7.383878698951,3.718728263003));
#1898 = CARTESIAN_POINT('',(7.455464681339,3.876532836008));
#1899 = CARTESIAN_POINT('',(7.535917568483,4.028969735286));
#1900 = CARTESIAN_POINT('',(7.626473061206,4.17382586202));
#1901 = CARTESIAN_POINT('',(7.764641916285,4.352735703696));
#1902 = CARTESIAN_POINT('',(7.801020729347,4.396671356919));
#1903 = CARTESIAN_POINT('',(7.838886720153,4.439105688233));
#1904 = CARTESIAN_POINT('',(7.878308925537,4.47983771458));
#1905 = CARTESIAN_POINT('',(7.919342232126,4.518620700687));
#1906 = CARTESIAN_POINT('',(7.962023476027,4.555166635715));
#1907 = CARTESIAN_POINT('',(8.006366183115,4.589152591417));
#1908 = CARTESIAN_POINT('',(8.102736460449,4.6542750933));
#1909 = CARTESIAN_POINT('',(8.155143317855,4.684863257456));
#1910 = CARTESIAN_POINT('',(8.209464370603,4.711455307137));
#1911 = CARTESIAN_POINT('',(8.265514641694,4.733508311805));
#1912 = CARTESIAN_POINT('',(8.323024002673,4.750505591152));
#1913 = CARTESIAN_POINT('',(8.381622875387,4.76201355691));
#1914 = CARTESIAN_POINT('',(8.440823961537,4.76776436283));
#1915 = CARTESIAN_POINT('',(8.5,4.76776436283));
#1916 = ( GEOMETRIC_REPRESENTATION_CONTEXT(2) 
PARAMETRIC_REPRESENTATION_CONTEXT() REPRESENTATION_CONTEXT('2D SPACE',''
  ) );
#1917 = ORIENTED_EDGE('',*,*,#528,.T.);
#1918 = ORIENTED_EDGE('',*,*,#1413,.F.);
#1919 = ORIENTED_EDGE('',*,*,#1920,.F.);
#1920 = EDGE_CURVE('',#1921,#1385,#1923,.T.);
#1921 = VERTEX_POINT('',#1922);
#1922 = CARTESIAN_POINT('',(1.986161212002,-5.161395160226,6.5));
#1923 = SURFACE_CURVE('',#1924,(#1955,#1989),.PCURVE_S1.);
#1924 = B_SPLINE_CURVE_WITH_KNOTS('',8,(#1925,#1926,#1927,#1928,#1929,
    #1930,#1931,#1932,#1933,#1934,#1935,#1936,#1937,#1938,#1939,#1940,
    #1941,#1942,#1943,#1944,#1945,#1946,#1947,#1948,#1949,#1950,#1951,
    #1952,#1953,#1954),.UNSPECIFIED.,.F.,.F.,(9,7,7,7,9),(0.,
    0.145395457837,0.733207288251,0.926240140397,1.),.UNSPECIFIED.);
#1925 = CARTESIAN_POINT('',(1.986161212002,-5.161395160226,6.5));
#1926 = CARTESIAN_POINT('',(1.94573960003,-5.161395160226,6.5));
#1927 = CARTESIAN_POINT('',(1.905281915397,-5.160379193886,
    6.500806748651));
#1928 = CARTESIAN_POINT('',(1.864813612471,-5.158377736881,6.50239601509
    ));
#1929 = CARTESIAN_POINT('',(1.82435821997,-5.155418219512,6.50474459394)
  );
#1930 = CARTESIAN_POINT('',(1.783937356676,-5.151525247296,
    6.507830277216));
#1931 = CARTESIAN_POINT('',(1.743570747158,-5.146720821559,
    6.511631826252));
#1932 = CARTESIAN_POINT('',(1.703276237493,-5.141024560018,
    6.516128943605));
#1933 = CARTESIAN_POINT('',(1.500521313859,-5.107889803644,
    6.542217119444));
#1934 = CARTESIAN_POINT('',(1.339516984157,-5.067051190225,
    6.574170530391));
#1935 = CARTESIAN_POINT('',(1.180946909604,-5.013090087648,
    6.615880923421));
#1936 = CARTESIAN_POINT('',(1.025695604865,-4.946551423175,
    6.666323349735));
#1937 = CARTESIAN_POINT('',(0.87455756538,-4.867805375555,6.724478651491
    ));
#1938 = CARTESIAN_POINT('',(0.728236568243,-4.777049423187,
    6.789352471481));
#1939 = CARTESIAN_POINT('',(0.587333091166,-4.674407425167,
    6.859933523825));
#1940 = CARTESIAN_POINT('',(0.408016914106,-4.522327680643,6.95992649584
    ));
#1941 = CARTESIAN_POINT('',(0.364338824795,-4.48346574342,6.985144736155
    ));
#1942 = CARTESIAN_POINT('',(0.321333159081,-4.443344403579,
    7.010822865642));
#1943 = CARTESIAN_POINT('',(0.279020890297,-4.401971181444,
    7.036920986829));
#1944 = CARTESIAN_POINT('',(0.237422138657,-4.359354541229,
    7.063398398336));
#1945 = CARTESIAN_POINT('',(0.196556050884,-4.315504169169,
    7.090213630398));
#1946 = CARTESIAN_POINT('',(0.156440679839,-4.270431251663,
    7.117324480401));
#1947 = CARTESIAN_POINT('',(0.102057654709,-4.206463729665,
    7.155143952221));
#1948 = CARTESIAN_POINT('',(8.713450869949E-02,-4.188602091763,
    7.165636760959));
#1949 = CARTESIAN_POINT('',(7.232436472634E-02,-4.170564555845,
    7.176164082684));
#1950 = CARTESIAN_POINT('',(5.762813101541E-02,-4.152351874936,
    7.186723515703));
#1951 = CARTESIAN_POINT('',(4.304668541215E-02,-4.133964838943,
    7.197312648576));
#1952 = CARTESIAN_POINT('',(2.858087538181E-02,-4.115404274656,
    7.207929060108));
#1953 = CARTESIAN_POINT('',(1.423151800946E-02,-4.096671045746,
    7.218570319356));
#1954 = CARTESIAN_POINT('',(-5.999999999531E-07,-4.077766052767,
    7.229233985624));
#1955 = PCURVE('',#545,#1956);
#1956 = DEFINITIONAL_REPRESENTATION('',(#1957),#1988);
#1957 = B_SPLINE_CURVE_WITH_KNOTS('',8,(#1958,#1959,#1960,#1961,#1962,
    #1963,#1964,#1965,#1966,#1967,#1968,#1969,#1970,#1971,#1972,#1973,
    #1974,#1975,#1976,#1977,#1978,#1979,#1980,#1981,#1982,#1983,#1984,
    #1985,#1986,#1987),.UNSPECIFIED.,.F.,.F.,(9,7,7,7,9),(0.,
    0.145395457837,0.733207288251,0.926240140397,1.),.UNSPECIFIED.);
#1958 = CARTESIAN_POINT('',(-3.519171648612,1.570796326795));
#1959 = CARTESIAN_POINT('',(-3.51810720008,1.552009171732));
#1960 = CARTESIAN_POINT('',(-3.516980874542,1.533383464907));
#1961 = CARTESIAN_POINT('',(-3.515795929305,1.514913374101));
#1962 = CARTESIAN_POINT('',(-3.514555293062,1.496593436757));
#1963 = CARTESIAN_POINT('',(-3.513261589688,1.478418464862));
#1964 = CARTESIAN_POINT('',(-3.51191716203,1.460383449824));
#1965 = CARTESIAN_POINT('',(-3.510524095704,1.442483467356));
#1966 = CARTESIAN_POINT('',(-3.50326313587,1.352872626768));
#1967 = CARTESIAN_POINT('',(-3.496681052015,1.283204235963));
#1968 = CARTESIAN_POINT('',(-3.489455751541,1.215307068599));
#1969 = CARTESIAN_POINT('',(-3.481653507509,1.149009393065));
#1970 = CARTESIAN_POINT('',(-3.473320125694,1.084203193202));
#1971 = CARTESIAN_POINT('',(-3.464482056025,1.020847920674));
#1972 = CARTESIAN_POINT('',(-3.455154191567,0.958938001134));
#1973 = CARTESIAN_POINT('',(-3.442117540633,0.878658568636));
#1974 = CARTESIAN_POINT('',(-3.438843262177,0.858977568251));
#1975 = CARTESIAN_POINT('',(-3.4355180311,0.839464496958));
#1976 = CARTESIAN_POINT('',(-3.432142350616,0.820123074283));
#1977 = CARTESIAN_POINT('',(-3.428716713735,0.800957675522));
#1978 = CARTESIAN_POINT('',(-3.425241621224,0.781973294463));
#1979 = CARTESIAN_POINT('',(-3.421717599564,0.763175506119));
#1980 = CARTESIAN_POINT('',(-3.416780175136,0.73746123623));
#1981 = CARTESIAN_POINT('',(-3.415408070153,0.730380177761));
#1982 = CARTESIAN_POINT('',(-3.414028935273,0.723327594866));
#1983 = CARTESIAN_POINT('',(-3.412642802668,0.716303837978));
#1984 = CARTESIAN_POINT('',(-3.411249705384,0.709309267141));
#1985 = CARTESIAN_POINT('',(-3.409849677339,0.702344252008));
#1986 = CARTESIAN_POINT('',(-3.408442753323,0.695409171843));
#1987 = CARTESIAN_POINT('',(-3.407028968995,0.688504415521));
#1988 = ( GEOMETRIC_REPRESENTATION_CONTEXT(2) 
PARAMETRIC_REPRESENTATION_CONTEXT() REPRESENTATION_CONTEXT('2D SPACE',''
  ) );
#1989 = PCURVE('',#1401,#1990);
#1990 = DEFINITIONAL_REPRESENTATION('',(#1991),#2022);
#1991 = B_SPLINE_CURVE_WITH_KNOTS('',8,(#1992,#1993,#1994,#1995,#1996,
    #1997,#1998,#1999,#2000,#2001,#2002,#2003,#2004,#2005,#2006,#2007,
    #2008,#2009,#2010,#2011,#2012,#2013,#2014,#2015,#2016,#2017,#2018,
    #2019,#2020,#2021),.UNSPECIFIED.,.F.,.F.,(9,7,7,7,9),(0.,
    0.145395457837,0.733207288251,0.926240140397,1.),.UNSPECIFIED.);
#1992 = CARTESIAN_POINT('',(-2.241905295338,-1.986161212002));
#1993 = CARTESIAN_POINT('',(-2.241905295338,-1.94573960003));
#1994 = CARTESIAN_POINT('',(-2.241748992171,-1.905281915397));
#1995 = CARTESIAN_POINT('',(-2.241441076527,-1.864813612471));
#1996 = CARTESIAN_POINT('',(-2.240985875342,-1.82435821997));
#1997 = CARTESIAN_POINT('',(-2.240387374168,-1.783937356676));
#1998 = CARTESIAN_POINT('',(-2.239649239548,-1.743570747158));
#1999 = CARTESIAN_POINT('',(-2.238774841396,-1.703276237493));
#2000 = CARTESIAN_POINT('',(-2.23369383838,-1.500521313859));
#2001 = CARTESIAN_POINT('',(-2.227446425794,-1.339516984157));
#2002 = CARTESIAN_POINT('',(-2.219229502034,-1.180946909605));
#2003 = CARTESIAN_POINT('',(-2.209170480232,-1.025695604864));
#2004 = CARTESIAN_POINT('',(-2.197378353756,-0.87455756538));
#2005 = CARTESIAN_POINT('',(-2.183940944101,-0.728236568243));
#2006 = CARTESIAN_POINT('',(-2.168936041767,-0.587333091166));
#2007 = CARTESIAN_POINT('',(-2.147007389878,-0.408016914106));
#2008 = CARTESIAN_POINT('',(-2.141425899839,-0.364338824795));
#2009 = CARTESIAN_POINT('',(-2.135686941942,-0.321333159081));
#2010 = CARTESIAN_POINT('',(-2.129793610395,-0.279020890297));
#2011 = CARTESIAN_POINT('',(-2.123749082436,-0.237422138657));
#2012 = CARTESIAN_POINT('',(-2.11755664061,-0.196556050884));
#2013 = CARTESIAN_POINT('',(-2.11121969505,-0.156440679839));
#2014 = CARTESIAN_POINT('',(-2.102266536904,-0.102057654709));
#2015 = CARTESIAN_POINT('',(-2.099770688208,-8.713450869949E-02));
#2016 = CARTESIAN_POINT('',(-2.097254457518,-7.232436472634E-02));
#2017 = CARTESIAN_POINT('',(-2.094718045472,-5.762813101541E-02));
#2018 = CARTESIAN_POINT('',(-2.092161655484,-4.304668541215E-02));
#2019 = CARTESIAN_POINT('',(-2.089585493746,-2.858087538181E-02));
#2020 = CARTESIAN_POINT('',(-2.086989769231,-1.423151800946E-02));
#2021 = CARTESIAN_POINT('',(-2.08437469369,5.999999999062E-07));
#2022 = ( GEOMETRIC_REPRESENTATION_CONTEXT(2) 
PARAMETRIC_REPRESENTATION_CONTEXT() REPRESENTATION_CONTEXT('2D SPACE',''
  ) );
#2023 = ORIENTED_EDGE('',*,*,#2024,.F.);
#2024 = EDGE_CURVE('',#2025,#1921,#2027,.T.);
#2025 = VERTEX_POINT('',#2026);
#2026 = CARTESIAN_POINT('',(1.022875832275,-0.8,6.5));
#2027 = SURFACE_CURVE('',#2028,(#2033,#2040),.PCURVE_S1.);
#2028 = CIRCLE('',#2029,14.);
#2029 = AXIS2_PLACEMENT_3D('',#2030,#2031,#2032);
#2030 = CARTESIAN_POINT('',(15.,0.,6.5));
#2031 = DIRECTION('',(0.,0.,1.));
#2032 = DIRECTION('',(1.,0.,0.));
#2033 = PCURVE('',#545,#2034);
#2034 = DEFINITIONAL_REPRESENTATION('',(#2035),#2039);
#2035 = LINE('',#2036,#2037);
#2036 = CARTESIAN_POINT('',(-0.,1.570796326795));
#2037 = VECTOR('',#2038,1.);
#2038 = DIRECTION('',(-1.,0.));
#2039 = ( GEOMETRIC_REPRESENTATION_CONTEXT(2) 
PARAMETRIC_REPRESENTATION_CONTEXT() REPRESENTATION_CONTEXT('2D SPACE',''
  ) );
#2040 = PCURVE('',#2041,#2046);
#2041 = PLANE('',#2042);
#2042 = AXIS2_PLACEMENT_3D('',#2043,#2044,#2045);
#2043 = CARTESIAN_POINT('',(15.,0.,6.5));
#2044 = DIRECTION('',(0.,0.,1.));
#2045 = DIRECTION('',(1.,0.,0.));
#2046 = DEFINITIONAL_REPRESENTATION('',(#2047),#2051);
#2047 = CIRCLE('',#2048,14.);
#2048 = AXIS2_PLACEMENT_2D('',#2049,#2050);
#2049 = CARTESIAN_POINT('',(0.,0.));
#2050 = DIRECTION('',(1.,0.));
#2051 = ( GEOMETRIC_REPRESENTATION_CONTEXT(2) 
PARAMETRIC_REPRESENTATION_CONTEXT() REPRESENTATION_CONTEXT('2D SPACE',''
  ) );
#2052 = ORIENTED_EDGE('',*,*,#2053,.F.);
#2053 = EDGE_CURVE('',#2054,#2025,#2056,.T.);
#2054 = VERTEX_POINT('',#2055);
#2055 = CARTESIAN_POINT('',(0.,-0.8,6.780433436587));
#2056 = SURFACE_CURVE('',#2057,(#2075,#2096),.PCURVE_S1.);
#2057 = B_SPLINE_CURVE_WITH_KNOTS('',6,(#2058,#2059,#2060,#2061,#2062,
    #2063,#2064,#2065,#2066,#2067,#2068,#2069,#2070,#2071,#2072,#2073,
    #2074),.UNSPECIFIED.,.F.,.F.,(7,5,5,7),(0.,0.387451904835,
    0.572450194877,1.),.UNSPECIFIED.);
#2058 = CARTESIAN_POINT('',(-0.979987484351,-0.8,8.5));
#2059 = CARTESIAN_POINT('',(-0.979987484351,-0.8,8.29702624196));
#2060 = CARTESIAN_POINT('',(-0.955237306384,-0.8,8.093996851896));
#2061 = CARTESIAN_POINT('',(-0.90571340132,-0.8,7.894809227443));
#2062 = CARTESIAN_POINT('',(-0.832254045449,-0.8,7.703150605464));
#2063 = CARTESIAN_POINT('',(-0.7362941891,-0.8,7.522516887757));
#2064 = CARTESIAN_POINT('',(-0.564604397468,-0.8,7.276609098841));
#2065 = CARTESIAN_POINT('',(-0.504495899399,-0.8,7.20036407066));
#2066 = CARTESIAN_POINT('',(-0.44000099335,-0.8,7.127681426738));
#2067 = CARTESIAN_POINT('',(-0.371386683322,-0.8,7.058872118949));
#2068 = CARTESIAN_POINT('',(-0.29894870384,-0.8,6.994219584181));
#2069 = CARTESIAN_POINT('',(-4.750954005659E-02,-0.8,6.794756433845));
#2070 = CARTESIAN_POINT('',(0.146760081282,-0.8,6.679040214439));
#2071 = CARTESIAN_POINT('',(0.3557008529,-0.8,6.59010977199));
#2072 = CARTESIAN_POINT('',(0.574690122397,-0.8,6.530021099835));
#2073 = CARTESIAN_POINT('',(0.798825814727,-0.8,6.5));
#2074 = CARTESIAN_POINT('',(1.022875832275,-0.8,6.5));
#2075 = PCURVE('',#545,#2076);
#2076 = DEFINITIONAL_REPRESENTATION('',(#2077),#2095);
#2077 = B_SPLINE_CURVE_WITH_KNOTS('',6,(#2078,#2079,#2080,#2081,#2082,
    #2083,#2084,#2085,#2086,#2087,#2088,#2089,#2090,#2091,#2092,#2093,
    #2094),.UNSPECIFIED.,.F.,.F.,(7,5,5,7),(0.,0.387451904835,
    0.572450194877,1.),.UNSPECIFIED.);
#2078 = CARTESIAN_POINT('',(-3.191613510396,0.));
#2079 = CARTESIAN_POINT('',(-3.191613510396,0.10148687902));
#2080 = CARTESIAN_POINT('',(-3.191690854174,0.203000981777));
#2081 = CARTESIAN_POINT('',(-3.19184561844,0.304479195016));
#2082 = CARTESIAN_POINT('',(-3.192076968684,0.405950067979));
#2083 = CARTESIAN_POINT('',(-3.192384016117,0.507442169459));
#2084 = CARTESIAN_POINT('',(-3.192945490229,0.657334552272));
#2085 = CARTESIAN_POINT('',(-3.193143605032,0.705772900602));
#2086 = CARTESIAN_POINT('',(-3.193358113489,0.754207315825));
#2087 = CARTESIAN_POINT('',(-3.193588694995,0.802638418427));
#2088 = CARTESIAN_POINT('',(-3.193834951205,0.851066893633));
#2089 = CARTESIAN_POINT('',(-3.19470056481,1.011404882033));
#2090 = CARTESIAN_POINT('',(-3.195386036384,1.123342146981));
#2091 = CARTESIAN_POINT('',(-3.196146229197,1.235210735294));
#2092 = CARTESIAN_POINT('',(-3.196972390905,1.347063743539));
#2093 = CARTESIAN_POINT('',(-3.197852164803,1.458954365543));
#2094 = CARTESIAN_POINT('',(-3.19876665467,1.570796326795));
#2095 = ( GEOMETRIC_REPRESENTATION_CONTEXT(2) 
PARAMETRIC_REPRESENTATION_CONTEXT() REPRESENTATION_CONTEXT('2D SPACE',''
  ) );
#2096 = PCURVE('',#202,#2097);
#2097 = DEFINITIONAL_REPRESENTATION('',(#2098),#2116);
#2098 = B_SPLINE_CURVE_WITH_KNOTS('',6,(#2099,#2100,#2101,#2102,#2103,
    #2104,#2105,#2106,#2107,#2108,#2109,#2110,#2111,#2112,#2113,#2114,
    #2115),.UNSPECIFIED.,.F.,.F.,(7,5,5,7),(0.,0.387451904835,
    0.572450194877,1.),.UNSPECIFIED.);
#2099 = CARTESIAN_POINT('',(8.5,-0.979987484351));
#2100 = CARTESIAN_POINT('',(8.29702624196,-0.979987484351));
#2101 = CARTESIAN_POINT('',(8.093996851896,-0.955237306384));
#2102 = CARTESIAN_POINT('',(7.894809227443,-0.90571340132));
#2103 = CARTESIAN_POINT('',(7.703150605464,-0.832254045449));
#2104 = CARTESIAN_POINT('',(7.522516887757,-0.7362941891));
#2105 = CARTESIAN_POINT('',(7.276609098841,-0.564604397468));
#2106 = CARTESIAN_POINT('',(7.20036407066,-0.504495899399));
#2107 = CARTESIAN_POINT('',(7.127681426738,-0.44000099335));
#2108 = CARTESIAN_POINT('',(7.058872118949,-0.371386683322));
#2109 = CARTESIAN_POINT('',(6.994219584181,-0.29894870384));
#2110 = CARTESIAN_POINT('',(6.794756433845,-4.750954005659E-02));
#2111 = CARTESIAN_POINT('',(6.679040214439,0.146760081282));
#2112 = CARTESIAN_POINT('',(6.59010977199,0.3557008529));
#2113 = CARTESIAN_POINT('',(6.530021099835,0.574690122397));
#2114 = CARTESIAN_POINT('',(6.5,0.798825814727));
#2115 = CARTESIAN_POINT('',(6.5,1.022875832275));
#2116 = ( GEOMETRIC_REPRESENTATION_CONTEXT(2) 
PARAMETRIC_REPRESENTATION_CONTEXT() REPRESENTATION_CONTEXT('2D SPACE',''
  ) );
#2117 = ORIENTED_EDGE('',*,*,#2118,.F.);
#2118 = EDGE_CURVE('',#2119,#2054,#2121,.T.);
#2119 = VERTEX_POINT('',#2120);
#2120 = CARTESIAN_POINT('',(0.,0.8,6.780433436587));
#2121 = SURFACE_CURVE('',#2122,(#2202,#2285),.PCURVE_S1.);
#2122 = B_SPLINE_CURVE_WITH_KNOTS('',8,(#2123,#2124,#2125,#2126,#2127,
    #2128,#2129,#2130,#2131,#2132,#2133,#2134,#2135,#2136,#2137,#2138,
    #2139,#2140,#2141,#2142,#2143,#2144,#2145,#2146,#2147,#2148,#2149,
    #2150,#2151,#2152,#2153,#2154,#2155,#2156,#2157,#2158,#2159,#2160,
    #2161,#2162,#2163,#2164,#2165,#2166,#2167,#2168,#2169,#2170,#2171,
    #2172,#2173,#2174,#2175,#2176,#2177,#2178,#2179,#2180,#2181,#2182,
    #2183,#2184,#2185,#2186,#2187,#2188,#2189,#2190,#2191,#2192,#2193,
    #2194,#2195,#2196,#2197,#2198,#2199,#2200,#2201),.UNSPECIFIED.,.F.,
  .F.,(9,7,7,7,7,7,7,7,7,7,7,9),(0.,3.663169316348E-02,
    6.418879832417E-02,0.112877020798,0.171594020753,0.253925184731,
    0.499732695784,0.720570390294,0.808137443992,0.920326921297,
    0.958346807375,1.),.UNSPECIFIED.);
#2123 = CARTESIAN_POINT('',(0.,5.56776436283,8.5));
#2124 = CARTESIAN_POINT('',(0.,5.56776436283,8.447954782155));
#2125 = CARTESIAN_POINT('',(0.,5.563316211779,8.395888158062));
#2126 = CARTESIAN_POINT('',(0.,5.554414284174,8.34422285764));
#2127 = CARTESIAN_POINT('',(0.,5.541216483091,8.293302716934));
#2128 = CARTESIAN_POINT('',(0.,5.523988956008,8.243402765757));
#2129 = CARTESIAN_POINT('',(0.,5.503062408886,8.19473776335));
#2130 = CARTESIAN_POINT('',(0.,5.478800018503,8.147469182053));
#2131 = CARTESIAN_POINT('',(0.,5.431097705303,8.067287633302));
#2132 = CARTESIAN_POINT('',(0.,5.408930385599,8.033698688351));
#2133 = CARTESIAN_POINT('',(0.,5.385217346778,8.000969765384));
#2134 = CARTESIAN_POINT('',(0.,5.360095579529,7.969113363306));
#2135 = CARTESIAN_POINT('',(0.,5.333693975075,7.938130298686));
#2136 = CARTESIAN_POINT('',(0.,5.306130597859,7.908011485748));
#2137 = CARTESIAN_POINT('',(0.,5.277509958231,7.878739716362));
#2138 = CARTESIAN_POINT('',(0.,5.195640897354,7.800028685684));
#2139 = CARTESIAN_POINT('',(0.,5.14036713448,7.752364809864));
#2140 = CARTESIAN_POINT('',(0.,5.082576323424,7.70714688374));
#2141 = CARTESIAN_POINT('',(0.,5.022667755574,7.664232701486));
#2142 = CARTESIAN_POINT('',(0.,4.960970829105,7.623483617763));
#2143 = CARTESIAN_POINT('',(0.,4.897749554199,7.584760794785));
#2144 = CARTESIAN_POINT('',(0.,4.833203421165,7.547924858959));
#2145 = CARTESIAN_POINT('',(0.,4.688184996338,7.47052609954));
#2146 = CARTESIAN_POINT('',(0.,4.607222051766,7.430785320292));
#2147 = CARTESIAN_POINT('',(0.,4.524849004203,7.393390657515));
#2148 = CARTESIAN_POINT('',(0.,4.441288431005,7.358155473565));
#2149 = CARTESIAN_POINT('',(0.,4.356720619387,7.324918347164));
#2150 = CARTESIAN_POINT('',(0.,4.271288917817,7.29353393647));
#2151 = CARTESIAN_POINT('',(0.,4.185102099811,7.263868823076));
#2152 = CARTESIAN_POINT('',(0.,3.976429609003,7.196448376835));
#2153 = CARTESIAN_POINT('',(0.,3.853328951199,7.160250823959));
#2154 = CARTESIAN_POINT('',(0.,3.729165557636,7.126881882004));
#2155 = CARTESIAN_POINT('',(0.,3.604127557998,7.096076718094));
#2156 = CARTESIAN_POINT('',(0.,3.478364869824,7.067612432915));
#2157 = CARTESIAN_POINT('',(0.,3.351994029035,7.041294209579));
#2158 = CARTESIAN_POINT('',(0.,3.225100401924,7.016948641226));
#2159 = CARTESIAN_POINT('',(0.,2.717484567958,6.927175489883));
#2160 = CARTESIAN_POINT('',(0.,2.333422766815,6.87622284684));
#2161 = CARTESIAN_POINT('',(0.,1.946990585287,6.83746064321));
#2162 = CARTESIAN_POINT('',(0.,1.559141257534,6.80866506946));
#2163 = CARTESIAN_POINT('',(0.,1.170558439131,6.788080312017));
#2164 = CARTESIAN_POINT('',(0.,0.78161428277,6.774712300362));
#2165 = CARTESIAN_POINT('',(0.,0.392435141606,6.767992425583));
#2166 = CARTESIAN_POINT('',(0.,-0.347116858832,6.76791065253));
#2167 = CARTESIAN_POINT('',(0.,-0.696925135022,6.773260576878));
#2168 = CARTESIAN_POINT('',(0.,-1.046564784034,6.783985281467));
#2169 = CARTESIAN_POINT('',(0.,-1.395908176211,6.800438591455));
#2170 = CARTESIAN_POINT('',(0.,-1.74469372233,6.823285555059));
#2171 = CARTESIAN_POINT('',(0.,-2.092507120536,6.853617373373));
#2172 = CARTESIAN_POINT('',(0.,-2.438786333349,6.892898546129));
#2173 = CARTESIAN_POINT('',(0.,-2.919142449883,6.963599571207));
#2174 = CARTESIAN_POINT('',(0.,-3.055136825441,6.985453447888));
#2175 = CARTESIAN_POINT('',(0.,-3.190688700382,7.009234103971));
#2176 = CARTESIAN_POINT('',(0.,-3.325724181887,7.035111091849));
#2177 = CARTESIAN_POINT('',(0.,-3.460142429619,7.063275974372));
#2178 = CARTESIAN_POINT('',(0.,-3.593813865405,7.093948622379));
#2179 = CARTESIAN_POINT('',(0.,-3.726576373541,7.127389918689));
#2180 = CARTESIAN_POINT('',(0.,-4.026901313901,7.21072372414));
#2181 = CARTESIAN_POINT('',(0.,-4.193201273234,7.262446931581));
#2182 = CARTESIAN_POINT('',(0.,-4.357295805255,7.319857586078));
#2183 = CARTESIAN_POINT('',(0.,-4.518728263003,7.383878698951));
#2184 = CARTESIAN_POINT('',(0.,-4.676532836008,7.455464681339));
#2185 = CARTESIAN_POINT('',(0.,-4.828969735286,7.535917568483));
#2186 = CARTESIAN_POINT('',(0.,-4.97382586202,7.626473061206));
#2187 = CARTESIAN_POINT('',(0.,-5.152735703696,7.764641916285));
#2188 = CARTESIAN_POINT('',(0.,-5.196671356919,7.801020729347));
#2189 = CARTESIAN_POINT('',(0.,-5.239105688233,7.838886720153));
#2190 = CARTESIAN_POINT('',(0.,-5.27983771458,7.878308925537));
#2191 = CARTESIAN_POINT('',(0.,-5.318620700687,7.919342232126));
#2192 = CARTESIAN_POINT('',(0.,-5.355166635715,7.962023476027));
#2193 = CARTESIAN_POINT('',(0.,-5.389152591417,8.006366183115));
#2194 = CARTESIAN_POINT('',(0.,-5.4542750933,8.102736460449));
#2195 = CARTESIAN_POINT('',(0.,-5.484863257456,8.155143317855));
#2196 = CARTESIAN_POINT('',(0.,-5.511455307137,8.209464370603));
#2197 = CARTESIAN_POINT('',(0.,-5.533508311805,8.265514641694));
#2198 = CARTESIAN_POINT('',(0.,-5.550505591152,8.323024002673));
#2199 = CARTESIAN_POINT('',(0.,-5.56201355691,8.381622875387));
#2200 = CARTESIAN_POINT('',(0.,-5.56776436283,8.440823961537));
#2201 = CARTESIAN_POINT('',(0.,-5.56776436283,8.5));
#2202 = PCURVE('',#545,#2203);
#2203 = DEFINITIONAL_REPRESENTATION('',(#2204),#2284);
#2204 = B_SPLINE_CURVE_WITH_KNOTS('',8,(#2205,#2206,#2207,#2208,#2209,
    #2210,#2211,#2212,#2213,#2214,#2215,#2216,#2217,#2218,#2219,#2220,
    #2221,#2222,#2223,#2224,#2225,#2226,#2227,#2228,#2229,#2230,#2231,
    #2232,#2233,#2234,#2235,#2236,#2237,#2238,#2239,#2240,#2241,#2242,
    #2243,#2244,#2245,#2246,#2247,#2248,#2249,#2250,#2251,#2252,#2253,
    #2254,#2255,#2256,#2257,#2258,#2259,#2260,#2261,#2262,#2263,#2264,
    #2265,#2266,#2267,#2268,#2269,#2270,#2271,#2272,#2273,#2274,#2275,
    #2276,#2277,#2278,#2279,#2280,#2281,#2282,#2283),.UNSPECIFIED.,.F.,
  .F.,(9,7,7,7,7,7,7,7,7,7,7,9),(0.,3.663169316348E-02,
    6.418879832417E-02,0.112877020798,0.171594020753,0.253925184731,
    0.499732695784,0.720570390294,0.808137443992,0.920326921297,
    0.958346807375,1.),.UNSPECIFIED.);
#2205 = CARTESIAN_POINT('',(-2.7861714519,0.));
#2206 = CARTESIAN_POINT('',(-2.7861714519,2.602260892273E-02));
#2207 = CARTESIAN_POINT('',(-2.786432088374,5.205590118869E-02));
#2208 = CARTESIAN_POINT('',(-2.786953678579,7.791545386826E-02));
#2209 = CARTESIAN_POINT('',(-2.787727274831,0.103456149545));
#2210 = CARTESIAN_POINT('',(-2.78873783478,0.12856350447));
#2211 = CARTESIAN_POINT('',(-2.789966692414,0.153147388081));
#2212 = CARTESIAN_POINT('',(-2.791393329773,0.177138133871));
#2213 = CARTESIAN_POINT('',(-2.794202436108,0.218048335508));
#2214 = CARTESIAN_POINT('',(-2.795509037565,0.235257712306));
#2215 = CARTESIAN_POINT('',(-2.796908220992,0.252103143472));
#2216 = CARTESIAN_POINT('',(-2.798392251302,0.2685799027));
#2217 = CARTESIAN_POINT('',(-2.799953848194,0.284687965481));
#2218 = CARTESIAN_POINT('',(-2.801586343258,0.30043140865));
#2219 = CARTESIAN_POINT('',(-2.803283837088,0.315817809936));
#2220 = CARTESIAN_POINT('',(-2.808146562471,0.357430212154));
#2221 = CARTESIAN_POINT('',(-2.811437333834,0.382905999301));
#2222 = CARTESIAN_POINT('',(-2.814886809577,0.407354415103));
#2223 = CARTESIAN_POINT('',(-2.818472456651,0.430835225022));
#2224 = CARTESIAN_POINT('',(-2.82217560694,0.453404295433));
#2225 = CARTESIAN_POINT('',(-2.825981238812,0.475117195956));
#2226 = CARTESIAN_POINT('',(-2.829878003135,0.496030662554));
#2227 = CARTESIAN_POINT('',(-2.838658884016,0.540528046719));
#2228 = CARTESIAN_POINT('',(-2.84357793952,0.563759255776));
#2229 = CARTESIAN_POINT('',(-2.848600126342,0.585986995259));
#2230 = CARTESIAN_POINT('',(-2.853712640097,0.607283051751));
#2231 = CARTESIAN_POINT('',(-2.858904973403,0.627707336294));
#2232 = CARTESIAN_POINT('',(-2.864168660785,0.647312982524));
#2233 = CARTESIAN_POINT('',(-2.869497201017,0.666148758346));
#2234 = CARTESIAN_POINT('',(-2.882442384472,0.709652119884));
#2235 = CARTESIAN_POINT('',(-2.890114699818,0.733609863074));
#2236 = CARTESIAN_POINT('',(-2.897888906505,0.756249728897));
#2237 = CARTESIAN_POINT('',(-2.905753140511,0.777660624778));
#2238 = CARTESIAN_POINT('',(-2.913697530833,0.797913508215));
#2239 = CARTESIAN_POINT('',(-2.921714005671,0.817068480995));
#2240 = CARTESIAN_POINT('',(-2.929796244212,0.835178126821));
#2241 = CARTESIAN_POINT('',(-2.962253055837,0.903367534144));
#2242 = CARTESIAN_POINT('',(-2.987088896578,0.945479737461));
#2243 = CARTESIAN_POINT('',(-3.012326910724,0.979852322659));
#2244 = CARTESIAN_POINT('',(-3.037864752989,1.006927058202));
#2245 = CARTESIAN_POINT('',(-3.063609704293,1.027065984565));
#2246 = CARTESIAN_POINT('',(-3.089485329989,1.040435062918));
#2247 = CARTESIAN_POINT('',(-3.115430311771,1.047154318057));
#2248 = CARTESIAN_POINT('',(-3.164733776658,1.047236091087));
#2249 = CARTESIAN_POINT('',(-3.188054566314,1.041886335853));
#2250 = CARTESIAN_POINT('',(-3.211325636725,1.031159353587));
#2251 = CARTESIAN_POINT('',(-3.234499942093,1.014985471833));
#2252 = CARTESIAN_POINT('',(-3.257522416594,0.993249996244));
#2253 = CARTESIAN_POINT('',(-3.280330390399,0.965741433442));
#2254 = CARTESIAN_POINT('',(-3.302855975069,0.932163859301));
#2255 = CARTESIAN_POINT('',(-3.333814241296,0.875870552529));
#2256 = CARTESIAN_POINT('',(-3.342546120877,0.858832039731));
#2257 = CARTESIAN_POINT('',(-3.351215193682,0.840698389363));
#2258 = CARTESIAN_POINT('',(-3.359815344885,0.821421564605));
#2259 = CARTESIAN_POINT('',(-3.368338959961,0.800946031309));
#2260 = CARTESIAN_POINT('',(-3.37677689543,0.779205667451));
#2261 = CARTESIAN_POINT('',(-3.385118341057,0.756117335032));
#2262 = CARTESIAN_POINT('',(-3.403897575067,0.700122897977));
#2263 = CARTESIAN_POINT('',(-3.414230868475,0.666383443718));
#2264 = CARTESIAN_POINT('',(-3.424361185654,0.630047217259));
#2265 = CARTESIAN_POINT('',(-3.434260521917,0.59076150774));
#2266 = CARTESIAN_POINT('',(-3.443870740605,0.548191291242));
#2267 = CARTESIAN_POINT('',(-3.453090153192,0.501853006645));
#2268 = CARTESIAN_POINT('',(-3.461793525117,0.451298839656));
#2269 = CARTESIAN_POINT('',(-3.472481683715,0.376438782679));
#2270 = CARTESIAN_POINT('',(-3.475100724019,0.356899952014));
#2271 = CARTESIAN_POINT('',(-3.4776249346,0.336734932624));
#2272 = CARTESIAN_POINT('',(-3.480042953215,0.31591441902));
#2273 = CARTESIAN_POINT('',(-3.482340823322,0.294415448375));
#2274 = CARTESIAN_POINT('',(-3.48450227873,0.272222250622));
#2275 = CARTESIAN_POINT('',(-3.486509107114,0.249327684005));
#2276 = CARTESIAN_POINT('',(-3.490349196042,0.199888257358));
#2277 = CARTESIAN_POINT('',(-3.492149569107,0.173178133434));
#2278 = CARTESIAN_POINT('',(-3.493712125721,0.145655315447));
#2279 = CARTESIAN_POINT('',(-3.495006190496,0.117400713497));
#2280 = CARTESIAN_POINT('',(-3.496002609513,8.852755776488E-02));
#2281 = CARTESIAN_POINT('',(-3.496676888081,5.918850627252E-02));
#2282 = CARTESIAN_POINT('',(-3.49701385528,2.958801923132E-02));
#2283 = CARTESIAN_POINT('',(-3.49701385528,0.));
#2284 = ( GEOMETRIC_REPRESENTATION_CONTEXT(2) 
PARAMETRIC_REPRESENTATION_CONTEXT() REPRESENTATION_CONTEXT('2D SPACE',''
  ) );
#2285 = PCURVE('',#2286,#2291);
#2286 = PLANE('',#2287);
#2287 = AXIS2_PLACEMENT_3D('',#2288,#2289,#2290);
#2288 = CARTESIAN_POINT('',(0.,-0.8,0.));
#2289 = DIRECTION('',(1.,0.,-0.));
#2290 = DIRECTION('',(0.,0.,1.));
#2291 = DEFINITIONAL_REPRESENTATION('',(#2292),#2372);
#2292 = B_SPLINE_CURVE_WITH_KNOTS('',8,(#2293,#2294,#2295,#2296,#2297,
    #2298,#2299,#2300,#2301,#2302,#2303,#2304,#2305,#2306,#2307,#2308,
    #2309,#2310,#2311,#2312,#2313,#2314,#2315,#2316,#2317,#2318,#2319,
    #2320,#2321,#2322,#2323,#2324,#2325,#2326,#2327,#2328,#2329,#2330,
    #2331,#2332,#2333,#2334,#2335,#2336,#2337,#2338,#2339,#2340,#2341,
    #2342,#2343,#2344,#2345,#2346,#2347,#2348,#2349,#2350,#2351,#2352,
    #2353,#2354,#2355,#2356,#2357,#2358,#2359,#2360,#2361,#2362,#2363,
    #2364,#2365,#2366,#2367,#2368,#2369,#2370,#2371),.UNSPECIFIED.,.F.,
  .F.,(9,7,7,7,7,7,7,7,7,7,7,9),(0.,3.663169316348E-02,
    6.418879832417E-02,0.112877020798,0.171594020753,0.253925184731,
    0.499732695784,0.720570390294,0.808137443992,0.920326921297,
    0.958346807375,1.),.UNSPECIFIED.);
#2293 = CARTESIAN_POINT('',(8.5,-6.36776436283));
#2294 = CARTESIAN_POINT('',(8.447954782155,-6.36776436283));
#2295 = CARTESIAN_POINT('',(8.395888158062,-6.363316211779));
#2296 = CARTESIAN_POINT('',(8.34422285764,-6.354414284174));
#2297 = CARTESIAN_POINT('',(8.293302716934,-6.341216483091));
#2298 = CARTESIAN_POINT('',(8.243402765757,-6.323988956008));
#2299 = CARTESIAN_POINT('',(8.19473776335,-6.303062408886));
#2300 = CARTESIAN_POINT('',(8.147469182053,-6.278800018503));
#2301 = CARTESIAN_POINT('',(8.067287633302,-6.231097705303));
#2302 = CARTESIAN_POINT('',(8.033698688351,-6.208930385599));
#2303 = CARTESIAN_POINT('',(8.000969765384,-6.185217346778));
#2304 = CARTESIAN_POINT('',(7.969113363306,-6.160095579529));
#2305 = CARTESIAN_POINT('',(7.938130298686,-6.133693975075));
#2306 = CARTESIAN_POINT('',(7.908011485748,-6.106130597859));
#2307 = CARTESIAN_POINT('',(7.878739716362,-6.077509958231));
#2308 = CARTESIAN_POINT('',(7.800028685684,-5.995640897354));
#2309 = CARTESIAN_POINT('',(7.752364809864,-5.94036713448));
#2310 = CARTESIAN_POINT('',(7.70714688374,-5.882576323424));
#2311 = CARTESIAN_POINT('',(7.664232701486,-5.822667755574));
#2312 = CARTESIAN_POINT('',(7.623483617763,-5.760970829105));
#2313 = CARTESIAN_POINT('',(7.584760794785,-5.697749554199));
#2314 = CARTESIAN_POINT('',(7.547924858959,-5.633203421165));
#2315 = CARTESIAN_POINT('',(7.47052609954,-5.488184996338));
#2316 = CARTESIAN_POINT('',(7.430785320292,-5.407222051766));
#2317 = CARTESIAN_POINT('',(7.393390657515,-5.324849004203));
#2318 = CARTESIAN_POINT('',(7.358155473565,-5.241288431005));
#2319 = CARTESIAN_POINT('',(7.324918347164,-5.156720619387));
#2320 = CARTESIAN_POINT('',(7.29353393647,-5.071288917817));
#2321 = CARTESIAN_POINT('',(7.263868823076,-4.985102099811));
#2322 = CARTESIAN_POINT('',(7.196448376835,-4.776429609003));
#2323 = CARTESIAN_POINT('',(7.160250823959,-4.653328951199));
#2324 = CARTESIAN_POINT('',(7.126881882004,-4.529165557636));
#2325 = CARTESIAN_POINT('',(7.096076718094,-4.404127557998));
#2326 = CARTESIAN_POINT('',(7.067612432915,-4.278364869824));
#2327 = CARTESIAN_POINT('',(7.041294209579,-4.151994029035));
#2328 = CARTESIAN_POINT('',(7.016948641226,-4.025100401924));
#2329 = CARTESIAN_POINT('',(6.927175489883,-3.517484567958));
#2330 = CARTESIAN_POINT('',(6.87622284684,-3.133422766815));
#2331 = CARTESIAN_POINT('',(6.83746064321,-2.746990585287));
#2332 = CARTESIAN_POINT('',(6.80866506946,-2.359141257534));
#2333 = CARTESIAN_POINT('',(6.788080312017,-1.970558439131));
#2334 = CARTESIAN_POINT('',(6.774712300362,-1.58161428277));
#2335 = CARTESIAN_POINT('',(6.767992425583,-1.192435141606));
#2336 = CARTESIAN_POINT('',(6.76791065253,-0.452883141168));
#2337 = CARTESIAN_POINT('',(6.773260576878,-0.103074864978));
#2338 = CARTESIAN_POINT('',(6.783985281467,0.246564784034));
#2339 = CARTESIAN_POINT('',(6.800438591455,0.595908176211));
#2340 = CARTESIAN_POINT('',(6.823285555059,0.94469372233));
#2341 = CARTESIAN_POINT('',(6.853617373373,1.292507120536));
#2342 = CARTESIAN_POINT('',(6.892898546129,1.638786333349));
#2343 = CARTESIAN_POINT('',(6.963599571207,2.119142449883));
#2344 = CARTESIAN_POINT('',(6.985453447888,2.255136825441));
#2345 = CARTESIAN_POINT('',(7.009234103971,2.390688700382));
#2346 = CARTESIAN_POINT('',(7.035111091849,2.525724181887));
#2347 = CARTESIAN_POINT('',(7.063275974372,2.660142429619));
#2348 = CARTESIAN_POINT('',(7.093948622379,2.793813865405));
#2349 = CARTESIAN_POINT('',(7.127389918689,2.926576373541));
#2350 = CARTESIAN_POINT('',(7.21072372414,3.226901313901));
#2351 = CARTESIAN_POINT('',(7.262446931581,3.393201273234));
#2352 = CARTESIAN_POINT('',(7.319857586078,3.557295805255));
#2353 = CARTESIAN_POINT('',(7.383878698951,3.718728263003));
#2354 = CARTESIAN_POINT('',(7.455464681339,3.876532836008));
#2355 = CARTESIAN_POINT('',(7.535917568483,4.028969735286));
#2356 = CARTESIAN_POINT('',(7.626473061206,4.17382586202));
#2357 = CARTESIAN_POINT('',(7.764641916285,4.352735703696));
#2358 = CARTESIAN_POINT('',(7.801020729347,4.396671356919));
#2359 = CARTESIAN_POINT('',(7.838886720153,4.439105688233));
#2360 = CARTESIAN_POINT('',(7.878308925537,4.47983771458));
#2361 = CARTESIAN_POINT('',(7.919342232126,4.518620700687));
#2362 = CARTESIAN_POINT('',(7.962023476027,4.555166635715));
#2363 = CARTESIAN_POINT('',(8.006366183115,4.589152591417));
#2364 = CARTESIAN_POINT('',(8.102736460449,4.6542750933));
#2365 = CARTESIAN_POINT('',(8.155143317855,4.684863257456));
#2366 = CARTESIAN_POINT('',(8.209464370603,4.711455307137));
#2367 = CARTESIAN_POINT('',(8.265514641694,4.733508311805));
#2368 = CARTESIAN_POINT('',(8.323024002673,4.750505591152));
#2369 = CARTESIAN_POINT('',(8.381622875387,4.76201355691));
#2370 = CARTESIAN_POINT('',(8.440823961537,4.76776436283));
#2371 = CARTESIAN_POINT('',(8.5,4.76776436283));
#2372 = ( GEOMETRIC_REPRESENTATION_CONTEXT(2) 
PARAMETRIC_REPRESENTATION_CONTEXT() REPRESENTATION_CONTEXT('2D SPACE',''
  ) );
#2373 = ORIENTED_EDGE('',*,*,#2374,.T.);
#2374 = EDGE_CURVE('',#2119,#2375,#2377,.T.);
#2375 = VERTEX_POINT('',#2376);
#2376 = CARTESIAN_POINT('',(1.022875832275,0.8,6.5));
#2377 = SURFACE_CURVE('',#2378,(#2396,#2417),.PCURVE_S1.);
#2378 = B_SPLINE_CURVE_WITH_KNOTS('',6,(#2379,#2380,#2381,#2382,#2383,
    #2384,#2385,#2386,#2387,#2388,#2389,#2390,#2391,#2392,#2393,#2394,
    #2395),.UNSPECIFIED.,.F.,.F.,(7,5,5,7),(0.,0.387451904764,
    0.572450194806,1.),.UNSPECIFIED.);
#2379 = CARTESIAN_POINT('',(-0.979987484351,0.8,8.5));
#2380 = CARTESIAN_POINT('',(-0.979987484351,0.8,8.297026241997));
#2381 = CARTESIAN_POINT('',(-0.955237306393,0.8,8.093996851971));
#2382 = CARTESIAN_POINT('',(-0.905713401347,0.8,7.894809227551));
#2383 = CARTESIAN_POINT('',(-0.832254045502,0.8,7.703150605605));
#2384 = CARTESIAN_POINT('',(-0.736294189187,0.8,7.522516887922));
#2385 = CARTESIAN_POINT('',(-0.564604397604,0.8,7.276609099017));
#2386 = CARTESIAN_POINT('',(-0.504495899544,0.8,7.200364070829));
#2387 = CARTESIAN_POINT('',(-0.440000993503,0.8,7.1276814269));
#2388 = CARTESIAN_POINT('',(-0.371386683482,0.8,7.058872119103));
#2389 = CARTESIAN_POINT('',(-0.298948704007,0.8,6.994219584327));
#2390 = CARTESIAN_POINT('',(-4.750954021723E-02,0.8,6.794756433941));
#2391 = CARTESIAN_POINT('',(0.146760081144,0.8,6.679040214498));
#2392 = CARTESIAN_POINT('',(0.355700852791,0.8,6.59010977202));
#2393 = CARTESIAN_POINT('',(0.574690122323,0.8,6.530021099845));
#2394 = CARTESIAN_POINT('',(0.79882581469,0.8,6.5));
#2395 = CARTESIAN_POINT('',(1.022875832275,0.8,6.5));
#2396 = PCURVE('',#545,#2397);
#2397 = DEFINITIONAL_REPRESENTATION('',(#2398),#2416);
#2398 = B_SPLINE_CURVE_WITH_KNOTS('',6,(#2399,#2400,#2401,#2402,#2403,
    #2404,#2405,#2406,#2407,#2408,#2409,#2410,#2411,#2412,#2413,#2414,
    #2415),.UNSPECIFIED.,.F.,.F.,(7,5,5,7),(0.,0.387451904764,
    0.572450194806,1.),.UNSPECIFIED.);
#2399 = CARTESIAN_POINT('',(-3.091571796784,0.));
#2400 = CARTESIAN_POINT('',(-3.091571796784,0.101486879002));
#2401 = CARTESIAN_POINT('',(-3.091494453005,0.20300098174));
#2402 = CARTESIAN_POINT('',(-3.09133968874,0.304479194961));
#2403 = CARTESIAN_POINT('',(-3.091108338496,0.405950067905));
#2404 = CARTESIAN_POINT('',(-3.090801291063,0.507442169367));
#2405 = CARTESIAN_POINT('',(-3.090239816951,0.657334552161));
#2406 = CARTESIAN_POINT('',(-3.090041702148,0.705772900491));
#2407 = CARTESIAN_POINT('',(-3.089827193691,0.754207315714));
#2408 = CARTESIAN_POINT('',(-3.089596612185,0.802638418316));
#2409 = CARTESIAN_POINT('',(-3.089350355975,0.851066893522));
#2410 = CARTESIAN_POINT('',(-3.08848474237,1.01140488194));
#2411 = CARTESIAN_POINT('',(-3.087799270796,1.123342146908));
#2412 = CARTESIAN_POINT('',(-3.087039077983,1.235210735238));
#2413 = CARTESIAN_POINT('',(-3.086212916275,1.347063743503));
#2414 = CARTESIAN_POINT('',(-3.085333142377,1.458954365525));
#2415 = CARTESIAN_POINT('',(-3.084418652509,1.570796326795));
#2416 = ( GEOMETRIC_REPRESENTATION_CONTEXT(2) 
PARAMETRIC_REPRESENTATION_CONTEXT() REPRESENTATION_CONTEXT('2D SPACE',''
  ) );
#2417 = PCURVE('',#332,#2418);
#2418 = DEFINITIONAL_REPRESENTATION('',(#2419),#2437);
#2419 = B_SPLINE_CURVE_WITH_KNOTS('',6,(#2420,#2421,#2422,#2423,#2424,
    #2425,#2426,#2427,#2428,#2429,#2430,#2431,#2432,#2433,#2434,#2435,
    #2436),.UNSPECIFIED.,.F.,.F.,(7,5,5,7),(0.,0.387451904764,
    0.572450194806,1.),.UNSPECIFIED.);
#2420 = CARTESIAN_POINT('',(8.5,-0.979987484351));
#2421 = CARTESIAN_POINT('',(8.297026241997,-0.979987484351));
#2422 = CARTESIAN_POINT('',(8.093996851971,-0.955237306393));
#2423 = CARTESIAN_POINT('',(7.894809227551,-0.905713401347));
#2424 = CARTESIAN_POINT('',(7.703150605605,-0.832254045502));
#2425 = CARTESIAN_POINT('',(7.522516887922,-0.736294189187));
#2426 = CARTESIAN_POINT('',(7.276609099017,-0.564604397604));
#2427 = CARTESIAN_POINT('',(7.200364070829,-0.504495899544));
#2428 = CARTESIAN_POINT('',(7.1276814269,-0.440000993503));
#2429 = CARTESIAN_POINT('',(7.058872119103,-0.371386683482));
#2430 = CARTESIAN_POINT('',(6.994219584327,-0.298948704007));
#2431 = CARTESIAN_POINT('',(6.794756433941,-4.750954021723E-02));
#2432 = CARTESIAN_POINT('',(6.679040214498,0.146760081144));
#2433 = CARTESIAN_POINT('',(6.59010977202,0.355700852791));
#2434 = CARTESIAN_POINT('',(6.530021099845,0.574690122323));
#2435 = CARTESIAN_POINT('',(6.5,0.79882581469));
#2436 = CARTESIAN_POINT('',(6.5,1.022875832275));
#2437 = ( GEOMETRIC_REPRESENTATION_CONTEXT(2) 
PARAMETRIC_REPRESENTATION_CONTEXT() REPRESENTATION_CONTEXT('2D SPACE',''
  ) );
#2438 = ORIENTED_EDGE('',*,*,#2439,.F.);
#2439 = EDGE_CURVE('',#2440,#2375,#2442,.T.);
#2440 = VERTEX_POINT('',#2441);
#2441 = CARTESIAN_POINT('',(1.986161212002,5.161395160226,6.5));
#2442 = SURFACE_CURVE('',#2443,(#2448,#2455),.PCURVE_S1.);
#2443 = CIRCLE('',#2444,14.);
#2444 = AXIS2_PLACEMENT_3D('',#2445,#2446,#2447);
#2445 = CARTESIAN_POINT('',(15.,0.,6.5));
#2446 = DIRECTION('',(0.,0.,1.));
#2447 = DIRECTION('',(1.,0.,0.));
#2448 = PCURVE('',#545,#2449);
#2449 = DEFINITIONAL_REPRESENTATION('',(#2450),#2454);
#2450 = LINE('',#2451,#2452);
#2451 = CARTESIAN_POINT('',(-0.,1.570796326795));
#2452 = VECTOR('',#2453,1.);
#2453 = DIRECTION('',(-1.,0.));
#2454 = ( GEOMETRIC_REPRESENTATION_CONTEXT(2) 
PARAMETRIC_REPRESENTATION_CONTEXT() REPRESENTATION_CONTEXT('2D SPACE',''
  ) );
#2455 = PCURVE('',#2456,#2461);
#2456 = PLANE('',#2457);
#2457 = AXIS2_PLACEMENT_3D('',#2458,#2459,#2460);
#2458 = CARTESIAN_POINT('',(15.,0.,6.5));
#2459 = DIRECTION('',(0.,0.,1.));
#2460 = DIRECTION('',(1.,0.,0.));
#2461 = DEFINITIONAL_REPRESENTATION('',(#2462),#2466);
#2462 = CIRCLE('',#2463,14.);
#2463 = AXIS2_PLACEMENT_2D('',#2464,#2465);
#2464 = CARTESIAN_POINT('',(0.,0.));
#2465 = DIRECTION('',(1.,0.));
#2466 = ( GEOMETRIC_REPRESENTATION_CONTEXT(2) 
PARAMETRIC_REPRESENTATION_CONTEXT() REPRESENTATION_CONTEXT('2D SPACE',''
  ) );
#2467 = ORIENTED_EDGE('',*,*,#2468,.F.);
#2468 = EDGE_CURVE('',#1668,#2440,#2469,.T.);
#2469 = SURFACE_CURVE('',#2470,(#2501,#2535),.PCURVE_S1.);
#2470 = B_SPLINE_CURVE_WITH_KNOTS('',8,(#2471,#2472,#2473,#2474,#2475,
    #2476,#2477,#2478,#2479,#2480,#2481,#2482,#2483,#2484,#2485,#2486,
    #2487,#2488,#2489,#2490,#2491,#2492,#2493,#2494,#2495,#2496,#2497,
    #2498,#2499,#2500),.UNSPECIFIED.,.F.,.F.,(9,7,7,7,9),(0.,
    7.357299513721E-02,0.26853748228,0.854480797762,1.),.UNSPECIFIED.);
#2471 = CARTESIAN_POINT('',(-6.000000008413E-07,4.077766052767,
    7.229233985624));
#2472 = CARTESIAN_POINT('',(1.419540282424E-02,4.096623072751,
    7.218597379297));
#2473 = CARTESIAN_POINT('',(2.850805075856E-02,4.115309199313,
    7.207983066418));
#2474 = CARTESIAN_POINT('',(4.293656307675E-02,4.133823538718,
    7.19739346914));
#2475 = CARTESIAN_POINT('',(5.748012897605E-02,4.152165233747,
    7.186830999971));
#2476 = CARTESIAN_POINT('',(7.213790757711E-02,4.1703334637,
    7.176298061768));
#2477 = CARTESIAN_POINT('',(8.690902792398E-02,4.188327444395,
    7.165797047743));
#2478 = CARTESIAN_POINT('',(0.101792588984,4.206146428168,7.155330341459
    ));
#2479 = CARTESIAN_POINT('',(0.156523791857,4.270543437261,7.117261311535
    ));
#2480 = CARTESIAN_POINT('',(0.197043010874,4.31606334781,7.089879850558)
  );
#2481 = CARTESIAN_POINT('',(0.238327973598,4.36033606852,7.06280013834)
  );
#2482 = CARTESIAN_POINT('',(0.280360073078,4.403350084715,7.036065652804
    ));
#2483 = CARTESIAN_POINT('',(0.323119565101,4.445095441437,7.009719108542
    ));
#2484 = CARTESIAN_POINT('',(0.366585694777,4.485563450847,6.983802419983
    ));
#2485 = CARTESIAN_POINT('',(0.410736823125,4.524746399615,6.958356664573
    ));
#2486 = CARTESIAN_POINT('',(0.590233060386,4.67651386292,6.858483920957)
  );
#2487 = CARTESIAN_POINT('',(0.730783983419,4.778621190735,6.788227540838
    ));
#2488 = CARTESIAN_POINT('',(0.876708555255,4.868915725939,6.723657173229
    ));
#2489 = CARTESIAN_POINT('',(1.027411344993,4.947274287111,6.6657740179)
  );
#2490 = CARTESIAN_POINT('',(1.182194859106,5.013500056699,6.615562986941
    ));
#2491 = CARTESIAN_POINT('',(1.340271881724,5.067225290095,6.574033666027
    ));
#2492 = CARTESIAN_POINT('',(1.500766289022,5.107908476357,6.542202122816
    ));
#2493 = CARTESIAN_POINT('',(1.703036117144,5.140990601596,6.516155753218
    ));
#2494 = CARTESIAN_POINT('',(1.743364560972,5.146696271331,6.511651251793
    ));
#2495 = CARTESIAN_POINT('',(1.783765304462,5.151508669925,6.50784341686)
  );
#2496 = CARTESIAN_POINT('',(1.82422046119,5.155408137551,6.504752594636)
  );
#2497 = CARTESIAN_POINT('',(1.864710260488,5.158372623249,6.502400075613
    ));
#2498 = CARTESIAN_POINT('',(1.90521303166,5.160377463404,6.500808122806)
  );
#2499 = CARTESIAN_POINT('',(1.945705188198,5.161395160226,6.5));
#2500 = CARTESIAN_POINT('',(1.986161212002,5.161395160226,6.5));
#2501 = PCURVE('',#545,#2502);
#2502 = DEFINITIONAL_REPRESENTATION('',(#2503),#2534);
#2503 = B_SPLINE_CURVE_WITH_KNOTS('',8,(#2504,#2505,#2506,#2507,#2508,
    #2509,#2510,#2511,#2512,#2513,#2514,#2515,#2516,#2517,#2518,#2519,
    #2520,#2521,#2522,#2523,#2524,#2525,#2526,#2527,#2528,#2529,#2530,
    #2531,#2532,#2533),.UNSPECIFIED.,.F.,.F.,(9,7,7,7,9),(0.,
    7.357299513721E-02,0.26853748228,0.854480797762,1.),.UNSPECIFIED.);
#2504 = CARTESIAN_POINT('',(-2.876156338184,0.688504415521));
#2505 = CARTESIAN_POINT('',(-2.874746141452,0.695391650449));
#2506 = CARTESIAN_POINT('',(-2.873342770256,0.702309055517));
#2507 = CARTESIAN_POINT('',(-2.871946259988,0.709256244806));
#2508 = CARTESIAN_POINT('',(-2.870556645177,0.716232841908));
#2509 = CARTESIAN_POINT('',(-2.869173959486,0.723238479927));
#2510 = CARTESIAN_POINT('',(-2.867798235716,0.730272801477));
#2511 = CARTESIAN_POINT('',(-2.866429505805,0.737335458685));
#2512 = CARTESIAN_POINT('',(-2.861459355738,0.763215966948));
#2513 = CARTESIAN_POINT('',(-2.857900238538,0.782202443045));
#2514 = CARTESIAN_POINT('',(-2.854391036913,0.801379234314));
#2515 = CARTESIAN_POINT('',(-2.850932292992,0.82074059951));
#2516 = CARTESIAN_POINT('',(-2.847524522224,0.840281402549));
#2517 = CARTESIAN_POINT('',(-2.844168232277,0.859997151738));
#2518 = CARTESIAN_POINT('',(-2.840863941915,0.879884039018));
#2519 = CARTESIAN_POINT('',(-2.827839463691,0.960211792503));
#2520 = CARTESIAN_POINT('',(-2.818549825039,1.021950469247));
#2521 = CARTESIAN_POINT('',(-2.809747129991,1.085125093699));
#2522 = CARTESIAN_POINT('',(-2.801446233914,1.149741868289));
#2523 = CARTESIAN_POINT('',(-2.793673473844,1.215841626707));
#2524 = CARTESIAN_POINT('',(-2.786474333627,1.283531802587));
#2525 = CARTESIAN_POINT('',(-2.779914598695,1.352983088154));
#2526 = CARTESIAN_POINT('',(-2.772669513714,1.442376800524));
#2527 = CARTESIAN_POINT('',(-2.771275012843,1.46029133111));
#2528 = CARTESIAN_POINT('',(-2.769929224565,1.478341103683));
#2529 = CARTESIAN_POINT('',(-2.768634238981,1.496531054308));
#2530 = CARTESIAN_POINT('',(-2.76739240423,1.514866203687));
#2531 = CARTESIAN_POINT('',(-2.766206350373,1.533351752675));
#2532 = CARTESIAN_POINT('',(-2.765079013289,1.551993177803));
#2533 = CARTESIAN_POINT('',(-2.764013658567,1.570796326795));
#2534 = ( GEOMETRIC_REPRESENTATION_CONTEXT(2) 
PARAMETRIC_REPRESENTATION_CONTEXT() REPRESENTATION_CONTEXT('2D SPACE',''
  ) );
#2535 = PCURVE('',#2536,#2541);
#2536 = CYLINDRICAL_SURFACE('',#2537,8.3);
#2537 = AXIS2_PLACEMENT_3D('',#2538,#2539,#2540);
#2538 = CARTESIAN_POINT('',(0.,0.,0.));
#2539 = DIRECTION('',(-1.,-0.,-0.));
#2540 = DIRECTION('',(0.,1.,0.));
#2541 = DEFINITIONAL_REPRESENTATION('',(#2542),#2573);
#2542 = B_SPLINE_CURVE_WITH_KNOTS('',8,(#2543,#2544,#2545,#2546,#2547,
    #2548,#2549,#2550,#2551,#2552,#2553,#2554,#2555,#2556,#2557,#2558,
    #2559,#2560,#2561,#2562,#2563,#2564,#2565,#2566,#2567,#2568,#2569,
    #2570,#2571,#2572),.UNSPECIFIED.,.F.,.F.,(9,7,7,7,9),(0.,
    7.357299513721E-02,0.26853748228,0.854480797762,1.),.UNSPECIFIED.);
#2543 = CARTESIAN_POINT('',(-7.34040326708,5.999999999062E-07));
#2544 = CARTESIAN_POINT('',(-7.33779482751,-1.419540282424E-02));
#2545 = CARTESIAN_POINT('',(-7.33520564088,-2.850805075856E-02));
#2546 = CARTESIAN_POINT('',(-7.332635917334,-4.293656307675E-02));
#2547 = CARTESIAN_POINT('',(-7.330085864265,-5.748012897605E-02));
#2548 = CARTESIAN_POINT('',(-7.327555686314,-7.21379075771E-02));
#2549 = CARTESIAN_POINT('',(-7.325045585372,-8.690902792398E-02));
#2550 = CARTESIAN_POINT('',(-7.32255576058,-0.101792588984));
#2551 = CARTESIAN_POINT('',(-7.313542757426,-0.156523791857));
#2552 = CARTESIAN_POINT('',(-7.307142862861,-0.197043010874));
#2553 = CARTESIAN_POINT('',(-7.300890393355,-0.238327973598));
#2554 = CARTESIAN_POINT('',(-7.294788861479,-0.280360073078));
#2555 = CARTESIAN_POINT('',(-7.288841647118,-0.323119565101));
#2556 = CARTESIAN_POINT('',(-7.283052020926,-0.366585694777));
#2557 = CARTESIAN_POINT('',(-7.277423167794,-0.410736823125));
#2558 = CARTESIAN_POINT('',(-7.255533909892,-0.590233060386));
#2559 = CARTESIAN_POINT('',(-7.240604201903,-0.730783983419));
#2560 = CARTESIAN_POINT('',(-7.227233228781,-0.876708555254));
#2561 = CARTESIAN_POINT('',(-7.215498103842,-1.027411344994));
#2562 = CARTESIAN_POINT('',(-7.205485953722,-1.182194859106));
#2563 = CARTESIAN_POINT('',(-7.197304853707,-1.340271881724));
#2564 = CARTESIAN_POINT('',(-7.191081237067,-1.500766289022));
#2565 = CARTESIAN_POINT('',(-7.186008332117,-1.703036117144));
#2566 = CARTESIAN_POINT('',(-7.185132493024,-1.743364560972));
#2567 = CARTESIAN_POINT('',(-7.184393135184,-1.783765304462));
#2568 = CARTESIAN_POINT('',(-7.183793636125,-1.82422046119));
#2569 = CARTESIAN_POINT('',(-7.183337670954,-1.864710260488));
#2570 = CARTESIAN_POINT('',(-7.18302923483,-1.90521303166));
#2571 = CARTESIAN_POINT('',(-7.182872665432,-1.945705188198));
#2572 = CARTESIAN_POINT('',(-7.182872665432,-1.986161212002));
#2573 = ( GEOMETRIC_REPRESENTATION_CONTEXT(2) 
PARAMETRIC_REPRESENTATION_CONTEXT() REPRESENTATION_CONTEXT('2D SPACE',''
  ) );
#2574 = ADVANCED_FACE('',(#2575),#147,.T.);
#2575 = FACE_BOUND('',#2576,.T.);
#2576 = EDGE_LOOP('',(#2577,#2607,#4635,#4636,#4637));
#2577 = ORIENTED_EDGE('',*,*,#2578,.T.);
#2578 = EDGE_CURVE('',#2579,#2581,#2583,.T.);
#2579 = VERTEX_POINT('',#2580);
#2580 = CARTESIAN_POINT('',(30.,-0.8,-8.261355820929));
#2581 = VERTEX_POINT('',#2582);
#2582 = CARTESIAN_POINT('',(30.,-4.077766849767,7.229233536063));
#2583 = SURFACE_CURVE('',#2584,(#2589,#2600),.PCURVE_S1.);
#2584 = CIRCLE('',#2585,8.3);
#2585 = AXIS2_PLACEMENT_3D('',#2586,#2587,#2588);
#2586 = CARTESIAN_POINT('',(30.,0.,0.));
#2587 = DIRECTION('',(-1.,0.,0.));
#2588 = DIRECTION('',(0.,9.638554216867E-02,0.995344074811));
#2589 = PCURVE('',#147,#2590);
#2590 = DEFINITIONAL_REPRESENTATION('',(#2591),#2599);
#2591 = ( BOUNDED_CURVE() B_SPLINE_CURVE(2,(#2592,#2593,#2594,#2595,
#2596,#2597,#2598),.UNSPECIFIED.,.T.,.F.) B_SPLINE_CURVE_WITH_KNOTS((1,2
    ,2,2,2,1),(-2.094395102393,0.,2.094395102393,4.188790204786,
6.28318530718,8.377580409573),.UNSPECIFIED.) CURVE() 
GEOMETRIC_REPRESENTATION_ITEM() RATIONAL_B_SPLINE_CURVE((1.,0.5,1.,0.5,
1.,0.5,1.)) REPRESENTATION_ITEM('') );
#2592 = CARTESIAN_POINT('',(0.8,8.261355820929));
#2593 = CARTESIAN_POINT('',(15.109088021254,6.875715174874));
#2594 = CARTESIAN_POINT('',(6.754544010627,-4.823498233492));
#2595 = CARTESIAN_POINT('',(-1.6,-16.52271164185));
#2596 = CARTESIAN_POINT('',(-7.554544010627,-3.437857587437));
#2597 = CARTESIAN_POINT('',(-13.50908802125,9.646996466984));
#2598 = CARTESIAN_POINT('',(0.8,8.261355820929));
#2599 = ( GEOMETRIC_REPRESENTATION_CONTEXT(2) 
PARAMETRIC_REPRESENTATION_CONTEXT() REPRESENTATION_CONTEXT('2D SPACE',''
  ) );
#2600 = PCURVE('',#1401,#2601);
#2601 = DEFINITIONAL_REPRESENTATION('',(#2602),#2606);
#2602 = LINE('',#2603,#2604);
#2603 = CARTESIAN_POINT('',(-7.757446224703,-30.));
#2604 = VECTOR('',#2605,1.);
#2605 = DIRECTION('',(1.,-0.));
#2606 = ( GEOMETRIC_REPRESENTATION_CONTEXT(2) 
PARAMETRIC_REPRESENTATION_CONTEXT() REPRESENTATION_CONTEXT('2D SPACE',''
  ) );
#2607 = ORIENTED_EDGE('',*,*,#2608,.F.);
#2608 = EDGE_CURVE('',#133,#2581,#2609,.T.);
#2609 = SURFACE_CURVE('',#2610,(#3283,#3959),.PCURVE_S1.);
#2610 = B_SPLINE_CURVE_WITH_KNOTS('',1,(#2611,#2612,#2613,#2614,#2615,
    #2616,#2617,#2618,#2619,#2620,#2621,#2622,#2623,#2624,#2625,#2626,
    #2627,#2628,#2629,#2630,#2631,#2632,#2633,#2634,#2635,#2636,#2637,
    #2638,#2639,#2640,#2641,#2642,#2643,#2644,#2645,#2646,#2647,#2648,
    #2649,#2650,#2651,#2652,#2653,#2654,#2655,#2656,#2657,#2658,#2659,
    #2660,#2661,#2662,#2663,#2664,#2665,#2666,#2667,#2668,#2669,#2670,
    #2671,#2672,#2673,#2674,#2675,#2676,#2677,#2678,#2679,#2680,#2681,
    #2682,#2683,#2684,#2685,#2686,#2687,#2688,#2689,#2690,#2691,#2692,
    #2693,#2694,#2695,#2696,#2697,#2698,#2699,#2700,#2701,#2702,#2703,
    #2704,#2705,#2706,#2707,#2708,#2709,#2710,#2711,#2712,#2713,#2714,
    #2715,#2716,#2717,#2718,#2719,#2720,#2721,#2722,#2723,#2724,#2725,
    #2726,#2727,#2728,#2729,#2730,#2731,#2732,#2733,#2734,#2735,#2736,
    #2737,#2738,#2739,#2740,#2741,#2742,#2743,#2744,#2745,#2746,#2747,
    #2748,#2749,#2750,#2751,#2752,#2753,#2754,#2755,#2756,#2757,#2758,
    #2759,#2760,#2761,#2762,#2763,#2764,#2765,#2766,#2767,#2768,#2769,
    #2770,#2771,#2772,#2773,#2774,#2775,#2776,#2777,#2778,#2779,#2780,
    #2781,#2782,#2783,#2784,#2785,#2786,#2787,#2788,#2789,#2790,#2791,
    #2792,#2793,#2794,#2795,#2796,#2797,#2798,#2799,#2800,#2801,#2802,
    #2803,#2804,#2805,#2806,#2807,#2808,#2809,#2810,#2811,#2812,#2813,
    #2814,#2815,#2816,#2817,#2818,#2819,#2820,#2821,#2822,#2823,#2824,
    #2825,#2826,#2827,#2828,#2829,#2830,#2831,#2832,#2833,#2834,#2835,
    #2836,#2837,#2838,#2839,#2840,#2841,#2842,#2843,#2844,#2845,#2846,
    #2847,#2848,#2849,#2850,#2851,#2852,#2853,#2854,#2855,#2856,#2857,
    #2858,#2859,#2860,#2861,#2862,#2863,#2864,#2865,#2866,#2867,#2868,
    #2869,#2870,#2871,#2872,#2873,#2874,#2875,#2876,#2877,#2878,#2879,
    #2880,#2881,#2882,#2883,#2884,#2885,#2886,#2887,#2888,#2889,#2890,
    #2891,#2892,#2893,#2894,#2895,#2896,#2897,#2898,#2899,#2900,#2901,
    #2902,#2903,#2904,#2905,#2906,#2907,#2908,#2909,#2910,#2911,#2912,
    #2913,#2914,#2915,#2916,#2917,#2918,#2919,#2920,#2921,#2922,#2923,
    #2924,#2925,#2926,#2927,#2928,#2929,#2930,#2931,#2932,#2933,#2934,
    #2935,#2936,#2937,#2938,#2939,#2940,#2941,#2942,#2943,#2944,#2945,
    #2946,#2947,#2948,#2949,#2950,#2951,#2952,#2953,#2954,#2955,#2956,
    #2957,#2958,#2959,#2960,#2961,#2962,#2963,#2964,#2965,#2966,#2967,
    #2968,#2969,#2970,#2971,#2972,#2973,#2974,#2975,#2976,#2977,#2978,
    #2979,#2980,#2981,#2982,#2983,#2984,#2985,#2986,#2987,#2988,#2989,
    #2990,#2991,#2992,#2993,#2994,#2995,#2996,#2997,#2998,#2999,#3000,
    #3001,#3002,#3003,#3004,#3005,#3006,#3007,#3008,#3009,#3010,#3011,
    #3012,#3013,#3014,#3015,#3016,#3017,#3018,#3019,#3020,#3021,#3022,
    #3023,#3024,#3025,#3026,#3027,#3028,#3029,#3030,#3031,#3032,#3033,
    #3034,#3035,#3036,#3037,#3038,#3039,#3040,#3041,#3042,#3043,#3044,
    #3045,#3046,#3047,#3048,#3049,#3050,#3051,#3052,#3053,#3054,#3055,
    #3056,#3057,#3058,#3059,#3060,#3061,#3062,#3063,#3064,#3065,#3066,
    #3067,#3068,#3069,#3070,#3071,#3072,#3073,#3074,#3075,#3076,#3077,
    #3078,#3079,#3080,#3081,#3082,#3083,#3084,#3085,#3086,#3087,#3088,
    #3089,#3090,#3091,#3092,#3093,#3094,#3095,#3096,#3097,#3098,#3099,
    #3100,#3101,#3102,#3103,#3104,#3105,#3106,#3107,#3108,#3109,#3110,
    #3111,#3112,#3113,#3114,#3115,#3116,#3117,#3118,#3119,#3120,#3121,
    #3122,#3123,#3124,#3125,#3126,#3127,#3128,#3129,#3130,#3131,#3132,
    #3133,#3134,#3135,#3136,#3137,#3138,#3139,#3140,#3141,#3142,#3143,
    #3144,#3145,#3146,#3147,#3148,#3149,#3150,#3151,#3152,#3153,#3154,
    #3155,#3156,#3157,#3158,#3159,#3160,#3161,#3162,#3163,#3164,#3165,
    #3166,#3167,#3168,#3169,#3170,#3171,#3172,#3173,#3174,#3175,#3176,
    #3177,#3178,#3179,#3180,#3181,#3182,#3183,#3184,#3185,#3186,#3187,
    #3188,#3189,#3190,#3191,#3192,#3193,#3194,#3195,#3196,#3197,#3198,
    #3199,#3200,#3201,#3202,#3203,#3204,#3205,#3206,#3207,#3208,#3209,
    #3210,#3211,#3212,#3213,#3214,#3215,#3216,#3217,#3218,#3219,#3220,
    #3221,#3222,#3223,#3224,#3225,#3226,#3227,#3228,#3229,#3230,#3231,
    #3232,#3233,#3234,#3235,#3236,#3237,#3238,#3239,#3240,#3241,#3242,
    #3243,#3244,#3245,#3246,#3247,#3248,#3249,#3250,#3251,#3252,#3253,
    #3254,#3255,#3256,#3257,#3258,#3259,#3260,#3261,#3262,#3263,#3264,
    #3265,#3266,#3267,#3268,#3269,#3270,#3271,#3272,#3273,#3274,#3275,
    #3276,#3277,#3278,#3279,#3280,#3281,#3282),.UNSPECIFIED.,.F.,.F.,(2,
    1,1,1,1,1,1,1,1,1,1,1,1,1,1,1,1,1,1,1,1,1,1,1,1,1,1,1,1,1,1,1,1,1,1,
    1,1,1,1,1,1,1,1,1,1,1,1,1,1,1,1,1,1,1,1,1,1,1,1,1,1,1,1,1,1,1,1,1,1,
    1,1,1,1,1,1,1,1,1,1,1,1,1,1,1,1,1,1,1,1,1,1,1,1,1,1,1,1,1,1,1,1,1,1,
    1,1,1,1,1,1,1,1,1,1,1,1,1,1,1,1,1,1,1,1,1,1,1,1,1,1,1,1,1,1,1,1,1,1,
    1,1,1,1,1,1,1,1,1,1,1,1,1,1,1,1,1,1,1,1,1,1,1,1,1,1,1,1,1,1,1,1,1,1,
    1,1,1,1,1,1,1,1,1,1,1,1,1,1,1,1,1,1,1,1,1,1,1,1,1,1,1,1,1,1,1,1,1,1,
    1,1,1,1,1,1,1,1,1,1,1,1,1,1,1,1,1,1,1,1,1,1,1,1,1,1,1,1,1,1,1,1,1,1,
    1,1,1,1,1,1,1,1,1,1,1,1,1,1,1,1,1,1,1,1,1,1,1,1,1,1,1,1,1,1,1,1,1,1,
    1,1,1,1,1,1,1,1,1,1,1,1,1,1,1,1,1,1,1,1,1,1,1,1,1,1,1,1,1,1,1,1,1,1,
    1,1,1,1,1,1,1,1,1,1,1,1,1,1,1,1,1,1,1,1,1,1,1,1,1,1,1,1,1,1,1,1,1,1,
    1,1,1,1,1,1,1,1,1,1,1,1,1,1,1,1,1,1,1,1,1,1,1,1,1,1,1,1,1,1,1,1,1,1,
    1,1,1,1,1,1,1,1,1,1,1,1,1,1,1,1,1,1,1,1,1,1,1,1,1,1,1,1,1,1,1,1,1,1,
    1,1,1,1,1,1,1,1,1,1,1,1,1,1,1,1,1,1,1,1,1,1,1,1,1,1,1,1,1,1,1,1,1,1,
    1,1,1,1,1,1,1,1,1,1,1,1,1,1,1,1,1,1,1,1,1,1,1,1,1,1,1,1,1,1,1,1,1,1,
    1,1,1,1,1,1,1,1,1,1,1,1,1,1,1,1,1,1,1,1,1,1,1,1,1,1,1,1,1,1,1,1,1,1,
    1,1,1,1,1,1,1,1,1,1,1,1,1,1,1,1,1,1,1,1,1,1,1,1,1,1,1,1,1,1,1,1,1,1,
    1,1,1,1,1,1,1,1,1,1,1,1,1,1,1,1,1,1,1,1,1,1,1,1,1,1,1,1,1,1,1,1,1,1,
    1,1,1,1,1,1,1,1,1,1,1,1,1,1,1,1,1,1,1,1,1,1,1,1,1,1,1,1,1,1,1,1,1,1,
    1,1,1,1,1,1,1,1,1,1,1,1,1,1,1,1,1,1,1,1,1,1,1,1,1,1,1,1,1,1,1,1,1,1,
    1,1,1,1,1,1,1,1,1,1,1,1,1,1,1,1,1,1,1,1,1,1,1,1,2),(0.,1.,2.,3.,4.,
    5.,6.,7.,8.,9.,10.,11.,12.,13.,14.,15.,16.,17.,18.,19.,20.,21.,22.,
    23.,24.,25.,26.,27.,28.,29.,30.,31.,32.,33.,34.,35.,36.,37.,38.,39.,
    40.,41.,42.,43.,44.,45.,46.,47.,48.,49.,50.,51.,52.,53.,54.,55.,56.,
    57.,58.,59.,60.,61.,62.,63.,64.,65.,66.,67.,68.,69.,70.,71.,72.,73.,
    74.,75.,76.,77.,78.,79.,80.,81.,82.,83.,84.,85.,86.,87.,88.,89.,90.,
    91.,92.,93.,94.,95.,96.,97.,98.,99.,100.,101.,102.,103.,104.,105.,
    106.,107.,108.,109.,110.,111.,112.,113.,114.,115.,116.,117.,118.,
    119.,120.,121.,122.,123.,124.,125.,126.,127.,128.,129.,130.,131.,
    132.,133.,134.,135.,136.,137.,138.,139.,140.,141.,142.,143.,144.,
    145.,146.,147.,148.,149.,150.,151.,152.,153.,154.,155.,156.,157.,
    158.,159.,160.,161.,162.,163.,164.,165.,166.,167.,168.,169.,170.,
    171.,172.,173.,174.,175.,176.,177.,178.,179.,180.,181.,182.,183.,
    184.,185.,186.,187.,188.,189.,190.,191.,192.,193.,194.,195.,196.,
    197.,198.,199.,200.,201.,202.,203.,204.,205.,206.,207.,208.,209.,
    210.,211.,212.,213.,214.,215.,216.,217.,218.,219.,220.,221.,222.,
    223.,224.,225.,226.,227.,228.,229.,230.,231.,232.,233.,234.,235.,
    236.,237.,238.,239.,240.,241.,242.,243.,244.,245.,246.,247.,248.,
    249.,250.,251.,252.,253.,254.,255.,256.,257.,258.,259.,260.,261.,
    262.,263.,264.,265.,266.,267.,268.,269.,270.,271.,272.,273.,274.,
    275.,276.,277.,278.,279.,280.,281.,282.,283.,284.,285.,286.,287.,
    288.,289.,290.,291.,292.,293.,294.,295.,296.,297.,298.,299.,300.,
    301.,302.,303.,304.,305.,306.,307.,308.,309.,310.,311.,312.,313.,
    314.,315.,316.,317.,318.,319.,320.,321.,322.,323.,324.,325.,326.,
    327.,328.,329.,330.,331.,332.,333.,334.,335.,336.,337.,338.,339.,
    340.,341.,342.,343.,344.,345.,346.,347.,348.,349.,350.,351.,352.,
    353.,354.,355.,356.,357.,358.,359.,360.,361.,362.,363.,364.,365.,
    366.,367.,368.,369.,370.,371.,372.,373.,374.,375.,376.,377.,378.,
    379.,380.,381.,382.,383.,384.,385.,386.,387.,388.,389.,390.,391.,
    392.,393.,394.,395.,396.,397.,398.,399.,400.,401.,402.,403.,404.,
    405.,406.,407.,408.,409.,410.,411.,412.,413.,414.,415.,416.,417.,
    418.,419.,420.,421.,422.,423.,424.,425.,426.,427.,428.,429.,430.,
    431.,432.,433.,434.,435.,436.,437.,438.,439.,440.,441.,442.,443.,
    444.,445.,446.,447.,448.,449.,450.,451.,452.,453.,454.,455.,456.,
    457.,458.,459.,460.,461.,462.,463.,464.,465.,466.,467.,468.,469.,
    470.,471.,472.,473.,474.,475.,476.,477.,478.,479.,480.,481.,482.,
    483.,484.,485.,486.,487.,488.,489.,490.,491.,492.,493.,494.,495.,
    496.,497.,498.,499.,500.,501.,502.,503.,504.,505.,506.,507.,508.,
    509.,510.,511.,512.,513.,514.,515.,516.,517.,518.,519.,520.,521.,
    522.,523.,524.,525.,526.,527.,528.,529.,530.,531.,532.,533.,534.,
    535.,536.,537.,538.,539.,540.,541.,542.,543.,544.,545.,546.,547.,
    548.,549.,550.,551.,552.,553.,554.,555.,556.,557.,558.,559.,560.,
    561.,562.,563.,564.,565.,566.,567.,568.,569.,570.,571.,572.,573.,
    574.,575.,576.,577.,578.,579.,580.,581.,582.,583.,584.,585.,586.,
    587.,588.,589.,590.,591.,592.,593.,594.,595.,596.,597.,598.,599.,
    600.,601.,602.,603.,604.,605.,606.,607.,608.,609.,610.,611.,612.,
    613.,614.,615.,616.,617.,618.,619.,620.,621.,622.,623.,624.,625.,
    626.,627.,628.,629.,630.,631.,632.,633.,634.,635.,636.,637.,638.,
    639.,640.,641.,642.,643.,644.,645.,646.,647.,648.,649.,650.,651.,
    652.,653.,654.,655.,656.,657.,658.,659.,660.,661.,662.,663.,664.,
    665.,666.,667.,668.,669.,670.,671.),.PIECEWISE_BEZIER_KNOTS.);
#2611 = CARTESIAN_POINT('',(30.,-5.56776436283,8.5));
#2612 = CARTESIAN_POINT('',(30.,-5.567757272296,8.496858409078));
#2613 = CARTESIAN_POINT('',(30.,-5.567742648068,8.494502222177));
#2614 = CARTESIAN_POINT('',(30.,-5.567715171668,8.491725301179));
#2615 = CARTESIAN_POINT('',(30.,-5.567670728966,8.488583748511));
#2616 = CARTESIAN_POINT('',(30.,-5.567612104818,8.485442224452));
#2617 = CARTESIAN_POINT('',(30.,-5.567539298982,8.482300736752));
#2618 = CARTESIAN_POINT('',(30.,-5.567452311154,8.479159293163));
#2619 = CARTESIAN_POINT('',(30.,-5.56735114097,8.476017901436));
#2620 = CARTESIAN_POINT('',(30.,-5.567235788006,8.472876569322));
#2621 = CARTESIAN_POINT('',(30.,-5.567106251779,8.469735304572));
#2622 = CARTESIAN_POINT('',(30.,-5.566962531743,8.466594114937));
#2623 = CARTESIAN_POINT('',(30.,-5.566804627293,8.463453008167));
#2624 = CARTESIAN_POINT('',(30.,-5.566632537765,8.460311992014));
#2625 = CARTESIAN_POINT('',(30.,-5.566446262431,8.457171074226));
#2626 = CARTESIAN_POINT('',(30.,-5.566245800507,8.454030262555));
#2627 = CARTESIAN_POINT('',(30.,-5.566031151145,8.450889564749));
#2628 = CARTESIAN_POINT('',(30.,-5.565802313438,8.447748988559));
#2629 = CARTESIAN_POINT('',(30.,-5.565559286418,8.444608541733));
#2630 = CARTESIAN_POINT('',(30.,-5.565302069057,8.44146823202));
#2631 = CARTESIAN_POINT('',(30.,-5.565030660266,8.438328067169));
#2632 = CARTESIAN_POINT('',(30.,-5.564745058894,8.435188054928));
#2633 = CARTESIAN_POINT('',(30.,-5.564445263733,8.432048203044));
#2634 = CARTESIAN_POINT('',(30.,-5.56413127351,8.428908519265));
#2635 = CARTESIAN_POINT('',(30.,-5.563803086893,8.425769011338));
#2636 = CARTESIAN_POINT('',(30.,-5.56346070249,8.422629687009));
#2637 = CARTESIAN_POINT('',(30.,-5.563104118846,8.419490554025));
#2638 = CARTESIAN_POINT('',(30.,-5.562733334447,8.416351620131));
#2639 = CARTESIAN_POINT('',(30.,-5.562348347716,8.413212893072));
#2640 = CARTESIAN_POINT('',(30.,-5.561949157017,8.410074380593));
#2641 = CARTESIAN_POINT('',(30.,-5.56153576065,8.406936090438));
#2642 = CARTESIAN_POINT('',(30.,-5.561108156857,8.403798030351));
#2643 = CARTESIAN_POINT('',(30.,-5.560666343817,8.400660208074));
#2644 = CARTESIAN_POINT('',(30.,-5.560210319646,8.39752263135));
#2645 = CARTESIAN_POINT('',(30.,-5.559740082401,8.39438530792));
#2646 = CARTESIAN_POINT('',(30.,-5.559255630077,8.391248245527));
#2647 = CARTESIAN_POINT('',(30.,-5.558756960605,8.38811145191));
#2648 = CARTESIAN_POINT('',(30.,-5.558244071858,8.384974934809));
#2649 = CARTESIAN_POINT('',(30.,-5.557716961643,8.381838701964));
#2650 = CARTESIAN_POINT('',(30.,-5.557175627709,8.378702761113));
#2651 = CARTESIAN_POINT('',(30.,-5.556620067741,8.375567119994));
#2652 = CARTESIAN_POINT('',(30.,-5.55605027936,8.372431786344));
#2653 = CARTESIAN_POINT('',(30.,-5.555466260128,8.369296767899));
#2654 = CARTESIAN_POINT('',(30.,-5.554868007543,8.366162072395));
#2655 = CARTESIAN_POINT('',(30.,-5.554255519042,8.363027707566));
#2656 = CARTESIAN_POINT('',(30.,-5.553628791996,8.359893681147));
#2657 = CARTESIAN_POINT('',(30.,-5.552987823717,8.35676000087));
#2658 = CARTESIAN_POINT('',(30.,-5.552332611453,8.353626674468));
#2659 = CARTESIAN_POINT('',(30.,-5.551663152388,8.350493709672));
#2660 = CARTESIAN_POINT('',(30.,-5.550979443645,8.347361114213));
#2661 = CARTESIAN_POINT('',(30.,-5.550281482281,8.344228895821));
#2662 = CARTESIAN_POINT('',(30.,-5.549569265292,8.341097062223));
#2663 = CARTESIAN_POINT('',(30.,-5.54884278961,8.337965621148));
#2664 = CARTESIAN_POINT('',(30.,-5.548102052103,8.334834580322));
#2665 = CARTESIAN_POINT('',(30.,-5.547347049577,8.331703947472));
#2666 = CARTESIAN_POINT('',(30.,-5.546577778771,8.328573730322));
#2667 = CARTESIAN_POINT('',(30.,-5.545794236363,8.325443936595));
#2668 = CARTESIAN_POINT('',(30.,-5.544996418965,8.322314574015));
#2669 = CARTESIAN_POINT('',(30.,-5.544184323126,8.319185650303));
#2670 = CARTESIAN_POINT('',(30.,-5.54335794533,8.31605717318));
#2671 = CARTESIAN_POINT('',(30.,-5.542517281997,8.312929150365));
#2672 = CARTESIAN_POINT('',(30.,-5.541662329481,8.309801589576));
#2673 = CARTESIAN_POINT('',(30.,-5.540793084072,8.306674498532));
#2674 = CARTESIAN_POINT('',(30.,-5.539909541996,8.303547884947));
#2675 = CARTESIAN_POINT('',(30.,-5.539011699412,8.300421756537));
#2676 = CARTESIAN_POINT('',(30.,-5.538099552414,8.297296121015));
#2677 = CARTESIAN_POINT('',(30.,-5.537173097031,8.294170986094));
#2678 = CARTESIAN_POINT('',(30.,-5.536232329227,8.291046359486));
#2679 = CARTESIAN_POINT('',(30.,-5.535277244898,8.2879222489));
#2680 = CARTESIAN_POINT('',(30.,-5.534307839876,8.284798662045));
#2681 = CARTESIAN_POINT('',(30.,-5.533324109926,8.281675606628));
#2682 = CARTESIAN_POINT('',(30.,-5.532326050746,8.278553090357));
#2683 = CARTESIAN_POINT('',(30.,-5.531313657969,8.275431120934));
#2684 = CARTESIAN_POINT('',(30.,-5.530286927159,8.272309706065));
#2685 = CARTESIAN_POINT('',(30.,-5.529245853814,8.26918885345));
#2686 = CARTESIAN_POINT('',(30.,-5.528190433367,8.266068570792));
#2687 = CARTESIAN_POINT('',(30.,-5.527120661179,8.262948865789));
#2688 = CARTESIAN_POINT('',(30.,-5.526036532548,8.259829746139));
#2689 = CARTESIAN_POINT('',(30.,-5.524938042701,8.256711219538));
#2690 = CARTESIAN_POINT('',(30.,-5.523825186798,8.253593293683));
#2691 = CARTESIAN_POINT('',(30.,-5.522697959932,8.250475976265));
#2692 = CARTESIAN_POINT('',(30.,-5.521556357126,8.247359274978));
#2693 = CARTESIAN_POINT('',(30.,-5.520400373335,8.244243197511));
#2694 = CARTESIAN_POINT('',(30.,-5.519230003445,8.241127751555));
#2695 = CARTESIAN_POINT('',(30.,-5.518045242273,8.238012944795));
#2696 = CARTESIAN_POINT('',(30.,-5.516846084566,8.234898784919));
#2697 = CARTESIAN_POINT('',(30.,-5.515632525003,8.231785279611));
#2698 = CARTESIAN_POINT('',(30.,-5.514404558191,8.228672436552));
#2699 = CARTESIAN_POINT('',(30.,-5.513162178669,8.225560263425));
#2700 = CARTESIAN_POINT('',(30.,-5.511905380905,8.222448767908));
#2701 = CARTESIAN_POINT('',(30.,-5.510634159295,8.21933795768));
#2702 = CARTESIAN_POINT('',(30.,-5.509348508168,8.216227840416));
#2703 = CARTESIAN_POINT('',(30.,-5.508048421778,8.21311842379));
#2704 = CARTESIAN_POINT('',(30.,-5.506733894309,8.210009715477));
#2705 = CARTESIAN_POINT('',(30.,-5.505404919874,8.206901723145));
#2706 = CARTESIAN_POINT('',(30.,-5.504061492515,8.203794454465));
#2707 = CARTESIAN_POINT('',(30.,-5.5027036062,8.200687917104));
#2708 = CARTESIAN_POINT('',(30.,-5.501331254826,8.197582118727));
#2709 = CARTESIAN_POINT('',(30.,-5.499944432216,8.194477066998));
#2710 = CARTESIAN_POINT('',(30.,-5.498543132122,8.191372769579));
#2711 = CARTESIAN_POINT('',(30.,-5.497127348222,8.188269234131));
#2712 = CARTESIAN_POINT('',(30.,-5.49569707412,8.18516646831));
#2713 = CARTESIAN_POINT('',(30.,-5.494252303346,8.182064479774));
#2714 = CARTESIAN_POINT('',(30.,-5.492793029358,8.178963276176));
#2715 = CARTESIAN_POINT('',(30.,-5.491319245538,8.17586286517));
#2716 = CARTESIAN_POINT('',(30.,-5.489830945193,8.172763254406));
#2717 = CARTESIAN_POINT('',(30.,-5.488328121556,8.169664451532));
#2718 = CARTESIAN_POINT('',(30.,-5.486810767786,8.166566464194));
#2719 = CARTESIAN_POINT('',(30.,-5.485278876963,8.163469300038));
#2720 = CARTESIAN_POINT('',(30.,-5.483732442094,8.160372966706));
#2721 = CARTESIAN_POINT('',(30.,-5.482171456109,8.157277471838));
#2722 = CARTESIAN_POINT('',(30.,-5.480595911861,8.154182823073));
#2723 = CARTESIAN_POINT('',(30.,-5.479005802128,8.151089028047));
#2724 = CARTESIAN_POINT('',(30.,-5.477401119608,8.147996094394));
#2725 = CARTESIAN_POINT('',(30.,-5.475781856924,8.144904029746));
#2726 = CARTESIAN_POINT('',(30.,-5.47414800662,8.141812841734));
#2727 = CARTESIAN_POINT('',(30.,-5.472499561162,8.138722537984));
#2728 = CARTESIAN_POINT('',(30.,-5.470836512937,8.135633126124));
#2729 = CARTESIAN_POINT('',(30.,-5.469158854254,8.132544613775));
#2730 = CARTESIAN_POINT('',(30.,-5.467466577343,8.12945700856));
#2731 = CARTESIAN_POINT('',(30.,-5.465759674353,8.126370318097));
#2732 = CARTESIAN_POINT('',(30.,-5.464038137355,8.123284550003));
#2733 = CARTESIAN_POINT('',(30.,-5.462301958338,8.120199711892));
#2734 = CARTESIAN_POINT('',(30.,-5.460551129211,8.117115811378));
#2735 = CARTESIAN_POINT('',(30.,-5.458785641801,8.114032856069));
#2736 = CARTESIAN_POINT('',(30.,-5.457005487856,8.110950853573));
#2737 = CARTESIAN_POINT('',(30.,-5.455210659041,8.107869811495));
#2738 = CARTESIAN_POINT('',(30.,-5.453401146936,8.104789737439));
#2739 = CARTESIAN_POINT('',(30.,-5.451576943044,8.101710639004));
#2740 = CARTESIAN_POINT('',(30.,-5.449738038779,8.098632523789));
#2741 = CARTESIAN_POINT('',(30.,-5.447884425477,8.095555399389));
#2742 = CARTESIAN_POINT('',(30.,-5.446016094386,8.092479273398));
#2743 = CARTESIAN_POINT('',(30.,-5.444133036672,8.089404153406));
#2744 = CARTESIAN_POINT('',(30.,-5.442235243417,8.086330047002));
#2745 = CARTESIAN_POINT('',(30.,-5.440322705615,8.083256961771));
#2746 = CARTESIAN_POINT('',(30.,-5.438395414178,8.080184905297));
#2747 = CARTESIAN_POINT('',(30.,-5.436453359929,8.07711388516));
#2748 = CARTESIAN_POINT('',(30.,-5.434496533607,8.074043908939));
#2749 = CARTESIAN_POINT('',(30.,-5.432524925863,8.070974984209));
#2750 = CARTESIAN_POINT('',(30.,-5.430538527261,8.067907118544));
#2751 = CARTESIAN_POINT('',(30.,-5.428537328279,8.064840319513));
#2752 = CARTESIAN_POINT('',(30.,-5.426521319303,8.061774594684));
#2753 = CARTESIAN_POINT('',(30.,-5.424490490635,8.058709951623));
#2754 = CARTESIAN_POINT('',(30.,-5.422444832484,8.055646397893));
#2755 = CARTESIAN_POINT('',(30.,-5.420384334973,8.052583941052));
#2756 = CARTESIAN_POINT('',(30.,-5.418308988131,8.049522588659));
#2757 = CARTESIAN_POINT('',(30.,-5.416218781901,8.046462348267));
#2758 = CARTESIAN_POINT('',(30.,-5.414113706131,8.043403227428));
#2759 = CARTESIAN_POINT('',(30.,-5.41199375058,8.040345233692));
#2760 = CARTESIAN_POINT('',(30.,-5.409858904915,8.037288374603));
#2761 = CARTESIAN_POINT('',(30.,-5.40770915871,8.034232657707));
#2762 = CARTESIAN_POINT('',(30.,-5.405544501445,8.031178090542));
#2763 = CARTESIAN_POINT('',(30.,-5.403364922509,8.028124680648));
#2764 = CARTESIAN_POINT('',(30.,-5.401170411195,8.025072435558));
#2765 = CARTESIAN_POINT('',(30.,-5.398960956702,8.022021362805));
#2766 = CARTESIAN_POINT('',(30.,-5.396736548134,8.018971469919));
#2767 = CARTESIAN_POINT('',(30.,-5.394497174499,8.015922764424));
#2768 = CARTESIAN_POINT('',(30.,-5.392242824711,8.012875253845));
#2769 = CARTESIAN_POINT('',(30.,-5.389973487585,8.009828945701));
#2770 = CARTESIAN_POINT('',(30.,-5.38768915184,8.006783847511));
#2771 = CARTESIAN_POINT('',(30.,-5.385389806096,8.003739966788));
#2772 = CARTESIAN_POINT('',(30.,-5.383075438876,8.000697311045));
#2773 = CARTESIAN_POINT('',(30.,-5.380746038604,7.997655887789));
#2774 = CARTESIAN_POINT('',(30.,-5.378401593604,7.994615704526));
#2775 = CARTESIAN_POINT('',(30.,-5.376042092099,7.991576768759));
#2776 = CARTESIAN_POINT('',(30.,-5.373667522215,7.988539087986));
#2777 = CARTESIAN_POINT('',(30.,-5.371277871972,7.985502669703));
#2778 = CARTESIAN_POINT('',(30.,-5.368873129292,7.982467521405));
#2779 = CARTESIAN_POINT('',(30.,-5.366453281992,7.97943365058));
#2780 = CARTESIAN_POINT('',(30.,-5.364018317787,7.976401064716));
#2781 = CARTESIAN_POINT('',(30.,-5.361568224289,7.973369771296));
#2782 = CARTESIAN_POINT('',(30.,-5.359102989005,7.970339777801));
#2783 = CARTESIAN_POINT('',(30.,-5.356622599337,7.967311091708));
#2784 = CARTESIAN_POINT('',(30.,-5.354127042581,7.964283720491));
#2785 = CARTESIAN_POINT('',(30.,-5.351616305928,7.961257671621));
#2786 = CARTESIAN_POINT('',(30.,-5.349090376461,7.958232952565));
#2787 = CARTESIAN_POINT('',(30.,-5.346549241156,7.955209570788));
#2788 = CARTESIAN_POINT('',(30.,-5.343992886881,7.952187533752));
#2789 = CARTESIAN_POINT('',(30.,-5.341421300395,7.949166848912));
#2790 = CARTESIAN_POINT('',(30.,-5.338834468347,7.946147523725));
#2791 = CARTESIAN_POINT('',(30.,-5.336232377275,7.94312956564));
#2792 = CARTESIAN_POINT('',(30.,-5.33361501361,7.940112982106));
#2793 = CARTESIAN_POINT('',(30.,-5.330982363666,7.937097780568));
#2794 = CARTESIAN_POINT('',(30.,-5.328334413648,7.934083968465));
#2795 = CARTESIAN_POINT('',(30.,-5.325671149647,7.931071553235));
#2796 = CARTESIAN_POINT('',(30.,-5.32299255764,7.928060542313));
#2797 = CARTESIAN_POINT('',(30.,-5.320298623491,7.925050943129));
#2798 = CARTESIAN_POINT('',(30.,-5.317589332946,7.92204276311));
#2799 = CARTESIAN_POINT('',(30.,-5.314864671637,7.919036009679));
#2800 = CARTESIAN_POINT('',(30.,-5.31212462508,7.916030690258));
#2801 = CARTESIAN_POINT('',(30.,-5.30936917867,7.913026812262));
#2802 = CARTESIAN_POINT('',(30.,-5.306598317687,7.910024383105));
#2803 = CARTESIAN_POINT('',(30.,-5.303812027291,7.907023410196));
#2804 = CARTESIAN_POINT('',(30.,-5.301010292522,7.904023900941));
#2805 = CARTESIAN_POINT('',(30.,-5.298193098298,7.901025862742));
#2806 = CARTESIAN_POINT('',(30.,-5.295360429418,7.898029302999));
#2807 = CARTESIAN_POINT('',(30.,-5.292512270557,7.895034229105));
#2808 = CARTESIAN_POINT('',(30.,-5.289648606267,7.892040648453));
#2809 = CARTESIAN_POINT('',(30.,-5.286769420977,7.88904856843));
#2810 = CARTESIAN_POINT('',(30.,-5.28387469899,7.88605799642));
#2811 = CARTESIAN_POINT('',(30.,-5.280964424484,7.883068939805));
#2812 = CARTESIAN_POINT('',(30.,-5.27803858151,7.880081405959));
#2813 = CARTESIAN_POINT('',(30.,-5.275097153992,7.877095402257));
#2814 = CARTESIAN_POINT('',(30.,-5.272140125727,7.874110936066));
#2815 = CARTESIAN_POINT('',(30.,-5.26916748038,7.871128014754));
#2816 = CARTESIAN_POINT('',(30.,-5.266179201488,7.86814664568));
#2817 = CARTESIAN_POINT('',(30.,-5.263175272457,7.865166836204));
#2818 = CARTESIAN_POINT('',(30.,-5.260155676561,7.862188593678));
#2819 = CARTESIAN_POINT('',(30.,-5.25712039694,7.859211925453));
#2820 = CARTESIAN_POINT('',(30.,-5.254069416603,7.856236838875));
#2821 = CARTESIAN_POINT('',(30.,-5.25100271842,7.853263341287));
#2822 = CARTESIAN_POINT('',(30.,-5.24792028513,7.850291440025));
#2823 = CARTESIAN_POINT('',(30.,-5.244822099332,7.847321142426));
#2824 = CARTESIAN_POINT('',(30.,-5.24170814349,7.84435245582));
#2825 = CARTESIAN_POINT('',(30.,-5.238578399927,7.841385387533));
#2826 = CARTESIAN_POINT('',(30.,-5.235432850829,7.838419944887));
#2827 = CARTESIAN_POINT('',(30.,-5.23227147824,7.835456135202));
#2828 = CARTESIAN_POINT('',(30.,-5.229094264062,7.832493965792));
#2829 = CARTESIAN_POINT('',(30.,-5.225901190054,7.829533443967));
#2830 = CARTESIAN_POINT('',(30.,-5.222692237835,7.826574577033));
#2831 = CARTESIAN_POINT('',(30.,-5.219467388874,7.823617372295));
#2832 = CARTESIAN_POINT('',(30.,-5.216226624499,7.820661837048));
#2833 = CARTESIAN_POINT('',(30.,-5.212969925888,7.817707978589));
#2834 = CARTESIAN_POINT('',(30.,-5.209697274072,7.814755804207));
#2835 = CARTESIAN_POINT('',(30.,-5.206408649933,7.811805321187));
#2836 = CARTESIAN_POINT('',(30.,-5.203104034204,7.808856536812));
#2837 = CARTESIAN_POINT('',(30.,-5.199783407465,7.80590945836));
#2838 = CARTESIAN_POINT('',(30.,-5.196446750145,7.802964093104));
#2839 = CARTESIAN_POINT('',(30.,-5.193094042518,7.800020448312));
#2840 = CARTESIAN_POINT('',(30.,-5.189725264705,7.797078531251));
#2841 = CARTESIAN_POINT('',(30.,-5.18634039667,7.794138349181));
#2842 = CARTESIAN_POINT('',(30.,-5.18293941822,7.791199909358));
#2843 = CARTESIAN_POINT('',(30.,-5.179522309004,7.788263219034));
#2844 = CARTESIAN_POINT('',(30.,-5.176089048513,7.785328285458));
#2845 = CARTESIAN_POINT('',(30.,-5.172639616074,7.782395115874));
#2846 = CARTESIAN_POINT('',(30.,-5.169173990855,7.779463717519));
#2847 = CARTESIAN_POINT('',(30.,-5.16569215186,7.77653409763));
#2848 = CARTESIAN_POINT('',(30.,-5.162194077929,7.773606263437));
#2849 = CARTESIAN_POINT('',(30.,-5.158679747734,7.770680222167));
#2850 = CARTESIAN_POINT('',(30.,-5.155149139784,7.76775598104));
#2851 = CARTESIAN_POINT('',(30.,-5.151602232415,7.764833547274));
#2852 = CARTESIAN_POINT('',(30.,-5.148039003798,7.761912928082));
#2853 = CARTESIAN_POINT('',(30.,-5.14445943193,7.758994130673));
#2854 = CARTESIAN_POINT('',(30.,-5.140863494637,7.75607716225));
#2855 = CARTESIAN_POINT('',(30.,-5.13725116957,7.753162030014));
#2856 = CARTESIAN_POINT('',(30.,-5.133622434207,7.750248741158));
#2857 = CARTESIAN_POINT('',(30.,-5.129977265848,7.747337302874));
#2858 = CARTESIAN_POINT('',(30.,-5.126315641616,7.744427722348));
#2859 = CARTESIAN_POINT('',(30.,-5.122637538453,7.74152000676));
#2860 = CARTESIAN_POINT('',(30.,-5.118942933124,7.738614163288));
#2861 = CARTESIAN_POINT('',(30.,-5.115231802207,7.735710199103));
#2862 = CARTESIAN_POINT('',(30.,-5.1115041221,7.732808121373));
#2863 = CARTESIAN_POINT('',(30.,-5.107759869014,7.729907937262));
#2864 = CARTESIAN_POINT('',(30.,-5.103999018975,7.727009653927));
#2865 = CARTESIAN_POINT('',(30.,-5.100221547818,7.724113278522));
#2866 = CARTESIAN_POINT('',(30.,-5.096427431192,7.721218818196));
#2867 = CARTESIAN_POINT('',(30.,-5.092616644551,7.718326280094));
#2868 = CARTESIAN_POINT('',(30.,-5.088789163159,7.715435671354));
#2869 = CARTESIAN_POINT('',(30.,-5.084944962085,7.712546999111));
#2870 = CARTESIAN_POINT('',(30.,-5.081084016199,7.709660270496));
#2871 = CARTESIAN_POINT('',(30.,-5.077206300178,7.706775492634));
#2872 = CARTESIAN_POINT('',(30.,-5.073311788495,7.703892672645));
#2873 = CARTESIAN_POINT('',(30.,-5.069400455426,7.701011817645));
#2874 = CARTESIAN_POINT('',(30.,-5.065472275042,7.698132934744));
#2875 = CARTESIAN_POINT('',(30.,-5.06152722121,7.695256031049));
#2876 = CARTESIAN_POINT('',(30.,-5.057565267591,7.692381113661));
#2877 = CARTESIAN_POINT('',(30.,-5.053586387637,7.689508189676));
#2878 = CARTESIAN_POINT('',(30.,-5.049590554592,7.686637266186));
#2879 = CARTESIAN_POINT('',(30.,-5.045577741489,7.683768350276));
#2880 = CARTESIAN_POINT('',(30.,-5.041547921144,7.680901449029));
#2881 = CARTESIAN_POINT('',(30.,-5.037501066162,7.678036569521));
#2882 = CARTESIAN_POINT('',(30.,-5.03343714893,7.675173718824));
#2883 = CARTESIAN_POINT('',(30.,-5.029356141614,7.672312904004));
#2884 = CARTESIAN_POINT('',(30.,-5.025258016162,7.669454132123));
#2885 = CARTESIAN_POINT('',(30.,-5.021142744297,7.666597410237));
#2886 = CARTESIAN_POINT('',(30.,-5.01701029752,7.663742745399));
#2887 = CARTESIAN_POINT('',(30.,-5.012860647104,7.660890144655));
#2888 = CARTESIAN_POINT('',(30.,-5.008693764092,7.658039615046));
#2889 = CARTESIAN_POINT('',(30.,-5.004509619299,7.655191163609));
#2890 = CARTESIAN_POINT('',(30.,-5.000308183307,7.652344797376));
#2891 = CARTESIAN_POINT('',(30.,-4.996089426461,7.649500523371));
#2892 = CARTESIAN_POINT('',(30.,-4.991853318872,7.646658348617));
#2893 = CARTESIAN_POINT('',(30.,-4.987599830411,7.64381828013));
#2894 = CARTESIAN_POINT('',(30.,-4.983328930708,7.64098032492));
#2895 = CARTESIAN_POINT('',(30.,-4.97904058915,7.638144489993));
#2896 = CARTESIAN_POINT('',(30.,-4.974734774878,7.635310782349));
#2897 = CARTESIAN_POINT('',(30.,-4.970411456788,7.632479208984));
#2898 = CARTESIAN_POINT('',(30.,-4.966070603522,7.629649776887));
#2899 = CARTESIAN_POINT('',(30.,-4.961712183475,7.626822493043));
#2900 = CARTESIAN_POINT('',(30.,-4.957336164782,7.623997364432));
#2901 = CARTESIAN_POINT('',(30.,-4.952942515327,7.621174398028));
#2902 = CARTESIAN_POINT('',(30.,-4.94853120273,7.618353600799));
#2903 = CARTESIAN_POINT('',(30.,-4.944102194354,7.61553497971));
#2904 = CARTESIAN_POINT('',(30.,-4.939655457296,7.612718541718));
#2905 = CARTESIAN_POINT('',(30.,-4.935190958386,7.609904293776));
#2906 = CARTESIAN_POINT('',(30.,-4.930708664187,7.607092242833));
#2907 = CARTESIAN_POINT('',(30.,-4.926208540989,7.604282395829));
#2908 = CARTESIAN_POINT('',(30.,-4.921690554812,7.601474759702));
#2909 = CARTESIAN_POINT('',(30.,-4.917154671395,7.598669341384));
#2910 = CARTESIAN_POINT('',(30.,-4.912600856201,7.595866147799));
#2911 = CARTESIAN_POINT('',(30.,-4.908029074411,7.593065185868));
#2912 = CARTESIAN_POINT('',(30.,-4.903439290922,7.590266462507));
#2913 = CARTESIAN_POINT('',(30.,-4.898831470343,7.587469984625));
#2914 = CARTESIAN_POINT('',(30.,-4.894205576996,7.584675759126));
#2915 = CARTESIAN_POINT('',(30.,-4.889561574909,7.581883792908));
#2916 = CARTESIAN_POINT('',(30.,-4.884899427814,7.579094092864));
#2917 = CARTESIAN_POINT('',(30.,-4.880219099147,7.576306665882));
#2918 = CARTESIAN_POINT('',(30.,-4.875520552043,7.573521518843));
#2919 = CARTESIAN_POINT('',(30.,-4.870803749332,7.570738658625));
#2920 = CARTESIAN_POINT('',(30.,-4.866068653538,7.567958092097));
#2921 = CARTESIAN_POINT('',(30.,-4.861315226877,7.565179826124));
#2922 = CARTESIAN_POINT('',(30.,-4.85654343125,7.562403867566));
#2923 = CARTESIAN_POINT('',(30.,-4.851753228244,7.559630223277));
#2924 = CARTESIAN_POINT('',(30.,-4.846944579127,7.556858900105));
#2925 = CARTESIAN_POINT('',(30.,-4.842117444845,7.554089904892));
#2926 = CARTESIAN_POINT('',(30.,-4.837271786019,7.551323244476));
#2927 = CARTESIAN_POINT('',(30.,-4.832407562942,7.548558925686));
#2928 = CARTESIAN_POINT('',(30.,-4.827524735576,7.545796955349));
#2929 = CARTESIAN_POINT('',(30.,-4.822623263547,7.543037340283));
#2930 = CARTESIAN_POINT('',(30.,-4.817703106144,7.540280087304));
#2931 = CARTESIAN_POINT('',(30.,-4.812764222314,7.537525203218));
#2932 = CARTESIAN_POINT('',(30.,-4.807806570659,7.534772694828));
#2933 = CARTESIAN_POINT('',(30.,-4.802830109435,7.53202256893));
#2934 = CARTESIAN_POINT('',(30.,-4.797834796543,7.529274832316));
#2935 = CARTESIAN_POINT('',(30.,-4.792820589529,7.52652949177));
#2936 = CARTESIAN_POINT('',(30.,-4.787787445583,7.52378655407));
#2937 = CARTESIAN_POINT('',(30.,-4.782735321528,7.52104602599));
#2938 = CARTESIAN_POINT('',(30.,-4.777664173825,7.518307914297));
#2939 = CARTESIAN_POINT('',(30.,-4.772573958562,7.515572225753));
#2940 = CARTESIAN_POINT('',(30.,-4.767464631453,7.512838967112));
#2941 = CARTESIAN_POINT('',(30.,-4.762336147837,7.510108145123));
#2942 = CARTESIAN_POINT('',(30.,-4.757188462668,7.507379766532));
#2943 = CARTESIAN_POINT('',(30.,-4.752021530517,7.504653838074));
#2944 = CARTESIAN_POINT('',(30.,-4.746835305564,7.501930366482));
#2945 = CARTESIAN_POINT('',(30.,-4.741629741596,7.499209358481));
#2946 = CARTESIAN_POINT('',(30.,-4.736404792001,7.49649082079));
#2947 = CARTESIAN_POINT('',(30.,-4.731160409766,7.493774760123));
#2948 = CARTESIAN_POINT('',(30.,-4.725896547473,7.491061183187));
#2949 = CARTESIAN_POINT('',(30.,-4.720613157291,7.488350096685));
#2950 = CARTESIAN_POINT('',(30.,-4.715310190976,7.48564150731));
#2951 = CARTESIAN_POINT('',(30.,-4.709987599864,7.482935421752));
#2952 = CARTESIAN_POINT('',(30.,-4.704645334867,7.480231846695));
#2953 = CARTESIAN_POINT('',(30.,-4.69928334647,7.477530788815));
#2954 = CARTESIAN_POINT('',(30.,-4.693901584724,7.474832254784));
#2955 = CARTESIAN_POINT('',(30.,-4.688499999243,7.472136251265));
#2956 = CARTESIAN_POINT('',(30.,-4.683078539198,7.469442784917));
#2957 = CARTESIAN_POINT('',(30.,-4.677637153314,7.466751862393));
#2958 = CARTESIAN_POINT('',(30.,-4.672175789863,7.464063490339));
#2959 = CARTESIAN_POINT('',(30.,-4.666694396662,7.461377675395));
#2960 = CARTESIAN_POINT('',(30.,-4.661192921065,7.458694424194));
#2961 = CARTESIAN_POINT('',(30.,-4.655671309959,7.456013743364));
#2962 = CARTESIAN_POINT('',(30.,-4.650129509759,7.453335639526));
#2963 = CARTESIAN_POINT('',(30.,-4.644567466404,7.450660119295));
#2964 = CARTESIAN_POINT('',(30.,-4.638985125348,7.447987189279));
#2965 = CARTESIAN_POINT('',(30.,-4.633382431559,7.445316856082));
#2966 = CARTESIAN_POINT('',(30.,-4.627759329512,7.442649126298));
#2967 = CARTESIAN_POINT('',(30.,-4.622115763183,7.439984006518));
#2968 = CARTESIAN_POINT('',(30.,-4.616451676041,7.437321503325));
#2969 = CARTESIAN_POINT('',(30.,-4.610767011049,7.434661623296));
#2970 = CARTESIAN_POINT('',(30.,-4.605061710651,7.432004373001));
#2971 = CARTESIAN_POINT('',(30.,-4.599335716771,7.429349759005));
#2972 = CARTESIAN_POINT('',(30.,-4.593588970804,7.426697787866));
#2973 = CARTESIAN_POINT('',(30.,-4.587821413612,7.424048466134));
#2974 = CARTESIAN_POINT('',(30.,-4.582032985518,7.421401800355));
#2975 = CARTESIAN_POINT('',(30.,-4.576223626297,7.418757797067));
#2976 = CARTESIAN_POINT('',(30.,-4.570393275174,7.416116462802));
#2977 = CARTESIAN_POINT('',(30.,-4.564541870814,7.413477804086));
#2978 = CARTESIAN_POINT('',(30.,-4.558669351316,7.410841827437));
#2979 = CARTESIAN_POINT('',(30.,-4.552775654209,7.408208539369));
#2980 = CARTESIAN_POINT('',(30.,-4.546860716444,7.405577946387));
#2981 = CARTESIAN_POINT('',(30.,-4.540924474383,7.402950054991));
#2982 = CARTESIAN_POINT('',(30.,-4.534966863801,7.400324871673));
#2983 = CARTESIAN_POINT('',(30.,-4.52898781987,7.397702402919));
#2984 = CARTESIAN_POINT('',(30.,-4.522987277159,7.395082655211));
#2985 = CARTESIAN_POINT('',(30.,-4.516965169619,7.39246563502));
#2986 = CARTESIAN_POINT('',(30.,-4.510921430586,7.389851348813));
#2987 = CARTESIAN_POINT('',(30.,-4.504855992763,7.387239803051));
#2988 = CARTESIAN_POINT('',(30.,-4.498768788221,7.384631004186));
#2989 = CARTESIAN_POINT('',(30.,-4.492659748385,7.382024958665));
#2990 = CARTESIAN_POINT('',(30.,-4.48652880403,7.379421672928));
#2991 = CARTESIAN_POINT('',(30.,-4.480375885272,7.376821153409));
#2992 = CARTESIAN_POINT('',(30.,-4.474200921559,7.374223406533));
#2993 = CARTESIAN_POINT('',(30.,-4.468003841667,7.371628438721));
#2994 = CARTESIAN_POINT('',(30.,-4.461784573684,7.369036256387));
#2995 = CARTESIAN_POINT('',(30.,-4.455543045008,7.366446865935));
#2996 = CARTESIAN_POINT('',(30.,-4.449279182339,7.363860273767));
#2997 = CARTESIAN_POINT('',(30.,-4.442992911664,7.361276486274));
#2998 = CARTESIAN_POINT('',(30.,-4.436684158253,7.358695509844));
#2999 = CARTESIAN_POINT('',(30.,-4.430352846652,7.356117350855));
#3000 = CARTESIAN_POINT('',(30.,-4.423998900668,7.35354201568));
#3001 = CARTESIAN_POINT('',(30.,-4.417622243363,7.350969510685));
#3002 = CARTESIAN_POINT('',(30.,-4.411222797045,7.348399842229));
#3003 = CARTESIAN_POINT('',(30.,-4.404800483257,7.345833016663));
#3004 = CARTESIAN_POINT('',(30.,-4.398355222771,7.343269040333));
#3005 = CARTESIAN_POINT('',(30.,-4.39188693557,7.340707919578));
#3006 = CARTESIAN_POINT('',(30.,-4.385395540848,7.338149660728));
#3007 = CARTESIAN_POINT('',(30.,-4.378880956993,7.335594270109));
#3008 = CARTESIAN_POINT('',(30.,-4.372343101577,7.333041754038));
#3009 = CARTESIAN_POINT('',(30.,-4.365781891349,7.330492118826));
#3010 = CARTESIAN_POINT('',(30.,-4.359197242223,7.327945370776));
#3011 = CARTESIAN_POINT('',(30.,-4.352589069263,7.325401516186));
#3012 = CARTESIAN_POINT('',(30.,-4.34595728668,7.322860561346));
#3013 = CARTESIAN_POINT('',(30.,-4.339301807811,7.320322512538));
#3014 = CARTESIAN_POINT('',(30.,-4.332622545118,7.317787376038));
#3015 = CARTESIAN_POINT('',(30.,-4.325919410165,7.315255158116));
#3016 = CARTESIAN_POINT('',(30.,-4.319192313617,7.312725865034));
#3017 = CARTESIAN_POINT('',(30.,-4.31244116522,7.310199503046));
#3018 = CARTESIAN_POINT('',(30.,-4.305665873794,7.3076760784));
#3019 = CARTESIAN_POINT('',(30.,-4.298866347216,7.305155597338));
#3020 = CARTESIAN_POINT('',(30.,-4.29204249241,7.302638066093));
#3021 = CARTESIAN_POINT('',(30.,-4.285194215336,7.300123490892));
#3022 = CARTESIAN_POINT('',(30.,-4.278321420971,7.297611877955));
#3023 = CARTESIAN_POINT('',(30.,-4.271424013301,7.295103233495));
#3024 = CARTESIAN_POINT('',(30.,-4.264501895306,7.292597563716));
#3025 = CARTESIAN_POINT('',(30.,-4.257554968944,7.290094874818));
#3026 = CARTESIAN_POINT('',(30.,-4.25058313514,7.287595172992));
#3027 = CARTESIAN_POINT('',(30.,-4.243586293769,7.285098464422));
#3028 = CARTESIAN_POINT('',(30.,-4.236564343644,7.282604755285));
#3029 = CARTESIAN_POINT('',(30.,-4.229517182498,7.280114051751));
#3030 = CARTESIAN_POINT('',(30.,-4.222444706971,7.277626359982));
#3031 = CARTESIAN_POINT('',(30.,-4.215346812596,7.275141686136));
#3032 = CARTESIAN_POINT('',(30.,-4.208223393779,7.272660036359));
#3033 = CARTESIAN_POINT('',(30.,-4.201074343787,7.270181416793));
#3034 = CARTESIAN_POINT('',(30.,-4.19389955473,7.267705833572));
#3035 = CARTESIAN_POINT('',(30.,-4.186698917543,7.265233292823));
#3036 = CARTESIAN_POINT('',(30.,-4.179472321974,7.262763800666));
#3037 = CARTESIAN_POINT('',(30.,-4.17221965656,7.260297363213));
#3038 = CARTESIAN_POINT('',(30.,-4.164940808617,7.257833986569));
#3039 = CARTESIAN_POINT('',(30.,-4.157635664214,7.255373676831));
#3040 = CARTESIAN_POINT('',(30.,-4.150304108161,7.252916440091));
#3041 = CARTESIAN_POINT('',(30.,-4.142946023991,7.250462282432));
#3042 = CARTESIAN_POINT('',(30.,-4.135561293934,7.24801120993));
#3043 = CARTESIAN_POINT('',(30.,-4.128149798905,7.245563228654));
#3044 = CARTESIAN_POINT('',(30.,-4.120711418483,7.243118344665));
#3045 = CARTESIAN_POINT('',(30.,-4.113246030887,7.240676564018));
#3046 = CARTESIAN_POINT('',(30.,-4.10575351296,7.238237892759));
#3047 = CARTESIAN_POINT('',(30.,-4.098233740148,7.235802336928));
#3048 = CARTESIAN_POINT('',(30.,-4.090686586475,7.233369902558));
#3049 = CARTESIAN_POINT('',(30.,-4.083111924527,7.230940595672));
#3050 = CARTESIAN_POINT('',(30.,-4.075509625425,7.22851442229));
#3051 = CARTESIAN_POINT('',(30.,-4.067879558804,7.22609138842));
#3052 = CARTESIAN_POINT('',(30.,-4.060221592793,7.223671500067));
#3053 = CARTESIAN_POINT('',(30.,-4.052535593989,7.221254763225));
#3054 = CARTESIAN_POINT('',(30.,-4.044821427432,7.218841183883));
#3055 = CARTESIAN_POINT('',(30.,-4.037078956585,7.216430768021));
#3056 = CARTESIAN_POINT('',(30.,-4.029308043304,7.214023521613));
#3057 = CARTESIAN_POINT('',(30.,-4.021508547817,7.211619450625));
#3058 = CARTESIAN_POINT('',(30.,-4.013680328697,7.209218561016));
#3059 = CARTESIAN_POINT('',(30.,-4.005823242835,7.206820858737));
#3060 = CARTESIAN_POINT('',(30.,-3.997937145412,7.204426349731));
#3061 = CARTESIAN_POINT('',(30.,-3.990021889876,7.202035039936));
#3062 = CARTESIAN_POINT('',(30.,-3.98207732791,7.19964693528));
#3063 = CARTESIAN_POINT('',(30.,-3.974103309403,7.197262041684));
#3064 = CARTESIAN_POINT('',(30.,-3.966099682426,7.194880365064));
#3065 = CARTESIAN_POINT('',(30.,-3.958066293196,7.192501911326));
#3066 = CARTESIAN_POINT('',(30.,-3.950002986049,7.190126686369));
#3067 = CARTESIAN_POINT('',(30.,-3.941909603412,7.187754696085));
#3068 = CARTESIAN_POINT('',(30.,-3.933785985762,7.185385946359));
#3069 = CARTESIAN_POINT('',(30.,-3.925631971604,7.183020443068));
#3070 = CARTESIAN_POINT('',(30.,-3.917447397432,7.180658192081));
#3071 = CARTESIAN_POINT('',(30.,-3.909232097697,7.178299199261));
#3072 = CARTESIAN_POINT('',(30.,-3.900985904773,7.175943470463));
#3073 = CARTESIAN_POINT('',(30.,-3.892708648919,7.173591011533));
#3074 = CARTESIAN_POINT('',(30.,-3.884400158247,7.171241828312));
#3075 = CARTESIAN_POINT('',(30.,-3.876060258683,7.168895926632));
#3076 = CARTESIAN_POINT('',(30.,-3.867688773929,7.166553312319));
#3077 = CARTESIAN_POINT('',(30.,-3.859285525427,7.164213991189));
#3078 = CARTESIAN_POINT('',(30.,-3.850850332316,7.161877969054));
#3079 = CARTESIAN_POINT('',(30.,-3.842383011395,7.159545251715));
#3080 = CARTESIAN_POINT('',(30.,-3.83388337708,7.157215844968));
#3081 = CARTESIAN_POINT('',(30.,-3.825351241364,7.154889754602));
#3082 = CARTESIAN_POINT('',(30.,-3.816786413772,7.152566986395));
#3083 = CARTESIAN_POINT('',(30.,-3.808188701317,7.150247546122));
#3084 = CARTESIAN_POINT('',(30.,-3.799557908459,7.147931439548));
#3085 = CARTESIAN_POINT('',(30.,-3.790893837052,7.145618672431));
#3086 = CARTESIAN_POINT('',(30.,-3.782196286303,7.143309250523));
#3087 = CARTESIAN_POINT('',(30.,-3.773465052722,7.141003179565));
#3088 = CARTESIAN_POINT('',(30.,-3.764699930072,7.138700465295));
#3089 = CARTESIAN_POINT('',(30.,-3.755900709319,7.136401113441));
#3090 = CARTESIAN_POINT('',(30.,-3.747067178579,7.134105129724));
#3091 = CARTESIAN_POINT('',(30.,-3.738199123068,7.131812519858));
#3092 = CARTESIAN_POINT('',(30.,-3.729296325047,7.12952328955));
#3093 = CARTESIAN_POINT('',(30.,-3.720358563764,7.127237444498));
#3094 = CARTESIAN_POINT('',(30.,-3.7113856154,7.124954990394));
#3095 = CARTESIAN_POINT('',(30.,-3.702377253009,7.122675932923));
#3096 = CARTESIAN_POINT('',(30.,-3.693333246461,7.120400277763));
#3097 = CARTESIAN_POINT('',(30.,-3.684253362378,7.118128030582));
#3098 = CARTESIAN_POINT('',(30.,-3.675137364072,7.115859197043));
#3099 = CARTESIAN_POINT('',(30.,-3.665985011482,7.113593782802));
#3100 = CARTESIAN_POINT('',(30.,-3.65679606111,7.111331793507));
#3101 = CARTESIAN_POINT('',(30.,-3.647570265946,7.109073234798));
#3102 = CARTESIAN_POINT('',(30.,-3.63830737541,7.106818112309));
#3103 = CARTESIAN_POINT('',(30.,-3.629007135271,7.104566431665));
#3104 = CARTESIAN_POINT('',(30.,-3.619669287582,7.102318198487));
#3105 = CARTESIAN_POINT('',(30.,-3.610293570598,7.100073418386));
#3106 = CARTESIAN_POINT('',(30.,-3.600879718708,7.097832096968));
#3107 = CARTESIAN_POINT('',(30.,-3.591427462349,7.095594239828));
#3108 = CARTESIAN_POINT('',(30.,-3.58193652793,7.093359852559));
#3109 = CARTESIAN_POINT('',(30.,-3.572406637746,7.091128940743));
#3110 = CARTESIAN_POINT('',(30.,-3.562837509898,7.088901509958));
#3111 = CARTESIAN_POINT('',(30.,-3.5532288582,7.086677565772));
#3112 = CARTESIAN_POINT('',(30.,-3.543580392095,7.084457113748));
#3113 = CARTESIAN_POINT('',(30.,-3.533891816558,7.082240159441));
#3114 = CARTESIAN_POINT('',(30.,-3.524162832007,7.0800267084));
#3115 = CARTESIAN_POINT('',(30.,-3.514393134199,7.077816766166));
#3116 = CARTESIAN_POINT('',(30.,-3.50458241414,7.075610338274));
#3117 = CARTESIAN_POINT('',(30.,-3.494730357973,7.073407430253));
#3118 = CARTESIAN_POINT('',(30.,-3.484836646879,7.071208047623));
#3119 = CARTESIAN_POINT('',(30.,-3.474900956967,7.069012195898));
#3120 = CARTESIAN_POINT('',(30.,-3.464922959162,7.066819880587));
#3121 = CARTESIAN_POINT('',(30.,-3.45490231909,7.06463110719));
#3122 = CARTESIAN_POINT('',(30.,-3.444838696966,7.062445881201));
#3123 = CARTESIAN_POINT('',(30.,-3.434731747463,7.06026420811));
#3124 = CARTESIAN_POINT('',(30.,-3.424581119598,7.058086093396));
#3125 = CARTESIAN_POINT('',(30.,-3.414386456597,7.055911542535));
#3126 = CARTESIAN_POINT('',(30.,-3.404147395765,7.053740560996));
#3127 = CARTESIAN_POINT('',(30.,-3.393863568352,7.051573154239));
#3128 = CARTESIAN_POINT('',(30.,-3.383534599408,7.049409327722));
#3129 = CARTESIAN_POINT('',(30.,-3.373160107648,7.047249086894));
#3130 = CARTESIAN_POINT('',(30.,-3.362739705295,7.045092437199));
#3131 = CARTESIAN_POINT('',(30.,-3.352272997932,7.042939384073));
#3132 = CARTESIAN_POINT('',(30.,-3.341759584341,7.040789932948));
#3133 = CARTESIAN_POINT('',(30.,-3.331199056347,7.038644089249));
#3134 = CARTESIAN_POINT('',(30.,-3.320590998644,7.036501858397));
#3135 = CARTESIAN_POINT('',(30.,-3.309934988625,7.034363245804));
#3136 = CARTESIAN_POINT('',(30.,-3.299230596206,7.03222825688));
#3137 = CARTESIAN_POINT('',(30.,-3.288477383641,7.030096897026));
#3138 = CARTESIAN_POINT('',(30.,-3.277674905332,7.027969171639));
#3139 = CARTESIAN_POINT('',(30.,-3.266822707635,7.025845086112));
#3140 = CARTESIAN_POINT('',(30.,-3.255920328656,7.02372464583));
#3141 = CARTESIAN_POINT('',(30.,-3.244967298047,7.021607856174));
#3142 = CARTESIAN_POINT('',(30.,-3.233963136788,7.019494722521));
#3143 = CARTESIAN_POINT('',(30.,-3.222907356964,7.017385250241));
#3144 = CARTESIAN_POINT('',(30.,-3.211799461539,7.0152794447));
#3145 = CARTESIAN_POINT('',(30.,-3.200638944116,7.013177311261));
#3146 = CARTESIAN_POINT('',(30.,-3.189425288694,7.01107885528));
#3147 = CARTESIAN_POINT('',(30.,-3.178157969413,7.008984082109));
#3148 = CARTESIAN_POINT('',(30.,-3.166836450293,7.006892997097));
#3149 = CARTESIAN_POINT('',(30.,-3.155460184963,7.004805605587));
#3150 = CARTESIAN_POINT('',(30.,-3.14402861638,7.00272191292));
#3151 = CARTESIAN_POINT('',(30.,-3.132541176538,7.000641924432));
#3152 = CARTESIAN_POINT('',(30.,-3.12099728617,6.998565645454));
#3153 = CARTESIAN_POINT('',(30.,-3.109396354435,6.996493081318));
#3154 = CARTESIAN_POINT('',(30.,-3.097737778596,6.994424237347));
#3155 = CARTESIAN_POINT('',(30.,-3.086020943688,6.992359118866));
#3156 = CARTESIAN_POINT('',(30.,-3.074245222167,6.990297731193));
#3157 = CARTESIAN_POINT('',(30.,-3.062409973558,6.988240079646));
#3158 = CARTESIAN_POINT('',(30.,-3.050514544077,6.98618616954));
#3159 = CARTESIAN_POINT('',(30.,-3.03855826625,6.984136006188));
#3160 = CARTESIAN_POINT('',(30.,-3.02654045851,6.982089594901));
#3161 = CARTESIAN_POINT('',(30.,-3.014460424781,6.980046940987));
#3162 = CARTESIAN_POINT('',(30.,-3.002317454049,6.978008049754));
#3163 = CARTESIAN_POINT('',(30.,-2.990110819912,6.975972926509));
#3164 = CARTESIAN_POINT('',(30.,-2.977839780115,6.973941576559));
#3165 = CARTESIAN_POINT('',(30.,-2.965503576067,6.971914005207));
#3166 = CARTESIAN_POINT('',(30.,-2.953101432339,6.969890217761));
#3167 = CARTESIAN_POINT('',(30.,-2.940632556138,6.967870219524));
#3168 = CARTESIAN_POINT('',(30.,-2.928096136766,6.965854015805));
#3169 = CARTESIAN_POINT('',(30.,-2.915491345053,6.963841611909));
#3170 = CARTESIAN_POINT('',(30.,-2.902817332769,6.961833013145));
#3171 = CARTESIAN_POINT('',(30.,-2.890073232006,6.959828224825));
#3172 = CARTESIAN_POINT('',(30.,-2.877258154547,6.95782725226));
#3173 = CARTESIAN_POINT('',(30.,-2.864371191189,6.955830100766));
#3174 = CARTESIAN_POINT('',(30.,-2.85141141106,6.953836775662));
#3175 = CARTESIAN_POINT('',(30.,-2.838377860886,6.951847282271));
#3176 = CARTESIAN_POINT('',(30.,-2.825269564238,6.949861625919));
#3177 = CARTESIAN_POINT('',(30.,-2.812085520744,6.94787981194));
#3178 = CARTESIAN_POINT('',(30.,-2.798824705267,6.945901845669));
#3179 = CARTESIAN_POINT('',(30.,-2.785486067038,6.943927732451));
#3180 = CARTESIAN_POINT('',(30.,-2.772068528765,6.941957477637));
#3181 = CARTESIAN_POINT('',(30.,-2.758570985686,6.939991086585));
#3182 = CARTESIAN_POINT('',(30.,-2.744992304589,6.938028564662));
#3183 = CARTESIAN_POINT('',(30.,-2.731331322781,6.936069917243));
#3184 = CARTESIAN_POINT('',(30.,-2.717586847013,6.934115149715));
#3185 = CARTESIAN_POINT('',(30.,-2.703757652348,6.932164267475));
#3186 = CARTESIAN_POINT('',(30.,-2.689842480979,6.930217275931));
#3187 = CARTESIAN_POINT('',(30.,-2.675840040989,6.928274180506));
#3188 = CARTESIAN_POINT('',(30.,-2.661749005051,6.926334986636));
#3189 = CARTESIAN_POINT('',(30.,-2.647568009059,6.924399699772));
#3190 = CARTESIAN_POINT('',(30.,-2.633295650697,6.92246832538));
#3191 = CARTESIAN_POINT('',(30.,-2.618930487932,6.920540868948));
#3192 = CARTESIAN_POINT('',(30.,-2.604471037429,6.918617335978));
#3193 = CARTESIAN_POINT('',(30.,-2.589915772882,6.916697731996));
#3194 = CARTESIAN_POINT('',(30.,-2.575263123266,6.914782062548));
#3195 = CARTESIAN_POINT('',(30.,-2.560511470987,6.912870333205));
#3196 = CARTESIAN_POINT('',(30.,-2.545659149937,6.910962549562));
#3197 = CARTESIAN_POINT('',(30.,-2.530704443442,6.909058717244));
#3198 = CARTESIAN_POINT('',(30.,-2.515645582098,6.907158841901));
#3199 = CARTESIAN_POINT('',(30.,-2.500480741485,6.905262929217));
#3200 = CARTESIAN_POINT('',(30.,-2.485208039754,6.903370984911));
#3201 = CARTESIAN_POINT('',(30.,-2.469825535078,6.901483014734));
#3202 = CARTESIAN_POINT('',(30.,-2.454331222947,6.899599024479));
#3203 = CARTESIAN_POINT('',(30.,-2.438723033314,6.897719019978));
#3204 = CARTESIAN_POINT('',(30.,-2.42299882757,6.89584300711));
#3205 = CARTESIAN_POINT('',(30.,-2.407156395331,6.893970991797));
#3206 = CARTESIAN_POINT('',(30.,-2.391193451034,6.892102980017));
#3207 = CARTESIAN_POINT('',(30.,-2.375107630325,6.890238977797));
#3208 = CARTESIAN_POINT('',(30.,-2.358896486215,6.888378991227));
#3209 = CARTESIAN_POINT('',(30.,-2.342557484994,6.886523026456));
#3210 = CARTESIAN_POINT('',(30.,-2.326088001881,6.884671089701));
#3211 = CARTESIAN_POINT('',(30.,-2.309485316396,6.882823187253));
#3212 = CARTESIAN_POINT('',(30.,-2.292746607411,6.880979325475));
#3213 = CARTESIAN_POINT('',(30.,-2.275868947886,6.879139510817));
#3214 = CARTESIAN_POINT('',(30.,-2.258849299225,6.877303749817));
#3215 = CARTESIAN_POINT('',(30.,-2.241684505261,6.875472049105));
#3216 = CARTESIAN_POINT('',(30.,-2.224371285799,6.873644415417));
#3217 = CARTESIAN_POINT('',(30.,-2.206906229708,6.871820855598));
#3218 = CARTESIAN_POINT('',(30.,-2.189285787506,6.870001376611));
#3219 = CARTESIAN_POINT('',(30.,-2.171506263396,6.868185985546));
#3220 = CARTESIAN_POINT('',(30.,-2.15356380671,6.866374689632));
#3221 = CARTESIAN_POINT('',(30.,-2.135454402685,6.864567496244));
#3222 = CARTESIAN_POINT('',(30.,-2.117173862537,6.86276441292));
#3223 = CARTESIAN_POINT('',(30.,-2.098717812739,6.860965447367));
#3224 = CARTESIAN_POINT('',(30.,-2.08008168344,6.859170607483));
#3225 = CARTESIAN_POINT('',(30.,-2.061260695932,6.857379901363));
#3226 = CARTESIAN_POINT('',(30.,-2.042249849073,6.855593337327));
#3227 = CARTESIAN_POINT('',(30.,-2.023043904548,6.853810923927));
#3228 = CARTESIAN_POINT('',(30.,-2.003637370863,6.852032669977));
#3229 = CARTESIAN_POINT('',(30.,-1.984024485909,6.850258584568));
#3230 = CARTESIAN_POINT('',(30.,-1.964199197965,6.8484886771));
#3231 = CARTESIAN_POINT('',(30.,-1.944155144949,6.846722957302));
#3232 = CARTESIAN_POINT('',(30.,-1.923885631714,6.844961435269));
#3233 = CARTESIAN_POINT('',(30.,-1.903383605171,6.84320412149));
#3234 = CARTESIAN_POINT('',(30.,-1.882641626976,6.841451026892));
#3235 = CARTESIAN_POINT('',(30.,-1.86165184347,6.839702162876));
#3236 = CARTESIAN_POINT('',(30.,-1.840405952548,6.837957541367));
#3237 = CARTESIAN_POINT('',(30.,-1.818895167047,6.836217174866));
#3238 = CARTESIAN_POINT('',(30.,-1.797110174208,6.834481076511));
#3239 = CARTESIAN_POINT('',(30.,-1.775041090681,6.832749260138));
#3240 = CARTESIAN_POINT('',(30.,-1.75267741245,6.831021740363));
#3241 = CARTESIAN_POINT('',(30.,-1.730007958982,6.829298532662));
#3242 = CARTESIAN_POINT('',(30.,-1.707020810744,6.827579653472));
#3243 = CARTESIAN_POINT('',(30.,-1.683703239109,6.825865120296));
#3244 = CARTESIAN_POINT('',(30.,-1.66004162749,6.824154951833));
#3245 = CARTESIAN_POINT('',(30.,-1.636021382316,6.822449168122));
#3246 = CARTESIAN_POINT('',(30.,-1.611626832219,6.820747790707));
#3247 = CARTESIAN_POINT('',(30.,-1.586841113446,6.81905084283));
#3248 = CARTESIAN_POINT('',(30.,-1.561646039158,6.817358349655));
#3249 = CARTESIAN_POINT('',(30.,-1.536021949724,6.815670338526));
#3250 = CARTESIAN_POINT('',(30.,-1.509947540559,6.813986839274));
#3251 = CARTESIAN_POINT('',(30.,-1.483399663236,6.812307884577));
#3252 = CARTESIAN_POINT('',(30.,-1.456353094618,6.81063351038));
#3253 = CARTESIAN_POINT('',(30.,-1.428780267529,6.808963756404));
#3254 = CARTESIAN_POINT('',(30.,-1.400650954822,6.807298666748));
#3255 = CARTESIAN_POINT('',(30.,-1.371931896621,6.805638290619));
#3256 = CARTESIAN_POINT('',(30.,-1.342586357747,6.803982683214));
#3257 = CARTESIAN_POINT('',(30.,-1.31257359868,6.802331906801));
#3258 = CARTESIAN_POINT('',(30.,-1.281848238519,6.800686032048));
#3259 = CARTESIAN_POINT('',(30.,-1.25035948177,6.799045139677));
#3260 = CARTESIAN_POINT('',(30.,-1.218050171694,6.797409322543));
#3261 = CARTESIAN_POINT('',(30.,-1.184855620283,6.795778688262));
#3262 = CARTESIAN_POINT('',(30.,-1.150702147051,6.794153362592));
#3263 = CARTESIAN_POINT('',(30.,-1.115505233134,6.792533493829));
#3264 = CARTESIAN_POINT('',(30.,-1.079167159584,6.790919258588));
#3265 = CARTESIAN_POINT('',(30.,-1.041573942622,6.789310869566));
#3266 = CARTESIAN_POINT('',(30.,-1.002591292804,6.787708586107));
#3267 = CARTESIAN_POINT('',(30.,-0.962059190695,6.786112728912));
#3268 = CARTESIAN_POINT('',(30.,-0.919784454841,6.784523700972));
#3269 = CARTESIAN_POINT('',(30.,-0.875530316632,6.782942018159));
#3270 = CARTESIAN_POINT('',(30.,-0.829001391585,6.781368355339));
#3271 = CARTESIAN_POINT('',(30.,-0.779821306665,6.779803618429));
#3272 = CARTESIAN_POINT('',(30.,-0.727498092552,6.778249061999));
#3273 = CARTESIAN_POINT('',(30.,-0.671368095675,6.776706491598));
#3274 = CARTESIAN_POINT('',(30.,-0.61049966035,6.775178635538));
#3275 = CARTESIAN_POINT('',(30.,-0.543515033429,6.773669888191));
#3276 = CARTESIAN_POINT('',(30.,-0.468227163687,6.772187972921));
#3277 = CARTESIAN_POINT('',(30.,-0.38079052284,6.770748300158));
#3278 = CARTESIAN_POINT('',(30.,-0.286080156349,6.769526963119));
#3279 = CARTESIAN_POINT('',(30.,-0.191526663382,6.768655693643));
#3280 = CARTESIAN_POINT('',(30.,-9.712611598335E-02,6.768130776043));
#3281 = CARTESIAN_POINT('',(30.,-2.872719464342E-03,6.767949351251));
#3282 = CARTESIAN_POINT('',(30.,0.,6.767949192431));
#3283 = PCURVE('',#147,#3284);
#3284 = DEFINITIONAL_REPRESENTATION('',(#3285),#3958);
#3285 = B_SPLINE_CURVE_WITH_KNOTS('',1,(#3286,#3287,#3288,#3289,#3290,
    #3291,#3292,#3293,#3294,#3295,#3296,#3297,#3298,#3299,#3300,#3301,
    #3302,#3303,#3304,#3305,#3306,#3307,#3308,#3309,#3310,#3311,#3312,
    #3313,#3314,#3315,#3316,#3317,#3318,#3319,#3320,#3321,#3322,#3323,
    #3324,#3325,#3326,#3327,#3328,#3329,#3330,#3331,#3332,#3333,#3334,
    #3335,#3336,#3337,#3338,#3339,#3340,#3341,#3342,#3343,#3344,#3345,
    #3346,#3347,#3348,#3349,#3350,#3351,#3352,#3353,#3354,#3355,#3356,
    #3357,#3358,#3359,#3360,#3361,#3362,#3363,#3364,#3365,#3366,#3367,
    #3368,#3369,#3370,#3371,#3372,#3373,#3374,#3375,#3376,#3377,#3378,
    #3379,#3380,#3381,#3382,#3383,#3384,#3385,#3386,#3387,#3388,#3389,
    #3390,#3391,#3392,#3393,#3394,#3395,#3396,#3397,#3398,#3399,#3400,
    #3401,#3402,#3403,#3404,#3405,#3406,#3407,#3408,#3409,#3410,#3411,
    #3412,#3413,#3414,#3415,#3416,#3417,#3418,#3419,#3420,#3421,#3422,
    #3423,#3424,#3425,#3426,#3427,#3428,#3429,#3430,#3431,#3432,#3433,
    #3434,#3435,#3436,#3437,#3438,#3439,#3440,#3441,#3442,#3443,#3444,
    #3445,#3446,#3447,#3448,#3449,#3450,#3451,#3452,#3453,#3454,#3455,
    #3456,#3457,#3458,#3459,#3460,#3461,#3462,#3463,#3464,#3465,#3466,
    #3467,#3468,#3469,#3470,#3471,#3472,#3473,#3474,#3475,#3476,#3477,
    #3478,#3479,#3480,#3481,#3482,#3483,#3484,#3485,#3486,#3487,#3488,
    #3489,#3490,#3491,#3492,#3493,#3494,#3495,#3496,#3497,#3498,#3499,
    #3500,#3501,#3502,#3503,#3504,#3505,#3506,#3507,#3508,#3509,#3510,
    #3511,#3512,#3513,#3514,#3515,#3516,#3517,#3518,#3519,#3520,#3521,
    #3522,#3523,#3524,#3525,#3526,#3527,#3528,#3529,#3530,#3531,#3532,
    #3533,#3534,#3535,#3536,#3537,#3538,#3539,#3540,#3541,#3542,#3543,
    #3544,#3545,#3546,#3547,#3548,#3549,#3550,#3551,#3552,#3553,#3554,
    #3555,#3556,#3557,#3558,#3559,#3560,#3561,#3562,#3563,#3564,#3565,
    #3566,#3567,#3568,#3569,#3570,#3571,#3572,#3573,#3574,#3575,#3576,
    #3577,#3578,#3579,#3580,#3581,#3582,#3583,#3584,#3585,#3586,#3587,
    #3588,#3589,#3590,#3591,#3592,#3593,#3594,#3595,#3596,#3597,#3598,
    #3599,#3600,#3601,#3602,#3603,#3604,#3605,#3606,#3607,#3608,#3609,
    #3610,#3611,#3612,#3613,#3614,#3615,#3616,#3617,#3618,#3619,#3620,
    #3621,#3622,#3623,#3624,#3625,#3626,#3627,#3628,#3629,#3630,#3631,
    #3632,#3633,#3634,#3635,#3636,#3637,#3638,#3639,#3640,#3641,#3642,
    #3643,#3644,#3645,#3646,#3647,#3648,#3649,#3650,#3651,#3652,#3653,
    #3654,#3655,#3656,#3657,#3658,#3659,#3660,#3661,#3662,#3663,#3664,
    #3665,#3666,#3667,#3668,#3669,#3670,#3671,#3672,#3673,#3674,#3675,
    #3676,#3677,#3678,#3679,#3680,#3681,#3682,#3683,#3684,#3685,#3686,
    #3687,#3688,#3689,#3690,#3691,#3692,#3693,#3694,#3695,#3696,#3697,
    #3698,#3699,#3700,#3701,#3702,#3703,#3704,#3705,#3706,#3707,#3708,
    #3709,#3710,#3711,#3712,#3713,#3714,#3715,#3716,#3717,#3718,#3719,
    #3720,#3721,#3722,#3723,#3724,#3725,#3726,#3727,#3728,#3729,#3730,
    #3731,#3732,#3733,#3734,#3735,#3736,#3737,#3738,#3739,#3740,#3741,
    #3742,#3743,#3744,#3745,#3746,#3747,#3748,#3749,#3750,#3751,#3752,
    #3753,#3754,#3755,#3756,#3757,#3758,#3759,#3760,#3761,#3762,#3763,
    #3764,#3765,#3766,#3767,#3768,#3769,#3770,#3771,#3772,#3773,#3774,
    #3775,#3776,#3777,#3778,#3779,#3780,#3781,#3782,#3783,#3784,#3785,
    #3786,#3787,#3788,#3789,#3790,#3791,#3792,#3793,#3794,#3795,#3796,
    #3797,#3798,#3799,#3800,#3801,#3802,#3803,#3804,#3805,#3806,#3807,
    #3808,#3809,#3810,#3811,#3812,#3813,#3814,#3815,#3816,#3817,#3818,
    #3819,#3820,#3821,#3822,#3823,#3824,#3825,#3826,#3827,#3828,#3829,
    #3830,#3831,#3832,#3833,#3834,#3835,#3836,#3837,#3838,#3839,#3840,
    #3841,#3842,#3843,#3844,#3845,#3846,#3847,#3848,#3849,#3850,#3851,
    #3852,#3853,#3854,#3855,#3856,#3857,#3858,#3859,#3860,#3861,#3862,
    #3863,#3864,#3865,#3866,#3867,#3868,#3869,#3870,#3871,#3872,#3873,
    #3874,#3875,#3876,#3877,#3878,#3879,#3880,#3881,#3882,#3883,#3884,
    #3885,#3886,#3887,#3888,#3889,#3890,#3891,#3892,#3893,#3894,#3895,
    #3896,#3897,#3898,#3899,#3900,#3901,#3902,#3903,#3904,#3905,#3906,
    #3907,#3908,#3909,#3910,#3911,#3912,#3913,#3914,#3915,#3916,#3917,
    #3918,#3919,#3920,#3921,#3922,#3923,#3924,#3925,#3926,#3927,#3928,
    #3929,#3930,#3931,#3932,#3933,#3934,#3935,#3936,#3937,#3938,#3939,
    #3940,#3941,#3942,#3943,#3944,#3945,#3946,#3947,#3948,#3949,#3950,
    #3951,#3952,#3953,#3954,#3955,#3956,#3957),.UNSPECIFIED.,.F.,.F.,(2,
    1,1,1,1,1,1,1,1,1,1,1,1,1,1,1,1,1,1,1,1,1,1,1,1,1,1,1,1,1,1,1,1,1,1,
    1,1,1,1,1,1,1,1,1,1,1,1,1,1,1,1,1,1,1,1,1,1,1,1,1,1,1,1,1,1,1,1,1,1,
    1,1,1,1,1,1,1,1,1,1,1,1,1,1,1,1,1,1,1,1,1,1,1,1,1,1,1,1,1,1,1,1,1,1,
    1,1,1,1,1,1,1,1,1,1,1,1,1,1,1,1,1,1,1,1,1,1,1,1,1,1,1,1,1,1,1,1,1,1,
    1,1,1,1,1,1,1,1,1,1,1,1,1,1,1,1,1,1,1,1,1,1,1,1,1,1,1,1,1,1,1,1,1,1,
    1,1,1,1,1,1,1,1,1,1,1,1,1,1,1,1,1,1,1,1,1,1,1,1,1,1,1,1,1,1,1,1,1,1,
    1,1,1,1,1,1,1,1,1,1,1,1,1,1,1,1,1,1,1,1,1,1,1,1,1,1,1,1,1,1,1,1,1,1,
    1,1,1,1,1,1,1,1,1,1,1,1,1,1,1,1,1,1,1,1,1,1,1,1,1,1,1,1,1,1,1,1,1,1,
    1,1,1,1,1,1,1,1,1,1,1,1,1,1,1,1,1,1,1,1,1,1,1,1,1,1,1,1,1,1,1,1,1,1,
    1,1,1,1,1,1,1,1,1,1,1,1,1,1,1,1,1,1,1,1,1,1,1,1,1,1,1,1,1,1,1,1,1,1,
    1,1,1,1,1,1,1,1,1,1,1,1,1,1,1,1,1,1,1,1,1,1,1,1,1,1,1,1,1,1,1,1,1,1,
    1,1,1,1,1,1,1,1,1,1,1,1,1,1,1,1,1,1,1,1,1,1,1,1,1,1,1,1,1,1,1,1,1,1,
    1,1,1,1,1,1,1,1,1,1,1,1,1,1,1,1,1,1,1,1,1,1,1,1,1,1,1,1,1,1,1,1,1,1,
    1,1,1,1,1,1,1,1,1,1,1,1,1,1,1,1,1,1,1,1,1,1,1,1,1,1,1,1,1,1,1,1,1,1,
    1,1,1,1,1,1,1,1,1,1,1,1,1,1,1,1,1,1,1,1,1,1,1,1,1,1,1,1,1,1,1,1,1,1,
    1,1,1,1,1,1,1,1,1,1,1,1,1,1,1,1,1,1,1,1,1,1,1,1,1,1,1,1,1,1,1,1,1,1,
    1,1,1,1,1,1,1,1,1,1,1,1,1,1,1,1,1,1,1,1,1,1,1,1,1,1,1,1,1,1,1,1,1,1,
    1,1,1,1,1,1,1,1,1,1,1,1,1,1,1,1,1,1,1,1,1,1,1,1,1,1,1,1,1,1,1,1,1,1,
    1,1,1,1,1,1,1,1,1,1,1,1,1,1,1,1,1,1,1,1,1,1,1,1,1,1,1,1,1,1,1,1,1,1,
    1,1,1,1,1,1,1,1,1,1,1,1,1,1,1,1,1,1,1,1,1,1,1,1,2),(0.,1.,2.,3.,4.,
    5.,6.,7.,8.,9.,10.,11.,12.,13.,14.,15.,16.,17.,18.,19.,20.,21.,22.,
    23.,24.,25.,26.,27.,28.,29.,30.,31.,32.,33.,34.,35.,36.,37.,38.,39.,
    40.,41.,42.,43.,44.,45.,46.,47.,48.,49.,50.,51.,52.,53.,54.,55.,56.,
    57.,58.,59.,60.,61.,62.,63.,64.,65.,66.,67.,68.,69.,70.,71.,72.,73.,
    74.,75.,76.,77.,78.,79.,80.,81.,82.,83.,84.,85.,86.,87.,88.,89.,90.,
    91.,92.,93.,94.,95.,96.,97.,98.,99.,100.,101.,102.,103.,104.,105.,
    106.,107.,108.,109.,110.,111.,112.,113.,114.,115.,116.,117.,118.,
    119.,120.,121.,122.,123.,124.,125.,126.,127.,128.,129.,130.,131.,
    132.,133.,134.,135.,136.,137.,138.,139.,140.,141.,142.,143.,144.,
    145.,146.,147.,148.,149.,150.,151.,152.,153.,154.,155.,156.,157.,
    158.,159.,160.,161.,162.,163.,164.,165.,166.,167.,168.,169.,170.,
    171.,172.,173.,174.,175.,176.,177.,178.,179.,180.,181.,182.,183.,
    184.,185.,186.,187.,188.,189.,190.,191.,192.,193.,194.,195.,196.,
    197.,198.,199.,200.,201.,202.,203.,204.,205.,206.,207.,208.,209.,
    210.,211.,212.,213.,214.,215.,216.,217.,218.,219.,220.,221.,222.,
    223.,224.,225.,226.,227.,228.,229.,230.,231.,232.,233.,234.,235.,
    236.,237.,238.,239.,240.,241.,242.,243.,244.,245.,246.,247.,248.,
    249.,250.,251.,252.,253.,254.,255.,256.,257.,258.,259.,260.,261.,
    262.,263.,264.,265.,266.,267.,268.,269.,270.,271.,272.,273.,274.,
    275.,276.,277.,278.,279.,280.,281.,282.,283.,284.,285.,286.,287.,
    288.,289.,290.,291.,292.,293.,294.,295.,296.,297.,298.,299.,300.,
    301.,302.,303.,304.,305.,306.,307.,308.,309.,310.,311.,312.,313.,
    314.,315.,316.,317.,318.,319.,320.,321.,322.,323.,324.,325.,326.,
    327.,328.,329.,330.,331.,332.,333.,334.,335.,336.,337.,338.,339.,
    340.,341.,342.,343.,344.,345.,346.,347.,348.,349.,350.,351.,352.,
    353.,354.,355.,356.,357.,358.,359.,360.,361.,362.,363.,364.,365.,
    366.,367.,368.,369.,370.,371.,372.,373.,374.,375.,376.,377.,378.,
    379.,380.,381.,382.,383.,384.,385.,386.,387.,388.,389.,390.,391.,
    392.,393.,394.,395.,396.,397.,398.,399.,400.,401.,402.,403.,404.,
    405.,406.,407.,408.,409.,410.,411.,412.,413.,414.,415.,416.,417.,
    418.,419.,420.,421.,422.,423.,424.,425.,426.,427.,428.,429.,430.,
    431.,432.,433.,434.,435.,436.,437.,438.,439.,440.,441.,442.,443.,
    444.,445.,446.,447.,448.,449.,450.,451.,452.,453.,454.,455.,456.,
    457.,458.,459.,460.,461.,462.,463.,464.,465.,466.,467.,468.,469.,
    470.,471.,472.,473.,474.,475.,476.,477.,478.,479.,480.,481.,482.,
    483.,484.,485.,486.,487.,488.,489.,490.,491.,492.,493.,494.,495.,
    496.,497.,498.,499.,500.,501.,502.,503.,504.,505.,506.,507.,508.,
    509.,510.,511.,512.,513.,514.,515.,516.,517.,518.,519.,520.,521.,
    522.,523.,524.,525.,526.,527.,528.,529.,530.,531.,532.,533.,534.,
    535.,536.,537.,538.,539.,540.,541.,542.,543.,544.,545.,546.,547.,
    548.,549.,550.,551.,552.,553.,554.,555.,556.,557.,558.,559.,560.,
    561.,562.,563.,564.,565.,566.,567.,568.,569.,570.,571.,572.,573.,
    574.,575.,576.,577.,578.,579.,580.,581.,582.,583.,584.,585.,586.,
    587.,588.,589.,590.,591.,592.,593.,594.,595.,596.,597.,598.,599.,
    600.,601.,602.,603.,604.,605.,606.,607.,608.,609.,610.,611.,612.,
    613.,614.,615.,616.,617.,618.,619.,620.,621.,622.,623.,624.,625.,
    626.,627.,628.,629.,630.,631.,632.,633.,634.,635.,636.,637.,638.,
    639.,640.,641.,642.,643.,644.,645.,646.,647.,648.,649.,650.,651.,
    652.,653.,654.,655.,656.,657.,658.,659.,660.,661.,662.,663.,664.,
    665.,666.,667.,668.,669.,670.,671.),.PIECEWISE_BEZIER_KNOTS.);
#3286 = CARTESIAN_POINT('',(-5.56776436283,8.5));
#3287 = CARTESIAN_POINT('',(-5.567757272296,8.496858409078));
#3288 = CARTESIAN_POINT('',(-5.567742648068,8.494502222177));
#3289 = CARTESIAN_POINT('',(-5.567715171668,8.491725301179));
#3290 = CARTESIAN_POINT('',(-5.567670728966,8.488583748511));
#3291 = CARTESIAN_POINT('',(-5.567612104818,8.485442224452));
#3292 = CARTESIAN_POINT('',(-5.567539298982,8.482300736752));
#3293 = CARTESIAN_POINT('',(-5.567452311154,8.479159293163));
#3294 = CARTESIAN_POINT('',(-5.56735114097,8.476017901436));
#3295 = CARTESIAN_POINT('',(-5.567235788006,8.472876569322));
#3296 = CARTESIAN_POINT('',(-5.567106251779,8.469735304572));
#3297 = CARTESIAN_POINT('',(-5.566962531743,8.466594114937));
#3298 = CARTESIAN_POINT('',(-5.566804627293,8.463453008167));
#3299 = CARTESIAN_POINT('',(-5.566632537765,8.460311992014));
#3300 = CARTESIAN_POINT('',(-5.566446262431,8.457171074226));
#3301 = CARTESIAN_POINT('',(-5.566245800507,8.454030262555));
#3302 = CARTESIAN_POINT('',(-5.566031151145,8.450889564749));
#3303 = CARTESIAN_POINT('',(-5.565802313438,8.447748988559));
#3304 = CARTESIAN_POINT('',(-5.565559286418,8.444608541733));
#3305 = CARTESIAN_POINT('',(-5.565302069057,8.44146823202));
#3306 = CARTESIAN_POINT('',(-5.565030660266,8.438328067169));
#3307 = CARTESIAN_POINT('',(-5.564745058894,8.435188054928));
#3308 = CARTESIAN_POINT('',(-5.564445263733,8.432048203044));
#3309 = CARTESIAN_POINT('',(-5.56413127351,8.428908519265));
#3310 = CARTESIAN_POINT('',(-5.563803086893,8.425769011338));
#3311 = CARTESIAN_POINT('',(-5.56346070249,8.422629687009));
#3312 = CARTESIAN_POINT('',(-5.563104118846,8.419490554025));
#3313 = CARTESIAN_POINT('',(-5.562733334447,8.416351620131));
#3314 = CARTESIAN_POINT('',(-5.562348347716,8.413212893072));
#3315 = CARTESIAN_POINT('',(-5.561949157017,8.410074380593));
#3316 = CARTESIAN_POINT('',(-5.56153576065,8.406936090438));
#3317 = CARTESIAN_POINT('',(-5.561108156857,8.403798030351));
#3318 = CARTESIAN_POINT('',(-5.560666343817,8.400660208074));
#3319 = CARTESIAN_POINT('',(-5.560210319646,8.39752263135));
#3320 = CARTESIAN_POINT('',(-5.559740082401,8.39438530792));
#3321 = CARTESIAN_POINT('',(-5.559255630077,8.391248245527));
#3322 = CARTESIAN_POINT('',(-5.558756960605,8.38811145191));
#3323 = CARTESIAN_POINT('',(-5.558244071858,8.384974934809));
#3324 = CARTESIAN_POINT('',(-5.557716961643,8.381838701964));
#3325 = CARTESIAN_POINT('',(-5.557175627709,8.378702761113));
#3326 = CARTESIAN_POINT('',(-5.556620067741,8.375567119994));
#3327 = CARTESIAN_POINT('',(-5.55605027936,8.372431786344));
#3328 = CARTESIAN_POINT('',(-5.555466260128,8.369296767899));
#3329 = CARTESIAN_POINT('',(-5.554868007543,8.366162072395));
#3330 = CARTESIAN_POINT('',(-5.554255519042,8.363027707566));
#3331 = CARTESIAN_POINT('',(-5.553628791996,8.359893681147));
#3332 = CARTESIAN_POINT('',(-5.552987823717,8.35676000087));
#3333 = CARTESIAN_POINT('',(-5.552332611453,8.353626674468));
#3334 = CARTESIAN_POINT('',(-5.551663152388,8.350493709672));
#3335 = CARTESIAN_POINT('',(-5.550979443645,8.347361114213));
#3336 = CARTESIAN_POINT('',(-5.550281482281,8.344228895821));
#3337 = CARTESIAN_POINT('',(-5.549569265292,8.341097062223));
#3338 = CARTESIAN_POINT('',(-5.54884278961,8.337965621148));
#3339 = CARTESIAN_POINT('',(-5.548102052103,8.334834580322));
#3340 = CARTESIAN_POINT('',(-5.547347049577,8.331703947472));
#3341 = CARTESIAN_POINT('',(-5.546577778771,8.328573730322));
#3342 = CARTESIAN_POINT('',(-5.545794236363,8.325443936595));
#3343 = CARTESIAN_POINT('',(-5.544996418965,8.322314574015));
#3344 = CARTESIAN_POINT('',(-5.544184323126,8.319185650303));
#3345 = CARTESIAN_POINT('',(-5.54335794533,8.31605717318));
#3346 = CARTESIAN_POINT('',(-5.542517281997,8.312929150365));
#3347 = CARTESIAN_POINT('',(-5.541662329481,8.309801589576));
#3348 = CARTESIAN_POINT('',(-5.540793084072,8.306674498532));
#3349 = CARTESIAN_POINT('',(-5.539909541996,8.303547884947));
#3350 = CARTESIAN_POINT('',(-5.539011699412,8.300421756537));
#3351 = CARTESIAN_POINT('',(-5.538099552414,8.297296121015));
#3352 = CARTESIAN_POINT('',(-5.537173097031,8.294170986094));
#3353 = CARTESIAN_POINT('',(-5.536232329227,8.291046359486));
#3354 = CARTESIAN_POINT('',(-5.535277244898,8.2879222489));
#3355 = CARTESIAN_POINT('',(-5.534307839876,8.284798662045));
#3356 = CARTESIAN_POINT('',(-5.533324109926,8.281675606628));
#3357 = CARTESIAN_POINT('',(-5.532326050746,8.278553090357));
#3358 = CARTESIAN_POINT('',(-5.531313657969,8.275431120934));
#3359 = CARTESIAN_POINT('',(-5.530286927159,8.272309706065));
#3360 = CARTESIAN_POINT('',(-5.529245853814,8.26918885345));
#3361 = CARTESIAN_POINT('',(-5.528190433367,8.266068570792));
#3362 = CARTESIAN_POINT('',(-5.527120661179,8.262948865789));
#3363 = CARTESIAN_POINT('',(-5.526036532548,8.259829746139));
#3364 = CARTESIAN_POINT('',(-5.524938042701,8.256711219538));
#3365 = CARTESIAN_POINT('',(-5.523825186798,8.253593293683));
#3366 = CARTESIAN_POINT('',(-5.522697959932,8.250475976265));
#3367 = CARTESIAN_POINT('',(-5.521556357126,8.247359274978));
#3368 = CARTESIAN_POINT('',(-5.520400373335,8.244243197511));
#3369 = CARTESIAN_POINT('',(-5.519230003445,8.241127751555));
#3370 = CARTESIAN_POINT('',(-5.518045242273,8.238012944795));
#3371 = CARTESIAN_POINT('',(-5.516846084566,8.234898784919));
#3372 = CARTESIAN_POINT('',(-5.515632525003,8.23178527961));
#3373 = CARTESIAN_POINT('',(-5.514404558191,8.228672436552));
#3374 = CARTESIAN_POINT('',(-5.513162178669,8.225560263425));
#3375 = CARTESIAN_POINT('',(-5.511905380905,8.222448767908));
#3376 = CARTESIAN_POINT('',(-5.510634159295,8.219337957679));
#3377 = CARTESIAN_POINT('',(-5.509348508168,8.216227840416));
#3378 = CARTESIAN_POINT('',(-5.508048421778,8.21311842379));
#3379 = CARTESIAN_POINT('',(-5.506733894309,8.210009715477));
#3380 = CARTESIAN_POINT('',(-5.505404919874,8.206901723145));
#3381 = CARTESIAN_POINT('',(-5.504061492515,8.203794454465));
#3382 = CARTESIAN_POINT('',(-5.5027036062,8.200687917104));
#3383 = CARTESIAN_POINT('',(-5.501331254826,8.197582118727));
#3384 = CARTESIAN_POINT('',(-5.499944432216,8.194477066998));
#3385 = CARTESIAN_POINT('',(-5.498543132122,8.191372769579));
#3386 = CARTESIAN_POINT('',(-5.497127348222,8.188269234131));
#3387 = CARTESIAN_POINT('',(-5.49569707412,8.18516646831));
#3388 = CARTESIAN_POINT('',(-5.494252303346,8.182064479774));
#3389 = CARTESIAN_POINT('',(-5.492793029358,8.178963276176));
#3390 = CARTESIAN_POINT('',(-5.491319245538,8.17586286517));
#3391 = CARTESIAN_POINT('',(-5.489830945193,8.172763254406));
#3392 = CARTESIAN_POINT('',(-5.488328121556,8.169664451532));
#3393 = CARTESIAN_POINT('',(-5.486810767786,8.166566464194));
#3394 = CARTESIAN_POINT('',(-5.485278876963,8.163469300038));
#3395 = CARTESIAN_POINT('',(-5.483732442094,8.160372966706));
#3396 = CARTESIAN_POINT('',(-5.482171456109,8.157277471838));
#3397 = CARTESIAN_POINT('',(-5.480595911861,8.154182823073));
#3398 = CARTESIAN_POINT('',(-5.479005802128,8.151089028047));
#3399 = CARTESIAN_POINT('',(-5.477401119608,8.147996094394));
#3400 = CARTESIAN_POINT('',(-5.475781856924,8.144904029746));
#3401 = CARTESIAN_POINT('',(-5.47414800662,8.141812841734));
#3402 = CARTESIAN_POINT('',(-5.472499561162,8.138722537984));
#3403 = CARTESIAN_POINT('',(-5.470836512937,8.135633126124));
#3404 = CARTESIAN_POINT('',(-5.469158854254,8.132544613775));
#3405 = CARTESIAN_POINT('',(-5.467466577343,8.12945700856));
#3406 = CARTESIAN_POINT('',(-5.465759674353,8.126370318097));
#3407 = CARTESIAN_POINT('',(-5.464038137355,8.123284550003));
#3408 = CARTESIAN_POINT('',(-5.462301958338,8.120199711892));
#3409 = CARTESIAN_POINT('',(-5.460551129211,8.117115811378));
#3410 = CARTESIAN_POINT('',(-5.458785641801,8.114032856069));
#3411 = CARTESIAN_POINT('',(-5.457005487856,8.110950853573));
#3412 = CARTESIAN_POINT('',(-5.455210659041,8.107869811495));
#3413 = CARTESIAN_POINT('',(-5.453401146936,8.104789737439));
#3414 = CARTESIAN_POINT('',(-5.451576943044,8.101710639004));
#3415 = CARTESIAN_POINT('',(-5.449738038779,8.098632523789));
#3416 = CARTESIAN_POINT('',(-5.447884425477,8.095555399389));
#3417 = CARTESIAN_POINT('',(-5.446016094386,8.092479273398));
#3418 = CARTESIAN_POINT('',(-5.444133036672,8.089404153406));
#3419 = CARTESIAN_POINT('',(-5.442235243417,8.086330047002));
#3420 = CARTESIAN_POINT('',(-5.440322705615,8.083256961771));
#3421 = CARTESIAN_POINT('',(-5.438395414178,8.080184905297));
#3422 = CARTESIAN_POINT('',(-5.436453359929,8.07711388516));
#3423 = CARTESIAN_POINT('',(-5.434496533607,8.074043908939));
#3424 = CARTESIAN_POINT('',(-5.432524925863,8.070974984209));
#3425 = CARTESIAN_POINT('',(-5.430538527261,8.067907118544));
#3426 = CARTESIAN_POINT('',(-5.428537328279,8.064840319513));
#3427 = CARTESIAN_POINT('',(-5.426521319303,8.061774594684));
#3428 = CARTESIAN_POINT('',(-5.424490490635,8.058709951623));
#3429 = CARTESIAN_POINT('',(-5.422444832484,8.055646397893));
#3430 = CARTESIAN_POINT('',(-5.420384334973,8.052583941052));
#3431 = CARTESIAN_POINT('',(-5.418308988131,8.049522588659));
#3432 = CARTESIAN_POINT('',(-5.416218781901,8.046462348267));
#3433 = CARTESIAN_POINT('',(-5.414113706131,8.043403227428));
#3434 = CARTESIAN_POINT('',(-5.41199375058,8.040345233692));
#3435 = CARTESIAN_POINT('',(-5.409858904915,8.037288374603));
#3436 = CARTESIAN_POINT('',(-5.40770915871,8.034232657707));
#3437 = CARTESIAN_POINT('',(-5.405544501445,8.031178090542));
#3438 = CARTESIAN_POINT('',(-5.403364922509,8.028124680648));
#3439 = CARTESIAN_POINT('',(-5.401170411195,8.025072435558));
#3440 = CARTESIAN_POINT('',(-5.398960956702,8.022021362805));
#3441 = CARTESIAN_POINT('',(-5.396736548134,8.018971469918));
#3442 = CARTESIAN_POINT('',(-5.394497174499,8.015922764424));
#3443 = CARTESIAN_POINT('',(-5.392242824711,8.012875253845));
#3444 = CARTESIAN_POINT('',(-5.389973487585,8.009828945701));
#3445 = CARTESIAN_POINT('',(-5.38768915184,8.006783847511));
#3446 = CARTESIAN_POINT('',(-5.385389806096,8.003739966788));
#3447 = CARTESIAN_POINT('',(-5.383075438876,8.000697311045));
#3448 = CARTESIAN_POINT('',(-5.380746038604,7.997655887789));
#3449 = CARTESIAN_POINT('',(-5.378401593604,7.994615704526));
#3450 = CARTESIAN_POINT('',(-5.376042092099,7.991576768759));
#3451 = CARTESIAN_POINT('',(-5.373667522215,7.988539087986));
#3452 = CARTESIAN_POINT('',(-5.371277871972,7.985502669703));
#3453 = CARTESIAN_POINT('',(-5.368873129292,7.982467521405));
#3454 = CARTESIAN_POINT('',(-5.366453281992,7.97943365058));
#3455 = CARTESIAN_POINT('',(-5.364018317787,7.976401064716));
#3456 = CARTESIAN_POINT('',(-5.361568224289,7.973369771296));
#3457 = CARTESIAN_POINT('',(-5.359102989005,7.970339777801));
#3458 = CARTESIAN_POINT('',(-5.356622599337,7.967311091708));
#3459 = CARTESIAN_POINT('',(-5.354127042581,7.964283720491));
#3460 = CARTESIAN_POINT('',(-5.351616305928,7.961257671621));
#3461 = CARTESIAN_POINT('',(-5.349090376461,7.958232952565));
#3462 = CARTESIAN_POINT('',(-5.346549241156,7.955209570788));
#3463 = CARTESIAN_POINT('',(-5.343992886881,7.952187533752));
#3464 = CARTESIAN_POINT('',(-5.341421300395,7.949166848912));
#3465 = CARTESIAN_POINT('',(-5.338834468347,7.946147523725));
#3466 = CARTESIAN_POINT('',(-5.336232377275,7.94312956564));
#3467 = CARTESIAN_POINT('',(-5.33361501361,7.940112982106));
#3468 = CARTESIAN_POINT('',(-5.330982363666,7.937097780568));
#3469 = CARTESIAN_POINT('',(-5.328334413648,7.934083968465));
#3470 = CARTESIAN_POINT('',(-5.325671149647,7.931071553235));
#3471 = CARTESIAN_POINT('',(-5.32299255764,7.928060542313));
#3472 = CARTESIAN_POINT('',(-5.320298623491,7.925050943129));
#3473 = CARTESIAN_POINT('',(-5.317589332946,7.92204276311));
#3474 = CARTESIAN_POINT('',(-5.314864671637,7.919036009679));
#3475 = CARTESIAN_POINT('',(-5.31212462508,7.916030690258));
#3476 = CARTESIAN_POINT('',(-5.30936917867,7.913026812262));
#3477 = CARTESIAN_POINT('',(-5.306598317687,7.910024383105));
#3478 = CARTESIAN_POINT('',(-5.303812027291,7.907023410196));
#3479 = CARTESIAN_POINT('',(-5.301010292522,7.904023900941));
#3480 = CARTESIAN_POINT('',(-5.298193098298,7.901025862742));
#3481 = CARTESIAN_POINT('',(-5.295360429418,7.898029302999));
#3482 = CARTESIAN_POINT('',(-5.292512270557,7.895034229105));
#3483 = CARTESIAN_POINT('',(-5.289648606267,7.892040648453));
#3484 = CARTESIAN_POINT('',(-5.286769420977,7.88904856843));
#3485 = CARTESIAN_POINT('',(-5.28387469899,7.88605799642));
#3486 = CARTESIAN_POINT('',(-5.280964424484,7.883068939805));
#3487 = CARTESIAN_POINT('',(-5.27803858151,7.880081405959));
#3488 = CARTESIAN_POINT('',(-5.275097153992,7.877095402257));
#3489 = CARTESIAN_POINT('',(-5.272140125727,7.874110936066));
#3490 = CARTESIAN_POINT('',(-5.26916748038,7.871128014754));
#3491 = CARTESIAN_POINT('',(-5.266179201488,7.86814664568));
#3492 = CARTESIAN_POINT('',(-5.263175272457,7.865166836204));
#3493 = CARTESIAN_POINT('',(-5.260155676561,7.862188593678));
#3494 = CARTESIAN_POINT('',(-5.25712039694,7.859211925453));
#3495 = CARTESIAN_POINT('',(-5.254069416603,7.856236838875));
#3496 = CARTESIAN_POINT('',(-5.25100271842,7.853263341287));
#3497 = CARTESIAN_POINT('',(-5.24792028513,7.850291440025));
#3498 = CARTESIAN_POINT('',(-5.244822099332,7.847321142426));
#3499 = CARTESIAN_POINT('',(-5.24170814349,7.84435245582));
#3500 = CARTESIAN_POINT('',(-5.238578399927,7.841385387533));
#3501 = CARTESIAN_POINT('',(-5.235432850829,7.838419944887));
#3502 = CARTESIAN_POINT('',(-5.23227147824,7.835456135202));
#3503 = CARTESIAN_POINT('',(-5.229094264062,7.832493965792));
#3504 = CARTESIAN_POINT('',(-5.225901190054,7.829533443967));
#3505 = CARTESIAN_POINT('',(-5.222692237835,7.826574577033));
#3506 = CARTESIAN_POINT('',(-5.219467388874,7.823617372295));
#3507 = CARTESIAN_POINT('',(-5.216226624499,7.820661837048));
#3508 = CARTESIAN_POINT('',(-5.212969925888,7.817707978589));
#3509 = CARTESIAN_POINT('',(-5.209697274072,7.814755804207));
#3510 = CARTESIAN_POINT('',(-5.206408649933,7.811805321187));
#3511 = CARTESIAN_POINT('',(-5.203104034204,7.808856536812));
#3512 = CARTESIAN_POINT('',(-5.199783407465,7.80590945836));
#3513 = CARTESIAN_POINT('',(-5.196446750145,7.802964093104));
#3514 = CARTESIAN_POINT('',(-5.193094042518,7.800020448312));
#3515 = CARTESIAN_POINT('',(-5.189725264705,7.797078531251));
#3516 = CARTESIAN_POINT('',(-5.18634039667,7.794138349181));
#3517 = CARTESIAN_POINT('',(-5.18293941822,7.791199909358));
#3518 = CARTESIAN_POINT('',(-5.179522309004,7.788263219034));
#3519 = CARTESIAN_POINT('',(-5.176089048513,7.785328285458));
#3520 = CARTESIAN_POINT('',(-5.172639616074,7.782395115874));
#3521 = CARTESIAN_POINT('',(-5.169173990855,7.779463717519));
#3522 = CARTESIAN_POINT('',(-5.16569215186,7.77653409763));
#3523 = CARTESIAN_POINT('',(-5.162194077929,7.773606263437));
#3524 = CARTESIAN_POINT('',(-5.158679747734,7.770680222167));
#3525 = CARTESIAN_POINT('',(-5.155149139784,7.76775598104));
#3526 = CARTESIAN_POINT('',(-5.151602232415,7.764833547274));
#3527 = CARTESIAN_POINT('',(-5.148039003798,7.761912928082));
#3528 = CARTESIAN_POINT('',(-5.14445943193,7.758994130673));
#3529 = CARTESIAN_POINT('',(-5.140863494637,7.75607716225));
#3530 = CARTESIAN_POINT('',(-5.13725116957,7.753162030014));
#3531 = CARTESIAN_POINT('',(-5.133622434207,7.750248741158));
#3532 = CARTESIAN_POINT('',(-5.129977265848,7.747337302874));
#3533 = CARTESIAN_POINT('',(-5.126315641616,7.744427722348));
#3534 = CARTESIAN_POINT('',(-5.122637538453,7.74152000676));
#3535 = CARTESIAN_POINT('',(-5.118942933124,7.738614163288));
#3536 = CARTESIAN_POINT('',(-5.115231802207,7.735710199103));
#3537 = CARTESIAN_POINT('',(-5.1115041221,7.732808121373));
#3538 = CARTESIAN_POINT('',(-5.107759869014,7.729907937262));
#3539 = CARTESIAN_POINT('',(-5.103999018975,7.727009653927));
#3540 = CARTESIAN_POINT('',(-5.100221547818,7.724113278522));
#3541 = CARTESIAN_POINT('',(-5.096427431192,7.721218818196));
#3542 = CARTESIAN_POINT('',(-5.092616644551,7.718326280094));
#3543 = CARTESIAN_POINT('',(-5.088789163159,7.715435671354));
#3544 = CARTESIAN_POINT('',(-5.084944962085,7.712546999111));
#3545 = CARTESIAN_POINT('',(-5.081084016199,7.709660270496));
#3546 = CARTESIAN_POINT('',(-5.077206300178,7.706775492634));
#3547 = CARTESIAN_POINT('',(-5.073311788495,7.703892672645));
#3548 = CARTESIAN_POINT('',(-5.069400455426,7.701011817645));
#3549 = CARTESIAN_POINT('',(-5.065472275042,7.698132934744));
#3550 = CARTESIAN_POINT('',(-5.06152722121,7.695256031049));
#3551 = CARTESIAN_POINT('',(-5.057565267591,7.692381113661));
#3552 = CARTESIAN_POINT('',(-5.053586387637,7.689508189676));
#3553 = CARTESIAN_POINT('',(-5.049590554592,7.686637266186));
#3554 = CARTESIAN_POINT('',(-5.045577741489,7.683768350276));
#3555 = CARTESIAN_POINT('',(-5.041547921144,7.680901449029));
#3556 = CARTESIAN_POINT('',(-5.037501066162,7.678036569521));
#3557 = CARTESIAN_POINT('',(-5.03343714893,7.675173718824));
#3558 = CARTESIAN_POINT('',(-5.029356141614,7.672312904004));
#3559 = CARTESIAN_POINT('',(-5.025258016162,7.669454132123));
#3560 = CARTESIAN_POINT('',(-5.021142744297,7.666597410237));
#3561 = CARTESIAN_POINT('',(-5.01701029752,7.663742745399));
#3562 = CARTESIAN_POINT('',(-5.012860647104,7.660890144655));
#3563 = CARTESIAN_POINT('',(-5.008693764092,7.658039615046));
#3564 = CARTESIAN_POINT('',(-5.004509619299,7.655191163609));
#3565 = CARTESIAN_POINT('',(-5.000308183307,7.652344797376));
#3566 = CARTESIAN_POINT('',(-4.996089426461,7.649500523371));
#3567 = CARTESIAN_POINT('',(-4.991853318872,7.646658348617));
#3568 = CARTESIAN_POINT('',(-4.987599830411,7.64381828013));
#3569 = CARTESIAN_POINT('',(-4.983328930708,7.64098032492));
#3570 = CARTESIAN_POINT('',(-4.97904058915,7.638144489993));
#3571 = CARTESIAN_POINT('',(-4.974734774878,7.635310782349));
#3572 = CARTESIAN_POINT('',(-4.970411456788,7.632479208984));
#3573 = CARTESIAN_POINT('',(-4.966070603522,7.629649776887));
#3574 = CARTESIAN_POINT('',(-4.961712183475,7.626822493043));
#3575 = CARTESIAN_POINT('',(-4.957336164782,7.623997364432));
#3576 = CARTESIAN_POINT('',(-4.952942515327,7.621174398028));
#3577 = CARTESIAN_POINT('',(-4.94853120273,7.618353600799));
#3578 = CARTESIAN_POINT('',(-4.944102194354,7.61553497971));
#3579 = CARTESIAN_POINT('',(-4.939655457296,7.612718541718));
#3580 = CARTESIAN_POINT('',(-4.935190958386,7.609904293776));
#3581 = CARTESIAN_POINT('',(-4.930708664187,7.607092242833));
#3582 = CARTESIAN_POINT('',(-4.926208540989,7.604282395829));
#3583 = CARTESIAN_POINT('',(-4.921690554812,7.601474759702));
#3584 = CARTESIAN_POINT('',(-4.917154671395,7.598669341384));
#3585 = CARTESIAN_POINT('',(-4.912600856201,7.595866147799));
#3586 = CARTESIAN_POINT('',(-4.908029074411,7.593065185868));
#3587 = CARTESIAN_POINT('',(-4.903439290922,7.590266462507));
#3588 = CARTESIAN_POINT('',(-4.898831470343,7.587469984625));
#3589 = CARTESIAN_POINT('',(-4.894205576996,7.584675759126));
#3590 = CARTESIAN_POINT('',(-4.889561574909,7.581883792908));
#3591 = CARTESIAN_POINT('',(-4.884899427814,7.579094092864));
#3592 = CARTESIAN_POINT('',(-4.880219099147,7.576306665882));
#3593 = CARTESIAN_POINT('',(-4.875520552043,7.573521518843));
#3594 = CARTESIAN_POINT('',(-4.870803749332,7.570738658625));
#3595 = CARTESIAN_POINT('',(-4.866068653538,7.567958092097));
#3596 = CARTESIAN_POINT('',(-4.861315226877,7.565179826124));
#3597 = CARTESIAN_POINT('',(-4.85654343125,7.562403867566));
#3598 = CARTESIAN_POINT('',(-4.851753228244,7.559630223277));
#3599 = CARTESIAN_POINT('',(-4.846944579127,7.556858900105));
#3600 = CARTESIAN_POINT('',(-4.842117444845,7.554089904892));
#3601 = CARTESIAN_POINT('',(-4.837271786019,7.551323244476));
#3602 = CARTESIAN_POINT('',(-4.832407562942,7.548558925686));
#3603 = CARTESIAN_POINT('',(-4.827524735576,7.545796955349));
#3604 = CARTESIAN_POINT('',(-4.822623263547,7.543037340283));
#3605 = CARTESIAN_POINT('',(-4.817703106144,7.540280087304));
#3606 = CARTESIAN_POINT('',(-4.812764222314,7.537525203218));
#3607 = CARTESIAN_POINT('',(-4.807806570659,7.534772694828));
#3608 = CARTESIAN_POINT('',(-4.802830109435,7.53202256893));
#3609 = CARTESIAN_POINT('',(-4.797834796543,7.529274832316));
#3610 = CARTESIAN_POINT('',(-4.792820589529,7.52652949177));
#3611 = CARTESIAN_POINT('',(-4.787787445583,7.52378655407));
#3612 = CARTESIAN_POINT('',(-4.782735321528,7.52104602599));
#3613 = CARTESIAN_POINT('',(-4.777664173825,7.518307914297));
#3614 = CARTESIAN_POINT('',(-4.772573958562,7.515572225753));
#3615 = CARTESIAN_POINT('',(-4.767464631453,7.512838967112));
#3616 = CARTESIAN_POINT('',(-4.762336147837,7.510108145123));
#3617 = CARTESIAN_POINT('',(-4.757188462668,7.507379766532));
#3618 = CARTESIAN_POINT('',(-4.752021530517,7.504653838074));
#3619 = CARTESIAN_POINT('',(-4.746835305564,7.501930366482));
#3620 = CARTESIAN_POINT('',(-4.741629741596,7.499209358481));
#3621 = CARTESIAN_POINT('',(-4.736404792001,7.49649082079));
#3622 = CARTESIAN_POINT('',(-4.731160409766,7.493774760123));
#3623 = CARTESIAN_POINT('',(-4.725896547473,7.491061183187));
#3624 = CARTESIAN_POINT('',(-4.720613157291,7.488350096685));
#3625 = CARTESIAN_POINT('',(-4.715310190976,7.48564150731));
#3626 = CARTESIAN_POINT('',(-4.709987599864,7.482935421752));
#3627 = CARTESIAN_POINT('',(-4.704645334867,7.480231846695));
#3628 = CARTESIAN_POINT('',(-4.69928334647,7.477530788815));
#3629 = CARTESIAN_POINT('',(-4.693901584724,7.474832254784));
#3630 = CARTESIAN_POINT('',(-4.688499999243,7.472136251265));
#3631 = CARTESIAN_POINT('',(-4.683078539198,7.469442784917));
#3632 = CARTESIAN_POINT('',(-4.677637153314,7.466751862393));
#3633 = CARTESIAN_POINT('',(-4.672175789863,7.464063490339));
#3634 = CARTESIAN_POINT('',(-4.666694396662,7.461377675395));
#3635 = CARTESIAN_POINT('',(-4.661192921065,7.458694424194));
#3636 = CARTESIAN_POINT('',(-4.655671309959,7.456013743364));
#3637 = CARTESIAN_POINT('',(-4.650129509759,7.453335639526));
#3638 = CARTESIAN_POINT('',(-4.644567466404,7.450660119295));
#3639 = CARTESIAN_POINT('',(-4.638985125348,7.447987189279));
#3640 = CARTESIAN_POINT('',(-4.633382431559,7.445316856082));
#3641 = CARTESIAN_POINT('',(-4.627759329512,7.442649126298));
#3642 = CARTESIAN_POINT('',(-4.622115763183,7.439984006518));
#3643 = CARTESIAN_POINT('',(-4.616451676041,7.437321503325));
#3644 = CARTESIAN_POINT('',(-4.610767011049,7.434661623296));
#3645 = CARTESIAN_POINT('',(-4.605061710651,7.432004373001));
#3646 = CARTESIAN_POINT('',(-4.599335716771,7.429349759005));
#3647 = CARTESIAN_POINT('',(-4.593588970804,7.426697787866));
#3648 = CARTESIAN_POINT('',(-4.587821413612,7.424048466134));
#3649 = CARTESIAN_POINT('',(-4.582032985518,7.421401800355));
#3650 = CARTESIAN_POINT('',(-4.576223626297,7.418757797067));
#3651 = CARTESIAN_POINT('',(-4.570393275174,7.416116462802));
#3652 = CARTESIAN_POINT('',(-4.564541870814,7.413477804086));
#3653 = CARTESIAN_POINT('',(-4.558669351316,7.410841827437));
#3654 = CARTESIAN_POINT('',(-4.552775654209,7.408208539369));
#3655 = CARTESIAN_POINT('',(-4.546860716444,7.405577946387));
#3656 = CARTESIAN_POINT('',(-4.540924474383,7.402950054991));
#3657 = CARTESIAN_POINT('',(-4.534966863801,7.400324871673));
#3658 = CARTESIAN_POINT('',(-4.52898781987,7.397702402919));
#3659 = CARTESIAN_POINT('',(-4.522987277159,7.395082655211));
#3660 = CARTESIAN_POINT('',(-4.516965169619,7.39246563502));
#3661 = CARTESIAN_POINT('',(-4.510921430586,7.389851348813));
#3662 = CARTESIAN_POINT('',(-4.504855992763,7.387239803051));
#3663 = CARTESIAN_POINT('',(-4.498768788221,7.384631004186));
#3664 = CARTESIAN_POINT('',(-4.492659748385,7.382024958665));
#3665 = CARTESIAN_POINT('',(-4.48652880403,7.379421672928));
#3666 = CARTESIAN_POINT('',(-4.480375885272,7.376821153409));
#3667 = CARTESIAN_POINT('',(-4.474200921559,7.374223406533));
#3668 = CARTESIAN_POINT('',(-4.468003841667,7.371628438721));
#3669 = CARTESIAN_POINT('',(-4.461784573684,7.369036256387));
#3670 = CARTESIAN_POINT('',(-4.455543045008,7.366446865935));
#3671 = CARTESIAN_POINT('',(-4.449279182339,7.363860273767));
#3672 = CARTESIAN_POINT('',(-4.442992911664,7.361276486274));
#3673 = CARTESIAN_POINT('',(-4.436684158253,7.358695509844));
#3674 = CARTESIAN_POINT('',(-4.430352846652,7.356117350855));
#3675 = CARTESIAN_POINT('',(-4.423998900668,7.35354201568));
#3676 = CARTESIAN_POINT('',(-4.417622243363,7.350969510685));
#3677 = CARTESIAN_POINT('',(-4.411222797045,7.348399842229));
#3678 = CARTESIAN_POINT('',(-4.404800483257,7.345833016663));
#3679 = CARTESIAN_POINT('',(-4.398355222771,7.343269040333));
#3680 = CARTESIAN_POINT('',(-4.39188693557,7.340707919578));
#3681 = CARTESIAN_POINT('',(-4.385395540848,7.338149660728));
#3682 = CARTESIAN_POINT('',(-4.378880956993,7.335594270109));
#3683 = CARTESIAN_POINT('',(-4.372343101577,7.333041754038));
#3684 = CARTESIAN_POINT('',(-4.365781891349,7.330492118826));
#3685 = CARTESIAN_POINT('',(-4.359197242223,7.327945370776));
#3686 = CARTESIAN_POINT('',(-4.352589069263,7.325401516186));
#3687 = CARTESIAN_POINT('',(-4.34595728668,7.322860561346));
#3688 = CARTESIAN_POINT('',(-4.339301807811,7.320322512538));
#3689 = CARTESIAN_POINT('',(-4.332622545118,7.317787376038));
#3690 = CARTESIAN_POINT('',(-4.325919410165,7.315255158116));
#3691 = CARTESIAN_POINT('',(-4.319192313617,7.312725865034));
#3692 = CARTESIAN_POINT('',(-4.31244116522,7.310199503046));
#3693 = CARTESIAN_POINT('',(-4.305665873794,7.3076760784));
#3694 = CARTESIAN_POINT('',(-4.298866347216,7.305155597338));
#3695 = CARTESIAN_POINT('',(-4.29204249241,7.302638066093));
#3696 = CARTESIAN_POINT('',(-4.285194215336,7.300123490892));
#3697 = CARTESIAN_POINT('',(-4.278321420971,7.297611877955));
#3698 = CARTESIAN_POINT('',(-4.271424013301,7.295103233495));
#3699 = CARTESIAN_POINT('',(-4.264501895306,7.292597563716));
#3700 = CARTESIAN_POINT('',(-4.257554968944,7.290094874818));
#3701 = CARTESIAN_POINT('',(-4.25058313514,7.287595172992));
#3702 = CARTESIAN_POINT('',(-4.243586293769,7.285098464422));
#3703 = CARTESIAN_POINT('',(-4.236564343644,7.282604755285));
#3704 = CARTESIAN_POINT('',(-4.229517182498,7.280114051751));
#3705 = CARTESIAN_POINT('',(-4.222444706971,7.277626359982));
#3706 = CARTESIAN_POINT('',(-4.215346812596,7.275141686136));
#3707 = CARTESIAN_POINT('',(-4.208223393779,7.272660036359));
#3708 = CARTESIAN_POINT('',(-4.201074343787,7.270181416793));
#3709 = CARTESIAN_POINT('',(-4.19389955473,7.267705833572));
#3710 = CARTESIAN_POINT('',(-4.186698917543,7.265233292823));
#3711 = CARTESIAN_POINT('',(-4.179472321974,7.262763800666));
#3712 = CARTESIAN_POINT('',(-4.17221965656,7.260297363213));
#3713 = CARTESIAN_POINT('',(-4.164940808617,7.257833986569));
#3714 = CARTESIAN_POINT('',(-4.157635664214,7.255373676831));
#3715 = CARTESIAN_POINT('',(-4.150304108161,7.252916440091));
#3716 = CARTESIAN_POINT('',(-4.142946023991,7.250462282432));
#3717 = CARTESIAN_POINT('',(-4.135561293934,7.24801120993));
#3718 = CARTESIAN_POINT('',(-4.128149798905,7.245563228654));
#3719 = CARTESIAN_POINT('',(-4.120711418483,7.243118344665));
#3720 = CARTESIAN_POINT('',(-4.113246030887,7.240676564018));
#3721 = CARTESIAN_POINT('',(-4.10575351296,7.238237892759));
#3722 = CARTESIAN_POINT('',(-4.098233740148,7.235802336928));
#3723 = CARTESIAN_POINT('',(-4.090686586475,7.233369902558));
#3724 = CARTESIAN_POINT('',(-4.083111924527,7.230940595672));
#3725 = CARTESIAN_POINT('',(-4.075509625425,7.22851442229));
#3726 = CARTESIAN_POINT('',(-4.067879558804,7.22609138842));
#3727 = CARTESIAN_POINT('',(-4.060221592793,7.223671500067));
#3728 = CARTESIAN_POINT('',(-4.052535593989,7.221254763225));
#3729 = CARTESIAN_POINT('',(-4.044821427432,7.218841183883));
#3730 = CARTESIAN_POINT('',(-4.037078956585,7.216430768021));
#3731 = CARTESIAN_POINT('',(-4.029308043304,7.214023521613));
#3732 = CARTESIAN_POINT('',(-4.021508547817,7.211619450625));
#3733 = CARTESIAN_POINT('',(-4.013680328697,7.209218561016));
#3734 = CARTESIAN_POINT('',(-4.005823242835,7.206820858737));
#3735 = CARTESIAN_POINT('',(-3.997937145412,7.204426349731));
#3736 = CARTESIAN_POINT('',(-3.990021889876,7.202035039936));
#3737 = CARTESIAN_POINT('',(-3.98207732791,7.19964693528));
#3738 = CARTESIAN_POINT('',(-3.974103309403,7.197262041684));
#3739 = CARTESIAN_POINT('',(-3.966099682426,7.194880365064));
#3740 = CARTESIAN_POINT('',(-3.958066293196,7.192501911326));
#3741 = CARTESIAN_POINT('',(-3.950002986049,7.190126686369));
#3742 = CARTESIAN_POINT('',(-3.941909603412,7.187754696085));
#3743 = CARTESIAN_POINT('',(-3.933785985762,7.185385946359));
#3744 = CARTESIAN_POINT('',(-3.925631971604,7.183020443068));
#3745 = CARTESIAN_POINT('',(-3.917447397432,7.180658192081));
#3746 = CARTESIAN_POINT('',(-3.909232097697,7.178299199261));
#3747 = CARTESIAN_POINT('',(-3.900985904773,7.175943470463));
#3748 = CARTESIAN_POINT('',(-3.892708648919,7.173591011533));
#3749 = CARTESIAN_POINT('',(-3.884400158247,7.171241828312));
#3750 = CARTESIAN_POINT('',(-3.876060258683,7.168895926632));
#3751 = CARTESIAN_POINT('',(-3.867688773929,7.166553312319));
#3752 = CARTESIAN_POINT('',(-3.859285525427,7.164213991189));
#3753 = CARTESIAN_POINT('',(-3.850850332316,7.161877969054));
#3754 = CARTESIAN_POINT('',(-3.842383011395,7.159545251715));
#3755 = CARTESIAN_POINT('',(-3.83388337708,7.157215844968));
#3756 = CARTESIAN_POINT('',(-3.825351241364,7.154889754602));
#3757 = CARTESIAN_POINT('',(-3.816786413772,7.152566986395));
#3758 = CARTESIAN_POINT('',(-3.808188701317,7.150247546122));
#3759 = CARTESIAN_POINT('',(-3.799557908459,7.147931439548));
#3760 = CARTESIAN_POINT('',(-3.790893837052,7.145618672431));
#3761 = CARTESIAN_POINT('',(-3.782196286303,7.143309250523));
#3762 = CARTESIAN_POINT('',(-3.773465052722,7.141003179565));
#3763 = CARTESIAN_POINT('',(-3.764699930072,7.138700465295));
#3764 = CARTESIAN_POINT('',(-3.755900709319,7.136401113441));
#3765 = CARTESIAN_POINT('',(-3.747067178579,7.134105129724));
#3766 = CARTESIAN_POINT('',(-3.738199123068,7.131812519858));
#3767 = CARTESIAN_POINT('',(-3.729296325047,7.12952328955));
#3768 = CARTESIAN_POINT('',(-3.720358563764,7.127237444498));
#3769 = CARTESIAN_POINT('',(-3.7113856154,7.124954990394));
#3770 = CARTESIAN_POINT('',(-3.702377253009,7.122675932923));
#3771 = CARTESIAN_POINT('',(-3.693333246461,7.120400277763));
#3772 = CARTESIAN_POINT('',(-3.684253362378,7.118128030582));
#3773 = CARTESIAN_POINT('',(-3.675137364072,7.115859197043));
#3774 = CARTESIAN_POINT('',(-3.665985011482,7.113593782802));
#3775 = CARTESIAN_POINT('',(-3.65679606111,7.111331793507));
#3776 = CARTESIAN_POINT('',(-3.647570265946,7.109073234798));
#3777 = CARTESIAN_POINT('',(-3.63830737541,7.106818112309));
#3778 = CARTESIAN_POINT('',(-3.629007135271,7.104566431665));
#3779 = CARTESIAN_POINT('',(-3.619669287582,7.102318198487));
#3780 = CARTESIAN_POINT('',(-3.610293570598,7.100073418386));
#3781 = CARTESIAN_POINT('',(-3.600879718708,7.097832096968));
#3782 = CARTESIAN_POINT('',(-3.591427462349,7.095594239828));
#3783 = CARTESIAN_POINT('',(-3.58193652793,7.093359852559));
#3784 = CARTESIAN_POINT('',(-3.572406637746,7.091128940743));
#3785 = CARTESIAN_POINT('',(-3.562837509898,7.088901509958));
#3786 = CARTESIAN_POINT('',(-3.5532288582,7.086677565772));
#3787 = CARTESIAN_POINT('',(-3.543580392095,7.084457113748));
#3788 = CARTESIAN_POINT('',(-3.533891816558,7.082240159441));
#3789 = CARTESIAN_POINT('',(-3.524162832007,7.0800267084));
#3790 = CARTESIAN_POINT('',(-3.514393134199,7.077816766166));
#3791 = CARTESIAN_POINT('',(-3.50458241414,7.075610338274));
#3792 = CARTESIAN_POINT('',(-3.494730357973,7.073407430253));
#3793 = CARTESIAN_POINT('',(-3.484836646879,7.071208047623));
#3794 = CARTESIAN_POINT('',(-3.474900956967,7.069012195898));
#3795 = CARTESIAN_POINT('',(-3.464922959162,7.066819880587));
#3796 = CARTESIAN_POINT('',(-3.45490231909,7.06463110719));
#3797 = CARTESIAN_POINT('',(-3.444838696966,7.062445881201));
#3798 = CARTESIAN_POINT('',(-3.434731747463,7.06026420811));
#3799 = CARTESIAN_POINT('',(-3.424581119598,7.058086093396));
#3800 = CARTESIAN_POINT('',(-3.414386456597,7.055911542535));
#3801 = CARTESIAN_POINT('',(-3.404147395765,7.053740560996));
#3802 = CARTESIAN_POINT('',(-3.393863568352,7.051573154239));
#3803 = CARTESIAN_POINT('',(-3.383534599408,7.049409327722));
#3804 = CARTESIAN_POINT('',(-3.373160107648,7.047249086894));
#3805 = CARTESIAN_POINT('',(-3.362739705295,7.045092437199));
#3806 = CARTESIAN_POINT('',(-3.352272997932,7.042939384073));
#3807 = CARTESIAN_POINT('',(-3.341759584341,7.040789932948));
#3808 = CARTESIAN_POINT('',(-3.331199056347,7.038644089249));
#3809 = CARTESIAN_POINT('',(-3.320590998644,7.036501858397));
#3810 = CARTESIAN_POINT('',(-3.309934988625,7.034363245804));
#3811 = CARTESIAN_POINT('',(-3.299230596206,7.03222825688));
#3812 = CARTESIAN_POINT('',(-3.288477383641,7.030096897026));
#3813 = CARTESIAN_POINT('',(-3.277674905332,7.027969171639));
#3814 = CARTESIAN_POINT('',(-3.266822707635,7.025845086112));
#3815 = CARTESIAN_POINT('',(-3.255920328656,7.02372464583));
#3816 = CARTESIAN_POINT('',(-3.244967298047,7.021607856174));
#3817 = CARTESIAN_POINT('',(-3.233963136788,7.019494722521));
#3818 = CARTESIAN_POINT('',(-3.222907356964,7.017385250241));
#3819 = CARTESIAN_POINT('',(-3.211799461539,7.0152794447));
#3820 = CARTESIAN_POINT('',(-3.200638944116,7.013177311261));
#3821 = CARTESIAN_POINT('',(-3.189425288694,7.01107885528));
#3822 = CARTESIAN_POINT('',(-3.178157969413,7.008984082109));
#3823 = CARTESIAN_POINT('',(-3.166836450293,7.006892997097));
#3824 = CARTESIAN_POINT('',(-3.155460184963,7.004805605587));
#3825 = CARTESIAN_POINT('',(-3.14402861638,7.00272191292));
#3826 = CARTESIAN_POINT('',(-3.132541176538,7.000641924432));
#3827 = CARTESIAN_POINT('',(-3.12099728617,6.998565645454));
#3828 = CARTESIAN_POINT('',(-3.109396354435,6.996493081318));
#3829 = CARTESIAN_POINT('',(-3.097737778596,6.994424237347));
#3830 = CARTESIAN_POINT('',(-3.086020943688,6.992359118866));
#3831 = CARTESIAN_POINT('',(-3.074245222167,6.990297731193));
#3832 = CARTESIAN_POINT('',(-3.062409973558,6.988240079646));
#3833 = CARTESIAN_POINT('',(-3.050514544077,6.98618616954));
#3834 = CARTESIAN_POINT('',(-3.03855826625,6.984136006188));
#3835 = CARTESIAN_POINT('',(-3.02654045851,6.982089594901));
#3836 = CARTESIAN_POINT('',(-3.014460424781,6.980046940987));
#3837 = CARTESIAN_POINT('',(-3.002317454049,6.978008049754));
#3838 = CARTESIAN_POINT('',(-2.990110819912,6.975972926509));
#3839 = CARTESIAN_POINT('',(-2.977839780115,6.973941576559));
#3840 = CARTESIAN_POINT('',(-2.965503576067,6.971914005207));
#3841 = CARTESIAN_POINT('',(-2.953101432339,6.969890217761));
#3842 = CARTESIAN_POINT('',(-2.940632556138,6.967870219524));
#3843 = CARTESIAN_POINT('',(-2.928096136766,6.965854015805));
#3844 = CARTESIAN_POINT('',(-2.915491345053,6.963841611909));
#3845 = CARTESIAN_POINT('',(-2.902817332769,6.961833013145));
#3846 = CARTESIAN_POINT('',(-2.890073232006,6.959828224825));
#3847 = CARTESIAN_POINT('',(-2.877258154547,6.95782725226));
#3848 = CARTESIAN_POINT('',(-2.864371191189,6.955830100766));
#3849 = CARTESIAN_POINT('',(-2.85141141106,6.953836775662));
#3850 = CARTESIAN_POINT('',(-2.838377860886,6.951847282271));
#3851 = CARTESIAN_POINT('',(-2.825269564238,6.949861625919));
#3852 = CARTESIAN_POINT('',(-2.812085520744,6.94787981194));
#3853 = CARTESIAN_POINT('',(-2.798824705267,6.945901845669));
#3854 = CARTESIAN_POINT('',(-2.785486067038,6.943927732451));
#3855 = CARTESIAN_POINT('',(-2.772068528765,6.941957477637));
#3856 = CARTESIAN_POINT('',(-2.758570985686,6.939991086585));
#3857 = CARTESIAN_POINT('',(-2.744992304589,6.938028564662));
#3858 = CARTESIAN_POINT('',(-2.731331322781,6.936069917243));
#3859 = CARTESIAN_POINT('',(-2.717586847013,6.934115149715));
#3860 = CARTESIAN_POINT('',(-2.703757652348,6.932164267475));
#3861 = CARTESIAN_POINT('',(-2.689842480979,6.930217275931));
#3862 = CARTESIAN_POINT('',(-2.675840040989,6.928274180506));
#3863 = CARTESIAN_POINT('',(-2.661749005051,6.926334986636));
#3864 = CARTESIAN_POINT('',(-2.647568009059,6.924399699772));
#3865 = CARTESIAN_POINT('',(-2.633295650697,6.92246832538));
#3866 = CARTESIAN_POINT('',(-2.618930487932,6.920540868948));
#3867 = CARTESIAN_POINT('',(-2.604471037429,6.918617335978));
#3868 = CARTESIAN_POINT('',(-2.589915772881,6.916697731996));
#3869 = CARTESIAN_POINT('',(-2.575263123266,6.914782062548));
#3870 = CARTESIAN_POINT('',(-2.560511470987,6.912870333205));
#3871 = CARTESIAN_POINT('',(-2.545659149937,6.910962549562));
#3872 = CARTESIAN_POINT('',(-2.530704443442,6.909058717244));
#3873 = CARTESIAN_POINT('',(-2.515645582098,6.907158841901));
#3874 = CARTESIAN_POINT('',(-2.500480741485,6.905262929217));
#3875 = CARTESIAN_POINT('',(-2.485208039754,6.903370984911));
#3876 = CARTESIAN_POINT('',(-2.469825535078,6.901483014734));
#3877 = CARTESIAN_POINT('',(-2.454331222947,6.899599024479));
#3878 = CARTESIAN_POINT('',(-2.438723033314,6.897719019978));
#3879 = CARTESIAN_POINT('',(-2.42299882757,6.89584300711));
#3880 = CARTESIAN_POINT('',(-2.407156395331,6.893970991797));
#3881 = CARTESIAN_POINT('',(-2.391193451034,6.892102980017));
#3882 = CARTESIAN_POINT('',(-2.375107630325,6.890238977797));
#3883 = CARTESIAN_POINT('',(-2.358896486215,6.888378991227));
#3884 = CARTESIAN_POINT('',(-2.342557484994,6.886523026456));
#3885 = CARTESIAN_POINT('',(-2.326088001881,6.884671089701));
#3886 = CARTESIAN_POINT('',(-2.309485316396,6.882823187253));
#3887 = CARTESIAN_POINT('',(-2.292746607411,6.880979325475));
#3888 = CARTESIAN_POINT('',(-2.275868947886,6.879139510817));
#3889 = CARTESIAN_POINT('',(-2.258849299225,6.877303749817));
#3890 = CARTESIAN_POINT('',(-2.241684505261,6.875472049105));
#3891 = CARTESIAN_POINT('',(-2.224371285799,6.873644415417));
#3892 = CARTESIAN_POINT('',(-2.206906229708,6.871820855598));
#3893 = CARTESIAN_POINT('',(-2.189285787506,6.870001376611));
#3894 = CARTESIAN_POINT('',(-2.171506263396,6.868185985546));
#3895 = CARTESIAN_POINT('',(-2.15356380671,6.866374689632));
#3896 = CARTESIAN_POINT('',(-2.135454402685,6.864567496244));
#3897 = CARTESIAN_POINT('',(-2.117173862537,6.86276441292));
#3898 = CARTESIAN_POINT('',(-2.098717812739,6.860965447367));
#3899 = CARTESIAN_POINT('',(-2.08008168344,6.859170607483));
#3900 = CARTESIAN_POINT('',(-2.061260695932,6.857379901363));
#3901 = CARTESIAN_POINT('',(-2.042249849073,6.855593337327));
#3902 = CARTESIAN_POINT('',(-2.023043904548,6.853810923927));
#3903 = CARTESIAN_POINT('',(-2.003637370863,6.852032669977));
#3904 = CARTESIAN_POINT('',(-1.984024485909,6.850258584568));
#3905 = CARTESIAN_POINT('',(-1.964199197965,6.8484886771));
#3906 = CARTESIAN_POINT('',(-1.944155144949,6.846722957302));
#3907 = CARTESIAN_POINT('',(-1.923885631714,6.844961435269));
#3908 = CARTESIAN_POINT('',(-1.903383605171,6.84320412149));
#3909 = CARTESIAN_POINT('',(-1.882641626976,6.841451026892));
#3910 = CARTESIAN_POINT('',(-1.86165184347,6.839702162876));
#3911 = CARTESIAN_POINT('',(-1.840405952548,6.837957541367));
#3912 = CARTESIAN_POINT('',(-1.818895167047,6.836217174866));
#3913 = CARTESIAN_POINT('',(-1.797110174208,6.834481076511));
#3914 = CARTESIAN_POINT('',(-1.775041090681,6.832749260138));
#3915 = CARTESIAN_POINT('',(-1.75267741245,6.831021740363));
#3916 = CARTESIAN_POINT('',(-1.730007958982,6.829298532662));
#3917 = CARTESIAN_POINT('',(-1.707020810744,6.827579653472));
#3918 = CARTESIAN_POINT('',(-1.683703239109,6.825865120296));
#3919 = CARTESIAN_POINT('',(-1.66004162749,6.824154951833));
#3920 = CARTESIAN_POINT('',(-1.636021382316,6.822449168122));
#3921 = CARTESIAN_POINT('',(-1.611626832219,6.820747790707));
#3922 = CARTESIAN_POINT('',(-1.586841113446,6.81905084283));
#3923 = CARTESIAN_POINT('',(-1.561646039158,6.817358349655));
#3924 = CARTESIAN_POINT('',(-1.536021949724,6.815670338526));
#3925 = CARTESIAN_POINT('',(-1.509947540559,6.813986839274));
#3926 = CARTESIAN_POINT('',(-1.483399663236,6.812307884577));
#3927 = CARTESIAN_POINT('',(-1.456353094618,6.81063351038));
#3928 = CARTESIAN_POINT('',(-1.428780267529,6.808963756404));
#3929 = CARTESIAN_POINT('',(-1.400650954822,6.807298666748));
#3930 = CARTESIAN_POINT('',(-1.371931896621,6.805638290619));
#3931 = CARTESIAN_POINT('',(-1.342586357747,6.803982683214));
#3932 = CARTESIAN_POINT('',(-1.31257359868,6.802331906801));
#3933 = CARTESIAN_POINT('',(-1.281848238519,6.800686032048));
#3934 = CARTESIAN_POINT('',(-1.25035948177,6.799045139677));
#3935 = CARTESIAN_POINT('',(-1.218050171694,6.797409322543));
#3936 = CARTESIAN_POINT('',(-1.184855620283,6.795778688262));
#3937 = CARTESIAN_POINT('',(-1.150702147051,6.794153362592));
#3938 = CARTESIAN_POINT('',(-1.115505233134,6.792533493829));
#3939 = CARTESIAN_POINT('',(-1.079167159584,6.790919258588));
#3940 = CARTESIAN_POINT('',(-1.041573942622,6.789310869566));
#3941 = CARTESIAN_POINT('',(-1.002591292804,6.787708586107));
#3942 = CARTESIAN_POINT('',(-0.962059190695,6.786112728912));
#3943 = CARTESIAN_POINT('',(-0.919784454841,6.784523700972));
#3944 = CARTESIAN_POINT('',(-0.875530316632,6.782942018159));
#3945 = CARTESIAN_POINT('',(-0.829001391585,6.781368355339));
#3946 = CARTESIAN_POINT('',(-0.779821306665,6.779803618429));
#3947 = CARTESIAN_POINT('',(-0.727498092552,6.778249061999));
#3948 = CARTESIAN_POINT('',(-0.671368095675,6.776706491598));
#3949 = CARTESIAN_POINT('',(-0.61049966035,6.775178635538));
#3950 = CARTESIAN_POINT('',(-0.543515033429,6.773669888191));
#3951 = CARTESIAN_POINT('',(-0.468227163687,6.772187972921));
#3952 = CARTESIAN_POINT('',(-0.38079052284,6.770748300158));
#3953 = CARTESIAN_POINT('',(-0.286080156349,6.769526963119));
#3954 = CARTESIAN_POINT('',(-0.191526663382,6.768655693643));
#3955 = CARTESIAN_POINT('',(-9.712611598335E-02,6.768130776043));
#3956 = CARTESIAN_POINT('',(-2.872719464341E-03,6.767949351251));
#3957 = CARTESIAN_POINT('',(7.134470256727E-16,6.767949192431));
#3958 = ( GEOMETRIC_REPRESENTATION_CONTEXT(2) 
PARAMETRIC_REPRESENTATION_CONTEXT() REPRESENTATION_CONTEXT('2D SPACE',''
  ) );
#3959 = PCURVE('',#175,#3960);
#3960 = DEFINITIONAL_REPRESENTATION('',(#3961),#4634);
#3961 = B_SPLINE_CURVE_WITH_KNOTS('',1,(#3962,#3963,#3964,#3965,#3966,
    #3967,#3968,#3969,#3970,#3971,#3972,#3973,#3974,#3975,#3976,#3977,
    #3978,#3979,#3980,#3981,#3982,#3983,#3984,#3985,#3986,#3987,#3988,
    #3989,#3990,#3991,#3992,#3993,#3994,#3995,#3996,#3997,#3998,#3999,
    #4000,#4001,#4002,#4003,#4004,#4005,#4006,#4007,#4008,#4009,#4010,
    #4011,#4012,#4013,#4014,#4015,#4016,#4017,#4018,#4019,#4020,#4021,
    #4022,#4023,#4024,#4025,#4026,#4027,#4028,#4029,#4030,#4031,#4032,
    #4033,#4034,#4035,#4036,#4037,#4038,#4039,#4040,#4041,#4042,#4043,
    #4044,#4045,#4046,#4047,#4048,#4049,#4050,#4051,#4052,#4053,#4054,
    #4055,#4056,#4057,#4058,#4059,#4060,#4061,#4062,#4063,#4064,#4065,
    #4066,#4067,#4068,#4069,#4070,#4071,#4072,#4073,#4074,#4075,#4076,
    #4077,#4078,#4079,#4080,#4081,#4082,#4083,#4084,#4085,#4086,#4087,
    #4088,#4089,#4090,#4091,#4092,#4093,#4094,#4095,#4096,#4097,#4098,
    #4099,#4100,#4101,#4102,#4103,#4104,#4105,#4106,#4107,#4108,#4109,
    #4110,#4111,#4112,#4113,#4114,#4115,#4116,#4117,#4118,#4119,#4120,
    #4121,#4122,#4123,#4124,#4125,#4126,#4127,#4128,#4129,#4130,#4131,
    #4132,#4133,#4134,#4135,#4136,#4137,#4138,#4139,#4140,#4141,#4142,
    #4143,#4144,#4145,#4146,#4147,#4148,#4149,#4150,#4151,#4152,#4153,
    #4154,#4155,#4156,#4157,#4158,#4159,#4160,#4161,#4162,#4163,#4164,
    #4165,#4166,#4167,#4168,#4169,#4170,#4171,#4172,#4173,#4174,#4175,
    #4176,#4177,#4178,#4179,#4180,#4181,#4182,#4183,#4184,#4185,#4186,
    #4187,#4188,#4189,#4190,#4191,#4192,#4193,#4194,#4195,#4196,#4197,
    #4198,#4199,#4200,#4201,#4202,#4203,#4204,#4205,#4206,#4207,#4208,
    #4209,#4210,#4211,#4212,#4213,#4214,#4215,#4216,#4217,#4218,#4219,
    #4220,#4221,#4222,#4223,#4224,#4225,#4226,#4227,#4228,#4229,#4230,
    #4231,#4232,#4233,#4234,#4235,#4236,#4237,#4238,#4239,#4240,#4241,
    #4242,#4243,#4244,#4245,#4246,#4247,#4248,#4249,#4250,#4251,#4252,
    #4253,#4254,#4255,#4256,#4257,#4258,#4259,#4260,#4261,#4262,#4263,
    #4264,#4265,#4266,#4267,#4268,#4269,#4270,#4271,#4272,#4273,#4274,
    #4275,#4276,#4277,#4278,#4279,#4280,#4281,#4282,#4283,#4284,#4285,
    #4286,#4287,#4288,#4289,#4290,#4291,#4292,#4293,#4294,#4295,#4296,
    #4297,#4298,#4299,#4300,#4301,#4302,#4303,#4304,#4305,#4306,#4307,
    #4308,#4309,#4310,#4311,#4312,#4313,#4314,#4315,#4316,#4317,#4318,
    #4319,#4320,#4321,#4322,#4323,#4324,#4325,#4326,#4327,#4328,#4329,
    #4330,#4331,#4332,#4333,#4334,#4335,#4336,#4337,#4338,#4339,#4340,
    #4341,#4342,#4343,#4344,#4345,#4346,#4347,#4348,#4349,#4350,#4351,
    #4352,#4353,#4354,#4355,#4356,#4357,#4358,#4359,#4360,#4361,#4362,
    #4363,#4364,#4365,#4366,#4367,#4368,#4369,#4370,#4371,#4372,#4373,
    #4374,#4375,#4376,#4377,#4378,#4379,#4380,#4381,#4382,#4383,#4384,
    #4385,#4386,#4387,#4388,#4389,#4390,#4391,#4392,#4393,#4394,#4395,
    #4396,#4397,#4398,#4399,#4400,#4401,#4402,#4403,#4404,#4405,#4406,
    #4407,#4408,#4409,#4410,#4411,#4412,#4413,#4414,#4415,#4416,#4417,
    #4418,#4419,#4420,#4421,#4422,#4423,#4424,#4425,#4426,#4427,#4428,
    #4429,#4430,#4431,#4432,#4433,#4434,#4435,#4436,#4437,#4438,#4439,
    #4440,#4441,#4442,#4443,#4444,#4445,#4446,#4447,#4448,#4449,#4450,
    #4451,#4452,#4453,#4454,#4455,#4456,#4457,#4458,#4459,#4460,#4461,
    #4462,#4463,#4464,#4465,#4466,#4467,#4468,#4469,#4470,#4471,#4472,
    #4473,#4474,#4475,#4476,#4477,#4478,#4479,#4480,#4481,#4482,#4483,
    #4484,#4485,#4486,#4487,#4488,#4489,#4490,#4491,#4492,#4493,#4494,
    #4495,#4496,#4497,#4498,#4499,#4500,#4501,#4502,#4503,#4504,#4505,
    #4506,#4507,#4508,#4509,#4510,#4511,#4512,#4513,#4514,#4515,#4516,
    #4517,#4518,#4519,#4520,#4521,#4522,#4523,#4524,#4525,#4526,#4527,
    #4528,#4529,#4530,#4531,#4532,#4533,#4534,#4535,#4536,#4537,#4538,
    #4539,#4540,#4541,#4542,#4543,#4544,#4545,#4546,#4547,#4548,#4549,
    #4550,#4551,#4552,#4553,#4554,#4555,#4556,#4557,#4558,#4559,#4560,
    #4561,#4562,#4563,#4564,#4565,#4566,#4567,#4568,#4569,#4570,#4571,
    #4572,#4573,#4574,#4575,#4576,#4577,#4578,#4579,#4580,#4581,#4582,
    #4583,#4584,#4585,#4586,#4587,#4588,#4589,#4590,#4591,#4592,#4593,
    #4594,#4595,#4596,#4597,#4598,#4599,#4600,#4601,#4602,#4603,#4604,
    #4605,#4606,#4607,#4608,#4609,#4610,#4611,#4612,#4613,#4614,#4615,
    #4616,#4617,#4618,#4619,#4620,#4621,#4622,#4623,#4624,#4625,#4626,
    #4627,#4628,#4629,#4630,#4631,#4632,#4633),.UNSPECIFIED.,.F.,.F.,(2,
    1,1,1,1,1,1,1,1,1,1,1,1,1,1,1,1,1,1,1,1,1,1,1,1,1,1,1,1,1,1,1,1,1,1,
    1,1,1,1,1,1,1,1,1,1,1,1,1,1,1,1,1,1,1,1,1,1,1,1,1,1,1,1,1,1,1,1,1,1,
    1,1,1,1,1,1,1,1,1,1,1,1,1,1,1,1,1,1,1,1,1,1,1,1,1,1,1,1,1,1,1,1,1,1,
    1,1,1,1,1,1,1,1,1,1,1,1,1,1,1,1,1,1,1,1,1,1,1,1,1,1,1,1,1,1,1,1,1,1,
    1,1,1,1,1,1,1,1,1,1,1,1,1,1,1,1,1,1,1,1,1,1,1,1,1,1,1,1,1,1,1,1,1,1,
    1,1,1,1,1,1,1,1,1,1,1,1,1,1,1,1,1,1,1,1,1,1,1,1,1,1,1,1,1,1,1,1,1,1,
    1,1,1,1,1,1,1,1,1,1,1,1,1,1,1,1,1,1,1,1,1,1,1,1,1,1,1,1,1,1,1,1,1,1,
    1,1,1,1,1,1,1,1,1,1,1,1,1,1,1,1,1,1,1,1,1,1,1,1,1,1,1,1,1,1,1,1,1,1,
    1,1,1,1,1,1,1,1,1,1,1,1,1,1,1,1,1,1,1,1,1,1,1,1,1,1,1,1,1,1,1,1,1,1,
    1,1,1,1,1,1,1,1,1,1,1,1,1,1,1,1,1,1,1,1,1,1,1,1,1,1,1,1,1,1,1,1,1,1,
    1,1,1,1,1,1,1,1,1,1,1,1,1,1,1,1,1,1,1,1,1,1,1,1,1,1,1,1,1,1,1,1,1,1,
    1,1,1,1,1,1,1,1,1,1,1,1,1,1,1,1,1,1,1,1,1,1,1,1,1,1,1,1,1,1,1,1,1,1,
    1,1,1,1,1,1,1,1,1,1,1,1,1,1,1,1,1,1,1,1,1,1,1,1,1,1,1,1,1,1,1,1,1,1,
    1,1,1,1,1,1,1,1,1,1,1,1,1,1,1,1,1,1,1,1,1,1,1,1,1,1,1,1,1,1,1,1,1,1,
    1,1,1,1,1,1,1,1,1,1,1,1,1,1,1,1,1,1,1,1,1,1,1,1,1,1,1,1,1,1,1,1,1,1,
    1,1,1,1,1,1,1,1,1,1,1,1,1,1,1,1,1,1,1,1,1,1,1,1,1,1,1,1,1,1,1,1,1,1,
    1,1,1,1,1,1,1,1,1,1,1,1,1,1,1,1,1,1,1,1,1,1,1,1,1,1,1,1,1,1,1,1,1,1,
    1,1,1,1,1,1,1,1,1,1,1,1,1,1,1,1,1,1,1,1,1,1,1,1,1,1,1,1,1,1,1,1,1,1,
    1,1,1,1,1,1,1,1,1,1,1,1,1,1,1,1,1,1,1,1,1,1,1,1,1,1,1,1,1,1,1,1,1,1,
    1,1,1,1,1,1,1,1,1,1,1,1,1,1,1,1,1,1,1,1,1,1,1,1,2),(0.,1.,2.,3.,4.,
    5.,6.,7.,8.,9.,10.,11.,12.,13.,14.,15.,16.,17.,18.,19.,20.,21.,22.,
    23.,24.,25.,26.,27.,28.,29.,30.,31.,32.,33.,34.,35.,36.,37.,38.,39.,
    40.,41.,42.,43.,44.,45.,46.,47.,48.,49.,50.,51.,52.,53.,54.,55.,56.,
    57.,58.,59.,60.,61.,62.,63.,64.,65.,66.,67.,68.,69.,70.,71.,72.,73.,
    74.,75.,76.,77.,78.,79.,80.,81.,82.,83.,84.,85.,86.,87.,88.,89.,90.,
    91.,92.,93.,94.,95.,96.,97.,98.,99.,100.,101.,102.,103.,104.,105.,
    106.,107.,108.,109.,110.,111.,112.,113.,114.,115.,116.,117.,118.,
    119.,120.,121.,122.,123.,124.,125.,126.,127.,128.,129.,130.,131.,
    132.,133.,134.,135.,136.,137.,138.,139.,140.,141.,142.,143.,144.,
    145.,146.,147.,148.,149.,150.,151.,152.,153.,154.,155.,156.,157.,
    158.,159.,160.,161.,162.,163.,164.,165.,166.,167.,168.,169.,170.,
    171.,172.,173.,174.,175.,176.,177.,178.,179.,180.,181.,182.,183.,
    184.,185.,186.,187.,188.,189.,190.,191.,192.,193.,194.,195.,196.,
    197.,198.,199.,200.,201.,202.,203.,204.,205.,206.,207.,208.,209.,
    210.,211.,212.,213.,214.,215.,216.,217.,218.,219.,220.,221.,222.,
    223.,224.,225.,226.,227.,228.,229.,230.,231.,232.,233.,234.,235.,
    236.,237.,238.,239.,240.,241.,242.,243.,244.,245.,246.,247.,248.,
    249.,250.,251.,252.,253.,254.,255.,256.,257.,258.,259.,260.,261.,
    262.,263.,264.,265.,266.,267.,268.,269.,270.,271.,272.,273.,274.,
    275.,276.,277.,278.,279.,280.,281.,282.,283.,284.,285.,286.,287.,
    288.,289.,290.,291.,292.,293.,294.,295.,296.,297.,298.,299.,300.,
    301.,302.,303.,304.,305.,306.,307.,308.,309.,310.,311.,312.,313.,
    314.,315.,316.,317.,318.,319.,320.,321.,322.,323.,324.,325.,326.,
    327.,328.,329.,330.,331.,332.,333.,334.,335.,336.,337.,338.,339.,
    340.,341.,342.,343.,344.,345.,346.,347.,348.,349.,350.,351.,352.,
    353.,354.,355.,356.,357.,358.,359.,360.,361.,362.,363.,364.,365.,
    366.,367.,368.,369.,370.,371.,372.,373.,374.,375.,376.,377.,378.,
    379.,380.,381.,382.,383.,384.,385.,386.,387.,388.,389.,390.,391.,
    392.,393.,394.,395.,396.,397.,398.,399.,400.,401.,402.,403.,404.,
    405.,406.,407.,408.,409.,410.,411.,412.,413.,414.,415.,416.,417.,
    418.,419.,420.,421.,422.,423.,424.,425.,426.,427.,428.,429.,430.,
    431.,432.,433.,434.,435.,436.,437.,438.,439.,440.,441.,442.,443.,
    444.,445.,446.,447.,448.,449.,450.,451.,452.,453.,454.,455.,456.,
    457.,458.,459.,460.,461.,462.,463.,464.,465.,466.,467.,468.,469.,
    470.,471.,472.,473.,474.,475.,476.,477.,478.,479.,480.,481.,482.,
    483.,484.,485.,486.,487.,488.,489.,490.,491.,492.,493.,494.,495.,
    496.,497.,498.,499.,500.,501.,502.,503.,504.,505.,506.,507.,508.,
    509.,510.,511.,512.,513.,514.,515.,516.,517.,518.,519.,520.,521.,
    522.,523.,524.,525.,526.,527.,528.,529.,530.,531.,532.,533.,534.,
    535.,536.,537.,538.,539.,540.,541.,542.,543.,544.,545.,546.,547.,
    548.,549.,550.,551.,552.,553.,554.,555.,556.,557.,558.,559.,560.,
    561.,562.,563.,564.,565.,566.,567.,568.,569.,570.,571.,572.,573.,
    574.,575.,576.,577.,578.,579.,580.,581.,582.,583.,584.,585.,586.,
    587.,588.,589.,590.,591.,592.,593.,594.,595.,596.,597.,598.,599.,
    600.,601.,602.,603.,604.,605.,606.,607.,608.,609.,610.,611.,612.,
    613.,614.,615.,616.,617.,618.,619.,620.,621.,622.,623.,624.,625.,
    626.,627.,628.,629.,630.,631.,632.,633.,634.,635.,636.,637.,638.,
    639.,640.,641.,642.,643.,644.,645.,646.,647.,648.,649.,650.,651.,
    652.,653.,654.,655.,656.,657.,658.,659.,660.,661.,662.,663.,664.,
    665.,666.,667.,668.,669.,670.,671.),.PIECEWISE_BEZIER_KNOTS.);
#3962 = CARTESIAN_POINT('',(-5.927764105489,0.));
#3963 = CARTESIAN_POINT('',(-5.92776452095,1.570796107024E-03));
#3964 = CARTESIAN_POINT('',(-5.927765377839,2.748892373642E-03));
#3965 = CARTESIAN_POINT('',(-5.927766987787,4.13736121431E-03));
#3966 = CARTESIAN_POINT('',(-5.92776959186,5.708156742445E-03));
#3967 = CARTESIAN_POINT('',(-5.927773026887,7.278952050773E-03));
#3968 = CARTESIAN_POINT('',(-5.927777292889,8.849747139273E-03));
#3969 = CARTESIAN_POINT('',(-5.927782389891,1.042054200792E-02));
#3970 = CARTESIAN_POINT('',(-5.927788317925,1.199133665668E-02));
#3971 = CARTESIAN_POINT('',(-5.927795077026,1.356213108552E-02));
#3972 = CARTESIAN_POINT('',(-5.927802667236,1.51329252944E-02));
#3973 = CARTESIAN_POINT('',(-5.927811088599,1.670371928326E-02));
#3974 = CARTESIAN_POINT('',(-5.927820341167,1.827451305207E-02));
#3975 = CARTESIAN_POINT('',(-5.927830424997,1.984530660076E-02));
#3976 = CARTESIAN_POINT('',(-5.927841340149,2.141609992927E-02));
#3977 = CARTESIAN_POINT('',(-5.927853086689,2.298689303754E-02));
#3978 = CARTESIAN_POINT('',(-5.92786566469,2.455768592549E-02));
#3979 = CARTESIAN_POINT('',(-5.927879074226,2.612847859304E-02));
#3980 = CARTESIAN_POINT('',(-5.927893315381,2.769927104013E-02));
#3981 = CARTESIAN_POINT('',(-5.927908388241,2.927006326665E-02));
#3982 = CARTESIAN_POINT('',(-5.927924292897,3.084085527252E-02));
#3983 = CARTESIAN_POINT('',(-5.927941029446,3.241164705764E-02));
#3984 = CARTESIAN_POINT('',(-5.92795859799,3.398243862191E-02));
#3985 = CARTESIAN_POINT('',(-5.927976998636,3.555322996523E-02));
#3986 = CARTESIAN_POINT('',(-5.927996231496,3.712402108747E-02));
#3987 = CARTESIAN_POINT('',(-5.928016296687,3.869481198854E-02));
#3988 = CARTESIAN_POINT('',(-5.928037194333,4.026560266829E-02));
#3989 = CARTESIAN_POINT('',(-5.928058924559,4.183639312661E-02));
#3990 = CARTESIAN_POINT('',(-5.9280814875,4.340718336336E-02));
#3991 = CARTESIAN_POINT('',(-5.928104883292,4.497797337841E-02));
#3992 = CARTESIAN_POINT('',(-5.928129112078,4.654876317161E-02));
#3993 = CARTESIAN_POINT('',(-5.928154174007,4.811955274282E-02));
#3994 = CARTESIAN_POINT('',(-5.928180069231,4.969034209189E-02));
#3995 = CARTESIAN_POINT('',(-5.92820679791,5.126113121865E-02));
#3996 = CARTESIAN_POINT('',(-5.928234360205,5.283192012294E-02));
#3997 = CARTESIAN_POINT('',(-5.928262756287,5.44027088046E-02));
#3998 = CARTESIAN_POINT('',(-5.928291986328,5.597349726345E-02));
#3999 = CARTESIAN_POINT('',(-5.928322050507,5.754428549932E-02));
#4000 = CARTESIAN_POINT('',(-5.92835294901,5.911507351202E-02));
#4001 = CARTESIAN_POINT('',(-5.928384682024,6.068586130135E-02));
#4002 = CARTESIAN_POINT('',(-5.928417249745,6.225664886714E-02));
#4003 = CARTESIAN_POINT('',(-5.928450652372,6.382743620917E-02));
#4004 = CARTESIAN_POINT('',(-5.92848489011,6.539822332725E-02));
#4005 = CARTESIAN_POINT('',(-5.928519963169,6.696901022116E-02));
#4006 = CARTESIAN_POINT('',(-5.928555871765,6.85397968907E-02));
#4007 = CARTESIAN_POINT('',(-5.928592616117,7.011058333563E-02));
#4008 = CARTESIAN_POINT('',(-5.928630196452,7.168136955573E-02));
#4009 = CARTESIAN_POINT('',(-5.928668613002,7.325215555078E-02));
#4010 = CARTESIAN_POINT('',(-5.928707866001,7.482294132053E-02));
#4011 = CARTESIAN_POINT('',(-5.928747955692,7.639372686475E-02));
#4012 = CARTESIAN_POINT('',(-5.928788882321,7.796451218319E-02));
#4013 = CARTESIAN_POINT('',(-5.92883064614,7.953529727559E-02));
#4014 = CARTESIAN_POINT('',(-5.928873247407,8.11060821417E-02));
#4015 = CARTESIAN_POINT('',(-5.928916686385,8.267686678126E-02));
#4016 = CARTESIAN_POINT('',(-5.928960963341,8.424765119399E-02));
#4017 = CARTESIAN_POINT('',(-5.929006078548,8.581843537963E-02));
#4018 = CARTESIAN_POINT('',(-5.929052032285,8.738921933789E-02));
#4019 = CARTESIAN_POINT('',(-5.929098824837,8.896000306848E-02));
#4020 = CARTESIAN_POINT('',(-5.929146456491,9.053078657113E-02));
#4021 = CARTESIAN_POINT('',(-5.929194927544,9.210156984553E-02));
#4022 = CARTESIAN_POINT('',(-5.929244238294,9.367235289138E-02));
#4023 = CARTESIAN_POINT('',(-5.929294389047,9.524313570838E-02));
#4024 = CARTESIAN_POINT('',(-5.929345380113,9.68139182962E-02));
#4025 = CARTESIAN_POINT('',(-5.92939721181,9.838470065454E-02));
#4026 = CARTESIAN_POINT('',(-5.929449884457,9.995548278307E-02));
#4027 = CARTESIAN_POINT('',(-5.929503398383,0.101526264681));
#4028 = CARTESIAN_POINT('',(-5.929557753919,0.103097046349));
#4029 = CARTESIAN_POINT('',(-5.929612951403,0.104667827786));
#4030 = CARTESIAN_POINT('',(-5.929668991179,0.106238608992));
#4031 = CARTESIAN_POINT('',(-5.929725873594,0.107809389967));
#4032 = CARTESIAN_POINT('',(-5.929783599004,0.109380170709));
#4033 = CARTESIAN_POINT('',(-5.929842167767,0.11095095122));
#4034 = CARTESIAN_POINT('',(-5.929901580249,0.112521731497));
#4035 = CARTESIAN_POINT('',(-5.92996183682,0.114092511542));
#4036 = CARTESIAN_POINT('',(-5.930022937857,0.115663291354));
#4037 = CARTESIAN_POINT('',(-5.930084883742,0.117234070931));
#4038 = CARTESIAN_POINT('',(-5.93014767486,0.118804850275));
#4039 = CARTESIAN_POINT('',(-5.930211311606,0.120375629384));
#4040 = CARTESIAN_POINT('',(-5.930275794378,0.121946408258));
#4041 = CARTESIAN_POINT('',(-5.930341123579,0.123517186896));
#4042 = CARTESIAN_POINT('',(-5.930407299619,0.125087965299));
#4043 = CARTESIAN_POINT('',(-5.930474322913,0.126658743466));
#4044 = CARTESIAN_POINT('',(-5.930542193883,0.128229521396));
#4045 = CARTESIAN_POINT('',(-5.930610912953,0.129800299089));
#4046 = CARTESIAN_POINT('',(-5.930680480558,0.131371076545));
#4047 = CARTESIAN_POINT('',(-5.930750897134,0.132941853762));
#4048 = CARTESIAN_POINT('',(-5.930822163125,0.134512630741));
#4049 = CARTESIAN_POINT('',(-5.930894278981,0.136083407482));
#4050 = CARTESIAN_POINT('',(-5.930967245155,0.137654183983));
#4051 = CARTESIAN_POINT('',(-5.93104106211,0.139224960244));
#4052 = CARTESIAN_POINT('',(-5.93111573031,0.140795736265));
#4053 = CARTESIAN_POINT('',(-5.93119125023,0.142366512045));
#4054 = CARTESIAN_POINT('',(-5.931267622345,0.143937287584));
#4055 = CARTESIAN_POINT('',(-5.931344847142,0.145508062881));
#4056 = CARTESIAN_POINT('',(-5.931422925108,0.147078837936));
#4057 = CARTESIAN_POINT('',(-5.93150185674,0.148649612748));
#4058 = CARTESIAN_POINT('',(-5.931581642538,0.150220387317));
#4059 = CARTESIAN_POINT('',(-5.931662283011,0.151791161642));
#4060 = CARTESIAN_POINT('',(-5.931743778672,0.153361935723));
#4061 = CARTESIAN_POINT('',(-5.931826130038,0.154932709559));
#4062 = CARTESIAN_POINT('',(-5.931909337637,0.15650348315));
#4063 = CARTESIAN_POINT('',(-5.931993401998,0.158074256494));
#4064 = CARTESIAN_POINT('',(-5.932078323658,0.159645029592));
#4065 = CARTESIAN_POINT('',(-5.932164103161,0.161215802444));
#4066 = CARTESIAN_POINT('',(-5.932250741055,0.162786575047));
#4067 = CARTESIAN_POINT('',(-5.932338237895,0.164357347402));
#4068 = CARTESIAN_POINT('',(-5.932426594243,0.165928119508));
#4069 = CARTESIAN_POINT('',(-5.932515810666,0.167498891365));
#4070 = CARTESIAN_POINT('',(-5.932605887736,0.169069662972));
#4071 = CARTESIAN_POINT('',(-5.932696826034,0.170640434329));
#4072 = CARTESIAN_POINT('',(-5.932788626145,0.172211205434));
#4073 = CARTESIAN_POINT('',(-5.93288128866,0.173781976287));
#4074 = CARTESIAN_POINT('',(-5.932974814177,0.175352746888));
#4075 = CARTESIAN_POINT('',(-5.933069203301,0.176923517236));
#4076 = CARTESIAN_POINT('',(-5.933164456642,0.17849428733));
#4077 = CARTESIAN_POINT('',(-5.933260574815,0.18006505717));
#4078 = CARTESIAN_POINT('',(-5.933357558445,0.181635826755));
#4079 = CARTESIAN_POINT('',(-5.933455408161,0.183206596084));
#4080 = CARTESIAN_POINT('',(-5.933554124597,0.184777365156));
#4081 = CARTESIAN_POINT('',(-5.933653708396,0.186348133972));
#4082 = CARTESIAN_POINT('',(-5.933754160205,0.18791890253));
#4083 = CARTESIAN_POINT('',(-5.93385548068,0.189489670829));
#4084 = CARTESIAN_POINT('',(-5.933957670481,0.19106043887));
#4085 = CARTESIAN_POINT('',(-5.934060730276,0.192631206651));
#4086 = CARTESIAN_POINT('',(-5.934164660738,0.194201974171));
#4087 = CARTESIAN_POINT('',(-5.934269462549,0.19577274143));
#4088 = CARTESIAN_POINT('',(-5.934375136395,0.197343508426));
#4089 = CARTESIAN_POINT('',(-5.934481682969,0.198914275161));
#4090 = CARTESIAN_POINT('',(-5.934589102973,0.200485041631));
#4091 = CARTESIAN_POINT('',(-5.934697397111,0.202055807838));
#4092 = CARTESIAN_POINT('',(-5.934806566098,0.203626573779));
#4093 = CARTESIAN_POINT('',(-5.934916610654,0.205197339455));
#4094 = CARTESIAN_POINT('',(-5.935027531505,0.206768104864));
#4095 = CARTESIAN_POINT('',(-5.935139329384,0.208338870006));
#4096 = CARTESIAN_POINT('',(-5.935252005032,0.20990963488));
#4097 = CARTESIAN_POINT('',(-5.935365559196,0.211480399485));
#4098 = CARTESIAN_POINT('',(-5.935479992629,0.213051163821));
#4099 = CARTESIAN_POINT('',(-5.935595306092,0.214621927885));
#4100 = CARTESIAN_POINT('',(-5.935711500352,0.216192691679));
#4101 = CARTESIAN_POINT('',(-5.935828576183,0.2177634552));
#4102 = CARTESIAN_POINT('',(-5.935946534367,0.219334218448));
#4103 = CARTESIAN_POINT('',(-5.936065375692,0.220904981422));
#4104 = CARTESIAN_POINT('',(-5.936185100952,0.222475744122));
#4105 = CARTESIAN_POINT('',(-5.93630571095,0.224046506546));
#4106 = CARTESIAN_POINT('',(-5.936427206495,0.225617268693));
#4107 = CARTESIAN_POINT('',(-5.936549588404,0.227188030563));
#4108 = CARTESIAN_POINT('',(-5.936672857498,0.228758792155));
#4109 = CARTESIAN_POINT('',(-5.936797014611,0.230329553467));
#4110 = CARTESIAN_POINT('',(-5.936922060577,0.2319003145));
#4111 = CARTESIAN_POINT('',(-5.937047996244,0.233471075251));
#4112 = CARTESIAN_POINT('',(-5.937174822462,0.23504183572));
#4113 = CARTESIAN_POINT('',(-5.937302540091,0.236612595907));
#4114 = CARTESIAN_POINT('',(-5.937431149998,0.238183355809));
#4115 = CARTESIAN_POINT('',(-5.937560653056,0.239754115427));
#4116 = CARTESIAN_POINT('',(-5.937691050148,0.241324874759));
#4117 = CARTESIAN_POINT('',(-5.937822342162,0.242895633804));
#4118 = CARTESIAN_POINT('',(-5.937954529994,0.244466392562));
#4119 = CARTESIAN_POINT('',(-5.938087614549,0.24603715103));
#4120 = CARTESIAN_POINT('',(-5.938221596736,0.247607909209));
#4121 = CARTESIAN_POINT('',(-5.938356477476,0.249178667097));
#4122 = CARTESIAN_POINT('',(-5.938492257695,0.250749424694));
#4123 = CARTESIAN_POINT('',(-5.938628938327,0.252320181997));
#4124 = CARTESIAN_POINT('',(-5.938766520313,0.253890939007));
#4125 = CARTESIAN_POINT('',(-5.938905004603,0.255461695721));
#4126 = CARTESIAN_POINT('',(-5.939044392155,0.257032452139));
#4127 = CARTESIAN_POINT('',(-5.939184683933,0.258603208261));
#4128 = CARTESIAN_POINT('',(-5.93932588091,0.260173964084));
#4129 = CARTESIAN_POINT('',(-5.939467984067,0.261744719607));
#4130 = CARTESIAN_POINT('',(-5.939610994393,0.263315474831));
#4131 = CARTESIAN_POINT('',(-5.939754912885,0.264886229752));
#4132 = CARTESIAN_POINT('',(-5.939899740546,0.266456984371));
#4133 = CARTESIAN_POINT('',(-5.94004547839,0.268027738687));
#4134 = CARTESIAN_POINT('',(-5.940192127438,0.269598492697));
#4135 = CARTESIAN_POINT('',(-5.940339688718,0.271169246401));
#4136 = CARTESIAN_POINT('',(-5.940488163267,0.272739999797));
#4137 = CARTESIAN_POINT('',(-5.940637552131,0.274310752885));
#4138 = CARTESIAN_POINT('',(-5.940787856363,0.275881505664));
#4139 = CARTESIAN_POINT('',(-5.940939077025,0.277452258131));
#4140 = CARTESIAN_POINT('',(-5.941091215188,0.279023010286));
#4141 = CARTESIAN_POINT('',(-5.941244271929,0.280593762128));
#4142 = CARTESIAN_POINT('',(-5.941398248336,0.282164513655));
#4143 = CARTESIAN_POINT('',(-5.941553145505,0.283735264866));
#4144 = CARTESIAN_POINT('',(-5.941708964539,0.28530601576));
#4145 = CARTESIAN_POINT('',(-5.941865706552,0.286876766336));
#4146 = CARTESIAN_POINT('',(-5.942023372664,0.288447516591));
#4147 = CARTESIAN_POINT('',(-5.942181964006,0.290018266526));
#4148 = CARTESIAN_POINT('',(-5.942341481716,0.291589016138));
#4149 = CARTESIAN_POINT('',(-5.942501926941,0.293159765426));
#4150 = CARTESIAN_POINT('',(-5.942663300839,0.29473051439));
#4151 = CARTESIAN_POINT('',(-5.942825604574,0.296301263026));
#4152 = CARTESIAN_POINT('',(-5.94298883932,0.297872011335));
#4153 = CARTESIAN_POINT('',(-5.943153006262,0.299442759315));
#4154 = CARTESIAN_POINT('',(-5.94331810659,0.301013506964));
#4155 = CARTESIAN_POINT('',(-5.943484141506,0.302584254281));
#4156 = CARTESIAN_POINT('',(-5.943651112221,0.304155001265));
#4157 = CARTESIAN_POINT('',(-5.943819019954,0.305725747914));
#4158 = CARTESIAN_POINT('',(-5.943987865934,0.307296494226));
#4159 = CARTESIAN_POINT('',(-5.9441576514,0.308867240201));
#4160 = CARTESIAN_POINT('',(-5.944328377599,0.310437985836));
#4161 = CARTESIAN_POINT('',(-5.944500045788,0.312008731131));
#4162 = CARTESIAN_POINT('',(-5.944672657233,0.313579476083));
#4163 = CARTESIAN_POINT('',(-5.944846213212,0.315150220691));
#4164 = CARTESIAN_POINT('',(-5.945020715009,0.316720964954));
#4165 = CARTESIAN_POINT('',(-5.945196163919,0.31829170887));
#4166 = CARTESIAN_POINT('',(-5.945372561248,0.319862452438));
#4167 = CARTESIAN_POINT('',(-5.945549908311,0.321433195655));
#4168 = CARTESIAN_POINT('',(-5.945728206433,0.323003938521));
#4169 = CARTESIAN_POINT('',(-5.945907456947,0.324574681034));
#4170 = CARTESIAN_POINT('',(-5.946087661199,0.326145423191));
#4171 = CARTESIAN_POINT('',(-5.946268820543,0.327716164993));
#4172 = CARTESIAN_POINT('',(-5.946450936344,0.329286906435));
#4173 = CARTESIAN_POINT('',(-5.946634009977,0.330857647518));
#4174 = CARTESIAN_POINT('',(-5.946818042826,0.33242838824));
#4175 = CARTESIAN_POINT('',(-5.947003036288,0.333999128598));
#4176 = CARTESIAN_POINT('',(-5.947188991768,0.335569868591));
#4177 = CARTESIAN_POINT('',(-5.947375910682,0.337140608218));
#4178 = CARTESIAN_POINT('',(-5.947563794457,0.338711347476));
#4179 = CARTESIAN_POINT('',(-5.94775264453,0.340282086363));
#4180 = CARTESIAN_POINT('',(-5.947942462349,0.341852824879));
#4181 = CARTESIAN_POINT('',(-5.948133249372,0.343423563021));
#4182 = CARTESIAN_POINT('',(-5.948325007069,0.344994300787));
#4183 = CARTESIAN_POINT('',(-5.948517736921,0.346565038175));
#4184 = CARTESIAN_POINT('',(-5.948711440418,0.348135775185));
#4185 = CARTESIAN_POINT('',(-5.948906119062,0.349706511812));
#4186 = CARTESIAN_POINT('',(-5.949101774367,0.351277248057));
#4187 = CARTESIAN_POINT('',(-5.949298407856,0.352847983917));
#4188 = CARTESIAN_POINT('',(-5.949496021066,0.35441871939));
#4189 = CARTESIAN_POINT('',(-5.949694615544,0.355989454473));
#4190 = CARTESIAN_POINT('',(-5.949894192847,0.357560189166));
#4191 = CARTESIAN_POINT('',(-5.950094754545,0.359130923466));
#4192 = CARTESIAN_POINT('',(-5.950296302219,0.360701657371));
#4193 = CARTESIAN_POINT('',(-5.950498837463,0.362272390879));
#4194 = CARTESIAN_POINT('',(-5.950702361881,0.363843123988));
#4195 = CARTESIAN_POINT('',(-5.950906877088,0.365413856696));
#4196 = CARTESIAN_POINT('',(-5.951112384714,0.366984589001));
#4197 = CARTESIAN_POINT('',(-5.951318886398,0.368555320901));
#4198 = CARTESIAN_POINT('',(-5.951526383792,0.370126052393));
#4199 = CARTESIAN_POINT('',(-5.951734878561,0.371696783476));
#4200 = CARTESIAN_POINT('',(-5.951944372381,0.373267514147));
#4201 = CARTESIAN_POINT('',(-5.952154866941,0.374838244404));
#4202 = CARTESIAN_POINT('',(-5.952366363941,0.376408974245));
#4203 = CARTESIAN_POINT('',(-5.952578865096,0.377979703668));
#4204 = CARTESIAN_POINT('',(-5.952792372132,0.379550432671));
#4205 = CARTESIAN_POINT('',(-5.953006886786,0.38112116125));
#4206 = CARTESIAN_POINT('',(-5.953222410812,0.382691889405));
#4207 = CARTESIAN_POINT('',(-5.953438945972,0.384262617132));
#4208 = CARTESIAN_POINT('',(-5.953656494045,0.385833344429));
#4209 = CARTESIAN_POINT('',(-5.95387505682,0.387404071294));
#4210 = CARTESIAN_POINT('',(-5.954094636101,0.388974797725));
#4211 = CARTESIAN_POINT('',(-5.954315233704,0.390545523718));
#4212 = CARTESIAN_POINT('',(-5.95453685146,0.392116249273));
#4213 = CARTESIAN_POINT('',(-5.954759491211,0.393686974385));
#4214 = CARTESIAN_POINT('',(-5.954983154815,0.395257699053));
#4215 = CARTESIAN_POINT('',(-5.955207844142,0.396828423274));
#4216 = CARTESIAN_POINT('',(-5.955433561077,0.398399147046));
#4217 = CARTESIAN_POINT('',(-5.955660307516,0.399969870367));
#4218 = CARTESIAN_POINT('',(-5.955888085372,0.401540593232));
#4219 = CARTESIAN_POINT('',(-5.956116896572,0.403111315641));
#4220 = CARTESIAN_POINT('',(-5.956346743055,0.40468203759));
#4221 = CARTESIAN_POINT('',(-5.956577626775,0.406252759076));
#4222 = CARTESIAN_POINT('',(-5.956809549701,0.407823480097));
#4223 = CARTESIAN_POINT('',(-5.957042513817,0.409394200651));
#4224 = CARTESIAN_POINT('',(-5.957276521121,0.410964920734));
#4225 = CARTESIAN_POINT('',(-5.957511573624,0.412535640344));
#4226 = CARTESIAN_POINT('',(-5.957747673354,0.414106359478));
#4227 = CARTESIAN_POINT('',(-5.957984822354,0.415677078132));
#4228 = CARTESIAN_POINT('',(-5.95822302268,0.417247796306));
#4229 = CARTESIAN_POINT('',(-5.958462276406,0.418818513994));
#4230 = CARTESIAN_POINT('',(-5.958702585618,0.420389231195));
#4231 = CARTESIAN_POINT('',(-5.958943952421,0.421959947905));
#4232 = CARTESIAN_POINT('',(-5.959186378933,0.423530664122));
#4233 = CARTESIAN_POINT('',(-5.959429867288,0.425101379843));
#4234 = CARTESIAN_POINT('',(-5.959674419637,0.426672095064));
#4235 = CARTESIAN_POINT('',(-5.959920038146,0.428242809783));
#4236 = CARTESIAN_POINT('',(-5.960166724997,0.429813523996));
#4237 = CARTESIAN_POINT('',(-5.960414482388,0.4313842377));
#4238 = CARTESIAN_POINT('',(-5.960663312534,0.432954950893));
#4239 = CARTESIAN_POINT('',(-5.960913217667,0.43452566357));
#4240 = CARTESIAN_POINT('',(-5.961164200033,0.436096375729));
#4241 = CARTESIAN_POINT('',(-5.961416261899,0.437667087367));
#4242 = CARTESIAN_POINT('',(-5.961669405544,0.439237798479));
#4243 = CARTESIAN_POINT('',(-5.961923633267,0.440808509064));
#4244 = CARTESIAN_POINT('',(-5.962178947384,0.442379219117));
#4245 = CARTESIAN_POINT('',(-5.962435350227,0.443949928636));
#4246 = CARTESIAN_POINT('',(-5.962692844148,0.445520637616));
#4247 = CARTESIAN_POINT('',(-5.962951431512,0.447091346054));
#4248 = CARTESIAN_POINT('',(-5.963211114708,0.448662053947));
#4249 = CARTESIAN_POINT('',(-5.963471896136,0.450232761291));
#4250 = CARTESIAN_POINT('',(-5.96373377822,0.451803468083));
#4251 = CARTESIAN_POINT('',(-5.963996763399,0.453374174319));
#4252 = CARTESIAN_POINT('',(-5.964260854131,0.454944879995));
#4253 = CARTESIAN_POINT('',(-5.964526052892,0.456515585108));
#4254 = CARTESIAN_POINT('',(-5.964792362178,0.458086289655));
#4255 = CARTESIAN_POINT('',(-5.965059784503,0.45965699363));
#4256 = CARTESIAN_POINT('',(-5.9653283224,0.461227697031));
#4257 = CARTESIAN_POINT('',(-5.965597978421,0.462798399853));
#4258 = CARTESIAN_POINT('',(-5.965868755138,0.464369102094));
#4259 = CARTESIAN_POINT('',(-5.966140655142,0.465939803748));
#4260 = CARTESIAN_POINT('',(-5.966413681044,0.467510504812));
#4261 = CARTESIAN_POINT('',(-5.966687835474,0.469081205282));
#4262 = CARTESIAN_POINT('',(-5.966963121083,0.470651905154));
#4263 = CARTESIAN_POINT('',(-5.967239540543,0.472222604423));
#4264 = CARTESIAN_POINT('',(-5.967517096543,0.473793303086));
#4265 = CARTESIAN_POINT('',(-5.967795791797,0.475364001139));
#4266 = CARTESIAN_POINT('',(-5.968075629037,0.476934698576));
#4267 = CARTESIAN_POINT('',(-5.968356611016,0.478505395395));
#4268 = CARTESIAN_POINT('',(-5.96863874051,0.480076091591));
#4269 = CARTESIAN_POINT('',(-5.968922020314,0.481646787158));
#4270 = CARTESIAN_POINT('',(-5.969206453246,0.483217482094));
#4271 = CARTESIAN_POINT('',(-5.969492042146,0.484788176392));
#4272 = CARTESIAN_POINT('',(-5.969778789874,0.48635887005));
#4273 = CARTESIAN_POINT('',(-5.970066699315,0.487929563062));
#4274 = CARTESIAN_POINT('',(-5.970355773374,0.489500255424));
#4275 = CARTESIAN_POINT('',(-5.970646014979,0.491070947131));
#4276 = CARTESIAN_POINT('',(-5.970937427082,0.492641638179));
#4277 = CARTESIAN_POINT('',(-5.971230012657,0.494212328562));
#4278 = CARTESIAN_POINT('',(-5.9715237747,0.495783018275));
#4279 = CARTESIAN_POINT('',(-5.971818716234,0.497353707315));
#4280 = CARTESIAN_POINT('',(-5.972114840301,0.498924395676));
#4281 = CARTESIAN_POINT('',(-5.972412149972,0.500495083353));
#4282 = CARTESIAN_POINT('',(-5.972710648337,0.502065770341));
#4283 = CARTESIAN_POINT('',(-5.973010338513,0.503636456635));
#4284 = CARTESIAN_POINT('',(-5.973311223642,0.505207142229));
#4285 = CARTESIAN_POINT('',(-5.97361330689,0.50677782712));
#4286 = CARTESIAN_POINT('',(-5.973916591448,0.5083485113));
#4287 = CARTESIAN_POINT('',(-5.974221080533,0.509919194766));
#4288 = CARTESIAN_POINT('',(-5.974526777385,0.511489877511));
#4289 = CARTESIAN_POINT('',(-5.974833685273,0.513060559531));
#4290 = CARTESIAN_POINT('',(-5.975141807491,0.514631240819));
#4291 = CARTESIAN_POINT('',(-5.975451147359,0.516201921371));
#4292 = CARTESIAN_POINT('',(-5.975761708222,0.517772601179));
#4293 = CARTESIAN_POINT('',(-5.976073493456,0.51934328024));
#4294 = CARTESIAN_POINT('',(-5.976386506459,0.520913958547));
#4295 = CARTESIAN_POINT('',(-5.97670075066,0.522484636094));
#4296 = CARTESIAN_POINT('',(-5.977016229515,0.524055312876));
#4297 = CARTESIAN_POINT('',(-5.977332946507,0.525625988886));
#4298 = CARTESIAN_POINT('',(-5.977650905147,0.527196664118));
#4299 = CARTESIAN_POINT('',(-5.977970108975,0.528767338566));
#4300 = CARTESIAN_POINT('',(-5.978290561561,0.530338012225));
#4301 = CARTESIAN_POINT('',(-5.978612266502,0.531908685087));
#4302 = CARTESIAN_POINT('',(-5.978935227426,0.533479357147));
#4303 = CARTESIAN_POINT('',(-5.979259447989,0.535050028398));
#4304 = CARTESIAN_POINT('',(-5.979584931878,0.536620698834));
#4305 = CARTESIAN_POINT('',(-5.979911682811,0.538191368448));
#4306 = CARTESIAN_POINT('',(-5.980239704535,0.539762037234));
#4307 = CARTESIAN_POINT('',(-5.980569000829,0.541332705184));
#4308 = CARTESIAN_POINT('',(-5.980899575503,0.542903372292));
#4309 = CARTESIAN_POINT('',(-5.981231432399,0.544474038552));
#4310 = CARTESIAN_POINT('',(-5.98156457539,0.546044703955));
#4311 = CARTESIAN_POINT('',(-5.981899008381,0.547615368496));
#4312 = CARTESIAN_POINT('',(-5.982234735312,0.549186032167));
#4313 = CARTESIAN_POINT('',(-5.982571760153,0.550756694961));
#4314 = CARTESIAN_POINT('',(-5.982910086908,0.552327356871));
#4315 = CARTESIAN_POINT('',(-5.983249719616,0.553898017888));
#4316 = CARTESIAN_POINT('',(-5.983590662349,0.555468678007));
#4317 = CARTESIAN_POINT('',(-5.983932919214,0.557039337219));
#4318 = CARTESIAN_POINT('',(-5.984276494351,0.558609995516));
#4319 = CARTESIAN_POINT('',(-5.984621391938,0.560180652891));
#4320 = CARTESIAN_POINT('',(-5.984967616185,0.561751309336));
#4321 = CARTESIAN_POINT('',(-5.985315171342,0.563321964843));
#4322 = CARTESIAN_POINT('',(-5.985664061692,0.564892619404));
#4323 = CARTESIAN_POINT('',(-5.986014291555,0.566463273011));
#4324 = CARTESIAN_POINT('',(-5.986365865291,0.568033925656));
#4325 = CARTESIAN_POINT('',(-5.986718787293,0.569604577329));
#4326 = CARTESIAN_POINT('',(-5.987073061997,0.571175228024));
#4327 = CARTESIAN_POINT('',(-5.987428693873,0.572745877731));
#4328 = CARTESIAN_POINT('',(-5.987785687432,0.574316526442));
#4329 = CARTESIAN_POINT('',(-5.988144047224,0.575887174147));
#4330 = CARTESIAN_POINT('',(-5.988503777838,0.577457820839));
#4331 = CARTESIAN_POINT('',(-5.988864883904,0.579028466508));
#4332 = CARTESIAN_POINT('',(-5.989227370092,0.580599111144));
#4333 = CARTESIAN_POINT('',(-5.989591241114,0.582169754739));
#4334 = CARTESIAN_POINT('',(-5.989956501723,0.583740397283));
#4335 = CARTESIAN_POINT('',(-5.990323156712,0.585311038768));
#4336 = CARTESIAN_POINT('',(-5.99069121092,0.586881679182));
#4337 = CARTESIAN_POINT('',(-5.991060669226,0.588452318517));
#4338 = CARTESIAN_POINT('',(-5.991431536556,0.590022956763));
#4339 = CARTESIAN_POINT('',(-5.991803817876,0.59159359391));
#4340 = CARTESIAN_POINT('',(-5.992177518198,0.593164229947));
#4341 = CARTESIAN_POINT('',(-5.992552642581,0.594734864864));
#4342 = CARTESIAN_POINT('',(-5.992929196127,0.596305498652));
#4343 = CARTESIAN_POINT('',(-5.993307183985,0.597876131299));
#4344 = CARTESIAN_POINT('',(-5.993686611352,0.599446762795));
#4345 = CARTESIAN_POINT('',(-5.99406748347,0.601017393129));
#4346 = CARTESIAN_POINT('',(-5.99444980563,0.602588022291));
#4347 = CARTESIAN_POINT('',(-5.994833583171,0.604158650268));
#4348 = CARTESIAN_POINT('',(-5.995218821481,0.60572927705));
#4349 = CARTESIAN_POINT('',(-5.995605525999,0.607299902626));
#4350 = CARTESIAN_POINT('',(-5.995993702213,0.608870526984));
#4351 = CARTESIAN_POINT('',(-5.99638335566,0.610441150112));
#4352 = CARTESIAN_POINT('',(-5.996774491931,0.612011771999));
#4353 = CARTESIAN_POINT('',(-5.997167116669,0.613582392632));
#4354 = CARTESIAN_POINT('',(-5.997561235569,0.615153011999));
#4355 = CARTESIAN_POINT('',(-5.997956854378,0.616723630088));
#4356 = CARTESIAN_POINT('',(-5.998353978899,0.618294246886));
#4357 = CARTESIAN_POINT('',(-5.998752614989,0.619864862382));
#4358 = CARTESIAN_POINT('',(-5.99915276856,0.621435476561));
#4359 = CARTESIAN_POINT('',(-5.999554445581,0.62300608941));
#4360 = CARTESIAN_POINT('',(-5.999957652078,0.624576700918));
#4361 = CARTESIAN_POINT('',(-6.000362394132,0.626147311069));
#4362 = CARTESIAN_POINT('',(-6.000768677886,0.627717919851));
#4363 = CARTESIAN_POINT('',(-6.001176509539,0.62928852725));
#4364 = CARTESIAN_POINT('',(-6.001585895351,0.630859133252));
#4365 = CARTESIAN_POINT('',(-6.001996841643,0.632429737842));
#4366 = CARTESIAN_POINT('',(-6.002409354796,0.634000341007));
#4367 = CARTESIAN_POINT('',(-6.002823441255,0.635570942731));
#4368 = CARTESIAN_POINT('',(-6.003239107526,0.637141543));
#4369 = CARTESIAN_POINT('',(-6.00365636018,0.638712141798));
#4370 = CARTESIAN_POINT('',(-6.004075205852,0.640282739111));
#4371 = CARTESIAN_POINT('',(-6.004495651243,0.641853334924));
#4372 = CARTESIAN_POINT('',(-6.00491770312,0.643423929219));
#4373 = CARTESIAN_POINT('',(-6.005341368318,0.644994521982));
#4374 = CARTESIAN_POINT('',(-6.00576665374,0.646565113197));
#4375 = CARTESIAN_POINT('',(-6.006193566356,0.648135702846));
#4376 = CARTESIAN_POINT('',(-6.006622113209,0.649706290914));
#4377 = CARTESIAN_POINT('',(-6.007052301411,0.651276877383));
#4378 = CARTESIAN_POINT('',(-6.007484138146,0.652847462236));
#4379 = CARTESIAN_POINT('',(-6.007917630673,0.654418045456));
#4380 = CARTESIAN_POINT('',(-6.008352786322,0.655988627025));
#4381 = CARTESIAN_POINT('',(-6.0087896125,0.657559206926));
#4382 = CARTESIAN_POINT('',(-6.009228116689,0.65912978514));
#4383 = CARTESIAN_POINT('',(-6.009668306449,0.660700361648));
#4384 = CARTESIAN_POINT('',(-6.010110189416,0.662270936433));
#4385 = CARTESIAN_POINT('',(-6.010553773309,0.663841509474));
#4386 = CARTESIAN_POINT('',(-6.010999065922,0.665412080752));
#4387 = CARTESIAN_POINT('',(-6.011446075136,0.666982650249));
#4388 = CARTESIAN_POINT('',(-6.011894808912,0.668553217944));
#4389 = CARTESIAN_POINT('',(-6.012345275293,0.670123783816));
#4390 = CARTESIAN_POINT('',(-6.012797482411,0.671694347846));
#4391 = CARTESIAN_POINT('',(-6.013251438482,0.673264910011));
#4392 = CARTESIAN_POINT('',(-6.013707151809,0.674835470292));
#4393 = CARTESIAN_POINT('',(-6.014164630785,0.676406028667));
#4394 = CARTESIAN_POINT('',(-6.014623883892,0.677976585113));
#4395 = CARTESIAN_POINT('',(-6.015084919705,0.679547139608));
#4396 = CARTESIAN_POINT('',(-6.01554774689,0.681117692131));
#4397 = CARTESIAN_POINT('',(-6.016012374208,0.682688242657));
#4398 = CARTESIAN_POINT('',(-6.016478810515,0.684258791164));
#4399 = CARTESIAN_POINT('',(-6.016947064766,0.685829337627));
#4400 = CARTESIAN_POINT('',(-6.017417146011,0.687399882023));
#4401 = CARTESIAN_POINT('',(-6.017889063403,0.688970424328));
#4402 = CARTESIAN_POINT('',(-6.018362826194,0.690540964516));
#4403 = CARTESIAN_POINT('',(-6.01883844374,0.692111502562));
#4404 = CARTESIAN_POINT('',(-6.019315925502,0.69368203844));
#4405 = CARTESIAN_POINT('',(-6.019795281047,0.695252572125));
#4406 = CARTESIAN_POINT('',(-6.020276520048,0.696823103589));
#4407 = CARTESIAN_POINT('',(-6.02075965229,0.698393632806));
#4408 = CARTESIAN_POINT('',(-6.021244687667,0.699964159748));
#4409 = CARTESIAN_POINT('',(-6.021731636188,0.701534684387));
#4410 = CARTESIAN_POINT('',(-6.022220507975,0.703105206696));
#4411 = CARTESIAN_POINT('',(-6.022711313267,0.704675726644));
#4412 = CARTESIAN_POINT('',(-6.02320406242,0.706246244202));
#4413 = CARTESIAN_POINT('',(-6.023698765913,0.707816759342));
#4414 = CARTESIAN_POINT('',(-6.024195434345,0.709387272031));
#4415 = CARTESIAN_POINT('',(-6.024694078439,0.71095778224));
#4416 = CARTESIAN_POINT('',(-6.025194709045,0.712528289937));
#4417 = CARTESIAN_POINT('',(-6.02569733714,0.714098795089));
#4418 = CARTESIAN_POINT('',(-6.026201973834,0.715669297665));
#4419 = CARTESIAN_POINT('',(-6.026708630365,0.717239797631));
#4420 = CARTESIAN_POINT('',(-6.02721731811,0.718810294953));
#4421 = CARTESIAN_POINT('',(-6.027728048578,0.720380789597));
#4422 = CARTESIAN_POINT('',(-6.028240833422,0.721951281528));
#4423 = CARTESIAN_POINT('',(-6.028755684433,0.723521770711));
#4424 = CARTESIAN_POINT('',(-6.029272613547,0.725092257109));
#4425 = CARTESIAN_POINT('',(-6.029791632845,0.726662740685));
#4426 = CARTESIAN_POINT('',(-6.030312754558,0.728233221402));
#4427 = CARTESIAN_POINT('',(-6.030835991069,0.729803699221));
#4428 = CARTESIAN_POINT('',(-6.031361354911,0.731374174104));
#4429 = CARTESIAN_POINT('',(-6.031888858777,0.732944646011));
#4430 = CARTESIAN_POINT('',(-6.032418515518,0.734515114902));
#4431 = CARTESIAN_POINT('',(-6.032950338147,0.736085580735));
#4432 = CARTESIAN_POINT('',(-6.033484339841,0.737656043469));
#4433 = CARTESIAN_POINT('',(-6.034020533945,0.73922650306));
#4434 = CARTESIAN_POINT('',(-6.034558933975,0.740796959466));
#4435 = CARTESIAN_POINT('',(-6.035099553621,0.742367412642));
#4436 = CARTESIAN_POINT('',(-6.035642406748,0.743937862542));
#4437 = CARTESIAN_POINT('',(-6.036187507402,0.745508309121));
#4438 = CARTESIAN_POINT('',(-6.036734869812,0.747078752332));
#4439 = CARTESIAN_POINT('',(-6.037284508393,0.748649192127));
#4440 = CARTESIAN_POINT('',(-6.037836437751,0.750219628457));
#4441 = CARTESIAN_POINT('',(-6.038390672684,0.751790061273));
#4442 = CARTESIAN_POINT('',(-6.038947228188,0.753360490523));
#4443 = CARTESIAN_POINT('',(-6.039506119458,0.754930916157));
#4444 = CARTESIAN_POINT('',(-6.040067361895,0.756501338121));
#4445 = CARTESIAN_POINT('',(-6.040630971107,0.758071756362));
#4446 = CARTESIAN_POINT('',(-6.041196962913,0.759642170824));
#4447 = CARTESIAN_POINT('',(-6.041765353351,0.761212581452));
#4448 = CARTESIAN_POINT('',(-6.042336158677,0.762782988189));
#4449 = CARTESIAN_POINT('',(-6.042909395371,0.764353390977));
#4450 = CARTESIAN_POINT('',(-6.043485080143,0.765923789755));
#4451 = CARTESIAN_POINT('',(-6.044063229934,0.767494184464));
#4452 = CARTESIAN_POINT('',(-6.044643861926,0.769064575042));
#4453 = CARTESIAN_POINT('',(-6.045226993541,0.770634961425));
#4454 = CARTESIAN_POINT('',(-6.045812642447,0.772205343548));
#4455 = CARTESIAN_POINT('',(-6.046400826567,0.773775721347));
#4456 = CARTESIAN_POINT('',(-6.046991564078,0.775346094753));
#4457 = CARTESIAN_POINT('',(-6.04758487342,0.776916463699));
#4458 = CARTESIAN_POINT('',(-6.048180773303,0.778486828113));
#4459 = CARTESIAN_POINT('',(-6.048779282706,0.780057187925));
#4460 = CARTESIAN_POINT('',(-6.049380420887,0.781627543061));
#4461 = CARTESIAN_POINT('',(-6.049984207391,0.783197893446));
#4462 = CARTESIAN_POINT('',(-6.050590662051,0.784768239004));
#4463 = CARTESIAN_POINT('',(-6.051199804994,0.786338579657));
#4464 = CARTESIAN_POINT('',(-6.051811656652,0.787908915325));
#4465 = CARTESIAN_POINT('',(-6.052426237765,0.789479245926));
#4466 = CARTESIAN_POINT('',(-6.053043569388,0.791049571378));
#4467 = CARTESIAN_POINT('',(-6.053663672896,0.792619891594));
#4468 = CARTESIAN_POINT('',(-6.054286569995,0.794190206488));
#4469 = CARTESIAN_POINT('',(-6.054912282725,0.795760515971));
#4470 = CARTESIAN_POINT('',(-6.055540833469,0.797330819951));
#4471 = CARTESIAN_POINT('',(-6.056172244963,0.798901118335));
#4472 = CARTESIAN_POINT('',(-6.056806540298,0.800471411028));
#4473 = CARTESIAN_POINT('',(-6.057443742931,0.802041697932));
#4474 = CARTESIAN_POINT('',(-6.058083876696,0.803611978947));
#4475 = CARTESIAN_POINT('',(-6.058726965808,0.805182253972));
#4476 = CARTESIAN_POINT('',(-6.059373034871,0.8067525229));
#4477 = CARTESIAN_POINT('',(-6.060022108894,0.808322785625));
#4478 = CARTESIAN_POINT('',(-6.06067421329,0.809893042038));
#4479 = CARTESIAN_POINT('',(-6.061329373893,0.811463292026));
#4480 = CARTESIAN_POINT('',(-6.061987616967,0.813033535474));
#4481 = CARTESIAN_POINT('',(-6.06264896921,0.814603772264));
#4482 = CARTESIAN_POINT('',(-6.063313457772,0.816174002275));
#4483 = CARTESIAN_POINT('',(-6.06398111026,0.817744225384));
#4484 = CARTESIAN_POINT('',(-6.064651954752,0.819314441464));
#4485 = CARTESIAN_POINT('',(-6.065326019807,0.820884650384));
#4486 = CARTESIAN_POINT('',(-6.066003334477,0.822454852012));
#4487 = CARTESIAN_POINT('',(-6.066683928318,0.824025046211));
#4488 = CARTESIAN_POINT('',(-6.067367831404,0.825595232841));
#4489 = CARTESIAN_POINT('',(-6.068055074337,0.827165411758));
#4490 = CARTESIAN_POINT('',(-6.068745688265,0.828735582814));
#4491 = CARTESIAN_POINT('',(-6.06943970489,0.83030574586));
#4492 = CARTESIAN_POINT('',(-6.070137156484,0.831875900739));
#4493 = CARTESIAN_POINT('',(-6.070838075907,0.833446047292));
#4494 = CARTESIAN_POINT('',(-6.071542496616,0.835016185355));
#4495 = CARTESIAN_POINT('',(-6.072250452683,0.836586314762));
#4496 = CARTESIAN_POINT('',(-6.072961978814,0.838156435339));
#4497 = CARTESIAN_POINT('',(-6.073677110359,0.83972654691));
#4498 = CARTESIAN_POINT('',(-6.074395883335,0.841296649293));
#4499 = CARTESIAN_POINT('',(-6.075118334441,0.8428667423));
#4500 = CARTESIAN_POINT('',(-6.075844501076,0.844436825741));
#4501 = CARTESIAN_POINT('',(-6.076574421359,0.846006899418));
#4502 = CARTESIAN_POINT('',(-6.077308134145,0.847576963127));
#4503 = CARTESIAN_POINT('',(-6.078045679051,0.849147016661));
#4504 = CARTESIAN_POINT('',(-6.078787096472,0.850717059805));
#4505 = CARTESIAN_POINT('',(-6.079532427607,0.852287092339));
#4506 = CARTESIAN_POINT('',(-6.080281714475,0.853857114035));
#4507 = CARTESIAN_POINT('',(-6.081034999945,0.85542712466));
#4508 = CARTESIAN_POINT('',(-6.081792327755,0.856997123974));
#4509 = CARTESIAN_POINT('',(-6.082553742542,0.858567111728));
#4510 = CARTESIAN_POINT('',(-6.083319289862,0.860137087669));
#4511 = CARTESIAN_POINT('',(-6.084089016222,0.861707051534));
#4512 = CARTESIAN_POINT('',(-6.084862969104,0.863277003053));
#4513 = CARTESIAN_POINT('',(-6.085641196998,0.864846941946));
#4514 = CARTESIAN_POINT('',(-6.086423749427,0.866416867927));
#4515 = CARTESIAN_POINT('',(-6.087210676983,0.8679867807));
#4516 = CARTESIAN_POINT('',(-6.088002031357,0.86955667996));
#4517 = CARTESIAN_POINT('',(-6.088797865374,0.871126565391));
#4518 = CARTESIAN_POINT('',(-6.089598233025,0.87269643667));
#4519 = CARTESIAN_POINT('',(-6.090403189507,0.874266293461));
#4520 = CARTESIAN_POINT('',(-6.091212791261,0.875836135417));
#4521 = CARTESIAN_POINT('',(-6.092027096008,0.877405962183));
#4522 = CARTESIAN_POINT('',(-6.092846162794,0.878975773389));
#4523 = CARTESIAN_POINT('',(-6.093670052031,0.880545568653));
#4524 = CARTESIAN_POINT('',(-6.094498825542,0.882115347584));
#4525 = CARTESIAN_POINT('',(-6.095332546607,0.883685109773));
#4526 = CARTESIAN_POINT('',(-6.096171280011,0.8852548548));
#4527 = CARTESIAN_POINT('',(-6.0970150921,0.886824582231));
#4528 = CARTESIAN_POINT('',(-6.097864050824,0.888394291614));
#4529 = CARTESIAN_POINT('',(-6.098718225803,0.889963982485));
#4530 = CARTESIAN_POINT('',(-6.099577688376,0.891533654361));
#4531 = CARTESIAN_POINT('',(-6.100442511667,0.893103306743));
#4532 = CARTESIAN_POINT('',(-6.101312770645,0.894672939115));
#4533 = CARTESIAN_POINT('',(-6.102188542192,0.896242550941));
#4534 = CARTESIAN_POINT('',(-6.103069905168,0.897812141665));
#4535 = CARTESIAN_POINT('',(-6.10395694049,0.899381710713));
#4536 = CARTESIAN_POINT('',(-6.104849731201,0.900951257488));
#4537 = CARTESIAN_POINT('',(-6.105748362552,0.90252078137));
#4538 = CARTESIAN_POINT('',(-6.106652922088,0.904090281716));
#4539 = CARTESIAN_POINT('',(-6.107563499729,0.90565975786));
#4540 = CARTESIAN_POINT('',(-6.108480187866,0.907229209109));
#4541 = CARTESIAN_POINT('',(-6.109403081458,0.908798634742));
#4542 = CARTESIAN_POINT('',(-6.110332278127,0.910368034011));
#4543 = CARTESIAN_POINT('',(-6.111267878271,0.911937406138));
#4544 = CARTESIAN_POINT('',(-6.112209985173,0.913506750314));
#4545 = CARTESIAN_POINT('',(-6.113158705115,0.915076065695));
#4546 = CARTESIAN_POINT('',(-6.114114147509,0.916645351406));
#4547 = CARTESIAN_POINT('',(-6.115076425019,0.918214606531));
#4548 = CARTESIAN_POINT('',(-6.116045653706,0.919783830121));
#4549 = CARTESIAN_POINT('',(-6.117021953169,0.921353021181));
#4550 = CARTESIAN_POINT('',(-6.118005446696,0.922922178678));
#4551 = CARTESIAN_POINT('',(-6.118996261431,0.92449130153));
#4552 = CARTESIAN_POINT('',(-6.119994528541,0.926060388612));
#4553 = CARTESIAN_POINT('',(-6.121000383398,0.927629438744));
#4554 = CARTESIAN_POINT('',(-6.12201396577,0.929198450698));
#4555 = CARTESIAN_POINT('',(-6.123035420025,0.930767423185));
#4556 = CARTESIAN_POINT('',(-6.124064895344,0.93233635486));
#4557 = CARTESIAN_POINT('',(-6.125102545948,0.933905244315));
#4558 = CARTESIAN_POINT('',(-6.126148531343,0.935474090074));
#4559 = CARTESIAN_POINT('',(-6.127203016578,0.93704289059));
#4560 = CARTESIAN_POINT('',(-6.128266172512,0.938611644244));
#4561 = CARTESIAN_POINT('',(-6.129338176111,0.940180349335));
#4562 = CARTESIAN_POINT('',(-6.130419210759,0.941749004077));
#4563 = CARTESIAN_POINT('',(-6.131509466582,0.943317606596));
#4564 = CARTESIAN_POINT('',(-6.132609140808,0.944886154921));
#4565 = CARTESIAN_POINT('',(-6.13371843814,0.946454646978));
#4566 = CARTESIAN_POINT('',(-6.134837571159,0.948023080587));
#4567 = CARTESIAN_POINT('',(-6.135966760758,0.949591453447));
#4568 = CARTESIAN_POINT('',(-6.137106236603,0.951159763138));
#4569 = CARTESIAN_POINT('',(-6.138256237629,0.952728007103));
#4570 = CARTESIAN_POINT('',(-6.139417012572,0.954296182645));
#4571 = CARTESIAN_POINT('',(-6.140588820545,0.955864286913));
#4572 = CARTESIAN_POINT('',(-6.141771931647,0.957432316894));
#4573 = CARTESIAN_POINT('',(-6.142966627638,0.959000269397));
#4574 = CARTESIAN_POINT('',(-6.144173202647,0.960568141044));
#4575 = CARTESIAN_POINT('',(-6.14539196395,0.962135928253));
#4576 = CARTESIAN_POINT('',(-6.146623232808,0.963703627222));
#4577 = CARTESIAN_POINT('',(-6.147867345377,0.965271233912));
#4578 = CARTESIAN_POINT('',(-6.149124653688,0.966838744029));
#4579 = CARTESIAN_POINT('',(-6.150395526723,0.968406153003));
#4580 = CARTESIAN_POINT('',(-6.151680351578,0.969973455963));
#4581 = CARTESIAN_POINT('',(-6.152979534733,0.971540647711));
#4582 = CARTESIAN_POINT('',(-6.154293503442,0.973107722697));
#4583 = CARTESIAN_POINT('',(-6.155622707245,0.974674674987));
#4584 = CARTESIAN_POINT('',(-6.156967619637,0.976241498225));
#4585 = CARTESIAN_POINT('',(-6.158328739891,0.977808185597));
#4586 = CARTESIAN_POINT('',(-6.159706595067,0.979374729788));
#4587 = CARTESIAN_POINT('',(-6.161101742225,0.980941122933));
#4588 = CARTESIAN_POINT('',(-6.162514770877,0.982507356562));
#4589 = CARTESIAN_POINT('',(-6.163946305689,0.984073421541));
#4590 = CARTESIAN_POINT('',(-6.165397009495,0.985639308005));
#4591 = CARTESIAN_POINT('',(-6.166867586636,0.987205005277));
#4592 = CARTESIAN_POINT('',(-6.168358786697,0.988770501782));
#4593 = CARTESIAN_POINT('',(-6.169871408681,0.990335784952));
#4594 = CARTESIAN_POINT('',(-6.171406305691,0.991900841108));
#4595 = CARTESIAN_POINT('',(-6.172964390196,0.993465655332));
#4596 = CARTESIAN_POINT('',(-6.174546639984,0.995030211322));
#4597 = CARTESIAN_POINT('',(-6.176154104892,0.996594491219));
#4598 = CARTESIAN_POINT('',(-6.177787914462,0.99815847541));
#4599 = CARTESIAN_POINT('',(-6.179449286669,0.999722142303));
#4600 = CARTESIAN_POINT('',(-6.18113953792,1.001285468057));
#4601 = CARTESIAN_POINT('',(-6.182860094555,1.002848426275));
#4602 = CARTESIAN_POINT('',(-6.184612506125,1.004410987634));
#4603 = CARTESIAN_POINT('',(-6.18639846081,1.005973119455));
#4604 = CARTESIAN_POINT('',(-6.188219803405,1.007534785184));
#4605 = CARTESIAN_POINT('',(-6.190078556411,1.009095943782));
#4606 = CARTESIAN_POINT('',(-6.191976944929,1.01065654898));
#4607 = CARTESIAN_POINT('',(-6.193917426201,1.012216548377));
#4608 = CARTESIAN_POINT('',(-6.195902724934,1.013775882347));
#4609 = CARTESIAN_POINT('',(-6.197935875823,1.015334482683));
#4610 = CARTESIAN_POINT('',(-6.200020275166,1.016892270916));
#4611 = CARTESIAN_POINT('',(-6.202159744052,1.018449156207));
#4612 = CARTESIAN_POINT('',(-6.204358606454,1.020005032675));
#4613 = CARTESIAN_POINT('',(-6.206621786756,1.021559775967));
#4614 = CARTESIAN_POINT('',(-6.208954932938,1.023113238806));
#4615 = CARTESIAN_POINT('',(-6.211364574192,1.024665245128));
#4616 = CARTESIAN_POINT('',(-6.213858325429,1.026215582222));
#4617 = CARTESIAN_POINT('',(-6.216445156917,1.027763990038));
#4618 = CARTESIAN_POINT('',(-6.219135756211,1.029310146311));
#4619 = CARTESIAN_POINT('',(-6.22194302402,1.030853645403));
#4620 = CARTESIAN_POINT('',(-6.224882769736,1.032393967402));
#4621 = CARTESIAN_POINT('',(-6.227974714044,1.03393043158));
#4622 = CARTESIAN_POINT('',(-6.231243981389,1.035462123706));
#4623 = CARTESIAN_POINT('',(-6.234723408505,1.036987777505));
#4624 = CARTESIAN_POINT('',(-6.238457285589,1.038505570843));
#4625 = CARTESIAN_POINT('',(-6.242507780524,1.040012751481));
#4626 = CARTESIAN_POINT('',(-6.246966816817,1.041504889379));
#4627 = CARTESIAN_POINT('',(-6.251980295536,1.042974205123));
#4628 = CARTESIAN_POINT('',(-6.257804723566,1.044405192468));
#4629 = CARTESIAN_POINT('',(-6.26411560868,1.045621929836));
#4630 = CARTESIAN_POINT('',(-6.27041755678,1.046491481669));
#4631 = CARTESIAN_POINT('',(-6.276710323271,1.04701599613));
#4632 = CARTESIAN_POINT('',(-6.282993792551,1.047197392377));
#4633 = CARTESIAN_POINT('',(-6.28318530718,1.047197551197));
#4634 = ( GEOMETRIC_REPRESENTATION_CONTEXT(2) 
PARAMETRIC_REPRESENTATION_CONTEXT() REPRESENTATION_CONTEXT('2D SPACE',''
  ) );
#4635 = ORIENTED_EDGE('',*,*,#132,.T.);
#4636 = ORIENTED_EDGE('',*,*,#879,.T.);
#4637 = ORIENTED_EDGE('',*,*,#4638,.T.);
#4638 = EDGE_CURVE('',#880,#2579,#4639,.T.);
#4639 = SURFACE_CURVE('',#4640,(#4644,#4650),.PCURVE_S1.);
#4640 = LINE('',#4641,#4642);
#4641 = CARTESIAN_POINT('',(30.,-0.8,-6.25));
#4642 = VECTOR('',#4643,1.);
#4643 = DIRECTION('',(0.,0.,1.));
#4644 = PCURVE('',#147,#4645);
#4645 = DEFINITIONAL_REPRESENTATION('',(#4646),#4649);
#4646 = B_SPLINE_CURVE_WITH_KNOTS('',1,(#4647,#4648),.UNSPECIFIED.,.F.,
  .F.,(2,2),(-5.25,7.25),.PIECEWISE_BEZIER_KNOTS.);
#4647 = CARTESIAN_POINT('',(-0.8,-11.5));
#4648 = CARTESIAN_POINT('',(-0.8,1.));
#4649 = ( GEOMETRIC_REPRESENTATION_CONTEXT(2) 
PARAMETRIC_REPRESENTATION_CONTEXT() REPRESENTATION_CONTEXT('2D SPACE',''
  ) );
#4650 = PCURVE('',#918,#4651);
#4651 = DEFINITIONAL_REPRESENTATION('',(#4652),#4655);
#4652 = B_SPLINE_CURVE_WITH_KNOTS('',1,(#4653,#4654),.UNSPECIFIED.,.F.,
  .F.,(2,2),(-5.25,7.25),.PIECEWISE_BEZIER_KNOTS.);
#4653 = CARTESIAN_POINT('',(1.,31.));
#4654 = CARTESIAN_POINT('',(13.5,31.));
#4655 = ( GEOMETRIC_REPRESENTATION_CONTEXT(2) 
PARAMETRIC_REPRESENTATION_CONTEXT() REPRESENTATION_CONTEXT('2D SPACE',''
  ) );
#4656 = ADVANCED_FACE('',(#4657),#517,.F.);
#4657 = FACE_BOUND('',#4658,.F.);
#4658 = EDGE_LOOP('',(#4659,#4660,#4684,#4710,#4736));
#4659 = ORIENTED_EDGE('',*,*,#1667,.T.);
#4660 = ORIENTED_EDGE('',*,*,#4661,.F.);
#4661 = EDGE_CURVE('',#4662,#1668,#4664,.T.);
#4662 = VERTEX_POINT('',#4663);
#4663 = CARTESIAN_POINT('',(0.,0.8,-8.261355820929));
#4664 = SURFACE_CURVE('',#4665,(#4670,#4677),.PCURVE_S1.);
#4665 = CIRCLE('',#4666,8.3);
#4666 = AXIS2_PLACEMENT_3D('',#4667,#4668,#4669);
#4667 = CARTESIAN_POINT('',(0.,0.,0.));
#4668 = DIRECTION('',(1.,0.,0.));
#4669 = DIRECTION('',(0.,-9.638554216868E-02,0.995344074811));
#4670 = PCURVE('',#517,#4671);
#4671 = DEFINITIONAL_REPRESENTATION('',(#4672),#4676);
#4672 = CIRCLE('',#4673,8.3);
#4673 = AXIS2_PLACEMENT_2D('',#4674,#4675);
#4674 = CARTESIAN_POINT('',(0.,-0.8));
#4675 = DIRECTION('',(0.995344074811,9.638554216868E-02));
#4676 = ( GEOMETRIC_REPRESENTATION_CONTEXT(2) 
PARAMETRIC_REPRESENTATION_CONTEXT() REPRESENTATION_CONTEXT('2D SPACE',''
  ) );
#4677 = PCURVE('',#2536,#4678);
#4678 = DEFINITIONAL_REPRESENTATION('',(#4679),#4683);
#4679 = LINE('',#4680,#4681);
#4680 = CARTESIAN_POINT('',(-1.667331736067,0.));
#4681 = VECTOR('',#4682,1.);
#4682 = DIRECTION('',(-1.,0.));
#4683 = ( GEOMETRIC_REPRESENTATION_CONTEXT(2) 
PARAMETRIC_REPRESENTATION_CONTEXT() REPRESENTATION_CONTEXT('2D SPACE',''
  ) );
#4684 = ORIENTED_EDGE('',*,*,#4685,.F.);
#4685 = EDGE_CURVE('',#4686,#4662,#4688,.T.);
#4686 = VERTEX_POINT('',#4687);
#4687 = CARTESIAN_POINT('',(0.,0.8,-11.4721401665));
#4688 = SURFACE_CURVE('',#4689,(#4693,#4699),.PCURVE_S1.);
#4689 = LINE('',#4690,#4691);
#4690 = CARTESIAN_POINT('',(0.,0.8,-6.25));
#4691 = VECTOR('',#4692,1.);
#4692 = DIRECTION('',(0.,-0.,1.));
#4693 = PCURVE('',#517,#4694);
#4694 = DEFINITIONAL_REPRESENTATION('',(#4695),#4698);
#4695 = B_SPLINE_CURVE_WITH_KNOTS('',1,(#4696,#4697),.UNSPECIFIED.,.F.,
  .F.,(2,2),(-5.25,7.25),.PIECEWISE_BEZIER_KNOTS.);
#4696 = CARTESIAN_POINT('',(-11.5,-1.6));
#4697 = CARTESIAN_POINT('',(1.,-1.6));
#4698 = ( GEOMETRIC_REPRESENTATION_CONTEXT(2) 
PARAMETRIC_REPRESENTATION_CONTEXT() REPRESENTATION_CONTEXT('2D SPACE',''
  ) );
#4699 = PCURVE('',#4700,#4705);
#4700 = PLANE('',#4701);
#4701 = AXIS2_PLACEMENT_3D('',#4702,#4703,#4704);
#4702 = CARTESIAN_POINT('',(-1.,0.8,-12.5));
#4703 = DIRECTION('',(0.,1.,0.));
#4704 = DIRECTION('',(0.,0.,1.));
#4705 = DEFINITIONAL_REPRESENTATION('',(#4706),#4709);
#4706 = B_SPLINE_CURVE_WITH_KNOTS('',1,(#4707,#4708),.UNSPECIFIED.,.F.,
  .F.,(2,2),(-5.25,7.25),.PIECEWISE_BEZIER_KNOTS.);
#4707 = CARTESIAN_POINT('',(1.,1.));
#4708 = CARTESIAN_POINT('',(13.5,1.));
#4709 = ( GEOMETRIC_REPRESENTATION_CONTEXT(2) 
PARAMETRIC_REPRESENTATION_CONTEXT() REPRESENTATION_CONTEXT('2D SPACE',''
  ) );
#4710 = ORIENTED_EDGE('',*,*,#4711,.F.);
#4711 = EDGE_CURVE('',#468,#4686,#4712,.T.);
#4712 = SURFACE_CURVE('',#4713,(#4718,#4729),.PCURVE_S1.);
#4713 = CIRCLE('',#4714,11.5);
#4714 = AXIS2_PLACEMENT_3D('',#4715,#4716,#4717);
#4715 = CARTESIAN_POINT('',(0.,0.,0.));
#4716 = DIRECTION('',(-1.,0.,0.));
#4717 = DIRECTION('',(0.,6.956521739131E-02,0.997577405783));
#4718 = PCURVE('',#517,#4719);
#4719 = DEFINITIONAL_REPRESENTATION('',(#4720),#4728);
#4720 = ( BOUNDED_CURVE() B_SPLINE_CURVE(2,(#4721,#4722,#4723,#4724,
#4725,#4726,#4727),.UNSPECIFIED.,.T.,.F.) B_SPLINE_CURVE_WITH_KNOTS((1,2
    ,2,2,2,1),(-2.094395102393,0.,2.094395102393,4.188790204786,
6.28318530718,8.377580409573),.UNSPECIFIED.) CURVE() 
GEOMETRIC_REPRESENTATION_ITEM() RATIONAL_B_SPLINE_CURVE((1.,0.5,1.,0.5,
1.,0.5,1.)) REPRESENTATION_ITEM('') );
#4721 = CARTESIAN_POINT('',(11.472140166508,-1.6));
#4722 = CARTESIAN_POINT('',(10.086499520452,-21.47032963994));
#4723 = CARTESIAN_POINT('',(-6.428890406281,-10.33516481997));
#4724 = CARTESIAN_POINT('',(-22.94428033301,0.8));
#4725 = CARTESIAN_POINT('',(-5.043249760226,9.535164819972));
#4726 = CARTESIAN_POINT('',(12.857780812563,18.270329639943));
#4727 = CARTESIAN_POINT('',(11.472140166508,-1.6));
#4728 = ( GEOMETRIC_REPRESENTATION_CONTEXT(2) 
PARAMETRIC_REPRESENTATION_CONTEXT() REPRESENTATION_CONTEXT('2D SPACE',''
  ) );
#4729 = PCURVE('',#422,#4730);
#4730 = DEFINITIONAL_REPRESENTATION('',(#4731),#4735);
#4731 = LINE('',#4732,#4733);
#4732 = CARTESIAN_POINT('',(-7.784360185992,0.));
#4733 = VECTOR('',#4734,1.);
#4734 = DIRECTION('',(1.,-0.));
#4735 = ( GEOMETRIC_REPRESENTATION_CONTEXT(2) 
PARAMETRIC_REPRESENTATION_CONTEXT() REPRESENTATION_CONTEXT('2D SPACE',''
  ) );
#4736 = ORIENTED_EDGE('',*,*,#502,.F.);
#4737 = ADVANCED_FACE('',(#4738),#175,.T.);
#4738 = FACE_BOUND('',#4739,.F.);
#4739 = EDGE_LOOP('',(#4740,#4741,#4742,#4807,#4831));
#4740 = ORIENTED_EDGE('',*,*,#2608,.F.);
#4741 = ORIENTED_EDGE('',*,*,#158,.T.);
#4742 = ORIENTED_EDGE('',*,*,#4743,.T.);
#4743 = EDGE_CURVE('',#159,#4744,#4746,.T.);
#4744 = VERTEX_POINT('',#4745);
#4745 = CARTESIAN_POINT('',(28.977124167725,-0.8,6.5));
#4746 = SURFACE_CURVE('',#4747,(#4765,#4786),.PCURVE_S1.);
#4747 = B_SPLINE_CURVE_WITH_KNOTS('',6,(#4748,#4749,#4750,#4751,#4752,
    #4753,#4754,#4755,#4756,#4757,#4758,#4759,#4760,#4761,#4762,#4763,
    #4764),.UNSPECIFIED.,.F.,.F.,(7,5,5,7),(0.,0.387451904693,
    0.572450194736,1.),.UNSPECIFIED.);
#4748 = CARTESIAN_POINT('',(30.979987484351,-0.8,8.5));
#4749 = CARTESIAN_POINT('',(30.979987484351,-0.8,8.297026242034));
#4750 = CARTESIAN_POINT('',(30.955237306402,-0.8,8.093996852044));
#4751 = CARTESIAN_POINT('',(30.905713401375,-0.8,7.894809227661));
#4752 = CARTESIAN_POINT('',(30.832254045556,-0.8,7.703150605744));
#4753 = CARTESIAN_POINT('',(30.736294189275,-0.8,7.522516888087));
#4754 = CARTESIAN_POINT('',(30.56460439774,-0.8,7.276609099193));
#4755 = CARTESIAN_POINT('',(30.504495899688,-0.8,7.200364070998));
#4756 = CARTESIAN_POINT('',(30.440000993655,-0.8,7.127681427062));
#4757 = CARTESIAN_POINT('',(30.371386683643,-0.8,7.058872119258));
#4758 = CARTESIAN_POINT('',(30.298948704174,-0.8,6.994219584474));
#4759 = CARTESIAN_POINT('',(30.047509540378,-0.8,6.794756434037));
#4760 = CARTESIAN_POINT('',(29.853239918994,-0.8,6.679040214556));
#4761 = CARTESIAN_POINT('',(29.644299147318,-0.8,6.59010977205));
#4762 = CARTESIAN_POINT('',(29.425309877751,-0.8,6.530021099855));
#4763 = CARTESIAN_POINT('',(29.201174185347,-0.8,6.5));
#4764 = CARTESIAN_POINT('',(28.977124167725,-0.8,6.5));
#4765 = PCURVE('',#175,#4766);
#4766 = DEFINITIONAL_REPRESENTATION('',(#4767),#4785);
#4767 = B_SPLINE_CURVE_WITH_KNOTS('',6,(#4768,#4769,#4770,#4771,#4772,
    #4773,#4774,#4775,#4776,#4777,#4778,#4779,#4780,#4781,#4782,#4783,
    #4784),.UNSPECIFIED.,.F.,.F.,(7,5,5,7),(0.,0.387451904693,
    0.572450194736,1.),.UNSPECIFIED.);
#4768 = CARTESIAN_POINT('',(-6.233164450374,0.));
#4769 = CARTESIAN_POINT('',(-6.233164450374,0.101486878983));
#4770 = CARTESIAN_POINT('',(-6.233087106595,0.203000981703));
#4771 = CARTESIAN_POINT('',(-6.23293234233,0.304479194905));
#4772 = CARTESIAN_POINT('',(-6.232700992086,0.405950067831));
#4773 = CARTESIAN_POINT('',(-6.232393944653,0.507442169274));
#4774 = CARTESIAN_POINT('',(-6.231832470541,0.65733455205));
#4775 = CARTESIAN_POINT('',(-6.231634355738,0.70577290038));
#4776 = CARTESIAN_POINT('',(-6.231419847282,0.754207315603));
#4777 = CARTESIAN_POINT('',(-6.231189265776,0.802638418205));
#4778 = CARTESIAN_POINT('',(-6.230943009565,0.851066893411));
#4779 = CARTESIAN_POINT('',(-6.230077395961,1.011404881848));
#4780 = CARTESIAN_POINT('',(-6.229391924386,1.123342146834));
#4781 = CARTESIAN_POINT('',(-6.228631731573,1.235210735182));
#4782 = CARTESIAN_POINT('',(-6.227805569865,1.347063743466));
#4783 = CARTESIAN_POINT('',(-6.226925795967,1.458954365506));
#4784 = CARTESIAN_POINT('',(-6.226011306099,1.570796326795));
#4785 = ( GEOMETRIC_REPRESENTATION_CONTEXT(2) 
PARAMETRIC_REPRESENTATION_CONTEXT() REPRESENTATION_CONTEXT('2D SPACE',''
  ) );
#4786 = PCURVE('',#202,#4787);
#4787 = DEFINITIONAL_REPRESENTATION('',(#4788),#4806);
#4788 = B_SPLINE_CURVE_WITH_KNOTS('',6,(#4789,#4790,#4791,#4792,#4793,
    #4794,#4795,#4796,#4797,#4798,#4799,#4800,#4801,#4802,#4803,#4804,
    #4805),.UNSPECIFIED.,.F.,.F.,(7,5,5,7),(0.,0.387451904693,
    0.572450194736,1.),.UNSPECIFIED.);
#4789 = CARTESIAN_POINT('',(8.5,30.979987484351));
#4790 = CARTESIAN_POINT('',(8.297026242034,30.979987484351));
#4791 = CARTESIAN_POINT('',(8.093996852044,30.955237306402));
#4792 = CARTESIAN_POINT('',(7.894809227661,30.905713401375));
#4793 = CARTESIAN_POINT('',(7.703150605744,30.832254045556));
#4794 = CARTESIAN_POINT('',(7.522516888087,30.736294189275));
#4795 = CARTESIAN_POINT('',(7.276609099193,30.56460439774));
#4796 = CARTESIAN_POINT('',(7.200364070998,30.504495899688));
#4797 = CARTESIAN_POINT('',(7.127681427062,30.440000993655));
#4798 = CARTESIAN_POINT('',(7.058872119258,30.371386683643));
#4799 = CARTESIAN_POINT('',(6.994219584474,30.298948704174));
#4800 = CARTESIAN_POINT('',(6.794756434037,30.047509540378));
#4801 = CARTESIAN_POINT('',(6.679040214556,29.853239918994));
#4802 = CARTESIAN_POINT('',(6.59010977205,29.644299147318));
#4803 = CARTESIAN_POINT('',(6.530021099855,29.425309877751));
#4804 = CARTESIAN_POINT('',(6.5,29.201174185347));
#4805 = CARTESIAN_POINT('',(6.5,28.977124167725));
#4806 = ( GEOMETRIC_REPRESENTATION_CONTEXT(2) 
PARAMETRIC_REPRESENTATION_CONTEXT() REPRESENTATION_CONTEXT('2D SPACE',''
  ) );
#4807 = ORIENTED_EDGE('',*,*,#4808,.F.);
#4808 = EDGE_CURVE('',#4809,#4744,#4811,.T.);
#4809 = VERTEX_POINT('',#4810);
#4810 = CARTESIAN_POINT('',(28.013838787998,-5.161395160226,6.5));
#4811 = SURFACE_CURVE('',#4812,(#4817,#4824),.PCURVE_S1.);
#4812 = CIRCLE('',#4813,14.);
#4813 = AXIS2_PLACEMENT_3D('',#4814,#4815,#4816);
#4814 = CARTESIAN_POINT('',(15.,0.,6.5));
#4815 = DIRECTION('',(0.,0.,1.));
#4816 = DIRECTION('',(1.,0.,0.));
#4817 = PCURVE('',#175,#4818);
#4818 = DEFINITIONAL_REPRESENTATION('',(#4819),#4823);
#4819 = LINE('',#4820,#4821);
#4820 = CARTESIAN_POINT('',(-0.,1.570796326795));
#4821 = VECTOR('',#4822,1.);
#4822 = DIRECTION('',(-1.,0.));
#4823 = ( GEOMETRIC_REPRESENTATION_CONTEXT(2) 
PARAMETRIC_REPRESENTATION_CONTEXT() REPRESENTATION_CONTEXT('2D SPACE',''
  ) );
#4824 = PCURVE('',#2041,#4825);
#4825 = DEFINITIONAL_REPRESENTATION('',(#4826),#4830);
#4826 = CIRCLE('',#4827,14.);
#4827 = AXIS2_PLACEMENT_2D('',#4828,#4829);
#4828 = CARTESIAN_POINT('',(0.,0.));
#4829 = DIRECTION('',(1.,0.));
#4830 = ( GEOMETRIC_REPRESENTATION_CONTEXT(2) 
PARAMETRIC_REPRESENTATION_CONTEXT() REPRESENTATION_CONTEXT('2D SPACE',''
  ) );
#4831 = ORIENTED_EDGE('',*,*,#4832,.F.);
#4832 = EDGE_CURVE('',#2581,#4809,#4833,.T.);
#4833 = SURFACE_CURVE('',#4834,(#4865,#4899),.PCURVE_S1.);
#4834 = B_SPLINE_CURVE_WITH_KNOTS('',8,(#4835,#4836,#4837,#4838,#4839,
    #4840,#4841,#4842,#4843,#4844,#4845,#4846,#4847,#4848,#4849,#4850,
    #4851,#4852,#4853,#4854,#4855,#4856,#4857,#4858,#4859,#4860,#4861,
    #4862,#4863,#4864),.UNSPECIFIED.,.F.,.F.,(9,7,7,7,9),(0.,
    7.337513769725E-02,0.268352115949,0.854324763542,1.),.UNSPECIFIED.);
#4835 = CARTESIAN_POINT('',(30.0000006,-4.077766052767,7.229233985624));
#4836 = CARTESIAN_POINT('',(29.985842774488,-4.096572360565,
    7.218625984324));
#4837 = CARTESIAN_POINT('',(29.971568930424,-4.115208692875,
    7.208040156739));
#4838 = CARTESIAN_POINT('',(29.957179842237,-4.133674163144,
    7.197478905518));
#4839 = CARTESIAN_POINT('',(29.942676314118,-4.15196792095,
    7.186944623774));
#4840 = CARTESIAN_POINT('',(29.92805918002,-4.170089152004,
    7.176439695083));
#4841 = CARTESIAN_POINT('',(29.913329303655,-4.188037078146,
    7.165966493484));
#4842 = CARTESIAN_POINT('',(29.898487578499,-4.205810957349,
    7.155527383478));
#4843 = CARTESIAN_POINT('',(29.84380181459,-4.270175576583,
    7.117482115892));
#4844 = CARTESIAN_POINT('',(29.803285408977,-4.315707169573,
    7.090096820245));
#4845 = CARTESIAN_POINT('',(29.76200305071,-4.359991484203,
    7.063013049227));
#4846 = CARTESIAN_POINT('',(29.719973344323,-4.403016995668,
    7.03627429278));
#4847 = CARTESIAN_POINT('',(29.677216032528,-4.444773740224,
    7.009923277683));
#4848 = CARTESIAN_POINT('',(29.633751869625,-4.485253022578,
    6.984001930584));
#4849 = CARTESIAN_POINT('',(29.589602494909,-4.524447123274,
    6.95855134104));
#4850 = CARTESIAN_POINT('',(29.410114319349,-4.676257154679,
    6.858659628984));
#4851 = CARTESIAN_POINT('',(29.269568107715,-4.778395235541,
    6.788387650675));
#4852 = CARTESIAN_POINT('',(29.123646517948,-4.868719569258,
    6.723800370151));
#4853 = CARTESIAN_POINT('',(28.972945050306,-4.947107000443,
    6.665899221913));
#4854 = CARTESIAN_POINT('',(28.818161239871,-5.013360852401,
    6.615669280345));
#4855 = CARTESIAN_POINT('',(28.660082298991,-5.067113643805,
    6.574120209847));
#4856 = CARTESIAN_POINT('',(28.499584291665,-5.107824204458,
    6.54226809957));
#4857 = CARTESIAN_POINT('',(28.297266566151,-5.140947756249,
    6.516189578542));
#4858 = CARTESIAN_POINT('',(28.256895347682,-5.146665296032,
    6.511675761053));
#4859 = CARTESIAN_POINT('',(28.216451577186,-5.151487753855,
    6.507859995408));
#4860 = CARTESIAN_POINT('',(28.175953192032,-5.155395416749,
    6.504762689413));
#4861 = CARTESIAN_POINT('',(28.135420021093,-5.158366171095,
    6.502405198999));
#4862 = CARTESIAN_POINT('',(28.094873800611,-5.160375279926,
    6.500809856679));
#4863 = CARTESIAN_POINT('',(28.054338190058,-5.161395160226,6.5));
#4864 = CARTESIAN_POINT('',(28.013838787998,-5.161395160226,6.5));
#4865 = PCURVE('',#175,#4866);
#4866 = DEFINITIONAL_REPRESENTATION('',(#4867),#4898);
#4867 = B_SPLINE_CURVE_WITH_KNOTS('',8,(#4868,#4869,#4870,#4871,#4872,
    #4873,#4874,#4875,#4876,#4877,#4878,#4879,#4880,#4881,#4882,#4883,
    #4884,#4885,#4886,#4887,#4888,#4889,#4890,#4891,#4892,#4893,#4894,
    #4895,#4896,#4897),.UNSPECIFIED.,.F.,.F.,(9,7,7,7,9),(0.,
    7.337513769725E-02,0.268352115949,0.854324763542,1.),.UNSPECIFIED.);
#4868 = CARTESIAN_POINT('',(-6.017748991774,0.688504415521));
#4869 = CARTESIAN_POINT('',(-6.016342587484,0.695373128607));
#4870 = CARTESIAN_POINT('',(-6.014942972068,0.702271849772));
#4871 = CARTESIAN_POINT('',(-6.013550180633,0.709200196209));
#4872 = CARTESIAN_POINT('',(-6.012164247432,0.716157794515));
#4873 = CARTESIAN_POINT('',(-6.010785205863,0.723144280698));
#4874 = CARTESIAN_POINT('',(-6.00941308847,0.730159300167));
#4875 = CARTESIAN_POINT('',(-6.008047926941,0.737202507742));
#4876 = CARTESIAN_POINT('',(-6.0030807255,0.763063227701));
#4877 = CARTESIAN_POINT('',(-5.999521029546,0.782049573563));
#4878 = CARTESIAN_POINT('',(-5.99601125225,0.801226294099));
#4879 = CARTESIAN_POINT('',(-5.99255193598,0.820587644045));
#4880 = CARTESIAN_POINT('',(-5.989143596361,0.840128483242));
#4881 = CARTESIAN_POINT('',(-5.985786741169,0.859844315866));
#4882 = CARTESIAN_POINT('',(-5.982481889218,0.879731329657));
#4883 = CARTESIAN_POINT('',(-5.969455313134,0.960058901009));
#4884 = CARTESIAN_POINT('',(-5.960164151419,1.021797563843));
#4885 = CARTESIAN_POINT('',(-5.951359953458,1.0849723657));
#4886 = CARTESIAN_POINT('',(-5.943057566176,1.149589391878));
#4887 = CARTESIAN_POINT('',(-5.935283310701,1.215689381875));
#4888 = CARTESIAN_POINT('',(-5.928082645435,1.283379681861));
#4889 = CARTESIAN_POINT('',(-5.92152132298,1.352830908145));
#4890 = CARTESIAN_POINT('',(-5.914272634893,1.442242346296));
#4891 = CARTESIAN_POINT('',(-5.912876325153,1.460175214156));
#4892 = CARTESIAN_POINT('',(-5.911528821253,1.478243588169));
#4893 = CARTESIAN_POINT('',(-5.910232218961,1.49645241927));
#4894 = CARTESIAN_POINT('',(-5.90898887309,1.514806743449));
#4895 = CARTESIAN_POINT('',(-5.907801421514,1.533311777783));
#4896 = CARTESIAN_POINT('',(-5.906672809186,1.551973016459));
#4897 = CARTESIAN_POINT('',(-5.905606312157,1.570796326795));
#4898 = ( GEOMETRIC_REPRESENTATION_CONTEXT(2) 
PARAMETRIC_REPRESENTATION_CONTEXT() REPRESENTATION_CONTEXT('2D SPACE',''
  ) );
#4899 = PCURVE('',#1401,#4900);
#4900 = DEFINITIONAL_REPRESENTATION('',(#4901),#4932);
#4901 = B_SPLINE_CURVE_WITH_KNOTS('',8,(#4902,#4903,#4904,#4905,#4906,
    #4907,#4908,#4909,#4910,#4911,#4912,#4913,#4914,#4915,#4916,#4917,
    #4918,#4919,#4920,#4921,#4922,#4923,#4924,#4925,#4926,#4927,#4928,
    #4929,#4930,#4931),.UNSPECIFIED.,.F.,.F.,(9,7,7,7,9),(0.,
    7.337513769725E-02,0.268352115949,0.854324763542,1.),.UNSPECIFIED.);
#4902 = CARTESIAN_POINT('',(-2.08437469369,-30.0000006));
#4903 = CARTESIAN_POINT('',(-2.086976118382,-29.98584277448));
#4904 = CARTESIAN_POINT('',(-2.089558393549,-29.97156893042));
#4905 = CARTESIAN_POINT('',(-2.092121310738,-29.95717984223));
#4906 = CARTESIAN_POINT('',(-2.094664664216,-29.94267631411));
#4907 = CARTESIAN_POINT('',(-2.097188250974,-29.92805918002));
#4908 = CARTESIAN_POINT('',(-2.099691870724,-29.91332930365));
#4909 = CARTESIAN_POINT('',(-2.102175325899,-29.89848757849));
#4910 = CARTESIAN_POINT('',(-2.111183512845,-29.84380181459));
#4911 = CARTESIAN_POINT('',(-2.11758485157,-29.80328540897));
#4912 = CARTESIAN_POINT('',(-2.123838767677,-29.76200305071));
#4913 = CARTESIAN_POINT('',(-2.129941747259,-29.71997334432));
#4914 = CARTESIAN_POINT('',(-2.135890409191,-29.67721603252));
#4915 = CARTESIAN_POINT('',(-2.141681481675,-29.63375186962));
#4916 = CARTESIAN_POINT('',(-2.147311778785,-29.5896024949));
#4917 = CARTESIAN_POINT('',(-2.169206577259,-29.41011431934));
#4918 = CARTESIAN_POINT('',(-2.184140400652,-29.26956810771));
#4919 = CARTESIAN_POINT('',(-2.197515476502,-29.12364651794));
#4920 = CARTESIAN_POINT('',(-2.209254684946,-28.9729450503));
#4921 = CARTESIAN_POINT('',(-2.219270906323,-28.81816123987));
#4922 = CARTESIAN_POINT('',(-2.227456087962,-28.66008229899));
#4923 = CARTESIAN_POINT('',(-2.233683828984,-28.49958429166));
#4924 = CARTESIAN_POINT('',(-2.238763051762,-28.29726656615));
#4925 = CARTESIAN_POINT('',(-2.239640708831,-28.25689534768));
#4926 = CARTESIAN_POINT('',(-2.240381609983,-28.21645157718));
#4927 = CARTESIAN_POINT('',(-2.240982368071,-28.17595319203));
#4928 = CARTESIAN_POINT('',(-2.241439297177,-28.13542002109));
#4929 = CARTESIAN_POINT('',(-2.241748390016,-28.09487380061));
#4930 = CARTESIAN_POINT('',(-2.241905295338,-28.05433819005));
#4931 = CARTESIAN_POINT('',(-2.241905295338,-28.01383878799));
#4932 = ( GEOMETRIC_REPRESENTATION_CONTEXT(2) 
PARAMETRIC_REPRESENTATION_CONTEXT() REPRESENTATION_CONTEXT('2D SPACE',''
  ) );
#4933 = ADVANCED_FACE('',(#4934,#5242),#422,.T.);
#4934 = FACE_BOUND('',#4935,.F.);
#4935 = EDGE_LOOP('',(#4936,#4937,#4938,#4959,#4985,#4986,#5078,#5104,
    #5131,#5152));
#4936 = ORIENTED_EDGE('',*,*,#467,.T.);
#4937 = ORIENTED_EDGE('',*,*,#4711,.T.);
#4938 = ORIENTED_EDGE('',*,*,#4939,.F.);
#4939 = EDGE_CURVE('',#4940,#4686,#4942,.T.);
#4940 = VERTEX_POINT('',#4941);
#4941 = CARTESIAN_POINT('',(30.,0.8,-11.4721401665));
#4942 = SURFACE_CURVE('',#4943,(#4947,#4953),.PCURVE_S1.);
#4943 = LINE('',#4944,#4945);
#4944 = CARTESIAN_POINT('',(0.,0.8,-11.4721401665));
#4945 = VECTOR('',#4946,1.);
#4946 = DIRECTION('',(-1.,-0.,-0.));
#4947 = PCURVE('',#422,#4948);
#4948 = DEFINITIONAL_REPRESENTATION('',(#4949),#4952);
#4949 = B_SPLINE_CURVE_WITH_KNOTS('',1,(#4950,#4951),.UNSPECIFIED.,.F.,
  .F.,(2,2),(-30.,0.),.PIECEWISE_BEZIER_KNOTS.);
#4950 = CARTESIAN_POINT('',(-4.782010428367,-30.));
#4951 = CARTESIAN_POINT('',(-4.782010428367,0.));
#4952 = ( GEOMETRIC_REPRESENTATION_CONTEXT(2) 
PARAMETRIC_REPRESENTATION_CONTEXT() REPRESENTATION_CONTEXT('2D SPACE',''
  ) );
#4953 = PCURVE('',#4700,#4954);
#4954 = DEFINITIONAL_REPRESENTATION('',(#4955),#4958);
#4955 = B_SPLINE_CURVE_WITH_KNOTS('',1,(#4956,#4957),.UNSPECIFIED.,.F.,
  .F.,(2,2),(-30.0000006,6.E-07),.PIECEWISE_BEZIER_KNOTS.);
#4956 = CARTESIAN_POINT('',(1.027859833492,31.0000006));
#4957 = CARTESIAN_POINT('',(1.027859833492,0.9999994));
#4958 = ( GEOMETRIC_REPRESENTATION_CONTEXT(2) 
PARAMETRIC_REPRESENTATION_CONTEXT() REPRESENTATION_CONTEXT('2D SPACE',''
  ) );
#4959 = ORIENTED_EDGE('',*,*,#4960,.F.);
#4960 = EDGE_CURVE('',#373,#4940,#4961,.T.);
#4961 = SURFACE_CURVE('',#4962,(#4967,#4974),.PCURVE_S1.);
#4962 = CIRCLE('',#4963,11.5);
#4963 = AXIS2_PLACEMENT_3D('',#4964,#4965,#4966);
#4964 = CARTESIAN_POINT('',(30.,0.,0.));
#4965 = DIRECTION('',(-1.,0.,0.));
#4966 = DIRECTION('',(0.,6.95652173913E-02,0.997577405783));
#4967 = PCURVE('',#422,#4968);
#4968 = DEFINITIONAL_REPRESENTATION('',(#4969),#4973);
#4969 = LINE('',#4970,#4971);
#4970 = CARTESIAN_POINT('',(-7.784360185992,-30.));
#4971 = VECTOR('',#4972,1.);
#4972 = DIRECTION('',(1.,-0.));
#4973 = ( GEOMETRIC_REPRESENTATION_CONTEXT(2) 
PARAMETRIC_REPRESENTATION_CONTEXT() REPRESENTATION_CONTEXT('2D SPACE',''
  ) );
#4974 = PCURVE('',#387,#4975);
#4975 = DEFINITIONAL_REPRESENTATION('',(#4976),#4984);
#4976 = ( BOUNDED_CURVE() B_SPLINE_CURVE(2,(#4977,#4978,#4979,#4980,
#4981,#4982,#4983),.UNSPECIFIED.,.T.,.F.) B_SPLINE_CURVE_WITH_KNOTS((1,2
    ,2,2,2,1),(-2.094395102393,0.,2.094395102393,4.188790204786,
6.28318530718,8.377580409573),.UNSPECIFIED.) CURVE() 
GEOMETRIC_REPRESENTATION_ITEM() RATIONAL_B_SPLINE_CURVE((1.,0.5,1.,0.5,
1.,0.5,1.)) REPRESENTATION_ITEM('') );
#4977 = CARTESIAN_POINT('',(0.8,11.472140166508));
#4978 = CARTESIAN_POINT('',(20.670329639943,10.086499520453));
#4979 = CARTESIAN_POINT('',(9.535164819972,-6.428890406281));
#4980 = CARTESIAN_POINT('',(-1.6,-22.94428033301));
#4981 = CARTESIAN_POINT('',(-10.33516481997,-5.043249760226));
#4982 = CARTESIAN_POINT('',(-19.07032963994,12.857780812563));
#4983 = CARTESIAN_POINT('',(0.8,11.472140166508));
#4984 = ( GEOMETRIC_REPRESENTATION_CONTEXT(2) 
PARAMETRIC_REPRESENTATION_CONTEXT() REPRESENTATION_CONTEXT('2D SPACE',''
  ) );
#4985 = ORIENTED_EDGE('',*,*,#398,.T.);
#4986 = ORIENTED_EDGE('',*,*,#4987,.T.);
#4987 = EDGE_CURVE('',#399,#4988,#4990,.T.);
#4988 = VERTEX_POINT('',#4989);
#4989 = CARTESIAN_POINT('',(25.295630140987,9.486832980505,6.5));
#4990 = SURFACE_CURVE('',#4991,(#5018,#5048),.PCURVE_S1.);
#4991 = B_SPLINE_CURVE_WITH_KNOTS('',7,(#4992,#4993,#4994,#4995,#4996,
    #4997,#4998,#4999,#5000,#5001,#5002,#5003,#5004,#5005,#5006,#5007,
    #5008,#5009,#5010,#5011,#5012,#5013,#5014,#5015,#5016,#5017),
  .UNSPECIFIED.,.F.,.F.,(8,6,6,6,8),(0.,0.242017284192,0.400455974699,
    0.753482642798,1.),.UNSPECIFIED.);
#4992 = CARTESIAN_POINT('',(29.,7.745966692415,8.5));
#4993 = CARTESIAN_POINT('',(28.925784253207,7.88010365638,8.3777622994)
  );
#4994 = CARTESIAN_POINT('',(28.843469735997,8.007334648266,
    8.257297459696));
#4995 = CARTESIAN_POINT('',(28.753763310605,8.127498160546,8.13931759264
    ));
#4996 = CARTESIAN_POINT('',(28.657363967445,8.240599333641,
    8.024434385461));
#4997 = CARTESIAN_POINT('',(28.554942634455,8.34676098436,7.913147386269
    ));
#4998 = CARTESIAN_POINT('',(28.44711935147,8.446184117751,7.80584552823)
  );
#4999 = CARTESIAN_POINT('',(28.260669871911,8.599957834489,
    7.635376585952));
#5000 = CARTESIAN_POINT('',(28.184821992877,8.658014742296,
    7.569766777528));
#5001 = CARTESIAN_POINT('',(28.107047421654,8.713358521489,7.50607505974
    ));
#5002 = CARTESIAN_POINT('',(28.027490825637,8.766063456936,
    7.444370718193));
#5003 = CARTESIAN_POINT('',(27.946287227304,8.816206318184,
    7.384711144503));
#5004 = CARTESIAN_POINT('',(27.863560941069,8.863864435004,
    7.327143249169));
#5005 = CARTESIAN_POINT('',(27.591955125081,9.009936513543,
    7.148179335037));
#5006 = CARTESIAN_POINT('',(27.397553029755,9.098763603887,
    7.035271764393));
#5007 = CARTESIAN_POINT('',(27.197389612792,9.176496837189,
    6.933332383623));
#5008 = CARTESIAN_POINT('',(26.992502104402,9.243875910473,6.84264580245
    ));
#5009 = CARTESIAN_POINT('',(26.783803995945,9.301508716869,
    6.763428132896));
#5010 = CARTESIAN_POINT('',(26.572074609269,9.349840409104,
    6.695901572402));
#5011 = CARTESIAN_POINT('',(26.20838981674,9.416449006934,6.601722331916
    ));
#5012 = CARTESIAN_POINT('',(26.057724496018,9.439384594445,
    6.568898018142));
#5013 = CARTESIAN_POINT('',(25.906135346673,9.457938024237,
    6.542095992315));
#5014 = CARTESIAN_POINT('',(25.753853153155,9.472104914732,
    6.521495657232));
#5015 = CARTESIAN_POINT('',(25.601139825092,9.481795727738,
    6.507351964339));
#5016 = CARTESIAN_POINT('',(25.448289086462,9.486832980505,6.5));
#5017 = CARTESIAN_POINT('',(25.295630140987,9.486832980505,6.5));
#5018 = PCURVE('',#422,#5019);
#5019 = DEFINITIONAL_REPRESENTATION('',(#5020),#5047);
#5020 = B_SPLINE_CURVE_WITH_KNOTS('',7,(#5021,#5022,#5023,#5024,#5025,
    #5026,#5027,#5028,#5029,#5030,#5031,#5032,#5033,#5034,#5035,#5036,
    #5037,#5038,#5039,#5040,#5041,#5042,#5043,#5044,#5045,#5046),
  .UNSPECIFIED.,.F.,.F.,(8,6,6,6,8),(0.,0.242017284192,0.400455974699,
    0.753482642798,1.),.UNSPECIFIED.);
#5021 = CARTESIAN_POINT('',(-7.114963754961,-29.));
#5022 = CARTESIAN_POINT('',(-7.099182935671,-28.9257842532));
#5023 = CARTESIAN_POINT('',(-7.083949819606,-28.84346973599));
#5024 = CARTESIAN_POINT('',(-7.069310057324,-28.7537633106));
#5025 = CARTESIAN_POINT('',(-7.055294779549,-28.65736396744));
#5026 = CARTESIAN_POINT('',(-7.041922998492,-28.55494263445));
#5027 = CARTESIAN_POINT('',(-7.029203894952,-28.44711935147));
#5028 = CARTESIAN_POINT('',(-7.009240598529,-28.26066987191));
#5029 = CARTESIAN_POINT('',(-7.001622814491,-28.18482199287));
#5030 = CARTESIAN_POINT('',(-6.99428609798,-28.10704742165));
#5031 = CARTESIAN_POINT('',(-6.98723004793,-28.02749082563));
#5032 = CARTESIAN_POINT('',(-6.980453563184,-27.9462872273));
#5033 = CARTESIAN_POINT('',(-6.973955002338,-27.86356094106));
#5034 = CARTESIAN_POINT('',(-6.95386726761,-27.59195512508));
#5035 = CARTESIAN_POINT('',(-6.941377051182,-27.39755302975));
#5036 = CARTESIAN_POINT('',(-6.930231363718,-27.19738961279));
#5037 = CARTESIAN_POINT('',(-6.92040820079,-26.9925021044));
#5038 = CARTESIAN_POINT('',(-6.911890012552,-26.78380399594));
#5039 = CARTESIAN_POINT('',(-6.90466917788,-26.57207460926));
#5040 = CARTESIAN_POINT('',(-6.894638436985,-26.20838981674));
#5041 = CARTESIAN_POINT('',(-6.891156455603,-26.05772449601));
#5042 = CARTESIAN_POINT('',(-6.888321944852,-25.90613534667));
#5043 = CARTESIAN_POINT('',(-6.886147906433,-25.75385315315));
#5044 = CARTESIAN_POINT('',(-6.884657024143,-25.60113982509));
#5045 = CARTESIAN_POINT('',(-6.883882060116,-25.44828908646));
#5046 = CARTESIAN_POINT('',(-6.883882060116,-25.29563014098));
#5047 = ( GEOMETRIC_REPRESENTATION_CONTEXT(2) 
PARAMETRIC_REPRESENTATION_CONTEXT() REPRESENTATION_CONTEXT('2D SPACE',''
  ) );
#5048 = PCURVE('',#455,#5049);
#5049 = DEFINITIONAL_REPRESENTATION('',(#5050),#5077);
#5050 = B_SPLINE_CURVE_WITH_KNOTS('',7,(#5051,#5052,#5053,#5054,#5055,
    #5056,#5057,#5058,#5059,#5060,#5061,#5062,#5063,#5064,#5065,#5066,
    #5067,#5068,#5069,#5070,#5071,#5072,#5073,#5074,#5075,#5076),
  .UNSPECIFIED.,.F.,.F.,(8,6,6,6,8),(0.,0.242017284192,0.400455974699,
    0.753482642798,1.),.UNSPECIFIED.);
#5051 = CARTESIAN_POINT('',(-0.505360510284,0.));
#5052 = CARTESIAN_POINT('',(-0.514941721996,6.111885029984E-02));
#5053 = CARTESIAN_POINT('',(-0.524390311195,0.121351284455));
#5054 = CARTESIAN_POINT('',(-0.533699428213,0.18071407055));
#5055 = CARTESIAN_POINT('',(-0.542868535267,0.239225813971));
#5056 = CARTESIAN_POINT('',(-0.551901029922,0.296912333362));
#5057 = CARTESIAN_POINT('',(-0.560803025777,0.353811550444));
#5058 = CARTESIAN_POINT('',(-0.575331365889,0.446747671953));
#5059 = CARTESIAN_POINT('',(-0.581027096829,0.483202279301));
#5060 = CARTESIAN_POINT('',(-0.586672913885,0.519356811525));
#5061 = CARTESIAN_POINT('',(-0.592271300495,0.555226875749));
#5062 = CARTESIAN_POINT('',(-0.597824787189,0.590829131855));
#5063 = CARTESIAN_POINT('',(-0.603335945938,0.626181833923));
#5064 = CARTESIAN_POINT('',(-0.620998622128,0.739566214741));
#5065 = CARTESIAN_POINT('',(-0.632988230731,0.816661354315));
#5066 = CARTESIAN_POINT('',(-0.644810740522,0.89284949287));
#5067 = CARTESIAN_POINT('',(-0.656489740563,0.968373299394));
#5068 = CARTESIAN_POINT('',(-0.66804088652,1.043483356658));
#5069 = CARTESIAN_POINT('',(-0.679472335403,1.118484705347));
#5070 = CARTESIAN_POINT('',(-0.698680532821,1.246402586058));
#5071 = CARTESIAN_POINT('',(-0.706516650026,1.299137325208));
#5072 = CARTESIAN_POINT('',(-0.714290829599,1.352159945791));
#5073 = CARTESIAN_POINT('',(-0.721997112474,1.405626492174));
#5074 = CARTESIAN_POINT('',(-0.729622679954,1.459720868122));
#5075 = CARTESIAN_POINT('',(-0.737147337601,1.514663468212));
#5076 = CARTESIAN_POINT('',(-0.744536367799,1.570796326795));
#5077 = ( GEOMETRIC_REPRESENTATION_CONTEXT(2) 
PARAMETRIC_REPRESENTATION_CONTEXT() REPRESENTATION_CONTEXT('2D SPACE',''
  ) );
#5078 = ORIENTED_EDGE('',*,*,#5079,.T.);
#5079 = EDGE_CURVE('',#4988,#5080,#5082,.T.);
#5080 = VERTEX_POINT('',#5081);
#5081 = CARTESIAN_POINT('',(16.499942208753,9.486832980505,6.5));
#5082 = SURFACE_CURVE('',#5083,(#5087,#5093),.PCURVE_S1.);
#5083 = LINE('',#5084,#5085);
#5084 = CARTESIAN_POINT('',(0.,9.486832980505,6.5));
#5085 = VECTOR('',#5086,1.);
#5086 = DIRECTION('',(-1.,-0.,-0.));
#5087 = PCURVE('',#422,#5088);
#5088 = DEFINITIONAL_REPRESENTATION('',(#5089),#5092);
#5089 = B_SPLINE_CURVE_WITH_KNOTS('',1,(#5090,#5091),.UNSPECIFIED.,.F.,
  .F.,(2,2),(-30.0000006,6.E-07),.PIECEWISE_BEZIER_KNOTS.);
#5090 = CARTESIAN_POINT('',(-6.883882060116,-30.0000006));
#5091 = CARTESIAN_POINT('',(-6.883882060116,6.E-07));
#5092 = ( GEOMETRIC_REPRESENTATION_CONTEXT(2) 
PARAMETRIC_REPRESENTATION_CONTEXT() REPRESENTATION_CONTEXT('2D SPACE',''
  ) );
#5093 = PCURVE('',#5094,#5099);
#5094 = PLANE('',#5095);
#5095 = AXIS2_PLACEMENT_3D('',#5096,#5097,#5098);
#5096 = CARTESIAN_POINT('',(15.,0.,6.5));
#5097 = DIRECTION('',(0.,0.,1.));
#5098 = DIRECTION('',(1.,0.,0.));
#5099 = DEFINITIONAL_REPRESENTATION('',(#5100),#5103);
#5100 = B_SPLINE_CURVE_WITH_KNOTS('',1,(#5101,#5102),.UNSPECIFIED.,.F.,
  .F.,(2,2),(-30.0000006,6.E-07),.PIECEWISE_BEZIER_KNOTS.);
#5101 = CARTESIAN_POINT('',(15.0000006,9.486832980505));
#5102 = CARTESIAN_POINT('',(-15.0000006,9.486832980505));
#5103 = ( GEOMETRIC_REPRESENTATION_CONTEXT(2) 
PARAMETRIC_REPRESENTATION_CONTEXT() REPRESENTATION_CONTEXT('2D SPACE',''
  ) );
#5104 = ORIENTED_EDGE('',*,*,#5105,.T.);
#5105 = EDGE_CURVE('',#5080,#5106,#5108,.T.);
#5106 = VERTEX_POINT('',#5107);
#5107 = CARTESIAN_POINT('',(13.500057791247,9.486832980505,6.5));
#5108 = SURFACE_CURVE('',#5109,(#5113,#5119),.PCURVE_S1.);
#5109 = LINE('',#5110,#5111);
#5110 = CARTESIAN_POINT('',(0.,9.486832980505,6.5));
#5111 = VECTOR('',#5112,1.);
#5112 = DIRECTION('',(-1.,-0.,-0.));
#5113 = PCURVE('',#422,#5114);
#5114 = DEFINITIONAL_REPRESENTATION('',(#5115),#5118);
#5115 = B_SPLINE_CURVE_WITH_KNOTS('',1,(#5116,#5117),.UNSPECIFIED.,.F.,
  .F.,(2,2),(-30.0000006,6.E-07),.PIECEWISE_BEZIER_KNOTS.);
#5116 = CARTESIAN_POINT('',(-6.883882060116,-30.0000006));
#5117 = CARTESIAN_POINT('',(-6.883882060116,6.E-07));
#5118 = ( GEOMETRIC_REPRESENTATION_CONTEXT(2) 
PARAMETRIC_REPRESENTATION_CONTEXT() REPRESENTATION_CONTEXT('2D SPACE',''
  ) );
#5119 = PCURVE('',#5120,#5125);
#5120 = PLANE('',#5121);
#5121 = AXIS2_PLACEMENT_3D('',#5122,#5123,#5124);
#5122 = CARTESIAN_POINT('',(15.,9.5,6.5));
#5123 = DIRECTION('',(0.,0.,1.));
#5124 = DIRECTION('',(1.,0.,0.));
#5125 = DEFINITIONAL_REPRESENTATION('',(#5126),#5130);
#5126 = LINE('',#5127,#5128);
#5127 = CARTESIAN_POINT('',(-15.,-1.316701949486E-02));
#5128 = VECTOR('',#5129,1.);
#5129 = DIRECTION('',(-1.,0.));
#5130 = ( GEOMETRIC_REPRESENTATION_CONTEXT(2) 
PARAMETRIC_REPRESENTATION_CONTEXT() REPRESENTATION_CONTEXT('2D SPACE',''
  ) );
#5131 = ORIENTED_EDGE('',*,*,#5132,.T.);
#5132 = EDGE_CURVE('',#5106,#5133,#5135,.T.);
#5133 = VERTEX_POINT('',#5134);
#5134 = CARTESIAN_POINT('',(4.704369859013,9.486832980505,6.5));
#5135 = SURFACE_CURVE('',#5136,(#5140,#5146),.PCURVE_S1.);
#5136 = LINE('',#5137,#5138);
#5137 = CARTESIAN_POINT('',(0.,9.486832980505,6.5));
#5138 = VECTOR('',#5139,1.);
#5139 = DIRECTION('',(-1.,-0.,-0.));
#5140 = PCURVE('',#422,#5141);
#5141 = DEFINITIONAL_REPRESENTATION('',(#5142),#5145);
#5142 = B_SPLINE_CURVE_WITH_KNOTS('',1,(#5143,#5144),.UNSPECIFIED.,.F.,
  .F.,(2,2),(-30.0000006,6.E-07),.PIECEWISE_BEZIER_KNOTS.);
#5143 = CARTESIAN_POINT('',(-6.883882060116,-30.0000006));
#5144 = CARTESIAN_POINT('',(-6.883882060116,6.E-07));
#5145 = ( GEOMETRIC_REPRESENTATION_CONTEXT(2) 
PARAMETRIC_REPRESENTATION_CONTEXT() REPRESENTATION_CONTEXT('2D SPACE',''
  ) );
#5146 = PCURVE('',#5094,#5147);
#5147 = DEFINITIONAL_REPRESENTATION('',(#5148),#5151);
#5148 = B_SPLINE_CURVE_WITH_KNOTS('',1,(#5149,#5150),.UNSPECIFIED.,.F.,
  .F.,(2,2),(-30.0000006,6.E-07),.PIECEWISE_BEZIER_KNOTS.);
#5149 = CARTESIAN_POINT('',(15.0000006,9.486832980505));
#5150 = CARTESIAN_POINT('',(-15.0000006,9.486832980505));
#5151 = ( GEOMETRIC_REPRESENTATION_CONTEXT(2) 
PARAMETRIC_REPRESENTATION_CONTEXT() REPRESENTATION_CONTEXT('2D SPACE',''
  ) );
#5152 = ORIENTED_EDGE('',*,*,#5153,.F.);
#5153 = EDGE_CURVE('',#439,#5133,#5154,.T.);
#5154 = SURFACE_CURVE('',#5155,(#5182,#5212),.PCURVE_S1.);
#5155 = B_SPLINE_CURVE_WITH_KNOTS('',7,(#5156,#5157,#5158,#5159,#5160,
    #5161,#5162,#5163,#5164,#5165,#5166,#5167,#5168,#5169,#5170,#5171,
    #5172,#5173,#5174,#5175,#5176,#5177,#5178,#5179,#5180,#5181),
  .UNSPECIFIED.,.F.,.F.,(8,6,6,6,8),(0.,0.242017284192,0.400455974698,
    0.753482642798,1.),.UNSPECIFIED.);
#5156 = CARTESIAN_POINT('',(1.,7.745966692415,8.5));
#5157 = CARTESIAN_POINT('',(1.074215746793,7.88010365638,8.3777622994));
#5158 = CARTESIAN_POINT('',(1.156530264003,8.007334648265,8.257297459696
    ));
#5159 = CARTESIAN_POINT('',(1.246236689395,8.127498160546,8.13931759264)
  );
#5160 = CARTESIAN_POINT('',(1.342636032555,8.240599333641,8.024434385461
    ));
#5161 = CARTESIAN_POINT('',(1.445057365545,8.34676098436,7.913147386269)
  );
#5162 = CARTESIAN_POINT('',(1.55288064853,8.446184117751,7.80584552823)
  );
#5163 = CARTESIAN_POINT('',(1.739330128089,8.599957834489,7.635376585952
    ));
#5164 = CARTESIAN_POINT('',(1.815178007123,8.658014742296,7.569766777528
    ));
#5165 = CARTESIAN_POINT('',(1.892952578346,8.713358521489,7.50607505974)
  );
#5166 = CARTESIAN_POINT('',(1.972509174363,8.766063456936,7.444370718193
    ));
#5167 = CARTESIAN_POINT('',(2.053712772696,8.816206318184,7.384711144503
    ));
#5168 = CARTESIAN_POINT('',(2.136439058931,8.863864435004,7.327143249169
    ));
#5169 = CARTESIAN_POINT('',(2.408044874919,9.009936513543,7.148179335037
    ));
#5170 = CARTESIAN_POINT('',(2.602446970245,9.098763603887,7.035271764393
    ));
#5171 = CARTESIAN_POINT('',(2.802610387208,9.176496837189,6.933332383623
    ));
#5172 = CARTESIAN_POINT('',(3.007497895598,9.243875910473,6.84264580245)
  );
#5173 = CARTESIAN_POINT('',(3.216196004055,9.301508716868,6.763428132896
    ));
#5174 = CARTESIAN_POINT('',(3.427925390731,9.349840409104,6.695901572402
    ));
#5175 = CARTESIAN_POINT('',(3.791610183261,9.416449006934,6.601722331916
    ));
#5176 = CARTESIAN_POINT('',(3.94227550398,9.439384594445,6.568898018142)
  );
#5177 = CARTESIAN_POINT('',(4.093864653331,9.457938024237,6.542095992314
    ));
#5178 = CARTESIAN_POINT('',(4.246146846841,9.472104914732,6.521495657233
    ));
#5179 = CARTESIAN_POINT('',(4.39886017491,9.481795727738,6.507351964339)
  );
#5180 = CARTESIAN_POINT('',(4.551710913538,9.486832980505,6.5));
#5181 = CARTESIAN_POINT('',(4.704369859013,9.486832980505,6.5));
#5182 = PCURVE('',#422,#5183);
#5183 = DEFINITIONAL_REPRESENTATION('',(#5184),#5211);
#5184 = B_SPLINE_CURVE_WITH_KNOTS('',7,(#5185,#5186,#5187,#5188,#5189,
    #5190,#5191,#5192,#5193,#5194,#5195,#5196,#5197,#5198,#5199,#5200,
    #5201,#5202,#5203,#5204,#5205,#5206,#5207,#5208,#5209,#5210),
  .UNSPECIFIED.,.F.,.F.,(8,6,6,6,8),(0.,0.242017284192,0.400455974698,
    0.753482642798,1.),.UNSPECIFIED.);
#5185 = CARTESIAN_POINT('',(-7.114963754961,-1.));
#5186 = CARTESIAN_POINT('',(-7.099182935671,-1.074215746793));
#5187 = CARTESIAN_POINT('',(-7.083949819606,-1.156530264003));
#5188 = CARTESIAN_POINT('',(-7.069310057324,-1.246236689395));
#5189 = CARTESIAN_POINT('',(-7.055294779549,-1.342636032555));
#5190 = CARTESIAN_POINT('',(-7.041922998492,-1.445057365545));
#5191 = CARTESIAN_POINT('',(-7.029203894952,-1.55288064853));
#5192 = CARTESIAN_POINT('',(-7.009240598529,-1.739330128089));
#5193 = CARTESIAN_POINT('',(-7.001622814491,-1.815178007123));
#5194 = CARTESIAN_POINT('',(-6.99428609798,-1.892952578346));
#5195 = CARTESIAN_POINT('',(-6.98723004793,-1.972509174363));
#5196 = CARTESIAN_POINT('',(-6.980453563184,-2.053712772696));
#5197 = CARTESIAN_POINT('',(-6.973955002338,-2.136439058931));
#5198 = CARTESIAN_POINT('',(-6.95386726761,-2.408044874919));
#5199 = CARTESIAN_POINT('',(-6.941377051182,-2.602446970245));
#5200 = CARTESIAN_POINT('',(-6.930231363718,-2.802610387208));
#5201 = CARTESIAN_POINT('',(-6.92040820079,-3.007497895598));
#5202 = CARTESIAN_POINT('',(-6.911890012552,-3.216196004055));
#5203 = CARTESIAN_POINT('',(-6.90466917788,-3.427925390731));
#5204 = CARTESIAN_POINT('',(-6.894638436985,-3.791610183261));
#5205 = CARTESIAN_POINT('',(-6.891156455603,-3.94227550398));
#5206 = CARTESIAN_POINT('',(-6.888321944852,-4.09386465333));
#5207 = CARTESIAN_POINT('',(-6.886147906433,-4.246146846841));
#5208 = CARTESIAN_POINT('',(-6.884657024143,-4.398860174909));
#5209 = CARTESIAN_POINT('',(-6.883882060116,-4.551710913538));
#5210 = CARTESIAN_POINT('',(-6.883882060116,-4.704369859013));
#5211 = ( GEOMETRIC_REPRESENTATION_CONTEXT(2) 
PARAMETRIC_REPRESENTATION_CONTEXT() REPRESENTATION_CONTEXT('2D SPACE',''
  ) );
#5212 = PCURVE('',#455,#5213);
#5213 = DEFINITIONAL_REPRESENTATION('',(#5214),#5241);
#5214 = B_SPLINE_CURVE_WITH_KNOTS('',7,(#5215,#5216,#5217,#5218,#5219,
    #5220,#5221,#5222,#5223,#5224,#5225,#5226,#5227,#5228,#5229,#5230,
    #5231,#5232,#5233,#5234,#5235,#5236,#5237,#5238,#5239,#5240),
  .UNSPECIFIED.,.F.,.F.,(8,6,6,6,8),(0.,0.242017284192,0.400455974698,
    0.753482642798,1.),.UNSPECIFIED.);
#5215 = CARTESIAN_POINT('',(-2.636232143306,0.));
#5216 = CARTESIAN_POINT('',(-2.626650931594,6.111885029986E-02));
#5217 = CARTESIAN_POINT('',(-2.617202342395,0.121351284454));
#5218 = CARTESIAN_POINT('',(-2.607893225377,0.18071407055));
#5219 = CARTESIAN_POINT('',(-2.598724118323,0.239225813971));
#5220 = CARTESIAN_POINT('',(-2.589691623668,0.296912333362));
#5221 = CARTESIAN_POINT('',(-2.580789627813,0.353811550444));
#5222 = CARTESIAN_POINT('',(-2.566261287701,0.446747671953));
#5223 = CARTESIAN_POINT('',(-2.560565556761,0.483202279301));
#5224 = CARTESIAN_POINT('',(-2.554919739705,0.519356811525));
#5225 = CARTESIAN_POINT('',(-2.549321353095,0.555226875749));
#5226 = CARTESIAN_POINT('',(-2.543767866401,0.590829131855));
#5227 = CARTESIAN_POINT('',(-2.538256707652,0.626181833923));
#5228 = CARTESIAN_POINT('',(-2.520594031461,0.739566214741));
#5229 = CARTESIAN_POINT('',(-2.508604422859,0.816661354314));
#5230 = CARTESIAN_POINT('',(-2.496781913068,0.89284949287));
#5231 = CARTESIAN_POINT('',(-2.485102913027,0.968373299394));
#5232 = CARTESIAN_POINT('',(-2.47355176707,1.043483356658));
#5233 = CARTESIAN_POINT('',(-2.462120318186,1.118484705347));
#5234 = CARTESIAN_POINT('',(-2.442912120769,1.246402586058));
#5235 = CARTESIAN_POINT('',(-2.435076003564,1.299137325207));
#5236 = CARTESIAN_POINT('',(-2.427301823991,1.352159945792));
#5237 = CARTESIAN_POINT('',(-2.419595541116,1.405626492173));
#5238 = CARTESIAN_POINT('',(-2.411969973636,1.459720868122));
#5239 = CARTESIAN_POINT('',(-2.404445315989,1.514663468212));
#5240 = CARTESIAN_POINT('',(-2.397056285791,1.570796326795));
#5241 = ( GEOMETRIC_REPRESENTATION_CONTEXT(2) 
PARAMETRIC_REPRESENTATION_CONTEXT() REPRESENTATION_CONTEXT('2D SPACE',''
  ) );
#5242 = FACE_BOUND('',#5243,.F.);
#5243 = EDGE_LOOP('',(#5244));
#5244 = ORIENTED_EDGE('',*,*,#5245,.T.);
#5245 = EDGE_CURVE('',#5246,#5246,#5248,.T.);
#5246 = VERTEX_POINT('',#5247);
#5247 = CARTESIAN_POINT('',(16.5,9.2,-6.9));
#5248 = SURFACE_CURVE('',#5249,(#5352,#5458),.PCURVE_S1.);
#5249 = B_SPLINE_CURVE_WITH_KNOTS('',6,(#5250,#5251,#5252,#5253,#5254,
    #5255,#5256,#5257,#5258,#5259,#5260,#5261,#5262,#5263,#5264,#5265,
    #5266,#5267,#5268,#5269,#5270,#5271,#5272,#5273,#5274,#5275,#5276,
    #5277,#5278,#5279,#5280,#5281,#5282,#5283,#5284,#5285,#5286,#5287,
    #5288,#5289,#5290,#5291,#5292,#5293,#5294,#5295,#5296,#5297,#5298,
    #5299,#5300,#5301,#5302,#5303,#5304,#5305,#5306,#5307,#5308,#5309,
    #5310,#5311,#5312,#5313,#5314,#5315,#5316,#5317,#5318,#5319,#5320,
    #5321,#5322,#5323,#5324,#5325,#5326,#5327,#5328,#5329,#5330,#5331,
    #5332,#5333,#5334,#5335,#5336,#5337,#5338,#5339,#5340,#5341,#5342,
    #5343,#5344,#5345,#5346,#5347,#5348,#5349,#5350,#5351),
  .UNSPECIFIED.,.T.,.F.,(7,5,5,5,5,5,5,5,5,5,5,5,5,5,5,5,5,5,5,5,7),(0.,
    9.026700934348E-02,0.157389553852,0.186400521526,0.212423886701,
    0.258383156045,0.304562502759,0.330490863402,0.359300557033,
    0.426003348371,0.486176755536,0.544156790175,0.597696656331,
    0.645246578977,0.69966996669,0.758338706691,0.817177635734,
    0.844655360843,0.870192853556,0.918173306227,1.),.UNSPECIFIED.);
#5250 = CARTESIAN_POINT('',(16.5,9.2,-6.9));
#5251 = CARTESIAN_POINT('',(16.5,9.094284222274,-7.040954370301));
#5252 = CARTESIAN_POINT('',(16.484105684566,8.98658624595,
    -7.179152660959));
#5253 = CARTESIAN_POINT('',(16.453481085533,8.878188408636,
    -7.313002182323));
#5254 = CARTESIAN_POINT('',(16.409193423366,8.770454971484,
    -7.44120432675));
#5255 = CARTESIAN_POINT('',(16.352236721047,8.664868461643,
    -7.562626643465));
#5256 = CARTESIAN_POINT('',(16.232476088418,8.487340077891,
    -7.760665164279));
#5257 = CARTESIAN_POINT('',(16.174837694209,8.413597296739,
    -7.840916631715));
#5258 = CARTESIAN_POINT('',(16.110931822723,8.342422267851,
    -7.916587192259));
#5259 = CARTESIAN_POINT('',(16.041005643651,8.274490600827,
    -7.987279928081));
#5260 = CARTESIAN_POINT('',(15.965280598262,8.210573117475,
    -8.052545535124));
#5261 = CARTESIAN_POINT('',(15.848834888761,8.126046490599,
    -8.137485862397));
#5262 = CARTESIAN_POINT('',(15.812653990626,8.101454908665,
    -8.162004169195));
#5263 = CARTESIAN_POINT('',(15.775464021085,8.077860924571,
    -8.185355716461));
#5264 = CARTESIAN_POINT('',(15.737297509902,8.055345981147,
    -8.207488579932));
#5265 = CARTESIAN_POINT('',(15.698188429428,8.033992050695,
    -8.228350865372));
#5266 = CARTESIAN_POINT('',(15.622276904821,7.995842226653,
    -8.265418302983));
#5267 = CARTESIAN_POINT('',(15.585649926394,7.978802409611,
    -8.281882438839));
#5268 = CARTESIAN_POINT('',(15.54833362908,7.962830426255,
    -8.297237371747));
#5269 = CARTESIAN_POINT('',(15.510371735987,7.947990335177,
    -8.311440528077));
#5270 = CARTESIAN_POINT('',(15.471809323573,7.934342011162,
    -8.324452504962));
#5271 = CARTESIAN_POINT('',(15.36361006331,7.900040259751,
    -8.357049521285));
#5272 = CARTESIAN_POINT('',(15.292745868682,7.882013144879,
    -8.37404899022));
#5273 = CARTESIAN_POINT('',(15.220519037708,7.86822999594,
    -8.386973890079));
#5274 = CARTESIAN_POINT('',(15.147360137407,7.85894627271,
    -8.395653533713));
#5275 = CARTESIAN_POINT('',(15.073706963164,7.854298186344,-8.4));
#5276 = CARTESIAN_POINT('',(14.925940088782,7.854298186344,-8.4));
#5277 = CARTESIAN_POINT('',(14.851935219128,7.858990893665,
    -8.395611802466));
#5278 = CARTESIAN_POINT('',(14.778431784218,7.868363506635,
    -8.386849069511));
#5279 = CARTESIAN_POINT('',(14.705873422198,7.882277259056,
    -8.373801326085));
#5280 = CARTESIAN_POINT('',(14.6346963716,7.900472057945,-8.356642315936
    ));
#5281 = CARTESIAN_POINT('',(14.526374721135,7.93497910285,
    -8.323845245608));
#5282 = CARTESIAN_POINT('',(14.487976508012,7.948623477551,
    -8.310834998346));
#5283 = CARTESIAN_POINT('',(14.450175921045,7.963449064316,
    -8.296643509521));
#5284 = CARTESIAN_POINT('',(14.413017373279,7.97939659093,
    -8.281309777301));
#5285 = CARTESIAN_POINT('',(14.376543957152,7.996402694014,
    -8.264875904309));
#5286 = CARTESIAN_POINT('',(14.301078540097,8.034397116142,
    -8.227954817664));
#5287 = CARTESIAN_POINT('',(14.262254899522,8.055619179665,
    -8.207219322473));
#5288 = CARTESIAN_POINT('',(14.224361149717,8.077985331257,
    -8.185231390795));
#5289 = CARTESIAN_POINT('',(14.187430526486,8.101415306262,
    -8.162041833109));
#5290 = CARTESIAN_POINT('',(14.151494874501,8.125829353704,
    -8.137701491618));
#5291 = CARTESIAN_POINT('',(14.035757352498,8.20976878822,
    -8.053359684403));
#5292 = CARTESIAN_POINT('',(13.960440151049,8.273230634683,
    -7.988572415216));
#5293 = CARTESIAN_POINT('',(13.890847171102,8.340665132959,
    -7.918420907628));
#5294 = CARTESIAN_POINT('',(13.827195187479,8.411315214545,
    -7.84334644087));
#5295 = CARTESIAN_POINT('',(13.76972612028,8.484516862532,
    -7.763738866843));
#5296 = CARTESIAN_POINT('',(13.672724886306,8.627486709597,
    -7.604392285912));
#5297 = CARTESIAN_POINT('',(13.631964833311,8.696922554634,
    -7.525392043446));
#5298 = CARTESIAN_POINT('',(13.596687694489,8.767536770493,
    -7.443251011219));
#5299 = CARTESIAN_POINT('',(13.567159901734,8.838904352453,
    -7.358267132877));
#5300 = CARTESIAN_POINT('',(13.543677745907,8.910625986246,
    -7.270758509225));
#5301 = CARTESIAN_POINT('',(13.510084125916,9.051415215118,
    -7.094654586076));
#5302 = CARTESIAN_POINT('',(13.499507974394,9.120522171394,
    -7.006167893644));
#5303 = CARTESIAN_POINT('',(13.495183463688,9.189159431464,
    -6.916109576942));
#5304 = CARTESIAN_POINT('',(13.497399058989,9.256872017765,-6.8250186003
    ));
#5305 = CARTESIAN_POINT('',(13.506389434359,9.323241225973,
    -6.733476112552));
#5306 = CARTESIAN_POINT('',(13.53706138256,9.447582230464,
    -6.557733773562));
#5307 = CARTESIAN_POINT('',(13.557714521366,9.505791934552,
    -6.473531120556));
#5308 = CARTESIAN_POINT('',(13.584396023661,9.562076764611,
    -6.390187874496));
#5309 = CARTESIAN_POINT('',(13.617081485286,9.616070023013,
    -6.308393966994));
#5310 = CARTESIAN_POINT('',(13.655622105087,9.667472102061,
    -6.228822285447));
#5311 = CARTESIAN_POINT('',(13.738932049967,9.759183414026,
    -6.083982376615));
#5312 = CARTESIAN_POINT('',(13.782495392037,9.800060874647,
    -6.018156165063));
#5313 = CARTESIAN_POINT('',(13.830232158229,9.838516446057,
    -5.95507256639));
#5314 = CARTESIAN_POINT('',(13.881867704824,9.874432573227,
    -5.895138803284));
#5315 = CARTESIAN_POINT('',(13.937057233613,9.907729046388,
    -5.838716533976));
#5316 = CARTESIAN_POINT('',(14.062148753102,9.97341249792,
    -5.725897092332));
#5317 = CARTESIAN_POINT('',(14.133008678381,10.004964021518,
    -5.670696502359));
#5318 = CARTESIAN_POINT('',(14.207476751459,10.033013800483,
    -5.620834724659));
#5319 = CARTESIAN_POINT('',(14.285025673129,10.057584014736,
    -5.576580929968));
#5320 = CARTESIAN_POINT('',(14.365093104943,10.078711111414,
    -5.538136300131));
#5321 = CARTESIAN_POINT('',(14.535470222382,10.115551914117,
    -5.470576122319));
#5322 = CARTESIAN_POINT('',(14.626133272712,10.130724032692,
    -5.442405430335));
#5323 = CARTESIAN_POINT('',(14.718492266416,10.142041934541,
    -5.421214308453));
#5324 = CARTESIAN_POINT('',(14.81197119536,10.149564836472,
    -5.407069144659));
#5325 = CARTESIAN_POINT('',(14.905997356447,10.153324578679,-5.4));
#5326 = CARTESIAN_POINT('',(15.094275330844,10.153324578679,-5.4));
#5327 = CARTESIAN_POINT('',(15.188574534175,10.149542991265,
    -5.407110216984));
#5328 = CARTESIAN_POINT('',(15.282321725167,10.141976339401,
    -5.421337647061));
#5329 = CARTESIAN_POINT('',(15.374939054068,10.130592424434,
    -5.442651846314));
#5330 = CARTESIAN_POINT('',(15.465845339692,10.11533139301,
    -5.470985554758));
#5331 = CARTESIAN_POINT('',(15.595835193104,10.087128938806,
    -5.522696927995));
#5332 = CARTESIAN_POINT('',(15.636710163383,10.07728769192,
    -5.540665074144));
#5333 = CARTESIAN_POINT('',(15.677009881878,10.066576779538,
    -5.560124429678));
#5334 = CARTESIAN_POINT('',(15.716665805075,10.054990078257,
    -5.581055942887));
#5335 = CARTESIAN_POINT('',(15.755610577832,10.04252162506,
    -5.603436839407));
#5336 = CARTESIAN_POINT('',(15.829250442911,10.016752691976,
    -5.649363593749));
#5337 = CARTESIAN_POINT('',(15.864051734088,10.003573088691,
    -5.672715875359));
#5338 = CARTESIAN_POINT('',(15.898120742825,9.989624913128,
    -5.697271120069));
#5339 = CARTESIAN_POINT('',(15.931398965833,9.974907572013,
    -5.722999251136));
#5340 = CARTESIAN_POINT('',(15.963830560622,9.959421773139,
    -5.749866462059));
#5341 = CARTESIAN_POINT('',(16.0546050178,9.912634413162,-5.830383582131
    ));
#5342 = CARTESIAN_POINT('',(16.110692506126,9.879382894031,
    -5.886839485947));
#5343 = CARTESIAN_POINT('',(16.163199203344,9.843461605008,
    -5.946898260744));
#5344 = CARTESIAN_POINT('',(16.211769222698,9.804948957404,
    -6.010194853352));
#5345 = CARTESIAN_POINT('',(16.256117785336,9.763961263251,
    -6.076316974296));
#5346 = CARTESIAN_POINT('',(16.364104036376,9.646810197347,
    -6.261641503207));
#5347 = CARTESIAN_POINT('',(16.419090879633,9.566435374865,
    -6.385058307165));
#5348 = CARTESIAN_POINT('',(16.46015220859,9.480319505998,
    -6.512910632929));
#5349 = CARTESIAN_POINT('',(16.487020166654,9.38954267488,
    -6.642867728413));
#5350 = CARTESIAN_POINT('',(16.5,9.295531475995,-6.772624698673));
#5351 = CARTESIAN_POINT('',(16.5,9.2,-6.9));
#5352 = PCURVE('',#422,#5353);
#5353 = DEFINITIONAL_REPRESENTATION('',(#5354),#5457);
#5354 = B_SPLINE_CURVE_WITH_KNOTS('',6,(#5355,#5356,#5357,#5358,#5359,
    #5360,#5361,#5362,#5363,#5364,#5365,#5366,#5367,#5368,#5369,#5370,
    #5371,#5372,#5373,#5374,#5375,#5376,#5377,#5378,#5379,#5380,#5381,
    #5382,#5383,#5384,#5385,#5386,#5387,#5388,#5389,#5390,#5391,#5392,
    #5393,#5394,#5395,#5396,#5397,#5398,#5399,#5400,#5401,#5402,#5403,
    #5404,#5405,#5406,#5407,#5408,#5409,#5410,#5411,#5412,#5413,#5414,
    #5415,#5416,#5417,#5418,#5419,#5420,#5421,#5422,#5423,#5424,#5425,
    #5426,#5427,#5428,#5429,#5430,#5431,#5432,#5433,#5434,#5435,#5436,
    #5437,#5438,#5439,#5440,#5441,#5442,#5443,#5444,#5445,#5446,#5447,
    #5448,#5449,#5450,#5451,#5452,#5453,#5454,#5455,#5456),
  .UNSPECIFIED.,.T.,.F.,(7,5,5,5,5,5,5,5,5,5,5,5,5,5,5,5,5,5,5,5,7),(0.,
    9.026700934348E-02,0.157389553852,0.186400521526,0.212423886701,
    0.258383156045,0.304562502759,0.330490863402,0.359300557033,
    0.426003348371,0.486176755536,0.544156790175,0.597696656331,
    0.645246578977,0.69966996669,0.758338706691,0.817177635734,
    0.844655360843,0.870192853556,0.918173306227,1.),.UNSPECIFIED.);
#5355 = CARTESIAN_POINT('',(-5.639684198386,-16.5));
#5356 = CARTESIAN_POINT('',(-5.62436307118,-16.5));
#5357 = CARTESIAN_POINT('',(-5.609130251387,-16.48410568456));
#5358 = CARTESIAN_POINT('',(-5.594156971317,-16.45348108553));
#5359 = CARTESIAN_POINT('',(-5.579598628201,-16.40919342336));
#5360 = CARTESIAN_POINT('',(-5.565608083875,-16.35223672104));
#5361 = CARTESIAN_POINT('',(-5.542480986574,-16.23247608841));
#5362 = CARTESIAN_POINT('',(-5.533004528069,-16.1748376942));
#5363 = CARTESIAN_POINT('',(-5.523971974634,-16.11093182272));
#5364 = CARTESIAN_POINT('',(-5.515447230118,-16.04100564365));
#5365 = CARTESIAN_POINT('',(-5.507503896155,-15.96528059826));
#5366 = CARTESIAN_POINT('',(-5.497083757935,-15.84883488876));
#5367 = CARTESIAN_POINT('',(-5.494064130859,-15.81265399062));
#5368 = CARTESIAN_POINT('',(-5.491177554749,-15.77546402108));
#5369 = CARTESIAN_POINT('',(-5.488432191293,-15.7372975099));
#5370 = CARTESIAN_POINT('',(-5.485836253066,-15.69818842942));
#5371 = CARTESIAN_POINT('',(-5.481210849385,-15.62227690482));
#5372 = CARTESIAN_POINT('',(-5.479150476885,-15.58564992639));
#5373 = CARTESIAN_POINT('',(-5.477223896861,-15.54833362908));
#5374 = CARTESIAN_POINT('',(-5.475437675348,-15.51037173598));
#5375 = CARTESIAN_POINT('',(-5.473797933585,-15.47180932357));
#5376 = CARTESIAN_POINT('',(-5.469683157203,-15.36361006331));
#5377 = CARTESIAN_POINT('',(-5.467528547074,-15.29274586868));
#5378 = CARTESIAN_POINT('',(-5.46588549227,-15.2205190377));
#5379 = CARTESIAN_POINT('',(-5.464780341949,-15.1473601374));
#5380 = CARTESIAN_POINT('',(-5.464226978947,-15.07370696316));
#5381 = CARTESIAN_POINT('',(-5.464226978947,-14.92594008878));
#5382 = CARTESIAN_POINT('',(-5.464785654487,-14.85193521912));
#5383 = CARTESIAN_POINT('',(-5.465901385455,-14.77843178421));
#5384 = CARTESIAN_POINT('',(-5.467560031232,-14.70587342219));
#5385 = CARTESIAN_POINT('',(-5.469734767244,-14.6346963716));
#5386 = CARTESIAN_POINT('',(-5.47387446758,-14.52637472113));
#5387 = CARTESIAN_POINT('',(-5.47551385699,-14.48797650801));
#5388 = CARTESIAN_POINT('',(-5.477298465848,-14.45017592104));
#5389 = CARTESIAN_POINT('',(-5.479222235165,-14.41301737327));
#5390 = CARTESIAN_POINT('',(-5.481278670873,-14.37654395715));
#5391 = CARTESIAN_POINT('',(-5.485885514431,-14.30107854009));
#5392 = CARTESIAN_POINT('',(-5.488465546051,-14.26225489952));
#5393 = CARTESIAN_POINT('',(-5.491192848202,-14.22436114971));
#5394 = CARTESIAN_POINT('',(-5.494059379672,-14.18743052648));
#5395 = CARTESIAN_POINT('',(-5.49705714851,-14.1514948745));
#5396 = CARTESIAN_POINT('',(-5.507404378713,-14.03575735249));
#5397 = CARTESIAN_POINT('',(-5.515290278664,-13.96044015104));
#5398 = CARTESIAN_POINT('',(-5.523751146916,-13.8908471711));
#5399 = CARTESIAN_POINT('',(-5.532714688137,-13.82719518747));
#5400 = CARTESIAN_POINT('',(-5.542118098222,-13.76972612028));
#5401 = CARTESIAN_POINT('',(-5.560734047646,-13.6727248863));
#5402 = CARTESIAN_POINT('',(-5.56987946929,-13.63196483331));
#5403 = CARTESIAN_POINT('',(-5.579297833886,-13.59668769448));
#5404 = CARTESIAN_POINT('',(-5.588946881598,-13.56715990173));
#5405 = CARTESIAN_POINT('',(-5.598784832553,-13.5436777459));
#5406 = CARTESIAN_POINT('',(-5.618390433141,-13.51008412591));
#5407 = CARTESIAN_POINT('',(-5.628152841932,-13.49950797439));
#5408 = CARTESIAN_POINT('',(-5.63799808987,-13.49518346368));
#5409 = CARTESIAN_POINT('',(-5.647866715117,-13.49739905898));
#5410 = CARTESIAN_POINT('',(-5.657698259693,-13.50638943435));
#5411 = CARTESIAN_POINT('',(-5.676418376167,-13.53706138256));
#5412 = CARTESIAN_POINT('',(-5.685319090126,-13.55771452136));
#5413 = CARTESIAN_POINT('',(-5.694063447532,-13.58439602366));
#5414 = CARTESIAN_POINT('',(-5.702585196752,-13.61708148528));
#5415 = CARTESIAN_POINT('',(-5.710822277211,-13.65562210508));
#5416 = CARTESIAN_POINT('',(-5.725729568264,-13.73893204996));
#5417 = CARTESIAN_POINT('',(-5.732467207664,-13.78249539203));
#5418 = CARTESIAN_POINT('',(-5.738891320951,-13.83023215822));
#5419 = CARTESIAN_POINT('',(-5.744966876754,-13.88186770482));
#5420 = CARTESIAN_POINT('',(-5.75066367825,-13.93705723361));
#5421 = CARTESIAN_POINT('',(-5.762015598956,-14.0621487531));
#5422 = CARTESIAN_POINT('',(-5.767544247047,-14.13300867838));
#5423 = CARTESIAN_POINT('',(-5.77251888816,-14.20747675145));
#5424 = CARTESIAN_POINT('',(-5.776920310742,-14.28502567312));
#5425 = CARTESIAN_POINT('',(-5.780734842011,-14.36509310494));
#5426 = CARTESIAN_POINT('',(-5.787426327089,-14.53547022238));
#5427 = CARTESIAN_POINT('',(-5.790208603494,-14.62613327271));
#5428 = CARTESIAN_POINT('',(-5.792297646577,-14.71849226641));
#5429 = CARTESIAN_POINT('',(-5.79369080458,-14.81197119536));
#5430 = CARTESIAN_POINT('',(-5.794387043228,-14.90599735644));
#5431 = CARTESIAN_POINT('',(-5.794387043228,-15.09427533084));
#5432 = CARTESIAN_POINT('',(-5.793686759375,-15.18857453417));
#5433 = CARTESIAN_POINT('',(-5.79228549896,-15.28232172516));
#5434 = CARTESIAN_POINT('',(-5.790184311477,-15.37493905406));
#5435 = CARTESIAN_POINT('',(-5.787385889164,-15.46584533969));
#5436 = CARTESIAN_POINT('',(-5.782263976902,-15.5958351931));
#5437 = CARTESIAN_POINT('',(-5.780482527661,-15.63671016338));
#5438 = CARTESIAN_POINT('',(-5.778551023297,-15.67700988187));
#5439 = CARTESIAN_POINT('',(-5.776470646577,-15.71666580507));
#5440 = CARTESIAN_POINT('',(-5.774242859564,-15.75561057783));
#5441 = CARTESIAN_POINT('',(-5.769663539998,-15.82925044291));
#5442 = CARTESIAN_POINT('',(-5.767331828987,-15.86405173408));
#5443 = CARTESIAN_POINT('',(-5.764876170571,-15.89812074282));
#5444 = CARTESIAN_POINT('',(-5.762298788701,-15.93139896583));
#5445 = CARTESIAN_POINT('',(-5.759602231291,-15.96383056062));
#5446 = CARTESIAN_POINT('',(-5.751504499489,-16.0546050178));
#5447 = CARTESIAN_POINT('',(-5.745807163328,-16.11069250612));
#5448 = CARTESIAN_POINT('',(-5.739722050286,-16.16319920334));
#5449 = CARTESIAN_POINT('',(-5.733279539467,-16.21176922269));
#5450 = CARTESIAN_POINT('',(-5.726514986217,-16.25611778533));
#5451 = CARTESIAN_POINT('',(-5.707449968964,-16.36410403637));
#5452 = CARTESIAN_POINT('',(-5.694644056492,-16.41909087963));
#5453 = CARTESIAN_POINT('',(-5.681242275967,-16.46015220859));
#5454 = CARTESIAN_POINT('',(-5.667460849061,-16.48702016665));
#5455 = CARTESIAN_POINT('',(-5.653529339835,-16.5));
#5456 = CARTESIAN_POINT('',(-5.639684198386,-16.5));
#5457 = ( GEOMETRIC_REPRESENTATION_CONTEXT(2) 
PARAMETRIC_REPRESENTATION_CONTEXT() REPRESENTATION_CONTEXT('2D SPACE',''
  ) );
#5458 = PCURVE('',#5459,#5464);
#5459 = CYLINDRICAL_SURFACE('',#5460,1.5);
#5460 = AXIS2_PLACEMENT_3D('',#5461,#5462,#5463);
#5461 = CARTESIAN_POINT('',(15.,0.,-6.9));
#5462 = DIRECTION('',(-0.,1.,0.));
#5463 = DIRECTION('',(1.,0.,0.));
#5464 = DEFINITIONAL_REPRESENTATION('',(#5465),#5568);
#5465 = B_SPLINE_CURVE_WITH_KNOTS('',6,(#5466,#5467,#5468,#5469,#5470,
    #5471,#5472,#5473,#5474,#5475,#5476,#5477,#5478,#5479,#5480,#5481,
    #5482,#5483,#5484,#5485,#5486,#5487,#5488,#5489,#5490,#5491,#5492,
    #5493,#5494,#5495,#5496,#5497,#5498,#5499,#5500,#5501,#5502,#5503,
    #5504,#5505,#5506,#5507,#5508,#5509,#5510,#5511,#5512,#5513,#5514,
    #5515,#5516,#5517,#5518,#5519,#5520,#5521,#5522,#5523,#5524,#5525,
    #5526,#5527,#5528,#5529,#5530,#5531,#5532,#5533,#5534,#5535,#5536,
    #5537,#5538,#5539,#5540,#5541,#5542,#5543,#5544,#5545,#5546,#5547,
    #5548,#5549,#5550,#5551,#5552,#5553,#5554,#5555,#5556,#5557,#5558,
    #5559,#5560,#5561,#5562,#5563,#5564,#5565,#5566,#5567),
  .UNSPECIFIED.,.F.,.F.,(7,5,5,5,5,5,5,5,5,5,5,5,5,5,5,5,5,5,5,5,7),(0.,
    9.026700934348E-02,0.157389553852,0.186400521526,0.212423886701,
    0.258383156045,0.304562502759,0.330490863402,0.359300557033,
    0.426003348371,0.486176755536,0.544156790175,0.597696656331,
    0.645246578977,0.69966996669,0.758338706691,0.817177635734,
    0.844655360843,0.870192853556,0.918173306227,1.),.UNSPECIFIED.);
#5466 = CARTESIAN_POINT('',(0.,9.2));
#5467 = CARTESIAN_POINT('',(9.396958020065E-02,9.094284222274));
#5468 = CARTESIAN_POINT('',(0.18610195894,8.98658624595));
#5469 = CARTESIAN_POINT('',(0.276827609605,8.878188408636));
#5470 = CARTESIAN_POINT('',(0.366487458751,8.770454971484));
#5471 = CARTESIAN_POINT('',(0.455404043961,8.664868461643));
#5472 = CARTESIAN_POINT('',(0.609693619981,8.487340077891));
#5473 = CARTESIAN_POINT('',(0.675358455633,8.413597296739));
#5474 = CARTESIAN_POINT('',(0.741085387719,8.342422267851));
#5475 = CARTESIAN_POINT('',(0.807064396671,8.274490600827));
#5476 = CARTESIAN_POINT('',(0.873491581049,8.210573117475));
#5477 = CARTESIAN_POINT('',(0.969580573269,8.126046490599));
#5478 = CARTESIAN_POINT('',(0.998700409642,8.101454908665));
#5479 = CARTESIAN_POINT('',(1.027949124669,8.077860924571));
#5480 = CARTESIAN_POINT('',(1.057334617293,8.055345981147));
#5481 = CARTESIAN_POINT('',(1.086866110584,8.033992050695));
#5482 = CARTESIAN_POINT('',(1.143184864118,7.995842226653));
#5483 = CARTESIAN_POINT('',(1.169942779931,7.978802409611));
#5484 = CARTESIAN_POINT('',(1.196823256997,7.962830426255));
#5485 = CARTESIAN_POINT('',(1.223823163117,7.947990335177));
#5486 = CARTESIAN_POINT('',(1.250940876068,7.934342011162));
#5487 = CARTESIAN_POINT('',(1.326276113196,7.900040259751));
#5488 = CARTESIAN_POINT('',(1.374779751468,7.882013144879));
#5489 = CARTESIAN_POINT('',(1.423570211072,7.86822999594));
#5490 = CARTESIAN_POINT('',(1.472556141754,7.85894627271));
#5491 = CARTESIAN_POINT('',(1.521658351352,7.854298186344));
#5492 = CARTESIAN_POINT('',(1.62016960094,7.854298186344));
#5493 = CARTESIAN_POINT('',(1.669506277197,7.858990893665));
#5494 = CARTESIAN_POINT('',(1.718724972738,7.868363506635));
#5495 = CARTESIAN_POINT('',(1.767745653055,7.882277259056));
#5496 = CARTESIAN_POINT('',(1.816475852917,7.900472057945));
#5497 = CARTESIAN_POINT('',(1.891927758957,7.93497910285));
#5498 = CARTESIAN_POINT('',(1.918941572821,7.948623477551));
#5499 = CARTESIAN_POINT('',(1.945838295363,7.963449064316));
#5500 = CARTESIAN_POINT('',(1.972616389018,7.97939659093));
#5501 = CARTESIAN_POINT('',(1.999272822199,7.996402694014));
#5502 = CARTESIAN_POINT('',(2.055281535055,8.034397116142));
#5503 = CARTESIAN_POINT('',(2.084605747279,8.055619179665));
#5504 = CARTESIAN_POINT('',(2.113786042234,8.077985331257));
#5505 = CARTESIAN_POINT('',(2.142831461172,8.101415306262));
#5506 = CARTESIAN_POINT('',(2.171749750342,8.125829353704));
#5507 = CARTESIAN_POINT('',(2.267222176713,8.20976878822));
#5508 = CARTESIAN_POINT('',(2.333239316325,8.273230634683));
#5509 = CARTESIAN_POINT('',(2.398811324852,8.340665132959));
#5510 = CARTESIAN_POINT('',(2.464131148236,8.411315214545));
#5511 = CARTESIAN_POINT('',(2.529385582741,8.484516862532));
#5512 = CARTESIAN_POINT('',(2.653751659299,8.627486709597));
#5513 = CARTESIAN_POINT('',(2.712868066076,8.696922554634));
#5514 = CARTESIAN_POINT('',(2.772241986489,8.767536770493));
#5515 = CARTESIAN_POINT('',(2.831988688588,8.838904352453));
#5516 = CARTESIAN_POINT('',(2.892227908855,8.910625986246));
#5517 = CARTESIAN_POINT('',(3.011747545647,9.051415215118));
#5518 = CARTESIAN_POINT('',(3.071014854203,9.120522171394));
#5519 = CARTESIAN_POINT('',(3.13089395938,9.189159431464));
#5520 = CARTESIAN_POINT('',(3.191396150473,9.256872017765));
#5521 = CARTESIAN_POINT('',(3.252546325426,9.323241225973));
#5522 = CARTESIAN_POINT('',(3.371478870491,9.447582230464));
#5523 = CARTESIAN_POINT('',(3.429145375486,9.505791934552));
#5524 = CARTESIAN_POINT('',(3.487273404554,9.562076764611));
#5525 = CARTESIAN_POINT('',(3.545775569933,9.616070023013));
#5526 = CARTESIAN_POINT('',(3.604570019835,9.667472102061));
#5527 = CARTESIAN_POINT('',(3.715963508785,9.759183414026));
#5528 = CARTESIAN_POINT('',(3.768484188646,9.800060874647));
#5529 = CARTESIAN_POINT('',(3.821065846918,9.838516446057));
#5530 = CARTESIAN_POINT('',(3.873647450634,9.874432573227));
#5531 = CARTESIAN_POINT('',(3.926161898404,9.907729046388));
#5532 = CARTESIAN_POINT('',(4.038463307638,9.97341249792));
#5533 = CARTESIAN_POINT('',(4.098190294458,10.004964021518));
#5534 = CARTESIAN_POINT('',(4.157706908861,10.033013800483));
#5535 = CARTESIAN_POINT('',(4.217006931496,10.057584014736));
#5536 = CARTESIAN_POINT('',(4.276073829606,10.078711111414));
#5537 = CARTESIAN_POINT('',(4.39826264483,10.115551914117));
#5538 = CARTESIAN_POINT('',(4.461371307968,10.130724032692));
#5539 = CARTESIAN_POINT('',(4.524274078499,10.142041934541));
#5540 = CARTESIAN_POINT('',(4.587036488388,10.149564836472));
#5541 = CARTESIAN_POINT('',(4.649720551349,10.153324578679));
#5542 = CARTESIAN_POINT('',(4.775239200947,10.153324578679));
#5543 = CARTESIAN_POINT('',(4.838105291151,10.149542991265));
#5544 = CARTESIAN_POINT('',(4.90105041125,10.141976339401));
#5545 = CARTESIAN_POINT('',(4.964137026885,10.130592424434));
#5546 = CARTESIAN_POINT('',(5.027431175073,10.11533139301));
#5547 = CARTESIAN_POINT('',(5.120696455291,10.087128938806));
#5548 = CARTESIAN_POINT('',(5.150444246578,10.07728769192));
#5549 = CARTESIAN_POINT('',(5.180250351672,10.066576779538));
#5550 = CARTESIAN_POINT('',(5.210115560827,10.054990078257));
#5551 = CARTESIAN_POINT('',(5.24004120694,10.04252162506));
#5552 = CARTESIAN_POINT('',(5.297899641428,10.016752691976));
#5553 = CARTESIAN_POINT('',(5.325824103434,10.003573088691));
#5554 = CARTESIAN_POINT('',(5.353797839889,9.989624913128));
#5555 = CARTESIAN_POINT('',(5.381816716967,9.974907572013));
#5556 = CARTESIAN_POINT('',(5.409877178703,9.959421773139));
#5557 = CARTESIAN_POINT('',(5.490769449177,9.912634413162));
#5558 = CARTESIAN_POINT('',(5.543717603164,9.879382894031));
#5559 = CARTESIAN_POINT('',(5.596738838071,9.843461605008));
#5560 = CARTESIAN_POINT('',(5.64976604186,9.804948957404));
#5561 = CARTESIAN_POINT('',(5.702738411325,9.763961263251));
#5562 = CARTESIAN_POINT('',(5.845732135243,9.646810197347));
#5563 = CARTESIAN_POINT('',(5.93527741488,9.566435374865));
#5564 = CARTESIAN_POINT('',(6.02402301665,9.480319505998));
#5565 = CARTESIAN_POINT('',(6.111763923009,9.38954267488));
#5566 = CARTESIAN_POINT('',(6.198268439629,9.295531475995));
#5567 = CARTESIAN_POINT('',(6.28318530718,9.2));
#5568 = ( GEOMETRIC_REPRESENTATION_CONTEXT(2) 
PARAMETRIC_REPRESENTATION_CONTEXT() REPRESENTATION_CONTEXT('2D SPACE',''
  ) );
#5569 = ADVANCED_FACE('',(#5570),#202,.F.);
#5570 = FACE_BOUND('',#5571,.F.);
#5571 = EDGE_LOOP('',(#5572,#5573,#5596,#5624,#5652,#5680,#5708,#5729,
    #5730,#5751,#5778,#5799,#5826,#5845));
#5572 = ORIENTED_EDGE('',*,*,#187,.T.);
#5573 = ORIENTED_EDGE('',*,*,#5574,.T.);
#5574 = EDGE_CURVE('',#188,#5575,#5577,.T.);
#5575 = VERTEX_POINT('',#5576);
#5576 = CARTESIAN_POINT('',(32.,-0.8,13.5));
#5577 = SURFACE_CURVE('',#5578,(#5582,#5589),.PCURVE_S1.);
#5578 = LINE('',#5579,#5580);
#5579 = CARTESIAN_POINT('',(0.,-0.8,13.5));
#5580 = VECTOR('',#5581,1.);
#5581 = DIRECTION('',(1.,0.,-0.));
#5582 = PCURVE('',#202,#5583);
#5583 = DEFINITIONAL_REPRESENTATION('',(#5584),#5588);
#5584 = LINE('',#5585,#5586);
#5585 = CARTESIAN_POINT('',(13.5,0.));
#5586 = VECTOR('',#5587,1.);
#5587 = DIRECTION('',(0.,1.));
#5588 = ( GEOMETRIC_REPRESENTATION_CONTEXT(2) 
PARAMETRIC_REPRESENTATION_CONTEXT() REPRESENTATION_CONTEXT('2D SPACE',''
  ) );
#5589 = PCURVE('',#230,#5590);
#5590 = DEFINITIONAL_REPRESENTATION('',(#5591),#5595);
#5591 = LINE('',#5592,#5593);
#5592 = CARTESIAN_POINT('',(0.,0.));
#5593 = VECTOR('',#5594,1.);
#5594 = DIRECTION('',(1.,0.));
#5595 = ( GEOMETRIC_REPRESENTATION_CONTEXT(2) 
PARAMETRIC_REPRESENTATION_CONTEXT() REPRESENTATION_CONTEXT('2D SPACE',''
  ) );
#5596 = ORIENTED_EDGE('',*,*,#5597,.F.);
#5597 = EDGE_CURVE('',#5598,#5575,#5600,.T.);
#5598 = VERTEX_POINT('',#5599);
#5599 = CARTESIAN_POINT('',(32.,-0.8,0.));
#5600 = SURFACE_CURVE('',#5601,(#5605,#5612),.PCURVE_S1.);
#5601 = LINE('',#5602,#5603);
#5602 = CARTESIAN_POINT('',(32.,-0.8,0.));
#5603 = VECTOR('',#5604,1.);
#5604 = DIRECTION('',(0.,0.,1.));
#5605 = PCURVE('',#202,#5606);
#5606 = DEFINITIONAL_REPRESENTATION('',(#5607),#5611);
#5607 = LINE('',#5608,#5609);
#5608 = CARTESIAN_POINT('',(0.,32.));
#5609 = VECTOR('',#5610,1.);
#5610 = DIRECTION('',(1.,0.));
#5611 = ( GEOMETRIC_REPRESENTATION_CONTEXT(2) 
PARAMETRIC_REPRESENTATION_CONTEXT() REPRESENTATION_CONTEXT('2D SPACE',''
  ) );
#5612 = PCURVE('',#5613,#5618);
#5613 = PLANE('',#5614);
#5614 = AXIS2_PLACEMENT_3D('',#5615,#5616,#5617);
#5615 = CARTESIAN_POINT('',(32.,-0.8,0.));
#5616 = DIRECTION('',(1.,0.,-0.));
#5617 = DIRECTION('',(0.,0.,1.));
#5618 = DEFINITIONAL_REPRESENTATION('',(#5619),#5623);
#5619 = LINE('',#5620,#5621);
#5620 = CARTESIAN_POINT('',(0.,0.));
#5621 = VECTOR('',#5622,1.);
#5622 = DIRECTION('',(1.,0.));
#5623 = ( GEOMETRIC_REPRESENTATION_CONTEXT(2) 
PARAMETRIC_REPRESENTATION_CONTEXT() REPRESENTATION_CONTEXT('2D SPACE',''
  ) );
#5624 = ORIENTED_EDGE('',*,*,#5625,.F.);
#5625 = EDGE_CURVE('',#5626,#5598,#5628,.T.);
#5626 = VERTEX_POINT('',#5627);
#5627 = CARTESIAN_POINT('',(31.,-0.8,0.));
#5628 = SURFACE_CURVE('',#5629,(#5633,#5640),.PCURVE_S1.);
#5629 = LINE('',#5630,#5631);
#5630 = CARTESIAN_POINT('',(0.,-0.8,0.));
#5631 = VECTOR('',#5632,1.);
#5632 = DIRECTION('',(1.,0.,-0.));
#5633 = PCURVE('',#202,#5634);
#5634 = DEFINITIONAL_REPRESENTATION('',(#5635),#5639);
#5635 = LINE('',#5636,#5637);
#5636 = CARTESIAN_POINT('',(0.,0.));
#5637 = VECTOR('',#5638,1.);
#5638 = DIRECTION('',(0.,1.));
#5639 = ( GEOMETRIC_REPRESENTATION_CONTEXT(2) 
PARAMETRIC_REPRESENTATION_CONTEXT() REPRESENTATION_CONTEXT('2D SPACE',''
  ) );
#5640 = PCURVE('',#5641,#5646);
#5641 = PLANE('',#5642);
#5642 = AXIS2_PLACEMENT_3D('',#5643,#5644,#5645);
#5643 = CARTESIAN_POINT('',(0.,-0.8,0.));
#5644 = DIRECTION('',(0.,0.,1.));
#5645 = DIRECTION('',(1.,0.,-0.));
#5646 = DEFINITIONAL_REPRESENTATION('',(#5647),#5651);
#5647 = LINE('',#5648,#5649);
#5648 = CARTESIAN_POINT('',(0.,0.));
#5649 = VECTOR('',#5650,1.);
#5650 = DIRECTION('',(1.,0.));
#5651 = ( GEOMETRIC_REPRESENTATION_CONTEXT(2) 
PARAMETRIC_REPRESENTATION_CONTEXT() REPRESENTATION_CONTEXT('2D SPACE',''
  ) );
#5652 = ORIENTED_EDGE('',*,*,#5653,.T.);
#5653 = EDGE_CURVE('',#5626,#5654,#5656,.T.);
#5654 = VERTEX_POINT('',#5655);
#5655 = CARTESIAN_POINT('',(31.,-0.8,1.));
#5656 = SURFACE_CURVE('',#5657,(#5661,#5668),.PCURVE_S1.);
#5657 = LINE('',#5658,#5659);
#5658 = CARTESIAN_POINT('',(31.,-0.8,-12.5));
#5659 = VECTOR('',#5660,1.);
#5660 = DIRECTION('',(0.,0.,1.));
#5661 = PCURVE('',#202,#5662);
#5662 = DEFINITIONAL_REPRESENTATION('',(#5663),#5667);
#5663 = LINE('',#5664,#5665);
#5664 = CARTESIAN_POINT('',(-12.5,31.));
#5665 = VECTOR('',#5666,1.);
#5666 = DIRECTION('',(1.,0.));
#5667 = ( GEOMETRIC_REPRESENTATION_CONTEXT(2) 
PARAMETRIC_REPRESENTATION_CONTEXT() REPRESENTATION_CONTEXT('2D SPACE',''
  ) );
#5668 = PCURVE('',#5669,#5674);
#5669 = PLANE('',#5670);
#5670 = AXIS2_PLACEMENT_3D('',#5671,#5672,#5673);
#5671 = CARTESIAN_POINT('',(31.,-0.8,-12.5));
#5672 = DIRECTION('',(1.,0.,0.));
#5673 = DIRECTION('',(0.,0.,1.));
#5674 = DEFINITIONAL_REPRESENTATION('',(#5675),#5679);
#5675 = LINE('',#5676,#5677);
#5676 = CARTESIAN_POINT('',(0.,0.));
#5677 = VECTOR('',#5678,1.);
#5678 = DIRECTION('',(1.,0.));
#5679 = ( GEOMETRIC_REPRESENTATION_CONTEXT(2) 
PARAMETRIC_REPRESENTATION_CONTEXT() REPRESENTATION_CONTEXT('2D SPACE',''
  ) );
#5680 = ORIENTED_EDGE('',*,*,#5681,.F.);
#5681 = EDGE_CURVE('',#5682,#5654,#5684,.T.);
#5682 = VERTEX_POINT('',#5683);
#5683 = CARTESIAN_POINT('',(0.,-0.8,1.));
#5684 = SURFACE_CURVE('',#5685,(#5689,#5696),.PCURVE_S1.);
#5685 = LINE('',#5686,#5687);
#5686 = CARTESIAN_POINT('',(-1.,-0.8,1.));
#5687 = VECTOR('',#5688,1.);
#5688 = DIRECTION('',(1.,0.,0.));
#5689 = PCURVE('',#202,#5690);
#5690 = DEFINITIONAL_REPRESENTATION('',(#5691),#5695);
#5691 = LINE('',#5692,#5693);
#5692 = CARTESIAN_POINT('',(1.,-1.));
#5693 = VECTOR('',#5694,1.);
#5694 = DIRECTION('',(0.,1.));
#5695 = ( GEOMETRIC_REPRESENTATION_CONTEXT(2) 
PARAMETRIC_REPRESENTATION_CONTEXT() REPRESENTATION_CONTEXT('2D SPACE',''
  ) );
#5696 = PCURVE('',#5697,#5702);
#5697 = PLANE('',#5698);
#5698 = AXIS2_PLACEMENT_3D('',#5699,#5700,#5701);
#5699 = CARTESIAN_POINT('',(-1.,-0.8,1.));
#5700 = DIRECTION('',(0.,0.,1.));
#5701 = DIRECTION('',(1.,0.,0.));
#5702 = DEFINITIONAL_REPRESENTATION('',(#5703),#5707);
#5703 = LINE('',#5704,#5705);
#5704 = CARTESIAN_POINT('',(0.,0.));
#5705 = VECTOR('',#5706,1.);
#5706 = DIRECTION('',(1.,0.));
#5707 = ( GEOMETRIC_REPRESENTATION_CONTEXT(2) 
PARAMETRIC_REPRESENTATION_CONTEXT() REPRESENTATION_CONTEXT('2D SPACE',''
  ) );
#5708 = ORIENTED_EDGE('',*,*,#5709,.T.);
#5709 = EDGE_CURVE('',#5682,#2054,#5710,.T.);
#5710 = SURFACE_CURVE('',#5711,(#5715,#5722),.PCURVE_S1.);
#5711 = LINE('',#5712,#5713);
#5712 = CARTESIAN_POINT('',(0.,-0.8,0.));
#5713 = VECTOR('',#5714,1.);
#5714 = DIRECTION('',(0.,0.,1.));
#5715 = PCURVE('',#202,#5716);
#5716 = DEFINITIONAL_REPRESENTATION('',(#5717),#5721);
#5717 = LINE('',#5718,#5719);
#5718 = CARTESIAN_POINT('',(0.,0.));
#5719 = VECTOR('',#5720,1.);
#5720 = DIRECTION('',(1.,0.));
#5721 = ( GEOMETRIC_REPRESENTATION_CONTEXT(2) 
PARAMETRIC_REPRESENTATION_CONTEXT() REPRESENTATION_CONTEXT('2D SPACE',''
  ) );
#5722 = PCURVE('',#2286,#5723);
#5723 = DEFINITIONAL_REPRESENTATION('',(#5724),#5728);
#5724 = LINE('',#5725,#5726);
#5725 = CARTESIAN_POINT('',(0.,0.));
#5726 = VECTOR('',#5727,1.);
#5727 = DIRECTION('',(1.,0.));
#5728 = ( GEOMETRIC_REPRESENTATION_CONTEXT(2) 
PARAMETRIC_REPRESENTATION_CONTEXT() REPRESENTATION_CONTEXT('2D SPACE',''
  ) );
#5729 = ORIENTED_EDGE('',*,*,#2053,.T.);
#5730 = ORIENTED_EDGE('',*,*,#5731,.T.);
#5731 = EDGE_CURVE('',#2025,#5732,#5734,.T.);
#5732 = VERTEX_POINT('',#5733);
#5733 = CARTESIAN_POINT('',(5.731142245955,-0.8,6.5));
#5734 = SURFACE_CURVE('',#5735,(#5739,#5745),.PCURVE_S1.);
#5735 = LINE('',#5736,#5737);
#5736 = CARTESIAN_POINT('',(7.5,-0.8,6.5));
#5737 = VECTOR('',#5738,1.);
#5738 = DIRECTION('',(1.,0.,-0.));
#5739 = PCURVE('',#202,#5740);
#5740 = DEFINITIONAL_REPRESENTATION('',(#5741),#5744);
#5741 = B_SPLINE_CURVE_WITH_KNOTS('',1,(#5742,#5743),.UNSPECIFIED.,.F.,
  .F.,(2,2),(-6.5,21.5),.PIECEWISE_BEZIER_KNOTS.);
#5742 = CARTESIAN_POINT('',(6.5,1.));
#5743 = CARTESIAN_POINT('',(6.5,29.));
#5744 = ( GEOMETRIC_REPRESENTATION_CONTEXT(2) 
PARAMETRIC_REPRESENTATION_CONTEXT() REPRESENTATION_CONTEXT('2D SPACE',''
  ) );
#5745 = PCURVE('',#2041,#5746);
#5746 = DEFINITIONAL_REPRESENTATION('',(#5747),#5750);
#5747 = B_SPLINE_CURVE_WITH_KNOTS('',1,(#5748,#5749),.UNSPECIFIED.,.F.,
  .F.,(2,2),(-6.5,21.5),.PIECEWISE_BEZIER_KNOTS.);
#5748 = CARTESIAN_POINT('',(-14.,-0.8));
#5749 = CARTESIAN_POINT('',(14.,-0.8));
#5750 = ( GEOMETRIC_REPRESENTATION_CONTEXT(2) 
PARAMETRIC_REPRESENTATION_CONTEXT() REPRESENTATION_CONTEXT('2D SPACE',''
  ) );
#5751 = ORIENTED_EDGE('',*,*,#5752,.T.);
#5752 = EDGE_CURVE('',#5732,#5753,#5755,.T.);
#5753 = VERTEX_POINT('',#5754);
#5754 = CARTESIAN_POINT('',(8.268857754045,-0.8,6.5));
#5755 = SURFACE_CURVE('',#5756,(#5760,#5766),.PCURVE_S1.);
#5756 = LINE('',#5757,#5758);
#5757 = CARTESIAN_POINT('',(7.5,-0.8,6.5));
#5758 = VECTOR('',#5759,1.);
#5759 = DIRECTION('',(1.,0.,-0.));
#5760 = PCURVE('',#202,#5761);
#5761 = DEFINITIONAL_REPRESENTATION('',(#5762),#5765);
#5762 = B_SPLINE_CURVE_WITH_KNOTS('',1,(#5763,#5764),.UNSPECIFIED.,.F.,
  .F.,(2,2),(-6.5,21.5),.PIECEWISE_BEZIER_KNOTS.);
#5763 = CARTESIAN_POINT('',(6.5,1.));
#5764 = CARTESIAN_POINT('',(6.5,29.));
#5765 = ( GEOMETRIC_REPRESENTATION_CONTEXT(2) 
PARAMETRIC_REPRESENTATION_CONTEXT() REPRESENTATION_CONTEXT('2D SPACE',''
  ) );
#5766 = PCURVE('',#5767,#5772);
#5767 = PLANE('',#5768);
#5768 = AXIS2_PLACEMENT_3D('',#5769,#5770,#5771);
#5769 = CARTESIAN_POINT('',(7.,-4.255667768225E-18,6.5));
#5770 = DIRECTION('',(0.,0.,1.));
#5771 = DIRECTION('',(1.,0.,0.));
#5772 = DEFINITIONAL_REPRESENTATION('',(#5773),#5777);
#5773 = LINE('',#5774,#5775);
#5774 = CARTESIAN_POINT('',(0.5,-0.8));
#5775 = VECTOR('',#5776,1.);
#5776 = DIRECTION('',(1.,0.));
#5777 = ( GEOMETRIC_REPRESENTATION_CONTEXT(2) 
PARAMETRIC_REPRESENTATION_CONTEXT() REPRESENTATION_CONTEXT('2D SPACE',''
  ) );
#5778 = ORIENTED_EDGE('',*,*,#5779,.T.);
#5779 = EDGE_CURVE('',#5753,#5780,#5782,.T.);
#5780 = VERTEX_POINT('',#5781);
#5781 = CARTESIAN_POINT('',(21.731142245955,-0.8,6.5));
#5782 = SURFACE_CURVE('',#5783,(#5787,#5793),.PCURVE_S1.);
#5783 = LINE('',#5784,#5785);
#5784 = CARTESIAN_POINT('',(7.5,-0.8,6.5));
#5785 = VECTOR('',#5786,1.);
#5786 = DIRECTION('',(1.,0.,-0.));
#5787 = PCURVE('',#202,#5788);
#5788 = DEFINITIONAL_REPRESENTATION('',(#5789),#5792);
#5789 = B_SPLINE_CURVE_WITH_KNOTS('',1,(#5790,#5791),.UNSPECIFIED.,.F.,
  .F.,(2,2),(-6.5,21.5),.PIECEWISE_BEZIER_KNOTS.);
#5790 = CARTESIAN_POINT('',(6.5,1.));
#5791 = CARTESIAN_POINT('',(6.5,29.));
#5792 = ( GEOMETRIC_REPRESENTATION_CONTEXT(2) 
PARAMETRIC_REPRESENTATION_CONTEXT() REPRESENTATION_CONTEXT('2D SPACE',''
  ) );
#5793 = PCURVE('',#2041,#5794);
#5794 = DEFINITIONAL_REPRESENTATION('',(#5795),#5798);
#5795 = B_SPLINE_CURVE_WITH_KNOTS('',1,(#5796,#5797),.UNSPECIFIED.,.F.,
  .F.,(2,2),(-6.5,21.5),.PIECEWISE_BEZIER_KNOTS.);
#5796 = CARTESIAN_POINT('',(-14.,-0.8));
#5797 = CARTESIAN_POINT('',(14.,-0.8));
#5798 = ( GEOMETRIC_REPRESENTATION_CONTEXT(2) 
PARAMETRIC_REPRESENTATION_CONTEXT() REPRESENTATION_CONTEXT('2D SPACE',''
  ) );
#5799 = ORIENTED_EDGE('',*,*,#5800,.T.);
#5800 = EDGE_CURVE('',#5780,#5801,#5803,.T.);
#5801 = VERTEX_POINT('',#5802);
#5802 = CARTESIAN_POINT('',(24.268857754045,-0.8,6.5));
#5803 = SURFACE_CURVE('',#5804,(#5808,#5814),.PCURVE_S1.);
#5804 = LINE('',#5805,#5806);
#5805 = CARTESIAN_POINT('',(7.5,-0.8,6.5));
#5806 = VECTOR('',#5807,1.);
#5807 = DIRECTION('',(1.,0.,-0.));
#5808 = PCURVE('',#202,#5809);
#5809 = DEFINITIONAL_REPRESENTATION('',(#5810),#5813);
#5810 = B_SPLINE_CURVE_WITH_KNOTS('',1,(#5811,#5812),.UNSPECIFIED.,.F.,
  .F.,(2,2),(-6.5,21.5),.PIECEWISE_BEZIER_KNOTS.);
#5811 = CARTESIAN_POINT('',(6.5,1.));
#5812 = CARTESIAN_POINT('',(6.5,29.));
#5813 = ( GEOMETRIC_REPRESENTATION_CONTEXT(2) 
PARAMETRIC_REPRESENTATION_CONTEXT() REPRESENTATION_CONTEXT('2D SPACE',''
  ) );
#5814 = PCURVE('',#5815,#5820);
#5815 = PLANE('',#5816);
#5816 = AXIS2_PLACEMENT_3D('',#5817,#5818,#5819);
#5817 = CARTESIAN_POINT('',(23.,-4.255667768225E-18,6.5));
#5818 = DIRECTION('',(0.,0.,1.));
#5819 = DIRECTION('',(1.,0.,0.));
#5820 = DEFINITIONAL_REPRESENTATION('',(#5821),#5825);
#5821 = LINE('',#5822,#5823);
#5822 = CARTESIAN_POINT('',(-15.5,-0.8));
#5823 = VECTOR('',#5824,1.);
#5824 = DIRECTION('',(1.,0.));
#5825 = ( GEOMETRIC_REPRESENTATION_CONTEXT(2) 
PARAMETRIC_REPRESENTATION_CONTEXT() REPRESENTATION_CONTEXT('2D SPACE',''
  ) );
#5826 = ORIENTED_EDGE('',*,*,#5827,.T.);
#5827 = EDGE_CURVE('',#5801,#4744,#5828,.T.);
#5828 = SURFACE_CURVE('',#5829,(#5833,#5839),.PCURVE_S1.);
#5829 = LINE('',#5830,#5831);
#5830 = CARTESIAN_POINT('',(7.5,-0.8,6.5));
#5831 = VECTOR('',#5832,1.);
#5832 = DIRECTION('',(1.,0.,-0.));
#5833 = PCURVE('',#202,#5834);
#5834 = DEFINITIONAL_REPRESENTATION('',(#5835),#5838);
#5835 = B_SPLINE_CURVE_WITH_KNOTS('',1,(#5836,#5837),.UNSPECIFIED.,.F.,
  .F.,(2,2),(-6.5,21.5),.PIECEWISE_BEZIER_KNOTS.);
#5836 = CARTESIAN_POINT('',(6.5,1.));
#5837 = CARTESIAN_POINT('',(6.5,29.));
#5838 = ( GEOMETRIC_REPRESENTATION_CONTEXT(2) 
PARAMETRIC_REPRESENTATION_CONTEXT() REPRESENTATION_CONTEXT('2D SPACE',''
  ) );
#5839 = PCURVE('',#2041,#5840);
#5840 = DEFINITIONAL_REPRESENTATION('',(#5841),#5844);
#5841 = B_SPLINE_CURVE_WITH_KNOTS('',1,(#5842,#5843),.UNSPECIFIED.,.F.,
  .F.,(2,2),(-6.5,21.5),.PIECEWISE_BEZIER_KNOTS.);
#5842 = CARTESIAN_POINT('',(-14.,-0.8));
#5843 = CARTESIAN_POINT('',(14.,-0.8));
#5844 = ( GEOMETRIC_REPRESENTATION_CONTEXT(2) 
PARAMETRIC_REPRESENTATION_CONTEXT() REPRESENTATION_CONTEXT('2D SPACE',''
  ) );
#5845 = ORIENTED_EDGE('',*,*,#4743,.F.);
#5846 = ADVANCED_FACE('',(#5847),#455,.T.);
#5847 = FACE_BOUND('',#5848,.F.);
#5848 = EDGE_LOOP('',(#5849,#5850,#5851,#5852));
#5849 = ORIENTED_EDGE('',*,*,#4987,.F.);
#5850 = ORIENTED_EDGE('',*,*,#438,.T.);
#5851 = ORIENTED_EDGE('',*,*,#5153,.T.);
#5852 = ORIENTED_EDGE('',*,*,#5853,.F.);
#5853 = EDGE_CURVE('',#4988,#5133,#5854,.T.);
#5854 = SURFACE_CURVE('',#5855,(#5860,#5867),.PCURVE_S1.);
#5855 = CIRCLE('',#5856,14.);
#5856 = AXIS2_PLACEMENT_3D('',#5857,#5858,#5859);
#5857 = CARTESIAN_POINT('',(15.,0.,6.5));
#5858 = DIRECTION('',(0.,0.,1.));
#5859 = DIRECTION('',(1.,0.,0.));
#5860 = PCURVE('',#455,#5861);
#5861 = DEFINITIONAL_REPRESENTATION('',(#5862),#5866);
#5862 = LINE('',#5863,#5864);
#5863 = CARTESIAN_POINT('',(-0.,1.570796326795));
#5864 = VECTOR('',#5865,1.);
#5865 = DIRECTION('',(-1.,0.));
#5866 = ( GEOMETRIC_REPRESENTATION_CONTEXT(2) 
PARAMETRIC_REPRESENTATION_CONTEXT() REPRESENTATION_CONTEXT('2D SPACE',''
  ) );
#5867 = PCURVE('',#5094,#5868);
#5868 = DEFINITIONAL_REPRESENTATION('',(#5869),#5873);
#5869 = CIRCLE('',#5870,14.);
#5870 = AXIS2_PLACEMENT_2D('',#5871,#5872);
#5871 = CARTESIAN_POINT('',(0.,0.));
#5872 = DIRECTION('',(1.,0.));
#5873 = ( GEOMETRIC_REPRESENTATION_CONTEXT(2) 
PARAMETRIC_REPRESENTATION_CONTEXT() REPRESENTATION_CONTEXT('2D SPACE',''
  ) );
#5874 = ADVANCED_FACE('',(#5875),#230,.T.);
#5875 = FACE_BOUND('',#5876,.T.);
#5876 = EDGE_LOOP('',(#5877,#5900,#5901,#5902,#5903));
#5877 = ORIENTED_EDGE('',*,*,#5878,.F.);
#5878 = EDGE_CURVE('',#294,#5879,#5881,.T.);
#5879 = VERTEX_POINT('',#5880);
#5880 = CARTESIAN_POINT('',(32.,0.8,13.5));
#5881 = SURFACE_CURVE('',#5882,(#5886,#5893),.PCURVE_S1.);
#5882 = LINE('',#5883,#5884);
#5883 = CARTESIAN_POINT('',(0.,0.8,13.5));
#5884 = VECTOR('',#5885,1.);
#5885 = DIRECTION('',(1.,0.,-0.));
#5886 = PCURVE('',#230,#5887);
#5887 = DEFINITIONAL_REPRESENTATION('',(#5888),#5892);
#5888 = LINE('',#5889,#5890);
#5889 = CARTESIAN_POINT('',(0.,1.6));
#5890 = VECTOR('',#5891,1.);
#5891 = DIRECTION('',(1.,0.));
#5892 = ( GEOMETRIC_REPRESENTATION_CONTEXT(2) 
PARAMETRIC_REPRESENTATION_CONTEXT() REPRESENTATION_CONTEXT('2D SPACE',''
  ) );
#5893 = PCURVE('',#332,#5894);
#5894 = DEFINITIONAL_REPRESENTATION('',(#5895),#5899);
#5895 = LINE('',#5896,#5897);
#5896 = CARTESIAN_POINT('',(13.5,0.));
#5897 = VECTOR('',#5898,1.);
#5898 = DIRECTION('',(0.,1.));
#5899 = ( GEOMETRIC_REPRESENTATION_CONTEXT(2) 
PARAMETRIC_REPRESENTATION_CONTEXT() REPRESENTATION_CONTEXT('2D SPACE',''
  ) );
#5900 = ORIENTED_EDGE('',*,*,#293,.F.);
#5901 = ORIENTED_EDGE('',*,*,#213,.F.);
#5902 = ORIENTED_EDGE('',*,*,#5574,.T.);
#5903 = ORIENTED_EDGE('',*,*,#5904,.T.);
#5904 = EDGE_CURVE('',#5575,#5879,#5905,.T.);
#5905 = SURFACE_CURVE('',#5906,(#5910,#5917),.PCURVE_S1.);
#5906 = LINE('',#5907,#5908);
#5907 = CARTESIAN_POINT('',(32.,-0.8,13.5));
#5908 = VECTOR('',#5909,1.);
#5909 = DIRECTION('',(-0.,1.,0.));
#5910 = PCURVE('',#230,#5911);
#5911 = DEFINITIONAL_REPRESENTATION('',(#5912),#5916);
#5912 = LINE('',#5913,#5914);
#5913 = CARTESIAN_POINT('',(32.,0.));
#5914 = VECTOR('',#5915,1.);
#5915 = DIRECTION('',(0.,1.));
#5916 = ( GEOMETRIC_REPRESENTATION_CONTEXT(2) 
PARAMETRIC_REPRESENTATION_CONTEXT() REPRESENTATION_CONTEXT('2D SPACE',''
  ) );
#5917 = PCURVE('',#5613,#5918);
#5918 = DEFINITIONAL_REPRESENTATION('',(#5919),#5923);
#5919 = LINE('',#5920,#5921);
#5920 = CARTESIAN_POINT('',(13.5,0.));
#5921 = VECTOR('',#5922,1.);
#5922 = DIRECTION('',(0.,-1.));
#5923 = ( GEOMETRIC_REPRESENTATION_CONTEXT(2) 
PARAMETRIC_REPRESENTATION_CONTEXT() REPRESENTATION_CONTEXT('2D SPACE',''
  ) );
#5924 = ADVANCED_FACE('',(#5925),#387,.T.);
#5925 = FACE_BOUND('',#5926,.T.);
#5926 = EDGE_LOOP('',(#5927,#5948,#5949,#5950,#7980));
#5927 = ORIENTED_EDGE('',*,*,#5928,.F.);
#5928 = EDGE_CURVE('',#4940,#5929,#5931,.T.);
#5929 = VERTEX_POINT('',#5930);
#5930 = CARTESIAN_POINT('',(30.,0.8,-8.261355820929));
#5931 = SURFACE_CURVE('',#5932,(#5936,#5942),.PCURVE_S1.);
#5932 = LINE('',#5933,#5934);
#5933 = CARTESIAN_POINT('',(30.,0.8,-6.25));
#5934 = VECTOR('',#5935,1.);
#5935 = DIRECTION('',(0.,0.,1.));
#5936 = PCURVE('',#387,#5937);
#5937 = DEFINITIONAL_REPRESENTATION('',(#5938),#5941);
#5938 = B_SPLINE_CURVE_WITH_KNOTS('',1,(#5939,#5940),.UNSPECIFIED.,.F.,
  .F.,(2,2),(-5.25,7.25),.PIECEWISE_BEZIER_KNOTS.);
#5939 = CARTESIAN_POINT('',(0.8,-11.5));
#5940 = CARTESIAN_POINT('',(0.8,1.));
#5941 = ( GEOMETRIC_REPRESENTATION_CONTEXT(2) 
PARAMETRIC_REPRESENTATION_CONTEXT() REPRESENTATION_CONTEXT('2D SPACE',''
  ) );
#5942 = PCURVE('',#4700,#5943);
#5943 = DEFINITIONAL_REPRESENTATION('',(#5944),#5947);
#5944 = B_SPLINE_CURVE_WITH_KNOTS('',1,(#5945,#5946),.UNSPECIFIED.,.F.,
  .F.,(2,2),(-5.25,7.25),.PIECEWISE_BEZIER_KNOTS.);
#5945 = CARTESIAN_POINT('',(1.,31.));
#5946 = CARTESIAN_POINT('',(13.5,31.));
#5947 = ( GEOMETRIC_REPRESENTATION_CONTEXT(2) 
PARAMETRIC_REPRESENTATION_CONTEXT() REPRESENTATION_CONTEXT('2D SPACE',''
  ) );
#5948 = ORIENTED_EDGE('',*,*,#4960,.F.);
#5949 = ORIENTED_EDGE('',*,*,#372,.F.);
#5950 = ORIENTED_EDGE('',*,*,#5951,.T.);
#5951 = EDGE_CURVE('',#344,#5952,#5954,.T.);
#5952 = VERTEX_POINT('',#5953);
#5953 = CARTESIAN_POINT('',(30.,4.077766849767,7.229233536063));
#5954 = SURFACE_CURVE('',#5955,(#6628,#7304),.PCURVE_S1.);
#5955 = B_SPLINE_CURVE_WITH_KNOTS('',1,(#5956,#5957,#5958,#5959,#5960,
    #5961,#5962,#5963,#5964,#5965,#5966,#5967,#5968,#5969,#5970,#5971,
    #5972,#5973,#5974,#5975,#5976,#5977,#5978,#5979,#5980,#5981,#5982,
    #5983,#5984,#5985,#5986,#5987,#5988,#5989,#5990,#5991,#5992,#5993,
    #5994,#5995,#5996,#5997,#5998,#5999,#6000,#6001,#6002,#6003,#6004,
    #6005,#6006,#6007,#6008,#6009,#6010,#6011,#6012,#6013,#6014,#6015,
    #6016,#6017,#6018,#6019,#6020,#6021,#6022,#6023,#6024,#6025,#6026,
    #6027,#6028,#6029,#6030,#6031,#6032,#6033,#6034,#6035,#6036,#6037,
    #6038,#6039,#6040,#6041,#6042,#6043,#6044,#6045,#6046,#6047,#6048,
    #6049,#6050,#6051,#6052,#6053,#6054,#6055,#6056,#6057,#6058,#6059,
    #6060,#6061,#6062,#6063,#6064,#6065,#6066,#6067,#6068,#6069,#6070,
    #6071,#6072,#6073,#6074,#6075,#6076,#6077,#6078,#6079,#6080,#6081,
    #6082,#6083,#6084,#6085,#6086,#6087,#6088,#6089,#6090,#6091,#6092,
    #6093,#6094,#6095,#6096,#6097,#6098,#6099,#6100,#6101,#6102,#6103,
    #6104,#6105,#6106,#6107,#6108,#6109,#6110,#6111,#6112,#6113,#6114,
    #6115,#6116,#6117,#6118,#6119,#6120,#6121,#6122,#6123,#6124,#6125,
    #6126,#6127,#6128,#6129,#6130,#6131,#6132,#6133,#6134,#6135,#6136,
    #6137,#6138,#6139,#6140,#6141,#6142,#6143,#6144,#6145,#6146,#6147,
    #6148,#6149,#6150,#6151,#6152,#6153,#6154,#6155,#6156,#6157,#6158,
    #6159,#6160,#6161,#6162,#6163,#6164,#6165,#6166,#6167,#6168,#6169,
    #6170,#6171,#6172,#6173,#6174,#6175,#6176,#6177,#6178,#6179,#6180,
    #6181,#6182,#6183,#6184,#6185,#6186,#6187,#6188,#6189,#6190,#6191,
    #6192,#6193,#6194,#6195,#6196,#6197,#6198,#6199,#6200,#6201,#6202,
    #6203,#6204,#6205,#6206,#6207,#6208,#6209,#6210,#6211,#6212,#6213,
    #6214,#6215,#6216,#6217,#6218,#6219,#6220,#6221,#6222,#6223,#6224,
    #6225,#6226,#6227,#6228,#6229,#6230,#6231,#6232,#6233,#6234,#6235,
    #6236,#6237,#6238,#6239,#6240,#6241,#6242,#6243,#6244,#6245,#6246,
    #6247,#6248,#6249,#6250,#6251,#6252,#6253,#6254,#6255,#6256,#6257,
    #6258,#6259,#6260,#6261,#6262,#6263,#6264,#6265,#6266,#6267,#6268,
    #6269,#6270,#6271,#6272,#6273,#6274,#6275,#6276,#6277,#6278,#6279,
    #6280,#6281,#6282,#6283,#6284,#6285,#6286,#6287,#6288,#6289,#6290,
    #6291,#6292,#6293,#6294,#6295,#6296,#6297,#6298,#6299,#6300,#6301,
    #6302,#6303,#6304,#6305,#6306,#6307,#6308,#6309,#6310,#6311,#6312,
    #6313,#6314,#6315,#6316,#6317,#6318,#6319,#6320,#6321,#6322,#6323,
    #6324,#6325,#6326,#6327,#6328,#6329,#6330,#6331,#6332,#6333,#6334,
    #6335,#6336,#6337,#6338,#6339,#6340,#6341,#6342,#6343,#6344,#6345,
    #6346,#6347,#6348,#6349,#6350,#6351,#6352,#6353,#6354,#6355,#6356,
    #6357,#6358,#6359,#6360,#6361,#6362,#6363,#6364,#6365,#6366,#6367,
    #6368,#6369,#6370,#6371,#6372,#6373,#6374,#6375,#6376,#6377,#6378,
    #6379,#6380,#6381,#6382,#6383,#6384,#6385,#6386,#6387,#6388,#6389,
    #6390,#6391,#6392,#6393,#6394,#6395,#6396,#6397,#6398,#6399,#6400,
    #6401,#6402,#6403,#6404,#6405,#6406,#6407,#6408,#6409,#6410,#6411,
    #6412,#6413,#6414,#6415,#6416,#6417,#6418,#6419,#6420,#6421,#6422,
    #6423,#6424,#6425,#6426,#6427,#6428,#6429,#6430,#6431,#6432,#6433,
    #6434,#6435,#6436,#6437,#6438,#6439,#6440,#6441,#6442,#6443,#6444,
    #6445,#6446,#6447,#6448,#6449,#6450,#6451,#6452,#6453,#6454,#6455,
    #6456,#6457,#6458,#6459,#6460,#6461,#6462,#6463,#6464,#6465,#6466,
    #6467,#6468,#6469,#6470,#6471,#6472,#6473,#6474,#6475,#6476,#6477,
    #6478,#6479,#6480,#6481,#6482,#6483,#6484,#6485,#6486,#6487,#6488,
    #6489,#6490,#6491,#6492,#6493,#6494,#6495,#6496,#6497,#6498,#6499,
    #6500,#6501,#6502,#6503,#6504,#6505,#6506,#6507,#6508,#6509,#6510,
    #6511,#6512,#6513,#6514,#6515,#6516,#6517,#6518,#6519,#6520,#6521,
    #6522,#6523,#6524,#6525,#6526,#6527,#6528,#6529,#6530,#6531,#6532,
    #6533,#6534,#6535,#6536,#6537,#6538,#6539,#6540,#6541,#6542,#6543,
    #6544,#6545,#6546,#6547,#6548,#6549,#6550,#6551,#6552,#6553,#6554,
    #6555,#6556,#6557,#6558,#6559,#6560,#6561,#6562,#6563,#6564,#6565,
    #6566,#6567,#6568,#6569,#6570,#6571,#6572,#6573,#6574,#6575,#6576,
    #6577,#6578,#6579,#6580,#6581,#6582,#6583,#6584,#6585,#6586,#6587,
    #6588,#6589,#6590,#6591,#6592,#6593,#6594,#6595,#6596,#6597,#6598,
    #6599,#6600,#6601,#6602,#6603,#6604,#6605,#6606,#6607,#6608,#6609,
    #6610,#6611,#6612,#6613,#6614,#6615,#6616,#6617,#6618,#6619,#6620,
    #6621,#6622,#6623,#6624,#6625,#6626,#6627),.UNSPECIFIED.,.F.,.F.,(2,
    1,1,1,1,1,1,1,1,1,1,1,1,1,1,1,1,1,1,1,1,1,1,1,1,1,1,1,1,1,1,1,1,1,1,
    1,1,1,1,1,1,1,1,1,1,1,1,1,1,1,1,1,1,1,1,1,1,1,1,1,1,1,1,1,1,1,1,1,1,
    1,1,1,1,1,1,1,1,1,1,1,1,1,1,1,1,1,1,1,1,1,1,1,1,1,1,1,1,1,1,1,1,1,1,
    1,1,1,1,1,1,1,1,1,1,1,1,1,1,1,1,1,1,1,1,1,1,1,1,1,1,1,1,1,1,1,1,1,1,
    1,1,1,1,1,1,1,1,1,1,1,1,1,1,1,1,1,1,1,1,1,1,1,1,1,1,1,1,1,1,1,1,1,1,
    1,1,1,1,1,1,1,1,1,1,1,1,1,1,1,1,1,1,1,1,1,1,1,1,1,1,1,1,1,1,1,1,1,1,
    1,1,1,1,1,1,1,1,1,1,1,1,1,1,1,1,1,1,1,1,1,1,1,1,1,1,1,1,1,1,1,1,1,1,
    1,1,1,1,1,1,1,1,1,1,1,1,1,1,1,1,1,1,1,1,1,1,1,1,1,1,1,1,1,1,1,1,1,1,
    1,1,1,1,1,1,1,1,1,1,1,1,1,1,1,1,1,1,1,1,1,1,1,1,1,1,1,1,1,1,1,1,1,1,
    1,1,1,1,1,1,1,1,1,1,1,1,1,1,1,1,1,1,1,1,1,1,1,1,1,1,1,1,1,1,1,1,1,1,
    1,1,1,1,1,1,1,1,1,1,1,1,1,1,1,1,1,1,1,1,1,1,1,1,1,1,1,1,1,1,1,1,1,1,
    1,1,1,1,1,1,1,1,1,1,1,1,1,1,1,1,1,1,1,1,1,1,1,1,1,1,1,1,1,1,1,1,1,1,
    1,1,1,1,1,1,1,1,1,1,1,1,1,1,1,1,1,1,1,1,1,1,1,1,1,1,1,1,1,1,1,1,1,1,
    1,1,1,1,1,1,1,1,1,1,1,1,1,1,1,1,1,1,1,1,1,1,1,1,1,1,1,1,1,1,1,1,1,1,
    1,1,1,1,1,1,1,1,1,1,1,1,1,1,1,1,1,1,1,1,1,1,1,1,1,1,1,1,1,1,1,1,1,1,
    1,1,1,1,1,1,1,1,1,1,1,1,1,1,1,1,1,1,1,1,1,1,1,1,1,1,1,1,1,1,1,1,1,1,
    1,1,1,1,1,1,1,1,1,1,1,1,1,1,1,1,1,1,1,1,1,1,1,1,1,1,1,1,1,1,1,1,1,1,
    1,1,1,1,1,1,1,1,1,1,1,1,1,1,1,1,1,1,1,1,1,1,1,1,1,1,1,1,1,1,1,1,1,1,
    1,1,1,1,1,1,1,1,1,1,1,1,1,1,1,1,1,1,1,1,1,1,1,1,1,1,1,1,1,1,1,1,1,1,
    1,1,1,1,1,1,1,1,1,1,1,1,1,1,1,1,1,1,1,1,1,1,1,1,2),(0.,1.,2.,3.,4.,
    5.,6.,7.,8.,9.,10.,11.,12.,13.,14.,15.,16.,17.,18.,19.,20.,21.,22.,
    23.,24.,25.,26.,27.,28.,29.,30.,31.,32.,33.,34.,35.,36.,37.,38.,39.,
    40.,41.,42.,43.,44.,45.,46.,47.,48.,49.,50.,51.,52.,53.,54.,55.,56.,
    57.,58.,59.,60.,61.,62.,63.,64.,65.,66.,67.,68.,69.,70.,71.,72.,73.,
    74.,75.,76.,77.,78.,79.,80.,81.,82.,83.,84.,85.,86.,87.,88.,89.,90.,
    91.,92.,93.,94.,95.,96.,97.,98.,99.,100.,101.,102.,103.,104.,105.,
    106.,107.,108.,109.,110.,111.,112.,113.,114.,115.,116.,117.,118.,
    119.,120.,121.,122.,123.,124.,125.,126.,127.,128.,129.,130.,131.,
    132.,133.,134.,135.,136.,137.,138.,139.,140.,141.,142.,143.,144.,
    145.,146.,147.,148.,149.,150.,151.,152.,153.,154.,155.,156.,157.,
    158.,159.,160.,161.,162.,163.,164.,165.,166.,167.,168.,169.,170.,
    171.,172.,173.,174.,175.,176.,177.,178.,179.,180.,181.,182.,183.,
    184.,185.,186.,187.,188.,189.,190.,191.,192.,193.,194.,195.,196.,
    197.,198.,199.,200.,201.,202.,203.,204.,205.,206.,207.,208.,209.,
    210.,211.,212.,213.,214.,215.,216.,217.,218.,219.,220.,221.,222.,
    223.,224.,225.,226.,227.,228.,229.,230.,231.,232.,233.,234.,235.,
    236.,237.,238.,239.,240.,241.,242.,243.,244.,245.,246.,247.,248.,
    249.,250.,251.,252.,253.,254.,255.,256.,257.,258.,259.,260.,261.,
    262.,263.,264.,265.,266.,267.,268.,269.,270.,271.,272.,273.,274.,
    275.,276.,277.,278.,279.,280.,281.,282.,283.,284.,285.,286.,287.,
    288.,289.,290.,291.,292.,293.,294.,295.,296.,297.,298.,299.,300.,
    301.,302.,303.,304.,305.,306.,307.,308.,309.,310.,311.,312.,313.,
    314.,315.,316.,317.,318.,319.,320.,321.,322.,323.,324.,325.,326.,
    327.,328.,329.,330.,331.,332.,333.,334.,335.,336.,337.,338.,339.,
    340.,341.,342.,343.,344.,345.,346.,347.,348.,349.,350.,351.,352.,
    353.,354.,355.,356.,357.,358.,359.,360.,361.,362.,363.,364.,365.,
    366.,367.,368.,369.,370.,371.,372.,373.,374.,375.,376.,377.,378.,
    379.,380.,381.,382.,383.,384.,385.,386.,387.,388.,389.,390.,391.,
    392.,393.,394.,395.,396.,397.,398.,399.,400.,401.,402.,403.,404.,
    405.,406.,407.,408.,409.,410.,411.,412.,413.,414.,415.,416.,417.,
    418.,419.,420.,421.,422.,423.,424.,425.,426.,427.,428.,429.,430.,
    431.,432.,433.,434.,435.,436.,437.,438.,439.,440.,441.,442.,443.,
    444.,445.,446.,447.,448.,449.,450.,451.,452.,453.,454.,455.,456.,
    457.,458.,459.,460.,461.,462.,463.,464.,465.,466.,467.,468.,469.,
    470.,471.,472.,473.,474.,475.,476.,477.,478.,479.,480.,481.,482.,
    483.,484.,485.,486.,487.,488.,489.,490.,491.,492.,493.,494.,495.,
    496.,497.,498.,499.,500.,501.,502.,503.,504.,505.,506.,507.,508.,
    509.,510.,511.,512.,513.,514.,515.,516.,517.,518.,519.,520.,521.,
    522.,523.,524.,525.,526.,527.,528.,529.,530.,531.,532.,533.,534.,
    535.,536.,537.,538.,539.,540.,541.,542.,543.,544.,545.,546.,547.,
    548.,549.,550.,551.,552.,553.,554.,555.,556.,557.,558.,559.,560.,
    561.,562.,563.,564.,565.,566.,567.,568.,569.,570.,571.,572.,573.,
    574.,575.,576.,577.,578.,579.,580.,581.,582.,583.,584.,585.,586.,
    587.,588.,589.,590.,591.,592.,593.,594.,595.,596.,597.,598.,599.,
    600.,601.,602.,603.,604.,605.,606.,607.,608.,609.,610.,611.,612.,
    613.,614.,615.,616.,617.,618.,619.,620.,621.,622.,623.,624.,625.,
    626.,627.,628.,629.,630.,631.,632.,633.,634.,635.,636.,637.,638.,
    639.,640.,641.,642.,643.,644.,645.,646.,647.,648.,649.,650.,651.,
    652.,653.,654.,655.,656.,657.,658.,659.,660.,661.,662.,663.,664.,
    665.,666.,667.,668.,669.,670.,671.),.PIECEWISE_BEZIER_KNOTS.);
#5956 = CARTESIAN_POINT('',(30.,5.56776436283,8.5));
#5957 = CARTESIAN_POINT('',(30.,5.567757272296,8.496858409078));
#5958 = CARTESIAN_POINT('',(30.,5.567742648068,8.494502222181));
#5959 = CARTESIAN_POINT('',(30.,5.567715171668,8.491725301184));
#5960 = CARTESIAN_POINT('',(30.,5.567670728966,8.488583748516));
#5961 = CARTESIAN_POINT('',(30.,5.567612104818,8.485442224457));
#5962 = CARTESIAN_POINT('',(30.,5.567539298982,8.482300736757));
#5963 = CARTESIAN_POINT('',(30.,5.567452311154,8.479159293168));
#5964 = CARTESIAN_POINT('',(30.,5.56735114097,8.476017901441));
#5965 = CARTESIAN_POINT('',(30.,5.567235788006,8.472876569327));
#5966 = CARTESIAN_POINT('',(30.,5.567106251779,8.469735304577));
#5967 = CARTESIAN_POINT('',(30.,5.566962531743,8.466594114942));
#5968 = CARTESIAN_POINT('',(30.,5.566804627293,8.463453008172));
#5969 = CARTESIAN_POINT('',(30.,5.566632537765,8.460311992019));
#5970 = CARTESIAN_POINT('',(30.,5.566446262432,8.457171074231));
#5971 = CARTESIAN_POINT('',(30.,5.566245800507,8.45403026256));
#5972 = CARTESIAN_POINT('',(30.,5.566031151145,8.450889564754));
#5973 = CARTESIAN_POINT('',(30.,5.565802313438,8.447748988564));
#5974 = CARTESIAN_POINT('',(30.,5.565559286418,8.444608541738));
#5975 = CARTESIAN_POINT('',(30.,5.565302069057,8.441468232025));
#5976 = CARTESIAN_POINT('',(30.,5.565030660266,8.438328067174));
#5977 = CARTESIAN_POINT('',(30.,5.564745058895,8.435188054933));
#5978 = CARTESIAN_POINT('',(30.,5.564445263733,8.432048203049));
#5979 = CARTESIAN_POINT('',(30.,5.56413127351,8.42890851927));
#5980 = CARTESIAN_POINT('',(30.,5.563803086894,8.425769011343));
#5981 = CARTESIAN_POINT('',(30.,5.56346070249,8.422629687014));
#5982 = CARTESIAN_POINT('',(30.,5.563104118847,8.41949055403));
#5983 = CARTESIAN_POINT('',(30.,5.562733334447,8.416351620136));
#5984 = CARTESIAN_POINT('',(30.,5.562348347717,8.413212893077));
#5985 = CARTESIAN_POINT('',(30.,5.561949157017,8.410074380598));
#5986 = CARTESIAN_POINT('',(30.,5.561535760651,8.406936090443));
#5987 = CARTESIAN_POINT('',(30.,5.561108156858,8.403798030356));
#5988 = CARTESIAN_POINT('',(30.,5.560666343817,8.400660208079));
#5989 = CARTESIAN_POINT('',(30.,5.560210319647,8.397522631355));
#5990 = CARTESIAN_POINT('',(30.,5.559740082402,8.394385307925));
#5991 = CARTESIAN_POINT('',(30.,5.559255630077,8.391248245532));
#5992 = CARTESIAN_POINT('',(30.,5.558756960606,8.388111451915));
#5993 = CARTESIAN_POINT('',(30.,5.558244071859,8.384974934814));
#5994 = CARTESIAN_POINT('',(30.,5.557716961644,8.381838701969));
#5995 = CARTESIAN_POINT('',(30.,5.55717562771,8.378702761118));
#5996 = CARTESIAN_POINT('',(30.,5.556620067741,8.375567119999));
#5997 = CARTESIAN_POINT('',(30.,5.556050279361,8.372431786349));
#5998 = CARTESIAN_POINT('',(30.,5.555466260129,8.369296767904));
#5999 = CARTESIAN_POINT('',(30.,5.554868007544,8.3661620724));
#6000 = CARTESIAN_POINT('',(30.,5.554255519043,8.363027707571));
#6001 = CARTESIAN_POINT('',(30.,5.553628791997,8.359893681152));
#6002 = CARTESIAN_POINT('',(30.,5.552987823719,8.356760000875));
#6003 = CARTESIAN_POINT('',(30.,5.552332611454,8.353626674473));
#6004 = CARTESIAN_POINT('',(30.,5.55166315239,8.350493709677));
#6005 = CARTESIAN_POINT('',(30.,5.550979443646,8.347361114218));
#6006 = CARTESIAN_POINT('',(30.,5.550281482282,8.344228895826));
#6007 = CARTESIAN_POINT('',(30.,5.549569265293,8.341097062228));
#6008 = CARTESIAN_POINT('',(30.,5.548842789611,8.337965621153));
#6009 = CARTESIAN_POINT('',(30.,5.548102052104,8.334834580327));
#6010 = CARTESIAN_POINT('',(30.,5.547347049578,8.331703947477));
#6011 = CARTESIAN_POINT('',(30.,5.546577778772,8.328573730327));
#6012 = CARTESIAN_POINT('',(30.,5.545794236364,8.3254439366));
#6013 = CARTESIAN_POINT('',(30.,5.544996418966,8.32231457402));
#6014 = CARTESIAN_POINT('',(30.,5.544184323127,8.319185650308));
#6015 = CARTESIAN_POINT('',(30.,5.543357945332,8.316057173185));
#6016 = CARTESIAN_POINT('',(30.,5.542517281998,8.31292915037));
#6017 = CARTESIAN_POINT('',(30.,5.541662329482,8.309801589581));
#6018 = CARTESIAN_POINT('',(30.,5.540793084074,8.306674498537));
#6019 = CARTESIAN_POINT('',(30.,5.539909541998,8.303547884952));
#6020 = CARTESIAN_POINT('',(30.,5.539011699413,8.300421756542));
#6021 = CARTESIAN_POINT('',(30.,5.538099552415,8.29729612102));
#6022 = CARTESIAN_POINT('',(30.,5.537173097033,8.294170986099));
#6023 = CARTESIAN_POINT('',(30.,5.536232329228,8.291046359491));
#6024 = CARTESIAN_POINT('',(30.,5.535277244899,8.287922248905));
#6025 = CARTESIAN_POINT('',(30.,5.534307839878,8.28479866205));
#6026 = CARTESIAN_POINT('',(30.,5.533324109927,8.281675606633));
#6027 = CARTESIAN_POINT('',(30.,5.532326050748,8.278553090362));
#6028 = CARTESIAN_POINT('',(30.,5.53131365797,8.275431120939));
#6029 = CARTESIAN_POINT('',(30.,5.53028692716,8.27230970607));
#6030 = CARTESIAN_POINT('',(30.,5.529245853816,8.269188853455));
#6031 = CARTESIAN_POINT('',(30.,5.528190433368,8.266068570797));
#6032 = CARTESIAN_POINT('',(30.,5.527120661181,8.262948865794));
#6033 = CARTESIAN_POINT('',(30.,5.526036532549,8.259829746144));
#6034 = CARTESIAN_POINT('',(30.,5.524938042702,8.256711219543));
#6035 = CARTESIAN_POINT('',(30.,5.5238251868,8.253593293688));
#6036 = CARTESIAN_POINT('',(30.,5.522697959934,8.25047597627));
#6037 = CARTESIAN_POINT('',(30.,5.521556357128,8.247359274983));
#6038 = CARTESIAN_POINT('',(30.,5.520400373337,8.244243197516));
#6039 = CARTESIAN_POINT('',(30.,5.519230003447,8.24112775156));
#6040 = CARTESIAN_POINT('',(30.,5.518045242275,8.2380129448));
#6041 = CARTESIAN_POINT('',(30.,5.516846084568,8.234898784924));
#6042 = CARTESIAN_POINT('',(30.,5.515632525005,8.231785279615));
#6043 = CARTESIAN_POINT('',(30.,5.514404558193,8.228672436557));
#6044 = CARTESIAN_POINT('',(30.,5.513162178671,8.22556026343));
#6045 = CARTESIAN_POINT('',(30.,5.511905380907,8.222448767913));
#6046 = CARTESIAN_POINT('',(30.,5.510634159298,8.219337957684));
#6047 = CARTESIAN_POINT('',(30.,5.50934850817,8.216227840421));
#6048 = CARTESIAN_POINT('',(30.,5.50804842178,8.213118423795));
#6049 = CARTESIAN_POINT('',(30.,5.506733894311,8.210009715482));
#6050 = CARTESIAN_POINT('',(30.,5.505404919877,8.20690172315));
#6051 = CARTESIAN_POINT('',(30.,5.504061492517,8.20379445447));
#6052 = CARTESIAN_POINT('',(30.,5.502703606202,8.200687917109));
#6053 = CARTESIAN_POINT('',(30.,5.501331254828,8.197582118732));
#6054 = CARTESIAN_POINT('',(30.,5.499944432219,8.194477067003));
#6055 = CARTESIAN_POINT('',(30.,5.498543132125,8.191372769584));
#6056 = CARTESIAN_POINT('',(30.,5.497127348224,8.188269234136));
#6057 = CARTESIAN_POINT('',(30.,5.495697074122,8.185166468315));
#6058 = CARTESIAN_POINT('',(30.,5.494252303349,8.182064479779));
#6059 = CARTESIAN_POINT('',(30.,5.492793029361,8.178963276181));
#6060 = CARTESIAN_POINT('',(30.,5.49131924554,8.175862865175));
#6061 = CARTESIAN_POINT('',(30.,5.489830945196,8.172763254411));
#6062 = CARTESIAN_POINT('',(30.,5.488328121559,8.169664451537));
#6063 = CARTESIAN_POINT('',(30.,5.486810767788,8.166566464199));
#6064 = CARTESIAN_POINT('',(30.,5.485278876965,8.163469300043));
#6065 = CARTESIAN_POINT('',(30.,5.483732442096,8.160372966711));
#6066 = CARTESIAN_POINT('',(30.,5.482171456111,8.157277471843));
#6067 = CARTESIAN_POINT('',(30.,5.480595911864,8.154182823078));
#6068 = CARTESIAN_POINT('',(30.,5.479005802131,8.151089028052));
#6069 = CARTESIAN_POINT('',(30.,5.477401119611,8.147996094399));
#6070 = CARTESIAN_POINT('',(30.,5.475781856927,8.144904029751));
#6071 = CARTESIAN_POINT('',(30.,5.474148006623,8.141812841739));
#6072 = CARTESIAN_POINT('',(30.,5.472499561164,8.138722537989));
#6073 = CARTESIAN_POINT('',(30.,5.47083651294,8.135633126129));
#6074 = CARTESIAN_POINT('',(30.,5.469158854257,8.13254461378));
#6075 = CARTESIAN_POINT('',(30.,5.467466577346,8.129457008565));
#6076 = CARTESIAN_POINT('',(30.,5.465759674356,8.126370318102));
#6077 = CARTESIAN_POINT('',(30.,5.464038137358,8.123284550008));
#6078 = CARTESIAN_POINT('',(30.,5.462301958341,8.120199711897));
#6079 = CARTESIAN_POINT('',(30.,5.460551129213,8.117115811383));
#6080 = CARTESIAN_POINT('',(30.,5.458785641804,8.114032856073));
#6081 = CARTESIAN_POINT('',(30.,5.457005487859,8.110950853577));
#6082 = CARTESIAN_POINT('',(30.,5.455210659043,8.1078698115));
#6083 = CARTESIAN_POINT('',(30.,5.453401146939,8.104789737443));
#6084 = CARTESIAN_POINT('',(30.,5.451576943047,8.101710639009));
#6085 = CARTESIAN_POINT('',(30.,5.449738038782,8.098632523794));
#6086 = CARTESIAN_POINT('',(30.,5.44788442548,8.095555399394));
#6087 = CARTESIAN_POINT('',(30.,5.446016094389,8.092479273403));
#6088 = CARTESIAN_POINT('',(30.,5.444133036675,8.089404153411));
#6089 = CARTESIAN_POINT('',(30.,5.44223524342,8.086330047007));
#6090 = CARTESIAN_POINT('',(30.,5.440322705618,8.083256961776));
#6091 = CARTESIAN_POINT('',(30.,5.438395414181,8.080184905302));
#6092 = CARTESIAN_POINT('',(30.,5.436453359932,8.077113885165));
#6093 = CARTESIAN_POINT('',(30.,5.43449653361,8.074043908944));
#6094 = CARTESIAN_POINT('',(30.,5.432524925866,8.070974984214));
#6095 = CARTESIAN_POINT('',(30.,5.430538527265,8.067907118549));
#6096 = CARTESIAN_POINT('',(30.,5.428537328282,8.064840319518));
#6097 = CARTESIAN_POINT('',(30.,5.426521319307,8.061774594689));
#6098 = CARTESIAN_POINT('',(30.,5.424490490638,8.058709951628));
#6099 = CARTESIAN_POINT('',(30.,5.422444832488,8.055646397898));
#6100 = CARTESIAN_POINT('',(30.,5.420384334976,8.052583941057));
#6101 = CARTESIAN_POINT('',(30.,5.418308988134,8.049522588664));
#6102 = CARTESIAN_POINT('',(30.,5.416218781904,8.046462348272));
#6103 = CARTESIAN_POINT('',(30.,5.414113706134,8.043403227433));
#6104 = CARTESIAN_POINT('',(30.,5.411993750584,8.040345233696));
#6105 = CARTESIAN_POINT('',(30.,5.409858904919,8.037288374608));
#6106 = CARTESIAN_POINT('',(30.,5.407709158714,8.034232657712));
#6107 = CARTESIAN_POINT('',(30.,5.405544501449,8.031178090547));
#6108 = CARTESIAN_POINT('',(30.,5.403364922513,8.028124680653));
#6109 = CARTESIAN_POINT('',(30.,5.401170411198,8.025072435563));
#6110 = CARTESIAN_POINT('',(30.,5.398960956705,8.02202136281));
#6111 = CARTESIAN_POINT('',(30.,5.396736548137,8.018971469923));
#6112 = CARTESIAN_POINT('',(30.,5.394497174503,8.015922764429));
#6113 = CARTESIAN_POINT('',(30.,5.392242824715,8.012875253849));
#6114 = CARTESIAN_POINT('',(30.,5.389973487589,8.009828945706));
#6115 = CARTESIAN_POINT('',(30.,5.387689151843,8.006783847516));
#6116 = CARTESIAN_POINT('',(30.,5.385389806099,8.003739966793));
#6117 = CARTESIAN_POINT('',(30.,5.38307543888,8.00069731105));
#6118 = CARTESIAN_POINT('',(30.,5.380746038607,7.997655887794));
#6119 = CARTESIAN_POINT('',(30.,5.378401593607,7.994615704531));
#6120 = CARTESIAN_POINT('',(30.,5.376042092103,7.991576768764));
#6121 = CARTESIAN_POINT('',(30.,5.373667522219,7.988539087991));
#6122 = CARTESIAN_POINT('',(30.,5.371277871976,7.985502669708));
#6123 = CARTESIAN_POINT('',(30.,5.368873129296,7.98246752141));
#6124 = CARTESIAN_POINT('',(30.,5.366453281996,7.979433650585));
#6125 = CARTESIAN_POINT('',(30.,5.364018317791,7.976401064721));
#6126 = CARTESIAN_POINT('',(30.,5.361568224293,7.973369771301));
#6127 = CARTESIAN_POINT('',(30.,5.359102989009,7.970339777806));
#6128 = CARTESIAN_POINT('',(30.,5.356622599341,7.967311091713));
#6129 = CARTESIAN_POINT('',(30.,5.354127042585,7.964283720496));
#6130 = CARTESIAN_POINT('',(30.,5.351616305932,7.961257671626));
#6131 = CARTESIAN_POINT('',(30.,5.349090376465,7.95823295257));
#6132 = CARTESIAN_POINT('',(30.,5.34654924116,7.955209570793));
#6133 = CARTESIAN_POINT('',(30.,5.343992886885,7.952187533756));
#6134 = CARTESIAN_POINT('',(30.,5.341421300399,7.949166848917));
#6135 = CARTESIAN_POINT('',(30.,5.338834468351,7.94614752373));
#6136 = CARTESIAN_POINT('',(30.,5.33623237728,7.943129565645));
#6137 = CARTESIAN_POINT('',(30.,5.333615013614,7.940112982111));
#6138 = CARTESIAN_POINT('',(30.,5.33098236367,7.937097780572));
#6139 = CARTESIAN_POINT('',(30.,5.328334413652,7.934083968469));
#6140 = CARTESIAN_POINT('',(30.,5.325671149651,7.93107155324));
#6141 = CARTESIAN_POINT('',(30.,5.322992557644,7.928060542318));
#6142 = CARTESIAN_POINT('',(30.,5.320298623495,7.925050943134));
#6143 = CARTESIAN_POINT('',(30.,5.31758933295,7.922042763115));
#6144 = CARTESIAN_POINT('',(30.,5.314864671642,7.919036009684));
#6145 = CARTESIAN_POINT('',(30.,5.312124625084,7.916030690263));
#6146 = CARTESIAN_POINT('',(30.,5.309369178675,7.913026812267));
#6147 = CARTESIAN_POINT('',(30.,5.306598317692,7.91002438311));
#6148 = CARTESIAN_POINT('',(30.,5.303812027296,7.907023410201));
#6149 = CARTESIAN_POINT('',(30.,5.301010292527,7.904023900946));
#6150 = CARTESIAN_POINT('',(30.,5.298193098303,7.901025862747));
#6151 = CARTESIAN_POINT('',(30.,5.295360429423,7.898029303003));
#6152 = CARTESIAN_POINT('',(30.,5.292512270562,7.89503422911));
#6153 = CARTESIAN_POINT('',(30.,5.289648606272,7.892040648458));
#6154 = CARTESIAN_POINT('',(30.,5.286769420982,7.889048568435));
#6155 = CARTESIAN_POINT('',(30.,5.283874698995,7.886057996425));
#6156 = CARTESIAN_POINT('',(30.,5.280964424488,7.883068939809));
#6157 = CARTESIAN_POINT('',(30.,5.278038581514,7.880081405964));
#6158 = CARTESIAN_POINT('',(30.,5.275097153997,7.877095402261));
#6159 = CARTESIAN_POINT('',(30.,5.272140125731,7.874110936071));
#6160 = CARTESIAN_POINT('',(30.,5.269167480385,7.871128014759));
#6161 = CARTESIAN_POINT('',(30.,5.266179201493,7.868146645685));
#6162 = CARTESIAN_POINT('',(30.,5.263175272462,7.865166836209));
#6163 = CARTESIAN_POINT('',(30.,5.260155676566,7.862188593683));
#6164 = CARTESIAN_POINT('',(30.,5.257120396945,7.859211925458));
#6165 = CARTESIAN_POINT('',(30.,5.254069416607,7.85623683888));
#6166 = CARTESIAN_POINT('',(30.,5.251002718425,7.853263341291));
#6167 = CARTESIAN_POINT('',(30.,5.247920285135,7.85029144003));
#6168 = CARTESIAN_POINT('',(30.,5.244822099337,7.847321142431));
#6169 = CARTESIAN_POINT('',(30.,5.241708143495,7.844352455825));
#6170 = CARTESIAN_POINT('',(30.,5.238578399932,7.841385387538));
#6171 = CARTESIAN_POINT('',(30.,5.235432850834,7.838419944892));
#6172 = CARTESIAN_POINT('',(30.,5.232271478245,7.835456135207));
#6173 = CARTESIAN_POINT('',(30.,5.229094264067,7.832493965796));
#6174 = CARTESIAN_POINT('',(30.,5.22590119006,7.829533443971));
#6175 = CARTESIAN_POINT('',(30.,5.22269223784,7.826574577038));
#6176 = CARTESIAN_POINT('',(30.,5.21946738888,7.823617372299));
#6177 = CARTESIAN_POINT('',(30.,5.216226624504,7.820661837053));
#6178 = CARTESIAN_POINT('',(30.,5.212969925893,7.817707978594));
#6179 = CARTESIAN_POINT('',(30.,5.209697274077,7.814755804211));
#6180 = CARTESIAN_POINT('',(30.,5.206408649939,7.811805321192));
#6181 = CARTESIAN_POINT('',(30.,5.20310403421,7.808856536817));
#6182 = CARTESIAN_POINT('',(30.,5.199783407471,7.805909458365));
#6183 = CARTESIAN_POINT('',(30.,5.19644675015,7.802964093108));
#6184 = CARTESIAN_POINT('',(30.,5.193094042524,7.800020448317));
#6185 = CARTESIAN_POINT('',(30.,5.18972526471,7.797078531256));
#6186 = CARTESIAN_POINT('',(30.,5.186340396675,7.794138349185));
#6187 = CARTESIAN_POINT('',(30.,5.182939418225,7.791199909362));
#6188 = CARTESIAN_POINT('',(30.,5.17952230901,7.788263219039));
#6189 = CARTESIAN_POINT('',(30.,5.176089048518,7.785328285463));
#6190 = CARTESIAN_POINT('',(30.,5.17263961608,7.782395115878));
#6191 = CARTESIAN_POINT('',(30.,5.169173990861,7.779463717524));
#6192 = CARTESIAN_POINT('',(30.,5.165692151866,7.776534097635));
#6193 = CARTESIAN_POINT('',(30.,5.162194077934,7.773606263442));
#6194 = CARTESIAN_POINT('',(30.,5.15867974774,7.770680222171));
#6195 = CARTESIAN_POINT('',(30.,5.155149139789,7.767755981044));
#6196 = CARTESIAN_POINT('',(30.,5.151602232421,7.764833547278));
#6197 = CARTESIAN_POINT('',(30.,5.148039003804,7.761912928087));
#6198 = CARTESIAN_POINT('',(30.,5.144459431936,7.758994130678));
#6199 = CARTESIAN_POINT('',(30.,5.140863494643,7.756077162255));
#6200 = CARTESIAN_POINT('',(30.,5.137251169576,7.753162030019));
#6201 = CARTESIAN_POINT('',(30.,5.133622434213,7.750248741163));
#6202 = CARTESIAN_POINT('',(30.,5.129977265854,7.747337302879));
#6203 = CARTESIAN_POINT('',(30.,5.126315641622,7.744427722352));
#6204 = CARTESIAN_POINT('',(30.,5.122637538459,7.741520006765));
#6205 = CARTESIAN_POINT('',(30.,5.11894293313,7.738614163292));
#6206 = CARTESIAN_POINT('',(30.,5.115231802213,7.735710199107));
#6207 = CARTESIAN_POINT('',(30.,5.111504122106,7.732808121378));
#6208 = CARTESIAN_POINT('',(30.,5.10775986902,7.729907937267));
#6209 = CARTESIAN_POINT('',(30.,5.103999018981,7.727009653932));
#6210 = CARTESIAN_POINT('',(30.,5.100221547824,7.724113278527));
#6211 = CARTESIAN_POINT('',(30.,5.096427431198,7.721218818201));
#6212 = CARTESIAN_POINT('',(30.,5.092616644557,7.718326280098));
#6213 = CARTESIAN_POINT('',(30.,5.088789163166,7.715435671358));
#6214 = CARTESIAN_POINT('',(30.,5.084944962091,7.712546999116));
#6215 = CARTESIAN_POINT('',(30.,5.081084016205,7.709660270501));
#6216 = CARTESIAN_POINT('',(30.,5.077206300184,7.706775492639));
#6217 = CARTESIAN_POINT('',(30.,5.073311788501,7.70389267265));
#6218 = CARTESIAN_POINT('',(30.,5.069400455433,7.701011817649));
#6219 = CARTESIAN_POINT('',(30.,5.065472275049,7.698132934749));
#6220 = CARTESIAN_POINT('',(30.,5.061527221216,7.695256031054));
#6221 = CARTESIAN_POINT('',(30.,5.057565267597,7.692381113666));
#6222 = CARTESIAN_POINT('',(30.,5.053586387643,7.689508189681));
#6223 = CARTESIAN_POINT('',(30.,5.049590554599,7.68663726619));
#6224 = CARTESIAN_POINT('',(30.,5.045577741495,7.683768350281));
#6225 = CARTESIAN_POINT('',(30.,5.041547921151,7.680901449034));
#6226 = CARTESIAN_POINT('',(30.,5.037501066169,7.678036569526));
#6227 = CARTESIAN_POINT('',(30.,5.033437148936,7.675173718828));
#6228 = CARTESIAN_POINT('',(30.,5.029356141621,7.672312904008));
#6229 = CARTESIAN_POINT('',(30.,5.025258016168,7.669454132127));
#6230 = CARTESIAN_POINT('',(30.,5.021142744304,7.666597410242));
#6231 = CARTESIAN_POINT('',(30.,5.017010297527,7.663742745404));
#6232 = CARTESIAN_POINT('',(30.,5.01286064711,7.66089014466));
#6233 = CARTESIAN_POINT('',(30.,5.008693764099,7.658039615051));
#6234 = CARTESIAN_POINT('',(30.,5.004509619306,7.655191163614));
#6235 = CARTESIAN_POINT('',(30.,5.000308183313,7.65234479738));
#6236 = CARTESIAN_POINT('',(30.,4.996089426468,7.649500523376));
#6237 = CARTESIAN_POINT('',(30.,4.991853318879,7.646658348622));
#6238 = CARTESIAN_POINT('',(30.,4.987599830418,7.643818280135));
#6239 = CARTESIAN_POINT('',(30.,4.983328930715,7.640980324925));
#6240 = CARTESIAN_POINT('',(30.,4.979040589157,7.638144489997));
#6241 = CARTESIAN_POINT('',(30.,4.974734774885,7.635310782354));
#6242 = CARTESIAN_POINT('',(30.,4.970411456795,7.632479208988));
#6243 = CARTESIAN_POINT('',(30.,4.966070603529,7.629649776891));
#6244 = CARTESIAN_POINT('',(30.,4.961712183482,7.626822493048));
#6245 = CARTESIAN_POINT('',(30.,4.957336164789,7.623997364436));
#6246 = CARTESIAN_POINT('',(30.,4.952942515334,7.621174398032));
#6247 = CARTESIAN_POINT('',(30.,4.948531202738,7.618353600804));
#6248 = CARTESIAN_POINT('',(30.,4.944102194362,7.615534979714));
#6249 = CARTESIAN_POINT('',(30.,4.939655457303,7.612718541722));
#6250 = CARTESIAN_POINT('',(30.,4.935190958393,7.609904293781));
#6251 = CARTESIAN_POINT('',(30.,4.930708664194,7.607092242837));
#6252 = CARTESIAN_POINT('',(30.,4.926208540997,7.604282395834));
#6253 = CARTESIAN_POINT('',(30.,4.921690554819,7.601474759707));
#6254 = CARTESIAN_POINT('',(30.,4.917154671402,7.598669341388));
#6255 = CARTESIAN_POINT('',(30.,4.912600856208,7.595866147803));
#6256 = CARTESIAN_POINT('',(30.,4.908029074418,7.593065185873));
#6257 = CARTESIAN_POINT('',(30.,4.903439290929,7.590266462512));
#6258 = CARTESIAN_POINT('',(30.,4.898831470351,7.587469984629));
#6259 = CARTESIAN_POINT('',(30.,4.894205577004,7.58467575913));
#6260 = CARTESIAN_POINT('',(30.,4.889561574916,7.581883792912));
#6261 = CARTESIAN_POINT('',(30.,4.884899427822,7.579094092868));
#6262 = CARTESIAN_POINT('',(30.,4.880219099155,7.576306665886));
#6263 = CARTESIAN_POINT('',(30.,4.87552055205,7.573521518848));
#6264 = CARTESIAN_POINT('',(30.,4.870803749339,7.570738658629));
#6265 = CARTESIAN_POINT('',(30.,4.866068653546,7.567958092101));
#6266 = CARTESIAN_POINT('',(30.,4.861315226884,7.565179826129));
#6267 = CARTESIAN_POINT('',(30.,4.856543431257,7.562403867571));
#6268 = CARTESIAN_POINT('',(30.,4.851753228251,7.559630223282));
#6269 = CARTESIAN_POINT('',(30.,4.846944579134,7.55685890011));
#6270 = CARTESIAN_POINT('',(30.,4.842117444853,7.554089904897));
#6271 = CARTESIAN_POINT('',(30.,4.837271786027,7.55132324448));
#6272 = CARTESIAN_POINT('',(30.,4.83240756295,7.54855892569));
#6273 = CARTESIAN_POINT('',(30.,4.827524735584,7.545796955353));
#6274 = CARTESIAN_POINT('',(30.,4.822623263555,7.543037340288));
#6275 = CARTESIAN_POINT('',(30.,4.817703106151,7.540280087308));
#6276 = CARTESIAN_POINT('',(30.,4.812764222322,7.537525203222));
#6277 = CARTESIAN_POINT('',(30.,4.807806570667,7.534772694832));
#6278 = CARTESIAN_POINT('',(30.,4.802830109443,7.532022568935));
#6279 = CARTESIAN_POINT('',(30.,4.797834796551,7.529274832321));
#6280 = CARTESIAN_POINT('',(30.,4.792820589537,7.526529491774));
#6281 = CARTESIAN_POINT('',(30.,4.787787445591,7.523786554074));
#6282 = CARTESIAN_POINT('',(30.,4.782735321536,7.521046025995));
#6283 = CARTESIAN_POINT('',(30.,4.777664173833,7.518307914302));
#6284 = CARTESIAN_POINT('',(30.,4.77257395857,7.515572225757));
#6285 = CARTESIAN_POINT('',(30.,4.767464631462,7.512838967116));
#6286 = CARTESIAN_POINT('',(30.,4.762336147845,7.510108145128));
#6287 = CARTESIAN_POINT('',(30.,4.757188462677,7.507379766536));
#6288 = CARTESIAN_POINT('',(30.,4.752021530526,7.504653838079));
#6289 = CARTESIAN_POINT('',(30.,4.746835305572,7.501930366486));
#6290 = CARTESIAN_POINT('',(30.,4.741629741604,7.499209358485));
#6291 = CARTESIAN_POINT('',(30.,4.736404792009,7.496490820794));
#6292 = CARTESIAN_POINT('',(30.,4.731160409775,7.493774760127));
#6293 = CARTESIAN_POINT('',(30.,4.725896547481,7.491061183192));
#6294 = CARTESIAN_POINT('',(30.,4.7206131573,7.488350096689));
#6295 = CARTESIAN_POINT('',(30.,4.715310190985,7.485641507314));
#6296 = CARTESIAN_POINT('',(30.,4.709987599873,7.482935421757));
#6297 = CARTESIAN_POINT('',(30.,4.704645334876,7.4802318467));
#6298 = CARTESIAN_POINT('',(30.,4.699283346479,7.47753078882));
#6299 = CARTESIAN_POINT('',(30.,4.693901584733,7.474832254788));
#6300 = CARTESIAN_POINT('',(30.,4.688499999251,7.472136251269));
#6301 = CARTESIAN_POINT('',(30.,4.683078539206,7.469442784921));
#6302 = CARTESIAN_POINT('',(30.,4.677637153322,7.466751862397));
#6303 = CARTESIAN_POINT('',(30.,4.672175789872,7.464063490343));
#6304 = CARTESIAN_POINT('',(30.,4.666694396671,7.461377675399));
#6305 = CARTESIAN_POINT('',(30.,4.661192921074,7.458694424198));
#6306 = CARTESIAN_POINT('',(30.,4.655671309968,7.456013743368));
#6307 = CARTESIAN_POINT('',(30.,4.650129509768,7.45333563953));
#6308 = CARTESIAN_POINT('',(30.,4.644567466413,7.450660119299));
#6309 = CARTESIAN_POINT('',(30.,4.638985125357,7.447987189283));
#6310 = CARTESIAN_POINT('',(30.,4.633382431568,7.445316856086));
#6311 = CARTESIAN_POINT('',(30.,4.627759329521,7.442649126302));
#6312 = CARTESIAN_POINT('',(30.,4.622115763192,7.439984006523));
#6313 = CARTESIAN_POINT('',(30.,4.616451676051,7.43732150333));
#6314 = CARTESIAN_POINT('',(30.,4.610767011058,7.4346616233));
#6315 = CARTESIAN_POINT('',(30.,4.605061710661,7.432004373006));
#6316 = CARTESIAN_POINT('',(30.,4.59933571678,7.42934975901));
#6317 = CARTESIAN_POINT('',(30.,4.593588970813,7.42669778787));
#6318 = CARTESIAN_POINT('',(30.,4.587821413622,7.424048466138));
#6319 = CARTESIAN_POINT('',(30.,4.582032985527,7.421401800359));
#6320 = CARTESIAN_POINT('',(30.,4.576223626307,7.418757797071));
#6321 = CARTESIAN_POINT('',(30.,4.570393275184,7.416116462806));
#6322 = CARTESIAN_POINT('',(30.,4.564541870823,7.41347780409));
#6323 = CARTESIAN_POINT('',(30.,4.558669351326,7.410841827442));
#6324 = CARTESIAN_POINT('',(30.,4.552775654219,7.408208539373));
#6325 = CARTESIAN_POINT('',(30.,4.546860716453,7.405577946391));
#6326 = CARTESIAN_POINT('',(30.,4.540924474393,7.402950054995));
#6327 = CARTESIAN_POINT('',(30.,4.534966863811,7.400324871677));
#6328 = CARTESIAN_POINT('',(30.,4.52898781988,7.397702402924));
#6329 = CARTESIAN_POINT('',(30.,4.522987277168,7.395082655215));
#6330 = CARTESIAN_POINT('',(30.,4.516965169629,7.392465635024));
#6331 = CARTESIAN_POINT('',(30.,4.510921430596,7.389851348818));
#6332 = CARTESIAN_POINT('',(30.,4.504855992773,7.387239803055));
#6333 = CARTESIAN_POINT('',(30.,4.498768788231,7.38463100419));
#6334 = CARTESIAN_POINT('',(30.,4.492659748395,7.382024958669));
#6335 = CARTESIAN_POINT('',(30.,4.48652880404,7.379421672933));
#6336 = CARTESIAN_POINT('',(30.,4.480375885282,7.376821153413));
#6337 = CARTESIAN_POINT('',(30.,4.474200921569,7.374223406537));
#6338 = CARTESIAN_POINT('',(30.,4.468003841677,7.371628438726));
#6339 = CARTESIAN_POINT('',(30.,4.461784573694,7.369036256391));
#6340 = CARTESIAN_POINT('',(30.,4.455543045018,7.366446865939));
#6341 = CARTESIAN_POINT('',(30.,4.449279182349,7.363860273771));
#6342 = CARTESIAN_POINT('',(30.,4.442992911674,7.361276486278));
#6343 = CARTESIAN_POINT('',(30.,4.436684158264,7.358695509848));
#6344 = CARTESIAN_POINT('',(30.,4.430352846662,7.356117350859));
#6345 = CARTESIAN_POINT('',(30.,4.423998900678,7.353542015684));
#6346 = CARTESIAN_POINT('',(30.,4.417622243373,7.350969510689));
#6347 = CARTESIAN_POINT('',(30.,4.411222797055,7.348399842233));
#6348 = CARTESIAN_POINT('',(30.,4.404800483268,7.345833016667));
#6349 = CARTESIAN_POINT('',(30.,4.398355222781,7.343269040337));
#6350 = CARTESIAN_POINT('',(30.,4.391886935581,7.340707919582));
#6351 = CARTESIAN_POINT('',(30.,4.385395540859,7.338149660732));
#6352 = CARTESIAN_POINT('',(30.,4.378880957003,7.335594270113));
#6353 = CARTESIAN_POINT('',(30.,4.372343101587,7.333041754042));
#6354 = CARTESIAN_POINT('',(30.,4.36578189136,7.33049211883));
#6355 = CARTESIAN_POINT('',(30.,4.359197242233,7.32794537078));
#6356 = CARTESIAN_POINT('',(30.,4.352589069274,7.325401516191));
#6357 = CARTESIAN_POINT('',(30.,4.34595728669,7.32286056135));
#6358 = CARTESIAN_POINT('',(30.,4.339301807822,7.320322512542));
#6359 = CARTESIAN_POINT('',(30.,4.332622545128,7.317787376043));
#6360 = CARTESIAN_POINT('',(30.,4.325919410176,7.315255158121));
#6361 = CARTESIAN_POINT('',(30.,4.319192313628,7.312725865038));
#6362 = CARTESIAN_POINT('',(30.,4.312441165231,7.31019950305));
#6363 = CARTESIAN_POINT('',(30.,4.305665873805,7.307676078404));
#6364 = CARTESIAN_POINT('',(30.,4.298866347227,7.305155597342));
#6365 = CARTESIAN_POINT('',(30.,4.292042492421,7.302638066097));
#6366 = CARTESIAN_POINT('',(30.,4.285194215347,7.300123490896));
#6367 = CARTESIAN_POINT('',(30.,4.278321420982,7.297611877959));
#6368 = CARTESIAN_POINT('',(30.,4.271424013312,7.295103233499));
#6369 = CARTESIAN_POINT('',(30.,4.264501895317,7.29259756372));
#6370 = CARTESIAN_POINT('',(30.,4.257554968955,7.290094874822));
#6371 = CARTESIAN_POINT('',(30.,4.250583135151,7.287595172996));
#6372 = CARTESIAN_POINT('',(30.,4.24358629378,7.285098464426));
#6373 = CARTESIAN_POINT('',(30.,4.236564343655,7.282604755289));
#6374 = CARTESIAN_POINT('',(30.,4.229517182509,7.280114051755));
#6375 = CARTESIAN_POINT('',(30.,4.222444706982,7.277626359986));
#6376 = CARTESIAN_POINT('',(30.,4.215346812607,7.27514168614));
#6377 = CARTESIAN_POINT('',(30.,4.20822339379,7.272660036363));
#6378 = CARTESIAN_POINT('',(30.,4.201074343799,7.270181416797));
#6379 = CARTESIAN_POINT('',(30.,4.193899554741,7.267705833576));
#6380 = CARTESIAN_POINT('',(30.,4.186698917555,7.265233292827));
#6381 = CARTESIAN_POINT('',(30.,4.179472321985,7.26276380067));
#6382 = CARTESIAN_POINT('',(30.,4.172219656572,7.260297363217));
#6383 = CARTESIAN_POINT('',(30.,4.164940808628,7.257833986572));
#6384 = CARTESIAN_POINT('',(30.,4.157635664225,7.255373676835));
#6385 = CARTESIAN_POINT('',(30.,4.150304108173,7.252916440095));
#6386 = CARTESIAN_POINT('',(30.,4.142946024002,7.250462282436));
#6387 = CARTESIAN_POINT('',(30.,4.135561293945,7.248011209934));
#6388 = CARTESIAN_POINT('',(30.,4.128149798917,7.245563228658));
#6389 = CARTESIAN_POINT('',(30.,4.120711418494,7.243118344669));
#6390 = CARTESIAN_POINT('',(30.,4.113246030899,7.240676564022));
#6391 = CARTESIAN_POINT('',(30.,4.105753512972,7.238237892763));
#6392 = CARTESIAN_POINT('',(30.,4.09823374016,7.235802336932));
#6393 = CARTESIAN_POINT('',(30.,4.090686586488,7.233369902562));
#6394 = CARTESIAN_POINT('',(30.,4.083111924539,7.230940595676));
#6395 = CARTESIAN_POINT('',(30.,4.075509625437,7.228514422294));
#6396 = CARTESIAN_POINT('',(30.,4.067879558816,7.226091388424));
#6397 = CARTESIAN_POINT('',(30.,4.060221592806,7.223671500071));
#6398 = CARTESIAN_POINT('',(30.,4.052535594002,7.221254763229));
#6399 = CARTESIAN_POINT('',(30.,4.044821427445,7.218841183887));
#6400 = CARTESIAN_POINT('',(30.,4.037078956597,7.216430768025));
#6401 = CARTESIAN_POINT('',(30.,4.029308043317,7.214023521617));
#6402 = CARTESIAN_POINT('',(30.,4.02150854783,7.211619450629));
#6403 = CARTESIAN_POINT('',(30.,4.01368032871,7.20921856102));
#6404 = CARTESIAN_POINT('',(30.,4.005823242848,7.206820858741));
#6405 = CARTESIAN_POINT('',(30.,3.997937145425,7.204426349735));
#6406 = CARTESIAN_POINT('',(30.,3.990021889889,7.20203503994));
#6407 = CARTESIAN_POINT('',(30.,3.982077327923,7.199646935283));
#6408 = CARTESIAN_POINT('',(30.,3.974103309416,7.197262041688));
#6409 = CARTESIAN_POINT('',(30.,3.966099682439,7.194880365068));
#6410 = CARTESIAN_POINT('',(30.,3.958066293209,7.19250191133));
#6411 = CARTESIAN_POINT('',(30.,3.950002986062,7.190126686373));
#6412 = CARTESIAN_POINT('',(30.,3.941909603425,7.187754696089));
#6413 = CARTESIAN_POINT('',(30.,3.933785985775,7.185385946363));
#6414 = CARTESIAN_POINT('',(30.,3.925631971617,7.183020443072));
#6415 = CARTESIAN_POINT('',(30.,3.917447397445,7.180658192085));
#6416 = CARTESIAN_POINT('',(30.,3.90923209771,7.178299199265));
#6417 = CARTESIAN_POINT('',(30.,3.900985904786,7.175943470466));
#6418 = CARTESIAN_POINT('',(30.,3.892708648932,7.173591011537));
#6419 = CARTESIAN_POINT('',(30.,3.88440015826,7.171241828316));
#6420 = CARTESIAN_POINT('',(30.,3.876060258696,7.168895926636));
#6421 = CARTESIAN_POINT('',(30.,3.867688773943,7.166553312323));
#6422 = CARTESIAN_POINT('',(30.,3.85928552544,7.164213991193));
#6423 = CARTESIAN_POINT('',(30.,3.850850332329,7.161877969058));
#6424 = CARTESIAN_POINT('',(30.,3.842383011408,7.159545251719));
#6425 = CARTESIAN_POINT('',(30.,3.833883377093,7.157215844972));
#6426 = CARTESIAN_POINT('',(30.,3.825351241377,7.154889754605));
#6427 = CARTESIAN_POINT('',(30.,3.816786413785,7.152566986399));
#6428 = CARTESIAN_POINT('',(30.,3.808188701331,7.150247546126));
#6429 = CARTESIAN_POINT('',(30.,3.799557908472,7.147931439552));
#6430 = CARTESIAN_POINT('',(30.,3.790893837066,7.145618672435));
#6431 = CARTESIAN_POINT('',(30.,3.782196286317,7.143309250526));
#6432 = CARTESIAN_POINT('',(30.,3.773465052736,7.141003179569));
#6433 = CARTESIAN_POINT('',(30.,3.764699930086,7.138700465299));
#6434 = CARTESIAN_POINT('',(30.,3.755900709333,7.136401113445));
#6435 = CARTESIAN_POINT('',(30.,3.747067178593,7.134105129728));
#6436 = CARTESIAN_POINT('',(30.,3.738199123083,7.131812519862));
#6437 = CARTESIAN_POINT('',(30.,3.729296325061,7.129523289553));
#6438 = CARTESIAN_POINT('',(30.,3.720358563778,7.127237444501));
#6439 = CARTESIAN_POINT('',(30.,3.711385615414,7.124954990398));
#6440 = CARTESIAN_POINT('',(30.,3.702377253024,7.122675932927));
#6441 = CARTESIAN_POINT('',(30.,3.693333246476,7.120400277766));
#6442 = CARTESIAN_POINT('',(30.,3.684253362392,7.118128030586));
#6443 = CARTESIAN_POINT('',(30.,3.675137364087,7.115859197047));
#6444 = CARTESIAN_POINT('',(30.,3.665985011497,7.113593782806));
#6445 = CARTESIAN_POINT('',(30.,3.656796061124,7.111331793511));
#6446 = CARTESIAN_POINT('',(30.,3.647570265961,7.109073234801));
#6447 = CARTESIAN_POINT('',(30.,3.638307375425,7.106818112312));
#6448 = CARTESIAN_POINT('',(30.,3.629007135286,7.104566431669));
#6449 = CARTESIAN_POINT('',(30.,3.619669287597,7.102318198491));
#6450 = CARTESIAN_POINT('',(30.,3.610293570613,7.10007341839));
#6451 = CARTESIAN_POINT('',(30.,3.600879718723,7.097832096971));
#6452 = CARTESIAN_POINT('',(30.,3.591427462364,7.095594239832));
#6453 = CARTESIAN_POINT('',(30.,3.581936527945,7.093359852563));
#6454 = CARTESIAN_POINT('',(30.,3.572406637761,7.091128940747));
#6455 = CARTESIAN_POINT('',(30.,3.562837509913,7.088901509962));
#6456 = CARTESIAN_POINT('',(30.,3.553228858216,7.086677565775));
#6457 = CARTESIAN_POINT('',(30.,3.543580392111,7.084457113751));
#6458 = CARTESIAN_POINT('',(30.,3.533891816574,7.082240159444));
#6459 = CARTESIAN_POINT('',(30.,3.524162832022,7.080026708403));
#6460 = CARTESIAN_POINT('',(30.,3.514393134215,7.077816766169));
#6461 = CARTESIAN_POINT('',(30.,3.504582414156,7.075610338278));
#6462 = CARTESIAN_POINT('',(30.,3.494730357989,7.073407430256));
#6463 = CARTESIAN_POINT('',(30.,3.484836646895,7.071208047626));
#6464 = CARTESIAN_POINT('',(30.,3.474900956983,7.069012195902));
#6465 = CARTESIAN_POINT('',(30.,3.464922959178,7.06681988059));
#6466 = CARTESIAN_POINT('',(30.,3.454902319107,7.064631107193));
#6467 = CARTESIAN_POINT('',(30.,3.444838696982,7.062445881205));
#6468 = CARTESIAN_POINT('',(30.,3.434731747479,7.060264208113));
#6469 = CARTESIAN_POINT('',(30.,3.424581119615,7.0580860934));
#6470 = CARTESIAN_POINT('',(30.,3.414386456614,7.055911542539));
#6471 = CARTESIAN_POINT('',(30.,3.404147395782,7.053740560999));
#6472 = CARTESIAN_POINT('',(30.,3.393863568368,7.051573154243));
#6473 = CARTESIAN_POINT('',(30.,3.383534599425,7.049409327726));
#6474 = CARTESIAN_POINT('',(30.,3.373160107665,7.047249086898));
#6475 = CARTESIAN_POINT('',(30.,3.362739705312,7.045092437202));
#6476 = CARTESIAN_POINT('',(30.,3.352272997949,7.042939384076));
#6477 = CARTESIAN_POINT('',(30.,3.341759584358,7.040789932951));
#6478 = CARTESIAN_POINT('',(30.,3.331199056364,7.038644089253));
#6479 = CARTESIAN_POINT('',(30.,3.320590998661,7.0365018584));
#6480 = CARTESIAN_POINT('',(30.,3.309934988642,7.034363245808));
#6481 = CARTESIAN_POINT('',(30.,3.299230596224,7.032228256883));
#6482 = CARTESIAN_POINT('',(30.,3.288477383659,7.030096897029));
#6483 = CARTESIAN_POINT('',(30.,3.27767490535,7.027969171643));
#6484 = CARTESIAN_POINT('',(30.,3.266822707652,7.025845086115));
#6485 = CARTESIAN_POINT('',(30.,3.255920328674,7.023724645833));
#6486 = CARTESIAN_POINT('',(30.,3.244967298065,7.021607856177));
#6487 = CARTESIAN_POINT('',(30.,3.233963136805,7.019494722524));
#6488 = CARTESIAN_POINT('',(30.,3.222907356981,7.017385250244));
#6489 = CARTESIAN_POINT('',(30.,3.211799461556,7.015279444704));
#6490 = CARTESIAN_POINT('',(30.,3.200638944134,7.013177311265));
#6491 = CARTESIAN_POINT('',(30.,3.189425288712,7.011078855283));
#6492 = CARTESIAN_POINT('',(30.,3.178157969431,7.008984082113));
#6493 = CARTESIAN_POINT('',(30.,3.166836450311,7.0068929971));
#6494 = CARTESIAN_POINT('',(30.,3.155460184981,7.004805605591));
#6495 = CARTESIAN_POINT('',(30.,3.144028616398,7.002721912923));
#6496 = CARTESIAN_POINT('',(30.,3.132541176556,7.000641924435));
#6497 = CARTESIAN_POINT('',(30.,3.120997286188,6.998565645458));
#6498 = CARTESIAN_POINT('',(30.,3.109396354454,6.996493081321));
#6499 = CARTESIAN_POINT('',(30.,3.097737778615,6.99442423735));
#6500 = CARTESIAN_POINT('',(30.,3.086020943707,6.992359118869));
#6501 = CARTESIAN_POINT('',(30.,3.074245222186,6.990297731196));
#6502 = CARTESIAN_POINT('',(30.,3.062409973577,6.988240079649));
#6503 = CARTESIAN_POINT('',(30.,3.050514544096,6.986186169544));
#6504 = CARTESIAN_POINT('',(30.,3.03855826627,6.984136006192));
#6505 = CARTESIAN_POINT('',(30.,3.02654045853,6.982089594904));
#6506 = CARTESIAN_POINT('',(30.,3.014460424801,6.98004694099));
#6507 = CARTESIAN_POINT('',(30.,3.002317454069,6.978008049757));
#6508 = CARTESIAN_POINT('',(30.,2.990110819932,6.975972926513));
#6509 = CARTESIAN_POINT('',(30.,2.977839780135,6.973941576562));
#6510 = CARTESIAN_POINT('',(30.,2.965503576087,6.971914005211));
#6511 = CARTESIAN_POINT('',(30.,2.953101432359,6.969890217764));
#6512 = CARTESIAN_POINT('',(30.,2.940632556158,6.967870219528));
#6513 = CARTESIAN_POINT('',(30.,2.928096136786,6.965854015808));
#6514 = CARTESIAN_POINT('',(30.,2.915491345074,6.963841611912));
#6515 = CARTESIAN_POINT('',(30.,2.902817332789,6.961833013149));
#6516 = CARTESIAN_POINT('',(30.,2.890073232027,6.959828224828));
#6517 = CARTESIAN_POINT('',(30.,2.877258154567,6.957827252263));
#6518 = CARTESIAN_POINT('',(30.,2.86437119121,6.955830100769));
#6519 = CARTESIAN_POINT('',(30.,2.851411411081,6.953836775665));
#6520 = CARTESIAN_POINT('',(30.,2.838377860907,6.951847282274));
#6521 = CARTESIAN_POINT('',(30.,2.825269564259,6.949861625923));
#6522 = CARTESIAN_POINT('',(30.,2.812085520766,6.947879811943));
#6523 = CARTESIAN_POINT('',(30.,2.798824705288,6.945901845672));
#6524 = CARTESIAN_POINT('',(30.,2.78548606706,6.943927732455));
#6525 = CARTESIAN_POINT('',(30.,2.772068528787,6.941957477641));
#6526 = CARTESIAN_POINT('',(30.,2.758570985707,6.939991086588));
#6527 = CARTESIAN_POINT('',(30.,2.74499230461,6.938028564665));
#6528 = CARTESIAN_POINT('',(30.,2.731331322803,6.936069917246));
#6529 = CARTESIAN_POINT('',(30.,2.717586847035,6.934115149718));
#6530 = CARTESIAN_POINT('',(30.,2.70375765237,6.932164267478));
#6531 = CARTESIAN_POINT('',(30.,2.689842481001,6.930217275934));
#6532 = CARTESIAN_POINT('',(30.,2.675840041012,6.928274180509));
#6533 = CARTESIAN_POINT('',(30.,2.661749005073,6.926334986639));
#6534 = CARTESIAN_POINT('',(30.,2.647568009081,6.924399699775));
#6535 = CARTESIAN_POINT('',(30.,2.63329565072,6.922468325383));
#6536 = CARTESIAN_POINT('',(30.,2.618930487956,6.920540868951));
#6537 = CARTESIAN_POINT('',(30.,2.604471037452,6.918617335981));
#6538 = CARTESIAN_POINT('',(30.,2.589915772905,6.916697731999));
#6539 = CARTESIAN_POINT('',(30.,2.575263123289,6.914782062551));
#6540 = CARTESIAN_POINT('',(30.,2.560511471011,6.912870333208));
#6541 = CARTESIAN_POINT('',(30.,2.545659149961,6.910962549565));
#6542 = CARTESIAN_POINT('',(30.,2.530704443466,6.909058717247));
#6543 = CARTESIAN_POINT('',(30.,2.515645582122,6.907158841904));
#6544 = CARTESIAN_POINT('',(30.,2.500480741509,6.90526292922));
#6545 = CARTESIAN_POINT('',(30.,2.485208039779,6.903370984914));
#6546 = CARTESIAN_POINT('',(30.,2.469825535103,6.901483014737));
#6547 = CARTESIAN_POINT('',(30.,2.454331222972,6.899599024482));
#6548 = CARTESIAN_POINT('',(30.,2.438723033339,6.897719019981));
#6549 = CARTESIAN_POINT('',(30.,2.422998827596,6.895843007113));
#6550 = CARTESIAN_POINT('',(30.,2.407156395356,6.8939709918));
#6551 = CARTESIAN_POINT('',(30.,2.39119345106,6.89210298002));
#6552 = CARTESIAN_POINT('',(30.,2.375107630351,6.8902389778));
#6553 = CARTESIAN_POINT('',(30.,2.358896486241,6.88837899123));
#6554 = CARTESIAN_POINT('',(30.,2.34255748502,6.886523026459));
#6555 = CARTESIAN_POINT('',(30.,2.326088001908,6.884671089704));
#6556 = CARTESIAN_POINT('',(30.,2.309485316422,6.882823187256));
#6557 = CARTESIAN_POINT('',(30.,2.292746607438,6.880979325478));
#6558 = CARTESIAN_POINT('',(30.,2.275868947913,6.87913951082));
#6559 = CARTESIAN_POINT('',(30.,2.258849299253,6.87730374982));
#6560 = CARTESIAN_POINT('',(30.,2.241684505289,6.875472049108));
#6561 = CARTESIAN_POINT('',(30.,2.224371285827,6.87364441542));
#6562 = CARTESIAN_POINT('',(30.,2.206906229736,6.871820855601));
#6563 = CARTESIAN_POINT('',(30.,2.189285787534,6.870001376614));
#6564 = CARTESIAN_POINT('',(30.,2.171506263425,6.868185985549));
#6565 = CARTESIAN_POINT('',(30.,2.153563806739,6.866374689635));
#6566 = CARTESIAN_POINT('',(30.,2.135454402714,6.864567496247));
#6567 = CARTESIAN_POINT('',(30.,2.117173862567,6.862764412923));
#6568 = CARTESIAN_POINT('',(30.,2.098717812769,6.86096544737));
#6569 = CARTESIAN_POINT('',(30.,2.08008168347,6.859170607486));
#6570 = CARTESIAN_POINT('',(30.,2.061260695963,6.857379901366));
#6571 = CARTESIAN_POINT('',(30.,2.042249849104,6.85559333733));
#6572 = CARTESIAN_POINT('',(30.,2.023043904579,6.85381092393));
#6573 = CARTESIAN_POINT('',(30.,2.003637370894,6.852032669979));
#6574 = CARTESIAN_POINT('',(30.,1.98402448594,6.850258584571));
#6575 = CARTESIAN_POINT('',(30.,1.964199197997,6.848488677103));
#6576 = CARTESIAN_POINT('',(30.,1.944155144982,6.846722957305));
#6577 = CARTESIAN_POINT('',(30.,1.923885631746,6.844961435271));
#6578 = CARTESIAN_POINT('',(30.,1.903383605204,6.843204121493));
#6579 = CARTESIAN_POINT('',(30.,1.88264162701,6.841451026895));
#6580 = CARTESIAN_POINT('',(30.,1.861651843504,6.839702162879));
#6581 = CARTESIAN_POINT('',(30.,1.840405952582,6.83795754137));
#6582 = CARTESIAN_POINT('',(30.,1.818895167081,6.836217174869));
#6583 = CARTESIAN_POINT('',(30.,1.797110174243,6.834481076514));
#6584 = CARTESIAN_POINT('',(30.,1.775041090716,6.832749260141));
#6585 = CARTESIAN_POINT('',(30.,1.752677412486,6.831021740365));
#6586 = CARTESIAN_POINT('',(30.,1.730007959019,6.829298532665));
#6587 = CARTESIAN_POINT('',(30.,1.707020810781,6.827579653474));
#6588 = CARTESIAN_POINT('',(30.,1.683703239147,6.825865120298));
#6589 = CARTESIAN_POINT('',(30.,1.660041627528,6.824154951836));
#6590 = CARTESIAN_POINT('',(30.,1.636021382355,6.822449168125));
#6591 = CARTESIAN_POINT('',(30.,1.611626832258,6.82074779071));
#6592 = CARTESIAN_POINT('',(30.,1.586841113487,6.819050842833));
#6593 = CARTESIAN_POINT('',(30.,1.561646039199,6.817358349658));
#6594 = CARTESIAN_POINT('',(30.,1.536021949765,6.815670338528));
#6595 = CARTESIAN_POINT('',(30.,1.509947540602,6.813986839277));
#6596 = CARTESIAN_POINT('',(30.,1.483399663279,6.81230788458));
#6597 = CARTESIAN_POINT('',(30.,1.456353094662,6.810633510383));
#6598 = CARTESIAN_POINT('',(30.,1.428780267573,6.808963756406));
#6599 = CARTESIAN_POINT('',(30.,1.400650954867,6.80729866675));
#6600 = CARTESIAN_POINT('',(30.,1.371931896668,6.805638290621));
#6601 = CARTESIAN_POINT('',(30.,1.342586357795,6.803982683216));
#6602 = CARTESIAN_POINT('',(30.,1.312573598729,6.802331906803));
#6603 = CARTESIAN_POINT('',(30.,1.281848238569,6.80068603205));
#6604 = CARTESIAN_POINT('',(30.,1.250359481821,6.79904513968));
#6605 = CARTESIAN_POINT('',(30.,1.218050171747,6.797409322546));
#6606 = CARTESIAN_POINT('',(30.,1.184855620337,6.795778688264));
#6607 = CARTESIAN_POINT('',(30.,1.150702147107,6.794153362595));
#6608 = CARTESIAN_POINT('',(30.,1.115505233191,6.792533493831));
#6609 = CARTESIAN_POINT('',(30.,1.079167159644,6.790919258591));
#6610 = CARTESIAN_POINT('',(30.,1.041573942684,6.789310869569));
#6611 = CARTESIAN_POINT('',(30.,1.002591292868,6.78770858611));
#6612 = CARTESIAN_POINT('',(30.,0.962059190761,6.786112728915));
#6613 = CARTESIAN_POINT('',(30.,0.919784454911,6.784523700974));
#6614 = CARTESIAN_POINT('',(30.,0.875530316705,6.782942018161));
#6615 = CARTESIAN_POINT('',(30.,0.829001391662,6.781368355341));
#6616 = CARTESIAN_POINT('',(30.,0.779821306746,6.779803618432));
#6617 = CARTESIAN_POINT('',(30.,0.727498092639,6.778249062002));
#6618 = CARTESIAN_POINT('',(30.,0.671368095769,6.7767064916));
#6619 = CARTESIAN_POINT('',(30.,0.610499660452,6.77517863554));
#6620 = CARTESIAN_POINT('',(30.,0.543515033542,6.773669888194));
#6621 = CARTESIAN_POINT('',(30.,0.468227163816,6.772187972923));
#6622 = CARTESIAN_POINT('',(30.,0.380790522994,6.77074830016));
#6623 = CARTESIAN_POINT('',(30.,0.286080156502,6.769526963121));
#6624 = CARTESIAN_POINT('',(30.,0.191526663535,6.768655693644));
#6625 = CARTESIAN_POINT('',(30.,9.712611613616E-02,6.768130776044));
#6626 = CARTESIAN_POINT('',(30.,2.872719616915E-03,6.767949351251));
#6627 = CARTESIAN_POINT('',(30.,0.,6.767949192431));
#6628 = PCURVE('',#387,#6629);
#6629 = DEFINITIONAL_REPRESENTATION('',(#6630),#7303);
#6630 = B_SPLINE_CURVE_WITH_KNOTS('',1,(#6631,#6632,#6633,#6634,#6635,
    #6636,#6637,#6638,#6639,#6640,#6641,#6642,#6643,#6644,#6645,#6646,
    #6647,#6648,#6649,#6650,#6651,#6652,#6653,#6654,#6655,#6656,#6657,
    #6658,#6659,#6660,#6661,#6662,#6663,#6664,#6665,#6666,#6667,#6668,
    #6669,#6670,#6671,#6672,#6673,#6674,#6675,#6676,#6677,#6678,#6679,
    #6680,#6681,#6682,#6683,#6684,#6685,#6686,#6687,#6688,#6689,#6690,
    #6691,#6692,#6693,#6694,#6695,#6696,#6697,#6698,#6699,#6700,#6701,
    #6702,#6703,#6704,#6705,#6706,#6707,#6708,#6709,#6710,#6711,#6712,
    #6713,#6714,#6715,#6716,#6717,#6718,#6719,#6720,#6721,#6722,#6723,
    #6724,#6725,#6726,#6727,#6728,#6729,#6730,#6731,#6732,#6733,#6734,
    #6735,#6736,#6737,#6738,#6739,#6740,#6741,#6742,#6743,#6744,#6745,
    #6746,#6747,#6748,#6749,#6750,#6751,#6752,#6753,#6754,#6755,#6756,
    #6757,#6758,#6759,#6760,#6761,#6762,#6763,#6764,#6765,#6766,#6767,
    #6768,#6769,#6770,#6771,#6772,#6773,#6774,#6775,#6776,#6777,#6778,
    #6779,#6780,#6781,#6782,#6783,#6784,#6785,#6786,#6787,#6788,#6789,
    #6790,#6791,#6792,#6793,#6794,#6795,#6796,#6797,#6798,#6799,#6800,
    #6801,#6802,#6803,#6804,#6805,#6806,#6807,#6808,#6809,#6810,#6811,
    #6812,#6813,#6814,#6815,#6816,#6817,#6818,#6819,#6820,#6821,#6822,
    #6823,#6824,#6825,#6826,#6827,#6828,#6829,#6830,#6831,#6832,#6833,
    #6834,#6835,#6836,#6837,#6838,#6839,#6840,#6841,#6842,#6843,#6844,
    #6845,#6846,#6847,#6848,#6849,#6850,#6851,#6852,#6853,#6854,#6855,
    #6856,#6857,#6858,#6859,#6860,#6861,#6862,#6863,#6864,#6865,#6866,
    #6867,#6868,#6869,#6870,#6871,#6872,#6873,#6874,#6875,#6876,#6877,
    #6878,#6879,#6880,#6881,#6882,#6883,#6884,#6885,#6886,#6887,#6888,
    #6889,#6890,#6891,#6892,#6893,#6894,#6895,#6896,#6897,#6898,#6899,
    #6900,#6901,#6902,#6903,#6904,#6905,#6906,#6907,#6908,#6909,#6910,
    #6911,#6912,#6913,#6914,#6915,#6916,#6917,#6918,#6919,#6920,#6921,
    #6922,#6923,#6924,#6925,#6926,#6927,#6928,#6929,#6930,#6931,#6932,
    #6933,#6934,#6935,#6936,#6937,#6938,#6939,#6940,#6941,#6942,#6943,
    #6944,#6945,#6946,#6947,#6948,#6949,#6950,#6951,#6952,#6953,#6954,
    #6955,#6956,#6957,#6958,#6959,#6960,#6961,#6962,#6963,#6964,#6965,
    #6966,#6967,#6968,#6969,#6970,#6971,#6972,#6973,#6974,#6975,#6976,
    #6977,#6978,#6979,#6980,#6981,#6982,#6983,#6984,#6985,#6986,#6987,
    #6988,#6989,#6990,#6991,#6992,#6993,#6994,#6995,#6996,#6997,#6998,
    #6999,#7000,#7001,#7002,#7003,#7004,#7005,#7006,#7007,#7008,#7009,
    #7010,#7011,#7012,#7013,#7014,#7015,#7016,#7017,#7018,#7019,#7020,
    #7021,#7022,#7023,#7024,#7025,#7026,#7027,#7028,#7029,#7030,#7031,
    #7032,#7033,#7034,#7035,#7036,#7037,#7038,#7039,#7040,#7041,#7042,
    #7043,#7044,#7045,#7046,#7047,#7048,#7049,#7050,#7051,#7052,#7053,
    #7054,#7055,#7056,#7057,#7058,#7059,#7060,#7061,#7062,#7063,#7064,
    #7065,#7066,#7067,#7068,#7069,#7070,#7071,#7072,#7073,#7074,#7075,
    #7076,#7077,#7078,#7079,#7080,#7081,#7082,#7083,#7084,#7085,#7086,
    #7087,#7088,#7089,#7090,#7091,#7092,#7093,#7094,#7095,#7096,#7097,
    #7098,#7099,#7100,#7101,#7102,#7103,#7104,#7105,#7106,#7107,#7108,
    #7109,#7110,#7111,#7112,#7113,#7114,#7115,#7116,#7117,#7118,#7119,
    #7120,#7121,#7122,#7123,#7124,#7125,#7126,#7127,#7128,#7129,#7130,
    #7131,#7132,#7133,#7134,#7135,#7136,#7137,#7138,#7139,#7140,#7141,
    #7142,#7143,#7144,#7145,#7146,#7147,#7148,#7149,#7150,#7151,#7152,
    #7153,#7154,#7155,#7156,#7157,#7158,#7159,#7160,#7161,#7162,#7163,
    #7164,#7165,#7166,#7167,#7168,#7169,#7170,#7171,#7172,#7173,#7174,
    #7175,#7176,#7177,#7178,#7179,#7180,#7181,#7182,#7183,#7184,#7185,
    #7186,#7187,#7188,#7189,#7190,#7191,#7192,#7193,#7194,#7195,#7196,
    #7197,#7198,#7199,#7200,#7201,#7202,#7203,#7204,#7205,#7206,#7207,
    #7208,#7209,#7210,#7211,#7212,#7213,#7214,#7215,#7216,#7217,#7218,
    #7219,#7220,#7221,#7222,#7223,#7224,#7225,#7226,#7227,#7228,#7229,
    #7230,#7231,#7232,#7233,#7234,#7235,#7236,#7237,#7238,#7239,#7240,
    #7241,#7242,#7243,#7244,#7245,#7246,#7247,#7248,#7249,#7250,#7251,
    #7252,#7253,#7254,#7255,#7256,#7257,#7258,#7259,#7260,#7261,#7262,
    #7263,#7264,#7265,#7266,#7267,#7268,#7269,#7270,#7271,#7272,#7273,
    #7274,#7275,#7276,#7277,#7278,#7279,#7280,#7281,#7282,#7283,#7284,
    #7285,#7286,#7287,#7288,#7289,#7290,#7291,#7292,#7293,#7294,#7295,
    #7296,#7297,#7298,#7299,#7300,#7301,#7302),.UNSPECIFIED.,.F.,.F.,(2,
    1,1,1,1,1,1,1,1,1,1,1,1,1,1,1,1,1,1,1,1,1,1,1,1,1,1,1,1,1,1,1,1,1,1,
    1,1,1,1,1,1,1,1,1,1,1,1,1,1,1,1,1,1,1,1,1,1,1,1,1,1,1,1,1,1,1,1,1,1,
    1,1,1,1,1,1,1,1,1,1,1,1,1,1,1,1,1,1,1,1,1,1,1,1,1,1,1,1,1,1,1,1,1,1,
    1,1,1,1,1,1,1,1,1,1,1,1,1,1,1,1,1,1,1,1,1,1,1,1,1,1,1,1,1,1,1,1,1,1,
    1,1,1,1,1,1,1,1,1,1,1,1,1,1,1,1,1,1,1,1,1,1,1,1,1,1,1,1,1,1,1,1,1,1,
    1,1,1,1,1,1,1,1,1,1,1,1,1,1,1,1,1,1,1,1,1,1,1,1,1,1,1,1,1,1,1,1,1,1,
    1,1,1,1,1,1,1,1,1,1,1,1,1,1,1,1,1,1,1,1,1,1,1,1,1,1,1,1,1,1,1,1,1,1,
    1,1,1,1,1,1,1,1,1,1,1,1,1,1,1,1,1,1,1,1,1,1,1,1,1,1,1,1,1,1,1,1,1,1,
    1,1,1,1,1,1,1,1,1,1,1,1,1,1,1,1,1,1,1,1,1,1,1,1,1,1,1,1,1,1,1,1,1,1,
    1,1,1,1,1,1,1,1,1,1,1,1,1,1,1,1,1,1,1,1,1,1,1,1,1,1,1,1,1,1,1,1,1,1,
    1,1,1,1,1,1,1,1,1,1,1,1,1,1,1,1,1,1,1,1,1,1,1,1,1,1,1,1,1,1,1,1,1,1,
    1,1,1,1,1,1,1,1,1,1,1,1,1,1,1,1,1,1,1,1,1,1,1,1,1,1,1,1,1,1,1,1,1,1,
    1,1,1,1,1,1,1,1,1,1,1,1,1,1,1,1,1,1,1,1,1,1,1,1,1,1,1,1,1,1,1,1,1,1,
    1,1,1,1,1,1,1,1,1,1,1,1,1,1,1,1,1,1,1,1,1,1,1,1,1,1,1,1,1,1,1,1,1,1,
    1,1,1,1,1,1,1,1,1,1,1,1,1,1,1,1,1,1,1,1,1,1,1,1,1,1,1,1,1,1,1,1,1,1,
    1,1,1,1,1,1,1,1,1,1,1,1,1,1,1,1,1,1,1,1,1,1,1,1,1,1,1,1,1,1,1,1,1,1,
    1,1,1,1,1,1,1,1,1,1,1,1,1,1,1,1,1,1,1,1,1,1,1,1,1,1,1,1,1,1,1,1,1,1,
    1,1,1,1,1,1,1,1,1,1,1,1,1,1,1,1,1,1,1,1,1,1,1,1,1,1,1,1,1,1,1,1,1,1,
    1,1,1,1,1,1,1,1,1,1,1,1,1,1,1,1,1,1,1,1,1,1,1,1,1,1,1,1,1,1,1,1,1,1,
    1,1,1,1,1,1,1,1,1,1,1,1,1,1,1,1,1,1,1,1,1,1,1,1,2),(0.,1.,2.,3.,4.,
    5.,6.,7.,8.,9.,10.,11.,12.,13.,14.,15.,16.,17.,18.,19.,20.,21.,22.,
    23.,24.,25.,26.,27.,28.,29.,30.,31.,32.,33.,34.,35.,36.,37.,38.,39.,
    40.,41.,42.,43.,44.,45.,46.,47.,48.,49.,50.,51.,52.,53.,54.,55.,56.,
    57.,58.,59.,60.,61.,62.,63.,64.,65.,66.,67.,68.,69.,70.,71.,72.,73.,
    74.,75.,76.,77.,78.,79.,80.,81.,82.,83.,84.,85.,86.,87.,88.,89.,90.,
    91.,92.,93.,94.,95.,96.,97.,98.,99.,100.,101.,102.,103.,104.,105.,
    106.,107.,108.,109.,110.,111.,112.,113.,114.,115.,116.,117.,118.,
    119.,120.,121.,122.,123.,124.,125.,126.,127.,128.,129.,130.,131.,
    132.,133.,134.,135.,136.,137.,138.,139.,140.,141.,142.,143.,144.,
    145.,146.,147.,148.,149.,150.,151.,152.,153.,154.,155.,156.,157.,
    158.,159.,160.,161.,162.,163.,164.,165.,166.,167.,168.,169.,170.,
    171.,172.,173.,174.,175.,176.,177.,178.,179.,180.,181.,182.,183.,
    184.,185.,186.,187.,188.,189.,190.,191.,192.,193.,194.,195.,196.,
    197.,198.,199.,200.,201.,202.,203.,204.,205.,206.,207.,208.,209.,
    210.,211.,212.,213.,214.,215.,216.,217.,218.,219.,220.,221.,222.,
    223.,224.,225.,226.,227.,228.,229.,230.,231.,232.,233.,234.,235.,
    236.,237.,238.,239.,240.,241.,242.,243.,244.,245.,246.,247.,248.,
    249.,250.,251.,252.,253.,254.,255.,256.,257.,258.,259.,260.,261.,
    262.,263.,264.,265.,266.,267.,268.,269.,270.,271.,272.,273.,274.,
    275.,276.,277.,278.,279.,280.,281.,282.,283.,284.,285.,286.,287.,
    288.,289.,290.,291.,292.,293.,294.,295.,296.,297.,298.,299.,300.,
    301.,302.,303.,304.,305.,306.,307.,308.,309.,310.,311.,312.,313.,
    314.,315.,316.,317.,318.,319.,320.,321.,322.,323.,324.,325.,326.,
    327.,328.,329.,330.,331.,332.,333.,334.,335.,336.,337.,338.,339.,
    340.,341.,342.,343.,344.,345.,346.,347.,348.,349.,350.,351.,352.,
    353.,354.,355.,356.,357.,358.,359.,360.,361.,362.,363.,364.,365.,
    366.,367.,368.,369.,370.,371.,372.,373.,374.,375.,376.,377.,378.,
    379.,380.,381.,382.,383.,384.,385.,386.,387.,388.,389.,390.,391.,
    392.,393.,394.,395.,396.,397.,398.,399.,400.,401.,402.,403.,404.,
    405.,406.,407.,408.,409.,410.,411.,412.,413.,414.,415.,416.,417.,
    418.,419.,420.,421.,422.,423.,424.,425.,426.,427.,428.,429.,430.,
    431.,432.,433.,434.,435.,436.,437.,438.,439.,440.,441.,442.,443.,
    444.,445.,446.,447.,448.,449.,450.,451.,452.,453.,454.,455.,456.,
    457.,458.,459.,460.,461.,462.,463.,464.,465.,466.,467.,468.,469.,
    470.,471.,472.,473.,474.,475.,476.,477.,478.,479.,480.,481.,482.,
    483.,484.,485.,486.,487.,488.,489.,490.,491.,492.,493.,494.,495.,
    496.,497.,498.,499.,500.,501.,502.,503.,504.,505.,506.,507.,508.,
    509.,510.,511.,512.,513.,514.,515.,516.,517.,518.,519.,520.,521.,
    522.,523.,524.,525.,526.,527.,528.,529.,530.,531.,532.,533.,534.,
    535.,536.,537.,538.,539.,540.,541.,542.,543.,544.,545.,546.,547.,
    548.,549.,550.,551.,552.,553.,554.,555.,556.,557.,558.,559.,560.,
    561.,562.,563.,564.,565.,566.,567.,568.,569.,570.,571.,572.,573.,
    574.,575.,576.,577.,578.,579.,580.,581.,582.,583.,584.,585.,586.,
    587.,588.,589.,590.,591.,592.,593.,594.,595.,596.,597.,598.,599.,
    600.,601.,602.,603.,604.,605.,606.,607.,608.,609.,610.,611.,612.,
    613.,614.,615.,616.,617.,618.,619.,620.,621.,622.,623.,624.,625.,
    626.,627.,628.,629.,630.,631.,632.,633.,634.,635.,636.,637.,638.,
    639.,640.,641.,642.,643.,644.,645.,646.,647.,648.,649.,650.,651.,
    652.,653.,654.,655.,656.,657.,658.,659.,660.,661.,662.,663.,664.,
    665.,666.,667.,668.,669.,670.,671.),.PIECEWISE_BEZIER_KNOTS.);
#6631 = CARTESIAN_POINT('',(5.56776436283,8.5));
#6632 = CARTESIAN_POINT('',(5.567757272296,8.496858409078));
#6633 = CARTESIAN_POINT('',(5.567742648068,8.494502222181));
#6634 = CARTESIAN_POINT('',(5.567715171668,8.491725301184));
#6635 = CARTESIAN_POINT('',(5.567670728966,8.488583748516));
#6636 = CARTESIAN_POINT('',(5.567612104818,8.485442224457));
#6637 = CARTESIAN_POINT('',(5.567539298982,8.482300736757));
#6638 = CARTESIAN_POINT('',(5.567452311154,8.479159293168));
#6639 = CARTESIAN_POINT('',(5.56735114097,8.476017901441));
#6640 = CARTESIAN_POINT('',(5.567235788006,8.472876569327));
#6641 = CARTESIAN_POINT('',(5.567106251779,8.469735304577));
#6642 = CARTESIAN_POINT('',(5.566962531743,8.466594114942));
#6643 = CARTESIAN_POINT('',(5.566804627293,8.463453008172));
#6644 = CARTESIAN_POINT('',(5.566632537765,8.460311992019));
#6645 = CARTESIAN_POINT('',(5.566446262432,8.457171074231));
#6646 = CARTESIAN_POINT('',(5.566245800507,8.45403026256));
#6647 = CARTESIAN_POINT('',(5.566031151145,8.450889564754));
#6648 = CARTESIAN_POINT('',(5.565802313438,8.447748988564));
#6649 = CARTESIAN_POINT('',(5.565559286418,8.444608541738));
#6650 = CARTESIAN_POINT('',(5.565302069057,8.441468232025));
#6651 = CARTESIAN_POINT('',(5.565030660266,8.438328067174));
#6652 = CARTESIAN_POINT('',(5.564745058895,8.435188054933));
#6653 = CARTESIAN_POINT('',(5.564445263733,8.432048203049));
#6654 = CARTESIAN_POINT('',(5.56413127351,8.42890851927));
#6655 = CARTESIAN_POINT('',(5.563803086894,8.425769011343));
#6656 = CARTESIAN_POINT('',(5.56346070249,8.422629687014));
#6657 = CARTESIAN_POINT('',(5.563104118847,8.41949055403));
#6658 = CARTESIAN_POINT('',(5.562733334447,8.416351620136));
#6659 = CARTESIAN_POINT('',(5.562348347717,8.413212893077));
#6660 = CARTESIAN_POINT('',(5.561949157017,8.410074380598));
#6661 = CARTESIAN_POINT('',(5.561535760651,8.406936090443));
#6662 = CARTESIAN_POINT('',(5.561108156858,8.403798030356));
#6663 = CARTESIAN_POINT('',(5.560666343817,8.400660208079));
#6664 = CARTESIAN_POINT('',(5.560210319647,8.397522631355));
#6665 = CARTESIAN_POINT('',(5.559740082402,8.394385307925));
#6666 = CARTESIAN_POINT('',(5.559255630077,8.391248245532));
#6667 = CARTESIAN_POINT('',(5.558756960606,8.388111451915));
#6668 = CARTESIAN_POINT('',(5.558244071859,8.384974934814));
#6669 = CARTESIAN_POINT('',(5.557716961644,8.381838701969));
#6670 = CARTESIAN_POINT('',(5.55717562771,8.378702761118));
#6671 = CARTESIAN_POINT('',(5.556620067741,8.375567119999));
#6672 = CARTESIAN_POINT('',(5.556050279361,8.372431786349));
#6673 = CARTESIAN_POINT('',(5.555466260129,8.369296767904));
#6674 = CARTESIAN_POINT('',(5.554868007544,8.3661620724));
#6675 = CARTESIAN_POINT('',(5.554255519043,8.363027707571));
#6676 = CARTESIAN_POINT('',(5.553628791997,8.359893681152));
#6677 = CARTESIAN_POINT('',(5.552987823719,8.356760000875));
#6678 = CARTESIAN_POINT('',(5.552332611454,8.353626674473));
#6679 = CARTESIAN_POINT('',(5.55166315239,8.350493709677));
#6680 = CARTESIAN_POINT('',(5.550979443646,8.347361114218));
#6681 = CARTESIAN_POINT('',(5.550281482282,8.344228895826));
#6682 = CARTESIAN_POINT('',(5.549569265293,8.341097062228));
#6683 = CARTESIAN_POINT('',(5.548842789611,8.337965621153));
#6684 = CARTESIAN_POINT('',(5.548102052104,8.334834580327));
#6685 = CARTESIAN_POINT('',(5.547347049578,8.331703947477));
#6686 = CARTESIAN_POINT('',(5.546577778772,8.328573730327));
#6687 = CARTESIAN_POINT('',(5.545794236364,8.3254439366));
#6688 = CARTESIAN_POINT('',(5.544996418966,8.32231457402));
#6689 = CARTESIAN_POINT('',(5.544184323127,8.319185650308));
#6690 = CARTESIAN_POINT('',(5.543357945332,8.316057173185));
#6691 = CARTESIAN_POINT('',(5.542517281998,8.31292915037));
#6692 = CARTESIAN_POINT('',(5.541662329482,8.309801589581));
#6693 = CARTESIAN_POINT('',(5.540793084074,8.306674498537));
#6694 = CARTESIAN_POINT('',(5.539909541998,8.303547884952));
#6695 = CARTESIAN_POINT('',(5.539011699413,8.300421756542));
#6696 = CARTESIAN_POINT('',(5.538099552415,8.29729612102));
#6697 = CARTESIAN_POINT('',(5.537173097033,8.294170986099));
#6698 = CARTESIAN_POINT('',(5.536232329228,8.291046359491));
#6699 = CARTESIAN_POINT('',(5.535277244899,8.287922248905));
#6700 = CARTESIAN_POINT('',(5.534307839878,8.28479866205));
#6701 = CARTESIAN_POINT('',(5.533324109927,8.281675606633));
#6702 = CARTESIAN_POINT('',(5.532326050748,8.278553090362));
#6703 = CARTESIAN_POINT('',(5.53131365797,8.275431120939));
#6704 = CARTESIAN_POINT('',(5.53028692716,8.27230970607));
#6705 = CARTESIAN_POINT('',(5.529245853816,8.269188853455));
#6706 = CARTESIAN_POINT('',(5.528190433368,8.266068570797));
#6707 = CARTESIAN_POINT('',(5.527120661181,8.262948865794));
#6708 = CARTESIAN_POINT('',(5.526036532549,8.259829746144));
#6709 = CARTESIAN_POINT('',(5.524938042702,8.256711219543));
#6710 = CARTESIAN_POINT('',(5.5238251868,8.253593293688));
#6711 = CARTESIAN_POINT('',(5.522697959934,8.25047597627));
#6712 = CARTESIAN_POINT('',(5.521556357128,8.247359274983));
#6713 = CARTESIAN_POINT('',(5.520400373337,8.244243197516));
#6714 = CARTESIAN_POINT('',(5.519230003447,8.24112775156));
#6715 = CARTESIAN_POINT('',(5.518045242275,8.2380129448));
#6716 = CARTESIAN_POINT('',(5.516846084568,8.234898784924));
#6717 = CARTESIAN_POINT('',(5.515632525005,8.231785279615));
#6718 = CARTESIAN_POINT('',(5.514404558193,8.228672436557));
#6719 = CARTESIAN_POINT('',(5.513162178671,8.22556026343));
#6720 = CARTESIAN_POINT('',(5.511905380907,8.222448767913));
#6721 = CARTESIAN_POINT('',(5.510634159298,8.219337957684));
#6722 = CARTESIAN_POINT('',(5.50934850817,8.216227840421));
#6723 = CARTESIAN_POINT('',(5.50804842178,8.213118423795));
#6724 = CARTESIAN_POINT('',(5.506733894311,8.210009715482));
#6725 = CARTESIAN_POINT('',(5.505404919877,8.20690172315));
#6726 = CARTESIAN_POINT('',(5.504061492517,8.20379445447));
#6727 = CARTESIAN_POINT('',(5.502703606202,8.200687917109));
#6728 = CARTESIAN_POINT('',(5.501331254828,8.197582118732));
#6729 = CARTESIAN_POINT('',(5.499944432219,8.194477067003));
#6730 = CARTESIAN_POINT('',(5.498543132125,8.191372769584));
#6731 = CARTESIAN_POINT('',(5.497127348224,8.188269234136));
#6732 = CARTESIAN_POINT('',(5.495697074122,8.185166468315));
#6733 = CARTESIAN_POINT('',(5.494252303349,8.182064479779));
#6734 = CARTESIAN_POINT('',(5.492793029361,8.178963276181));
#6735 = CARTESIAN_POINT('',(5.49131924554,8.175862865175));
#6736 = CARTESIAN_POINT('',(5.489830945196,8.172763254411));
#6737 = CARTESIAN_POINT('',(5.488328121559,8.169664451537));
#6738 = CARTESIAN_POINT('',(5.486810767788,8.166566464199));
#6739 = CARTESIAN_POINT('',(5.485278876965,8.163469300043));
#6740 = CARTESIAN_POINT('',(5.483732442096,8.160372966711));
#6741 = CARTESIAN_POINT('',(5.482171456111,8.157277471843));
#6742 = CARTESIAN_POINT('',(5.480595911864,8.154182823078));
#6743 = CARTESIAN_POINT('',(5.479005802131,8.151089028052));
#6744 = CARTESIAN_POINT('',(5.477401119611,8.147996094399));
#6745 = CARTESIAN_POINT('',(5.475781856927,8.144904029751));
#6746 = CARTESIAN_POINT('',(5.474148006623,8.141812841739));
#6747 = CARTESIAN_POINT('',(5.472499561164,8.138722537989));
#6748 = CARTESIAN_POINT('',(5.47083651294,8.135633126129));
#6749 = CARTESIAN_POINT('',(5.469158854257,8.13254461378));
#6750 = CARTESIAN_POINT('',(5.467466577346,8.129457008565));
#6751 = CARTESIAN_POINT('',(5.465759674356,8.126370318102));
#6752 = CARTESIAN_POINT('',(5.464038137358,8.123284550008));
#6753 = CARTESIAN_POINT('',(5.462301958341,8.120199711897));
#6754 = CARTESIAN_POINT('',(5.460551129213,8.117115811383));
#6755 = CARTESIAN_POINT('',(5.458785641804,8.114032856073));
#6756 = CARTESIAN_POINT('',(5.457005487859,8.110950853577));
#6757 = CARTESIAN_POINT('',(5.455210659043,8.1078698115));
#6758 = CARTESIAN_POINT('',(5.453401146939,8.104789737443));
#6759 = CARTESIAN_POINT('',(5.451576943047,8.101710639009));
#6760 = CARTESIAN_POINT('',(5.449738038782,8.098632523794));
#6761 = CARTESIAN_POINT('',(5.44788442548,8.095555399394));
#6762 = CARTESIAN_POINT('',(5.446016094389,8.092479273403));
#6763 = CARTESIAN_POINT('',(5.444133036675,8.089404153411));
#6764 = CARTESIAN_POINT('',(5.44223524342,8.086330047007));
#6765 = CARTESIAN_POINT('',(5.440322705618,8.083256961776));
#6766 = CARTESIAN_POINT('',(5.438395414181,8.080184905302));
#6767 = CARTESIAN_POINT('',(5.436453359932,8.077113885165));
#6768 = CARTESIAN_POINT('',(5.43449653361,8.074043908944));
#6769 = CARTESIAN_POINT('',(5.432524925866,8.070974984214));
#6770 = CARTESIAN_POINT('',(5.430538527265,8.067907118549));
#6771 = CARTESIAN_POINT('',(5.428537328282,8.064840319518));
#6772 = CARTESIAN_POINT('',(5.426521319307,8.061774594689));
#6773 = CARTESIAN_POINT('',(5.424490490638,8.058709951628));
#6774 = CARTESIAN_POINT('',(5.422444832488,8.055646397898));
#6775 = CARTESIAN_POINT('',(5.420384334976,8.052583941057));
#6776 = CARTESIAN_POINT('',(5.418308988134,8.049522588664));
#6777 = CARTESIAN_POINT('',(5.416218781904,8.046462348272));
#6778 = CARTESIAN_POINT('',(5.414113706134,8.043403227433));
#6779 = CARTESIAN_POINT('',(5.411993750584,8.040345233696));
#6780 = CARTESIAN_POINT('',(5.409858904919,8.037288374608));
#6781 = CARTESIAN_POINT('',(5.407709158714,8.034232657712));
#6782 = CARTESIAN_POINT('',(5.405544501449,8.031178090547));
#6783 = CARTESIAN_POINT('',(5.403364922513,8.028124680653));
#6784 = CARTESIAN_POINT('',(5.401170411198,8.025072435563));
#6785 = CARTESIAN_POINT('',(5.398960956705,8.02202136281));
#6786 = CARTESIAN_POINT('',(5.396736548137,8.018971469923));
#6787 = CARTESIAN_POINT('',(5.394497174503,8.015922764429));
#6788 = CARTESIAN_POINT('',(5.392242824715,8.012875253849));
#6789 = CARTESIAN_POINT('',(5.389973487589,8.009828945706));
#6790 = CARTESIAN_POINT('',(5.387689151843,8.006783847516));
#6791 = CARTESIAN_POINT('',(5.385389806099,8.003739966793));
#6792 = CARTESIAN_POINT('',(5.38307543888,8.00069731105));
#6793 = CARTESIAN_POINT('',(5.380746038607,7.997655887794));
#6794 = CARTESIAN_POINT('',(5.378401593607,7.994615704531));
#6795 = CARTESIAN_POINT('',(5.376042092103,7.991576768764));
#6796 = CARTESIAN_POINT('',(5.373667522219,7.988539087991));
#6797 = CARTESIAN_POINT('',(5.371277871976,7.985502669708));
#6798 = CARTESIAN_POINT('',(5.368873129296,7.98246752141));
#6799 = CARTESIAN_POINT('',(5.366453281996,7.979433650585));
#6800 = CARTESIAN_POINT('',(5.364018317791,7.976401064721));
#6801 = CARTESIAN_POINT('',(5.361568224293,7.973369771301));
#6802 = CARTESIAN_POINT('',(5.359102989009,7.970339777806));
#6803 = CARTESIAN_POINT('',(5.356622599341,7.967311091713));
#6804 = CARTESIAN_POINT('',(5.354127042585,7.964283720496));
#6805 = CARTESIAN_POINT('',(5.351616305932,7.961257671626));
#6806 = CARTESIAN_POINT('',(5.349090376465,7.95823295257));
#6807 = CARTESIAN_POINT('',(5.34654924116,7.955209570793));
#6808 = CARTESIAN_POINT('',(5.343992886885,7.952187533756));
#6809 = CARTESIAN_POINT('',(5.341421300399,7.949166848917));
#6810 = CARTESIAN_POINT('',(5.338834468351,7.94614752373));
#6811 = CARTESIAN_POINT('',(5.33623237728,7.943129565645));
#6812 = CARTESIAN_POINT('',(5.333615013614,7.940112982111));
#6813 = CARTESIAN_POINT('',(5.33098236367,7.937097780572));
#6814 = CARTESIAN_POINT('',(5.328334413652,7.934083968469));
#6815 = CARTESIAN_POINT('',(5.325671149651,7.93107155324));
#6816 = CARTESIAN_POINT('',(5.322992557644,7.928060542318));
#6817 = CARTESIAN_POINT('',(5.320298623495,7.925050943134));
#6818 = CARTESIAN_POINT('',(5.31758933295,7.922042763115));
#6819 = CARTESIAN_POINT('',(5.314864671642,7.919036009684));
#6820 = CARTESIAN_POINT('',(5.312124625084,7.916030690263));
#6821 = CARTESIAN_POINT('',(5.309369178675,7.913026812267));
#6822 = CARTESIAN_POINT('',(5.306598317692,7.91002438311));
#6823 = CARTESIAN_POINT('',(5.303812027296,7.907023410201));
#6824 = CARTESIAN_POINT('',(5.301010292527,7.904023900946));
#6825 = CARTESIAN_POINT('',(5.298193098303,7.901025862747));
#6826 = CARTESIAN_POINT('',(5.295360429423,7.898029303003));
#6827 = CARTESIAN_POINT('',(5.292512270562,7.89503422911));
#6828 = CARTESIAN_POINT('',(5.289648606272,7.892040648458));
#6829 = CARTESIAN_POINT('',(5.286769420982,7.889048568435));
#6830 = CARTESIAN_POINT('',(5.283874698995,7.886057996425));
#6831 = CARTESIAN_POINT('',(5.280964424488,7.883068939809));
#6832 = CARTESIAN_POINT('',(5.278038581514,7.880081405964));
#6833 = CARTESIAN_POINT('',(5.275097153997,7.877095402261));
#6834 = CARTESIAN_POINT('',(5.272140125731,7.874110936071));
#6835 = CARTESIAN_POINT('',(5.269167480385,7.871128014759));
#6836 = CARTESIAN_POINT('',(5.266179201493,7.868146645685));
#6837 = CARTESIAN_POINT('',(5.263175272462,7.865166836209));
#6838 = CARTESIAN_POINT('',(5.260155676566,7.862188593683));
#6839 = CARTESIAN_POINT('',(5.257120396945,7.859211925458));
#6840 = CARTESIAN_POINT('',(5.254069416607,7.85623683888));
#6841 = CARTESIAN_POINT('',(5.251002718425,7.853263341291));
#6842 = CARTESIAN_POINT('',(5.247920285135,7.85029144003));
#6843 = CARTESIAN_POINT('',(5.244822099337,7.847321142431));
#6844 = CARTESIAN_POINT('',(5.241708143495,7.844352455825));
#6845 = CARTESIAN_POINT('',(5.238578399932,7.841385387538));
#6846 = CARTESIAN_POINT('',(5.235432850834,7.838419944892));
#6847 = CARTESIAN_POINT('',(5.232271478245,7.835456135207));
#6848 = CARTESIAN_POINT('',(5.229094264067,7.832493965796));
#6849 = CARTESIAN_POINT('',(5.22590119006,7.829533443971));
#6850 = CARTESIAN_POINT('',(5.22269223784,7.826574577038));
#6851 = CARTESIAN_POINT('',(5.21946738888,7.823617372299));
#6852 = CARTESIAN_POINT('',(5.216226624504,7.820661837053));
#6853 = CARTESIAN_POINT('',(5.212969925893,7.817707978594));
#6854 = CARTESIAN_POINT('',(5.209697274077,7.814755804211));
#6855 = CARTESIAN_POINT('',(5.206408649939,7.811805321192));
#6856 = CARTESIAN_POINT('',(5.20310403421,7.808856536817));
#6857 = CARTESIAN_POINT('',(5.199783407471,7.805909458365));
#6858 = CARTESIAN_POINT('',(5.19644675015,7.802964093108));
#6859 = CARTESIAN_POINT('',(5.193094042524,7.800020448317));
#6860 = CARTESIAN_POINT('',(5.18972526471,7.797078531256));
#6861 = CARTESIAN_POINT('',(5.186340396675,7.794138349185));
#6862 = CARTESIAN_POINT('',(5.182939418225,7.791199909362));
#6863 = CARTESIAN_POINT('',(5.17952230901,7.788263219039));
#6864 = CARTESIAN_POINT('',(5.176089048518,7.785328285463));
#6865 = CARTESIAN_POINT('',(5.17263961608,7.782395115878));
#6866 = CARTESIAN_POINT('',(5.169173990861,7.779463717524));
#6867 = CARTESIAN_POINT('',(5.165692151866,7.776534097635));
#6868 = CARTESIAN_POINT('',(5.162194077934,7.773606263442));
#6869 = CARTESIAN_POINT('',(5.15867974774,7.770680222171));
#6870 = CARTESIAN_POINT('',(5.155149139789,7.767755981044));
#6871 = CARTESIAN_POINT('',(5.151602232421,7.764833547278));
#6872 = CARTESIAN_POINT('',(5.148039003804,7.761912928087));
#6873 = CARTESIAN_POINT('',(5.144459431936,7.758994130678));
#6874 = CARTESIAN_POINT('',(5.140863494643,7.756077162255));
#6875 = CARTESIAN_POINT('',(5.137251169576,7.753162030019));
#6876 = CARTESIAN_POINT('',(5.133622434213,7.750248741163));
#6877 = CARTESIAN_POINT('',(5.129977265854,7.747337302879));
#6878 = CARTESIAN_POINT('',(5.126315641622,7.744427722352));
#6879 = CARTESIAN_POINT('',(5.122637538459,7.741520006765));
#6880 = CARTESIAN_POINT('',(5.11894293313,7.738614163292));
#6881 = CARTESIAN_POINT('',(5.115231802213,7.735710199107));
#6882 = CARTESIAN_POINT('',(5.111504122106,7.732808121378));
#6883 = CARTESIAN_POINT('',(5.10775986902,7.729907937267));
#6884 = CARTESIAN_POINT('',(5.103999018981,7.727009653932));
#6885 = CARTESIAN_POINT('',(5.100221547824,7.724113278527));
#6886 = CARTESIAN_POINT('',(5.096427431198,7.721218818201));
#6887 = CARTESIAN_POINT('',(5.092616644557,7.718326280098));
#6888 = CARTESIAN_POINT('',(5.088789163166,7.715435671358));
#6889 = CARTESIAN_POINT('',(5.084944962091,7.712546999116));
#6890 = CARTESIAN_POINT('',(5.081084016205,7.709660270501));
#6891 = CARTESIAN_POINT('',(5.077206300184,7.706775492639));
#6892 = CARTESIAN_POINT('',(5.073311788501,7.70389267265));
#6893 = CARTESIAN_POINT('',(5.069400455433,7.701011817649));
#6894 = CARTESIAN_POINT('',(5.065472275049,7.698132934749));
#6895 = CARTESIAN_POINT('',(5.061527221216,7.695256031054));
#6896 = CARTESIAN_POINT('',(5.057565267597,7.692381113666));
#6897 = CARTESIAN_POINT('',(5.053586387643,7.689508189681));
#6898 = CARTESIAN_POINT('',(5.049590554599,7.68663726619));
#6899 = CARTESIAN_POINT('',(5.045577741495,7.683768350281));
#6900 = CARTESIAN_POINT('',(5.041547921151,7.680901449034));
#6901 = CARTESIAN_POINT('',(5.037501066169,7.678036569526));
#6902 = CARTESIAN_POINT('',(5.033437148936,7.675173718828));
#6903 = CARTESIAN_POINT('',(5.029356141621,7.672312904008));
#6904 = CARTESIAN_POINT('',(5.025258016168,7.669454132127));
#6905 = CARTESIAN_POINT('',(5.021142744304,7.666597410242));
#6906 = CARTESIAN_POINT('',(5.017010297527,7.663742745404));
#6907 = CARTESIAN_POINT('',(5.01286064711,7.66089014466));
#6908 = CARTESIAN_POINT('',(5.008693764099,7.658039615051));
#6909 = CARTESIAN_POINT('',(5.004509619306,7.655191163614));
#6910 = CARTESIAN_POINT('',(5.000308183313,7.65234479738));
#6911 = CARTESIAN_POINT('',(4.996089426468,7.649500523376));
#6912 = CARTESIAN_POINT('',(4.991853318879,7.646658348622));
#6913 = CARTESIAN_POINT('',(4.987599830418,7.643818280135));
#6914 = CARTESIAN_POINT('',(4.983328930715,7.640980324925));
#6915 = CARTESIAN_POINT('',(4.979040589157,7.638144489997));
#6916 = CARTESIAN_POINT('',(4.974734774885,7.635310782354));
#6917 = CARTESIAN_POINT('',(4.970411456795,7.632479208988));
#6918 = CARTESIAN_POINT('',(4.966070603529,7.629649776891));
#6919 = CARTESIAN_POINT('',(4.961712183482,7.626822493048));
#6920 = CARTESIAN_POINT('',(4.957336164789,7.623997364436));
#6921 = CARTESIAN_POINT('',(4.952942515334,7.621174398032));
#6922 = CARTESIAN_POINT('',(4.948531202738,7.618353600804));
#6923 = CARTESIAN_POINT('',(4.944102194362,7.615534979714));
#6924 = CARTESIAN_POINT('',(4.939655457303,7.612718541722));
#6925 = CARTESIAN_POINT('',(4.935190958393,7.609904293781));
#6926 = CARTESIAN_POINT('',(4.930708664194,7.607092242837));
#6927 = CARTESIAN_POINT('',(4.926208540997,7.604282395834));
#6928 = CARTESIAN_POINT('',(4.921690554819,7.601474759707));
#6929 = CARTESIAN_POINT('',(4.917154671402,7.598669341388));
#6930 = CARTESIAN_POINT('',(4.912600856208,7.595866147803));
#6931 = CARTESIAN_POINT('',(4.908029074418,7.593065185873));
#6932 = CARTESIAN_POINT('',(4.903439290929,7.590266462512));
#6933 = CARTESIAN_POINT('',(4.898831470351,7.587469984629));
#6934 = CARTESIAN_POINT('',(4.894205577004,7.58467575913));
#6935 = CARTESIAN_POINT('',(4.889561574916,7.581883792912));
#6936 = CARTESIAN_POINT('',(4.884899427822,7.579094092868));
#6937 = CARTESIAN_POINT('',(4.880219099155,7.576306665886));
#6938 = CARTESIAN_POINT('',(4.87552055205,7.573521518848));
#6939 = CARTESIAN_POINT('',(4.870803749339,7.570738658629));
#6940 = CARTESIAN_POINT('',(4.866068653546,7.567958092101));
#6941 = CARTESIAN_POINT('',(4.861315226884,7.565179826129));
#6942 = CARTESIAN_POINT('',(4.856543431257,7.562403867571));
#6943 = CARTESIAN_POINT('',(4.851753228251,7.559630223282));
#6944 = CARTESIAN_POINT('',(4.846944579134,7.55685890011));
#6945 = CARTESIAN_POINT('',(4.842117444853,7.554089904897));
#6946 = CARTESIAN_POINT('',(4.837271786027,7.55132324448));
#6947 = CARTESIAN_POINT('',(4.83240756295,7.54855892569));
#6948 = CARTESIAN_POINT('',(4.827524735584,7.545796955353));
#6949 = CARTESIAN_POINT('',(4.822623263555,7.543037340288));
#6950 = CARTESIAN_POINT('',(4.817703106151,7.540280087308));
#6951 = CARTESIAN_POINT('',(4.812764222322,7.537525203222));
#6952 = CARTESIAN_POINT('',(4.807806570667,7.534772694832));
#6953 = CARTESIAN_POINT('',(4.802830109443,7.532022568935));
#6954 = CARTESIAN_POINT('',(4.797834796551,7.529274832321));
#6955 = CARTESIAN_POINT('',(4.792820589537,7.526529491774));
#6956 = CARTESIAN_POINT('',(4.787787445591,7.523786554074));
#6957 = CARTESIAN_POINT('',(4.782735321537,7.521046025995));
#6958 = CARTESIAN_POINT('',(4.777664173833,7.518307914302));
#6959 = CARTESIAN_POINT('',(4.77257395857,7.515572225757));
#6960 = CARTESIAN_POINT('',(4.767464631462,7.512838967116));
#6961 = CARTESIAN_POINT('',(4.762336147845,7.510108145128));
#6962 = CARTESIAN_POINT('',(4.757188462677,7.507379766536));
#6963 = CARTESIAN_POINT('',(4.752021530526,7.504653838079));
#6964 = CARTESIAN_POINT('',(4.746835305572,7.501930366486));
#6965 = CARTESIAN_POINT('',(4.741629741604,7.499209358485));
#6966 = CARTESIAN_POINT('',(4.736404792009,7.496490820794));
#6967 = CARTESIAN_POINT('',(4.731160409775,7.493774760127));
#6968 = CARTESIAN_POINT('',(4.725896547481,7.491061183192));
#6969 = CARTESIAN_POINT('',(4.7206131573,7.488350096689));
#6970 = CARTESIAN_POINT('',(4.715310190985,7.485641507314));
#6971 = CARTESIAN_POINT('',(4.709987599873,7.482935421757));
#6972 = CARTESIAN_POINT('',(4.704645334876,7.4802318467));
#6973 = CARTESIAN_POINT('',(4.699283346479,7.47753078882));
#6974 = CARTESIAN_POINT('',(4.693901584733,7.474832254788));
#6975 = CARTESIAN_POINT('',(4.688499999251,7.472136251269));
#6976 = CARTESIAN_POINT('',(4.683078539206,7.469442784921));
#6977 = CARTESIAN_POINT('',(4.677637153322,7.466751862397));
#6978 = CARTESIAN_POINT('',(4.672175789872,7.464063490343));
#6979 = CARTESIAN_POINT('',(4.666694396671,7.461377675399));
#6980 = CARTESIAN_POINT('',(4.661192921074,7.458694424198));
#6981 = CARTESIAN_POINT('',(4.655671309968,7.456013743368));
#6982 = CARTESIAN_POINT('',(4.650129509768,7.45333563953));
#6983 = CARTESIAN_POINT('',(4.644567466413,7.450660119299));
#6984 = CARTESIAN_POINT('',(4.638985125357,7.447987189283));
#6985 = CARTESIAN_POINT('',(4.633382431568,7.445316856086));
#6986 = CARTESIAN_POINT('',(4.627759329521,7.442649126302));
#6987 = CARTESIAN_POINT('',(4.622115763192,7.439984006523));
#6988 = CARTESIAN_POINT('',(4.616451676051,7.43732150333));
#6989 = CARTESIAN_POINT('',(4.610767011058,7.4346616233));
#6990 = CARTESIAN_POINT('',(4.605061710661,7.432004373006));
#6991 = CARTESIAN_POINT('',(4.59933571678,7.42934975901));
#6992 = CARTESIAN_POINT('',(4.593588970813,7.42669778787));
#6993 = CARTESIAN_POINT('',(4.587821413622,7.424048466138));
#6994 = CARTESIAN_POINT('',(4.582032985527,7.421401800359));
#6995 = CARTESIAN_POINT('',(4.576223626307,7.418757797071));
#6996 = CARTESIAN_POINT('',(4.570393275184,7.416116462806));
#6997 = CARTESIAN_POINT('',(4.564541870823,7.41347780409));
#6998 = CARTESIAN_POINT('',(4.558669351326,7.410841827442));
#6999 = CARTESIAN_POINT('',(4.552775654219,7.408208539373));
#7000 = CARTESIAN_POINT('',(4.546860716453,7.405577946391));
#7001 = CARTESIAN_POINT('',(4.540924474393,7.402950054995));
#7002 = CARTESIAN_POINT('',(4.534966863811,7.400324871677));
#7003 = CARTESIAN_POINT('',(4.52898781988,7.397702402924));
#7004 = CARTESIAN_POINT('',(4.522987277168,7.395082655215));
#7005 = CARTESIAN_POINT('',(4.516965169629,7.392465635024));
#7006 = CARTESIAN_POINT('',(4.510921430596,7.389851348818));
#7007 = CARTESIAN_POINT('',(4.504855992773,7.387239803055));
#7008 = CARTESIAN_POINT('',(4.498768788231,7.38463100419));
#7009 = CARTESIAN_POINT('',(4.492659748395,7.382024958669));
#7010 = CARTESIAN_POINT('',(4.48652880404,7.379421672933));
#7011 = CARTESIAN_POINT('',(4.480375885282,7.376821153413));
#7012 = CARTESIAN_POINT('',(4.474200921569,7.374223406537));
#7013 = CARTESIAN_POINT('',(4.468003841677,7.371628438726));
#7014 = CARTESIAN_POINT('',(4.461784573694,7.369036256391));
#7015 = CARTESIAN_POINT('',(4.455543045018,7.366446865939));
#7016 = CARTESIAN_POINT('',(4.449279182349,7.363860273771));
#7017 = CARTESIAN_POINT('',(4.442992911674,7.361276486278));
#7018 = CARTESIAN_POINT('',(4.436684158264,7.358695509848));
#7019 = CARTESIAN_POINT('',(4.430352846662,7.356117350859));
#7020 = CARTESIAN_POINT('',(4.423998900678,7.353542015684));
#7021 = CARTESIAN_POINT('',(4.417622243373,7.350969510689));
#7022 = CARTESIAN_POINT('',(4.411222797055,7.348399842233));
#7023 = CARTESIAN_POINT('',(4.404800483268,7.345833016667));
#7024 = CARTESIAN_POINT('',(4.398355222781,7.343269040337));
#7025 = CARTESIAN_POINT('',(4.391886935581,7.340707919582));
#7026 = CARTESIAN_POINT('',(4.385395540859,7.338149660732));
#7027 = CARTESIAN_POINT('',(4.378880957003,7.335594270113));
#7028 = CARTESIAN_POINT('',(4.372343101587,7.333041754042));
#7029 = CARTESIAN_POINT('',(4.36578189136,7.33049211883));
#7030 = CARTESIAN_POINT('',(4.359197242233,7.32794537078));
#7031 = CARTESIAN_POINT('',(4.352589069274,7.325401516191));
#7032 = CARTESIAN_POINT('',(4.34595728669,7.32286056135));
#7033 = CARTESIAN_POINT('',(4.339301807822,7.320322512542));
#7034 = CARTESIAN_POINT('',(4.332622545128,7.317787376043));
#7035 = CARTESIAN_POINT('',(4.325919410176,7.315255158121));
#7036 = CARTESIAN_POINT('',(4.319192313628,7.312725865038));
#7037 = CARTESIAN_POINT('',(4.312441165231,7.31019950305));
#7038 = CARTESIAN_POINT('',(4.305665873805,7.307676078404));
#7039 = CARTESIAN_POINT('',(4.298866347227,7.305155597342));
#7040 = CARTESIAN_POINT('',(4.292042492421,7.302638066097));
#7041 = CARTESIAN_POINT('',(4.285194215347,7.300123490896));
#7042 = CARTESIAN_POINT('',(4.278321420982,7.297611877959));
#7043 = CARTESIAN_POINT('',(4.271424013312,7.295103233499));
#7044 = CARTESIAN_POINT('',(4.264501895317,7.29259756372));
#7045 = CARTESIAN_POINT('',(4.257554968955,7.290094874822));
#7046 = CARTESIAN_POINT('',(4.250583135151,7.287595172996));
#7047 = CARTESIAN_POINT('',(4.24358629378,7.285098464426));
#7048 = CARTESIAN_POINT('',(4.236564343655,7.282604755289));
#7049 = CARTESIAN_POINT('',(4.229517182509,7.280114051755));
#7050 = CARTESIAN_POINT('',(4.222444706982,7.277626359986));
#7051 = CARTESIAN_POINT('',(4.215346812607,7.27514168614));
#7052 = CARTESIAN_POINT('',(4.208223393791,7.272660036363));
#7053 = CARTESIAN_POINT('',(4.201074343799,7.270181416797));
#7054 = CARTESIAN_POINT('',(4.193899554741,7.267705833576));
#7055 = CARTESIAN_POINT('',(4.186698917555,7.265233292827));
#7056 = CARTESIAN_POINT('',(4.179472321985,7.26276380067));
#7057 = CARTESIAN_POINT('',(4.172219656572,7.260297363217));
#7058 = CARTESIAN_POINT('',(4.164940808628,7.257833986572));
#7059 = CARTESIAN_POINT('',(4.157635664225,7.255373676835));
#7060 = CARTESIAN_POINT('',(4.150304108173,7.252916440095));
#7061 = CARTESIAN_POINT('',(4.142946024002,7.250462282436));
#7062 = CARTESIAN_POINT('',(4.135561293945,7.248011209934));
#7063 = CARTESIAN_POINT('',(4.128149798917,7.245563228658));
#7064 = CARTESIAN_POINT('',(4.120711418494,7.243118344669));
#7065 = CARTESIAN_POINT('',(4.113246030899,7.240676564022));
#7066 = CARTESIAN_POINT('',(4.105753512972,7.238237892763));
#7067 = CARTESIAN_POINT('',(4.09823374016,7.235802336932));
#7068 = CARTESIAN_POINT('',(4.090686586488,7.233369902562));
#7069 = CARTESIAN_POINT('',(4.083111924539,7.230940595676));
#7070 = CARTESIAN_POINT('',(4.075509625437,7.228514422294));
#7071 = CARTESIAN_POINT('',(4.067879558816,7.226091388424));
#7072 = CARTESIAN_POINT('',(4.060221592806,7.223671500071));
#7073 = CARTESIAN_POINT('',(4.052535594002,7.221254763229));
#7074 = CARTESIAN_POINT('',(4.044821427445,7.218841183887));
#7075 = CARTESIAN_POINT('',(4.037078956597,7.216430768025));
#7076 = CARTESIAN_POINT('',(4.029308043317,7.214023521617));
#7077 = CARTESIAN_POINT('',(4.02150854783,7.211619450629));
#7078 = CARTESIAN_POINT('',(4.01368032871,7.20921856102));
#7079 = CARTESIAN_POINT('',(4.005823242848,7.206820858741));
#7080 = CARTESIAN_POINT('',(3.997937145425,7.204426349735));
#7081 = CARTESIAN_POINT('',(3.990021889889,7.20203503994));
#7082 = CARTESIAN_POINT('',(3.982077327923,7.199646935283));
#7083 = CARTESIAN_POINT('',(3.974103309416,7.197262041688));
#7084 = CARTESIAN_POINT('',(3.966099682439,7.194880365068));
#7085 = CARTESIAN_POINT('',(3.958066293209,7.19250191133));
#7086 = CARTESIAN_POINT('',(3.950002986062,7.190126686373));
#7087 = CARTESIAN_POINT('',(3.941909603425,7.187754696089));
#7088 = CARTESIAN_POINT('',(3.933785985775,7.185385946363));
#7089 = CARTESIAN_POINT('',(3.925631971617,7.183020443072));
#7090 = CARTESIAN_POINT('',(3.917447397445,7.180658192085));
#7091 = CARTESIAN_POINT('',(3.90923209771,7.178299199265));
#7092 = CARTESIAN_POINT('',(3.900985904786,7.175943470466));
#7093 = CARTESIAN_POINT('',(3.892708648932,7.173591011537));
#7094 = CARTESIAN_POINT('',(3.88440015826,7.171241828316));
#7095 = CARTESIAN_POINT('',(3.876060258696,7.168895926636));
#7096 = CARTESIAN_POINT('',(3.867688773943,7.166553312323));
#7097 = CARTESIAN_POINT('',(3.85928552544,7.164213991193));
#7098 = CARTESIAN_POINT('',(3.850850332329,7.161877969058));
#7099 = CARTESIAN_POINT('',(3.842383011408,7.159545251719));
#7100 = CARTESIAN_POINT('',(3.833883377093,7.157215844972));
#7101 = CARTESIAN_POINT('',(3.825351241377,7.154889754605));
#7102 = CARTESIAN_POINT('',(3.816786413785,7.152566986399));
#7103 = CARTESIAN_POINT('',(3.808188701331,7.150247546126));
#7104 = CARTESIAN_POINT('',(3.799557908472,7.147931439552));
#7105 = CARTESIAN_POINT('',(3.790893837066,7.145618672435));
#7106 = CARTESIAN_POINT('',(3.782196286317,7.143309250526));
#7107 = CARTESIAN_POINT('',(3.773465052736,7.141003179569));
#7108 = CARTESIAN_POINT('',(3.764699930086,7.138700465299));
#7109 = CARTESIAN_POINT('',(3.755900709333,7.136401113445));
#7110 = CARTESIAN_POINT('',(3.747067178593,7.134105129728));
#7111 = CARTESIAN_POINT('',(3.738199123083,7.131812519862));
#7112 = CARTESIAN_POINT('',(3.729296325061,7.129523289553));
#7113 = CARTESIAN_POINT('',(3.720358563778,7.127237444501));
#7114 = CARTESIAN_POINT('',(3.711385615414,7.124954990398));
#7115 = CARTESIAN_POINT('',(3.702377253024,7.122675932927));
#7116 = CARTESIAN_POINT('',(3.693333246476,7.120400277766));
#7117 = CARTESIAN_POINT('',(3.684253362392,7.118128030586));
#7118 = CARTESIAN_POINT('',(3.675137364087,7.115859197047));
#7119 = CARTESIAN_POINT('',(3.665985011497,7.113593782806));
#7120 = CARTESIAN_POINT('',(3.656796061124,7.111331793511));
#7121 = CARTESIAN_POINT('',(3.647570265961,7.109073234801));
#7122 = CARTESIAN_POINT('',(3.638307375425,7.106818112312));
#7123 = CARTESIAN_POINT('',(3.629007135286,7.104566431669));
#7124 = CARTESIAN_POINT('',(3.619669287597,7.102318198491));
#7125 = CARTESIAN_POINT('',(3.610293570613,7.10007341839));
#7126 = CARTESIAN_POINT('',(3.600879718723,7.097832096971));
#7127 = CARTESIAN_POINT('',(3.591427462364,7.095594239832));
#7128 = CARTESIAN_POINT('',(3.581936527945,7.093359852563));
#7129 = CARTESIAN_POINT('',(3.572406637761,7.091128940747));
#7130 = CARTESIAN_POINT('',(3.562837509913,7.088901509962));
#7131 = CARTESIAN_POINT('',(3.553228858216,7.086677565775));
#7132 = CARTESIAN_POINT('',(3.543580392111,7.084457113751));
#7133 = CARTESIAN_POINT('',(3.533891816574,7.082240159444));
#7134 = CARTESIAN_POINT('',(3.524162832022,7.080026708403));
#7135 = CARTESIAN_POINT('',(3.514393134215,7.077816766169));
#7136 = CARTESIAN_POINT('',(3.504582414156,7.075610338278));
#7137 = CARTESIAN_POINT('',(3.494730357989,7.073407430256));
#7138 = CARTESIAN_POINT('',(3.484836646895,7.071208047626));
#7139 = CARTESIAN_POINT('',(3.474900956983,7.069012195902));
#7140 = CARTESIAN_POINT('',(3.464922959178,7.06681988059));
#7141 = CARTESIAN_POINT('',(3.454902319107,7.064631107193));
#7142 = CARTESIAN_POINT('',(3.444838696982,7.062445881205));
#7143 = CARTESIAN_POINT('',(3.434731747479,7.060264208113));
#7144 = CARTESIAN_POINT('',(3.424581119615,7.0580860934));
#7145 = CARTESIAN_POINT('',(3.414386456614,7.055911542539));
#7146 = CARTESIAN_POINT('',(3.404147395782,7.053740560999));
#7147 = CARTESIAN_POINT('',(3.393863568368,7.051573154243));
#7148 = CARTESIAN_POINT('',(3.383534599425,7.049409327726));
#7149 = CARTESIAN_POINT('',(3.373160107665,7.047249086898));
#7150 = CARTESIAN_POINT('',(3.362739705312,7.045092437202));
#7151 = CARTESIAN_POINT('',(3.352272997949,7.042939384076));
#7152 = CARTESIAN_POINT('',(3.341759584358,7.040789932951));
#7153 = CARTESIAN_POINT('',(3.331199056364,7.038644089253));
#7154 = CARTESIAN_POINT('',(3.320590998661,7.0365018584));
#7155 = CARTESIAN_POINT('',(3.309934988642,7.034363245808));
#7156 = CARTESIAN_POINT('',(3.299230596224,7.032228256883));
#7157 = CARTESIAN_POINT('',(3.288477383659,7.030096897029));
#7158 = CARTESIAN_POINT('',(3.27767490535,7.027969171643));
#7159 = CARTESIAN_POINT('',(3.266822707652,7.025845086115));
#7160 = CARTESIAN_POINT('',(3.255920328674,7.023724645833));
#7161 = CARTESIAN_POINT('',(3.244967298065,7.021607856177));
#7162 = CARTESIAN_POINT('',(3.233963136805,7.019494722524));
#7163 = CARTESIAN_POINT('',(3.222907356981,7.017385250244));
#7164 = CARTESIAN_POINT('',(3.211799461556,7.015279444704));
#7165 = CARTESIAN_POINT('',(3.200638944134,7.013177311265));
#7166 = CARTESIAN_POINT('',(3.189425288712,7.011078855283));
#7167 = CARTESIAN_POINT('',(3.178157969431,7.008984082113));
#7168 = CARTESIAN_POINT('',(3.166836450311,7.0068929971));
#7169 = CARTESIAN_POINT('',(3.155460184981,7.004805605591));
#7170 = CARTESIAN_POINT('',(3.144028616398,7.002721912923));
#7171 = CARTESIAN_POINT('',(3.132541176556,7.000641924435));
#7172 = CARTESIAN_POINT('',(3.120997286188,6.998565645458));
#7173 = CARTESIAN_POINT('',(3.109396354454,6.996493081321));
#7174 = CARTESIAN_POINT('',(3.097737778615,6.99442423735));
#7175 = CARTESIAN_POINT('',(3.086020943707,6.992359118869));
#7176 = CARTESIAN_POINT('',(3.074245222186,6.990297731196));
#7177 = CARTESIAN_POINT('',(3.062409973577,6.988240079649));
#7178 = CARTESIAN_POINT('',(3.050514544096,6.986186169544));
#7179 = CARTESIAN_POINT('',(3.03855826627,6.984136006192));
#7180 = CARTESIAN_POINT('',(3.02654045853,6.982089594904));
#7181 = CARTESIAN_POINT('',(3.014460424801,6.98004694099));
#7182 = CARTESIAN_POINT('',(3.002317454069,6.978008049757));
#7183 = CARTESIAN_POINT('',(2.990110819932,6.975972926513));
#7184 = CARTESIAN_POINT('',(2.977839780135,6.973941576562));
#7185 = CARTESIAN_POINT('',(2.965503576087,6.971914005211));
#7186 = CARTESIAN_POINT('',(2.953101432359,6.969890217764));
#7187 = CARTESIAN_POINT('',(2.940632556158,6.967870219528));
#7188 = CARTESIAN_POINT('',(2.928096136786,6.965854015808));
#7189 = CARTESIAN_POINT('',(2.915491345074,6.963841611912));
#7190 = CARTESIAN_POINT('',(2.902817332789,6.961833013149));
#7191 = CARTESIAN_POINT('',(2.890073232027,6.959828224828));
#7192 = CARTESIAN_POINT('',(2.877258154567,6.957827252263));
#7193 = CARTESIAN_POINT('',(2.86437119121,6.955830100769));
#7194 = CARTESIAN_POINT('',(2.851411411081,6.953836775665));
#7195 = CARTESIAN_POINT('',(2.838377860907,6.951847282274));
#7196 = CARTESIAN_POINT('',(2.825269564259,6.949861625923));
#7197 = CARTESIAN_POINT('',(2.812085520766,6.947879811943));
#7198 = CARTESIAN_POINT('',(2.798824705288,6.945901845672));
#7199 = CARTESIAN_POINT('',(2.78548606706,6.943927732455));
#7200 = CARTESIAN_POINT('',(2.772068528787,6.941957477641));
#7201 = CARTESIAN_POINT('',(2.758570985707,6.939991086588));
#7202 = CARTESIAN_POINT('',(2.74499230461,6.938028564665));
#7203 = CARTESIAN_POINT('',(2.731331322803,6.936069917246));
#7204 = CARTESIAN_POINT('',(2.717586847035,6.934115149718));
#7205 = CARTESIAN_POINT('',(2.70375765237,6.932164267478));
#7206 = CARTESIAN_POINT('',(2.689842481001,6.930217275934));
#7207 = CARTESIAN_POINT('',(2.675840041012,6.928274180509));
#7208 = CARTESIAN_POINT('',(2.661749005073,6.926334986639));
#7209 = CARTESIAN_POINT('',(2.647568009081,6.924399699775));
#7210 = CARTESIAN_POINT('',(2.63329565072,6.922468325383));
#7211 = CARTESIAN_POINT('',(2.618930487956,6.920540868951));
#7212 = CARTESIAN_POINT('',(2.604471037452,6.918617335981));
#7213 = CARTESIAN_POINT('',(2.589915772905,6.916697731999));
#7214 = CARTESIAN_POINT('',(2.575263123289,6.914782062551));
#7215 = CARTESIAN_POINT('',(2.560511471011,6.912870333208));
#7216 = CARTESIAN_POINT('',(2.545659149961,6.910962549565));
#7217 = CARTESIAN_POINT('',(2.530704443466,6.909058717247));
#7218 = CARTESIAN_POINT('',(2.515645582122,6.907158841904));
#7219 = CARTESIAN_POINT('',(2.500480741509,6.90526292922));
#7220 = CARTESIAN_POINT('',(2.485208039779,6.903370984914));
#7221 = CARTESIAN_POINT('',(2.469825535103,6.901483014737));
#7222 = CARTESIAN_POINT('',(2.454331222972,6.899599024482));
#7223 = CARTESIAN_POINT('',(2.438723033339,6.897719019981));
#7224 = CARTESIAN_POINT('',(2.422998827596,6.895843007113));
#7225 = CARTESIAN_POINT('',(2.407156395356,6.8939709918));
#7226 = CARTESIAN_POINT('',(2.39119345106,6.89210298002));
#7227 = CARTESIAN_POINT('',(2.375107630351,6.8902389778));
#7228 = CARTESIAN_POINT('',(2.358896486241,6.88837899123));
#7229 = CARTESIAN_POINT('',(2.34255748502,6.886523026459));
#7230 = CARTESIAN_POINT('',(2.326088001908,6.884671089704));
#7231 = CARTESIAN_POINT('',(2.309485316422,6.882823187256));
#7232 = CARTESIAN_POINT('',(2.292746607438,6.880979325478));
#7233 = CARTESIAN_POINT('',(2.275868947913,6.87913951082));
#7234 = CARTESIAN_POINT('',(2.258849299253,6.87730374982));
#7235 = CARTESIAN_POINT('',(2.241684505289,6.875472049108));
#7236 = CARTESIAN_POINT('',(2.224371285827,6.87364441542));
#7237 = CARTESIAN_POINT('',(2.206906229736,6.871820855601));
#7238 = CARTESIAN_POINT('',(2.189285787534,6.870001376614));
#7239 = CARTESIAN_POINT('',(2.171506263425,6.868185985549));
#7240 = CARTESIAN_POINT('',(2.153563806739,6.866374689635));
#7241 = CARTESIAN_POINT('',(2.135454402714,6.864567496247));
#7242 = CARTESIAN_POINT('',(2.117173862567,6.862764412923));
#7243 = CARTESIAN_POINT('',(2.098717812769,6.86096544737));
#7244 = CARTESIAN_POINT('',(2.08008168347,6.859170607486));
#7245 = CARTESIAN_POINT('',(2.061260695963,6.857379901366));
#7246 = CARTESIAN_POINT('',(2.042249849104,6.85559333733));
#7247 = CARTESIAN_POINT('',(2.023043904579,6.85381092393));
#7248 = CARTESIAN_POINT('',(2.003637370894,6.852032669979));
#7249 = CARTESIAN_POINT('',(1.98402448594,6.850258584571));
#7250 = CARTESIAN_POINT('',(1.964199197997,6.848488677103));
#7251 = CARTESIAN_POINT('',(1.944155144982,6.846722957305));
#7252 = CARTESIAN_POINT('',(1.923885631746,6.844961435271));
#7253 = CARTESIAN_POINT('',(1.903383605204,6.843204121493));
#7254 = CARTESIAN_POINT('',(1.88264162701,6.841451026895));
#7255 = CARTESIAN_POINT('',(1.861651843504,6.839702162879));
#7256 = CARTESIAN_POINT('',(1.840405952582,6.83795754137));
#7257 = CARTESIAN_POINT('',(1.818895167081,6.836217174869));
#7258 = CARTESIAN_POINT('',(1.797110174243,6.834481076514));
#7259 = CARTESIAN_POINT('',(1.775041090716,6.832749260141));
#7260 = CARTESIAN_POINT('',(1.752677412486,6.831021740365));
#7261 = CARTESIAN_POINT('',(1.730007959019,6.829298532665));
#7262 = CARTESIAN_POINT('',(1.707020810781,6.827579653474));
#7263 = CARTESIAN_POINT('',(1.683703239147,6.825865120298));
#7264 = CARTESIAN_POINT('',(1.660041627528,6.824154951836));
#7265 = CARTESIAN_POINT('',(1.636021382355,6.822449168125));
#7266 = CARTESIAN_POINT('',(1.611626832258,6.82074779071));
#7267 = CARTESIAN_POINT('',(1.586841113487,6.819050842833));
#7268 = CARTESIAN_POINT('',(1.561646039199,6.817358349658));
#7269 = CARTESIAN_POINT('',(1.536021949765,6.815670338528));
#7270 = CARTESIAN_POINT('',(1.509947540602,6.813986839277));
#7271 = CARTESIAN_POINT('',(1.483399663279,6.81230788458));
#7272 = CARTESIAN_POINT('',(1.456353094662,6.810633510383));
#7273 = CARTESIAN_POINT('',(1.428780267573,6.808963756406));
#7274 = CARTESIAN_POINT('',(1.400650954867,6.80729866675));
#7275 = CARTESIAN_POINT('',(1.371931896668,6.805638290621));
#7276 = CARTESIAN_POINT('',(1.342586357795,6.803982683216));
#7277 = CARTESIAN_POINT('',(1.312573598729,6.802331906803));
#7278 = CARTESIAN_POINT('',(1.281848238569,6.80068603205));
#7279 = CARTESIAN_POINT('',(1.250359481821,6.79904513968));
#7280 = CARTESIAN_POINT('',(1.218050171747,6.797409322546));
#7281 = CARTESIAN_POINT('',(1.184855620337,6.795778688264));
#7282 = CARTESIAN_POINT('',(1.150702147107,6.794153362595));
#7283 = CARTESIAN_POINT('',(1.115505233191,6.792533493831));
#7284 = CARTESIAN_POINT('',(1.079167159644,6.790919258591));
#7285 = CARTESIAN_POINT('',(1.041573942684,6.789310869569));
#7286 = CARTESIAN_POINT('',(1.002591292868,6.78770858611));
#7287 = CARTESIAN_POINT('',(0.962059190761,6.786112728915));
#7288 = CARTESIAN_POINT('',(0.919784454911,6.784523700974));
#7289 = CARTESIAN_POINT('',(0.875530316705,6.782942018161));
#7290 = CARTESIAN_POINT('',(0.829001391662,6.781368355341));
#7291 = CARTESIAN_POINT('',(0.779821306746,6.779803618432));
#7292 = CARTESIAN_POINT('',(0.727498092639,6.778249062001));
#7293 = CARTESIAN_POINT('',(0.671368095769,6.7767064916));
#7294 = CARTESIAN_POINT('',(0.610499660452,6.77517863554));
#7295 = CARTESIAN_POINT('',(0.543515033542,6.773669888194));
#7296 = CARTESIAN_POINT('',(0.468227163816,6.772187972923));
#7297 = CARTESIAN_POINT('',(0.380790522994,6.77074830016));
#7298 = CARTESIAN_POINT('',(0.286080156502,6.769526963121));
#7299 = CARTESIAN_POINT('',(0.191526663535,6.768655693644));
#7300 = CARTESIAN_POINT('',(9.712611613616E-02,6.768130776044));
#7301 = CARTESIAN_POINT('',(2.872719616916E-03,6.767949351251));
#7302 = CARTESIAN_POINT('',(7.134470256727E-16,6.767949192431));
#7303 = ( GEOMETRIC_REPRESENTATION_CONTEXT(2) 
PARAMETRIC_REPRESENTATION_CONTEXT() REPRESENTATION_CONTEXT('2D SPACE',''
  ) );
#7304 = PCURVE('',#360,#7305);
#7305 = DEFINITIONAL_REPRESENTATION('',(#7306),#7979);
#7306 = B_SPLINE_CURVE_WITH_KNOTS('',1,(#7307,#7308,#7309,#7310,#7311,
    #7312,#7313,#7314,#7315,#7316,#7317,#7318,#7319,#7320,#7321,#7322,
    #7323,#7324,#7325,#7326,#7327,#7328,#7329,#7330,#7331,#7332,#7333,
    #7334,#7335,#7336,#7337,#7338,#7339,#7340,#7341,#7342,#7343,#7344,
    #7345,#7346,#7347,#7348,#7349,#7350,#7351,#7352,#7353,#7354,#7355,
    #7356,#7357,#7358,#7359,#7360,#7361,#7362,#7363,#7364,#7365,#7366,
    #7367,#7368,#7369,#7370,#7371,#7372,#7373,#7374,#7375,#7376,#7377,
    #7378,#7379,#7380,#7381,#7382,#7383,#7384,#7385,#7386,#7387,#7388,
    #7389,#7390,#7391,#7392,#7393,#7394,#7395,#7396,#7397,#7398,#7399,
    #7400,#7401,#7402,#7403,#7404,#7405,#7406,#7407,#7408,#7409,#7410,
    #7411,#7412,#7413,#7414,#7415,#7416,#7417,#7418,#7419,#7420,#7421,
    #7422,#7423,#7424,#7425,#7426,#7427,#7428,#7429,#7430,#7431,#7432,
    #7433,#7434,#7435,#7436,#7437,#7438,#7439,#7440,#7441,#7442,#7443,
    #7444,#7445,#7446,#7447,#7448,#7449,#7450,#7451,#7452,#7453,#7454,
    #7455,#7456,#7457,#7458,#7459,#7460,#7461,#7462,#7463,#7464,#7465,
    #7466,#7467,#7468,#7469,#7470,#7471,#7472,#7473,#7474,#7475,#7476,
    #7477,#7478,#7479,#7480,#7481,#7482,#7483,#7484,#7485,#7486,#7487,
    #7488,#7489,#7490,#7491,#7492,#7493,#7494,#7495,#7496,#7497,#7498,
    #7499,#7500,#7501,#7502,#7503,#7504,#7505,#7506,#7507,#7508,#7509,
    #7510,#7511,#7512,#7513,#7514,#7515,#7516,#7517,#7518,#7519,#7520,
    #7521,#7522,#7523,#7524,#7525,#7526,#7527,#7528,#7529,#7530,#7531,
    #7532,#7533,#7534,#7535,#7536,#7537,#7538,#7539,#7540,#7541,#7542,
    #7543,#7544,#7545,#7546,#7547,#7548,#7549,#7550,#7551,#7552,#7553,
    #7554,#7555,#7556,#7557,#7558,#7559,#7560,#7561,#7562,#7563,#7564,
    #7565,#7566,#7567,#7568,#7569,#7570,#7571,#7572,#7573,#7574,#7575,
    #7576,#7577,#7578,#7579,#7580,#7581,#7582,#7583,#7584,#7585,#7586,
    #7587,#7588,#7589,#7590,#7591,#7592,#7593,#7594,#7595,#7596,#7597,
    #7598,#7599,#7600,#7601,#7602,#7603,#7604,#7605,#7606,#7607,#7608,
    #7609,#7610,#7611,#7612,#7613,#7614,#7615,#7616,#7617,#7618,#7619,
    #7620,#7621,#7622,#7623,#7624,#7625,#7626,#7627,#7628,#7629,#7630,
    #7631,#7632,#7633,#7634,#7635,#7636,#7637,#7638,#7639,#7640,#7641,
    #7642,#7643,#7644,#7645,#7646,#7647,#7648,#7649,#7650,#7651,#7652,
    #7653,#7654,#7655,#7656,#7657,#7658,#7659,#7660,#7661,#7662,#7663,
    #7664,#7665,#7666,#7667,#7668,#7669,#7670,#7671,#7672,#7673,#7674,
    #7675,#7676,#7677,#7678,#7679,#7680,#7681,#7682,#7683,#7684,#7685,
    #7686,#7687,#7688,#7689,#7690,#7691,#7692,#7693,#7694,#7695,#7696,
    #7697,#7698,#7699,#7700,#7701,#7702,#7703,#7704,#7705,#7706,#7707,
    #7708,#7709,#7710,#7711,#7712,#7713,#7714,#7715,#7716,#7717,#7718,
    #7719,#7720,#7721,#7722,#7723,#7724,#7725,#7726,#7727,#7728,#7729,
    #7730,#7731,#7732,#7733,#7734,#7735,#7736,#7737,#7738,#7739,#7740,
    #7741,#7742,#7743,#7744,#7745,#7746,#7747,#7748,#7749,#7750,#7751,
    #7752,#7753,#7754,#7755,#7756,#7757,#7758,#7759,#7760,#7761,#7762,
    #7763,#7764,#7765,#7766,#7767,#7768,#7769,#7770,#7771,#7772,#7773,
    #7774,#7775,#7776,#7777,#7778,#7779,#7780,#7781,#7782,#7783,#7784,
    #7785,#7786,#7787,#7788,#7789,#7790,#7791,#7792,#7793,#7794,#7795,
    #7796,#7797,#7798,#7799,#7800,#7801,#7802,#7803,#7804,#7805,#7806,
    #7807,#7808,#7809,#7810,#7811,#7812,#7813,#7814,#7815,#7816,#7817,
    #7818,#7819,#7820,#7821,#7822,#7823,#7824,#7825,#7826,#7827,#7828,
    #7829,#7830,#7831,#7832,#7833,#7834,#7835,#7836,#7837,#7838,#7839,
    #7840,#7841,#7842,#7843,#7844,#7845,#7846,#7847,#7848,#7849,#7850,
    #7851,#7852,#7853,#7854,#7855,#7856,#7857,#7858,#7859,#7860,#7861,
    #7862,#7863,#7864,#7865,#7866,#7867,#7868,#7869,#7870,#7871,#7872,
    #7873,#7874,#7875,#7876,#7877,#7878,#7879,#7880,#7881,#7882,#7883,
    #7884,#7885,#7886,#7887,#7888,#7889,#7890,#7891,#7892,#7893,#7894,
    #7895,#7896,#7897,#7898,#7899,#7900,#7901,#7902,#7903,#7904,#7905,
    #7906,#7907,#7908,#7909,#7910,#7911,#7912,#7913,#7914,#7915,#7916,
    #7917,#7918,#7919,#7920,#7921,#7922,#7923,#7924,#7925,#7926,#7927,
    #7928,#7929,#7930,#7931,#7932,#7933,#7934,#7935,#7936,#7937,#7938,
    #7939,#7940,#7941,#7942,#7943,#7944,#7945,#7946,#7947,#7948,#7949,
    #7950,#7951,#7952,#7953,#7954,#7955,#7956,#7957,#7958,#7959,#7960,
    #7961,#7962,#7963,#7964,#7965,#7966,#7967,#7968,#7969,#7970,#7971,
    #7972,#7973,#7974,#7975,#7976,#7977,#7978),.UNSPECIFIED.,.F.,.F.,(2,
    1,1,1,1,1,1,1,1,1,1,1,1,1,1,1,1,1,1,1,1,1,1,1,1,1,1,1,1,1,1,1,1,1,1,
    1,1,1,1,1,1,1,1,1,1,1,1,1,1,1,1,1,1,1,1,1,1,1,1,1,1,1,1,1,1,1,1,1,1,
    1,1,1,1,1,1,1,1,1,1,1,1,1,1,1,1,1,1,1,1,1,1,1,1,1,1,1,1,1,1,1,1,1,1,
    1,1,1,1,1,1,1,1,1,1,1,1,1,1,1,1,1,1,1,1,1,1,1,1,1,1,1,1,1,1,1,1,1,1,
    1,1,1,1,1,1,1,1,1,1,1,1,1,1,1,1,1,1,1,1,1,1,1,1,1,1,1,1,1,1,1,1,1,1,
    1,1,1,1,1,1,1,1,1,1,1,1,1,1,1,1,1,1,1,1,1,1,1,1,1,1,1,1,1,1,1,1,1,1,
    1,1,1,1,1,1,1,1,1,1,1,1,1,1,1,1,1,1,1,1,1,1,1,1,1,1,1,1,1,1,1,1,1,1,
    1,1,1,1,1,1,1,1,1,1,1,1,1,1,1,1,1,1,1,1,1,1,1,1,1,1,1,1,1,1,1,1,1,1,
    1,1,1,1,1,1,1,1,1,1,1,1,1,1,1,1,1,1,1,1,1,1,1,1,1,1,1,1,1,1,1,1,1,1,
    1,1,1,1,1,1,1,1,1,1,1,1,1,1,1,1,1,1,1,1,1,1,1,1,1,1,1,1,1,1,1,1,1,1,
    1,1,1,1,1,1,1,1,1,1,1,1,1,1,1,1,1,1,1,1,1,1,1,1,1,1,1,1,1,1,1,1,1,1,
    1,1,1,1,1,1,1,1,1,1,1,1,1,1,1,1,1,1,1,1,1,1,1,1,1,1,1,1,1,1,1,1,1,1,
    1,1,1,1,1,1,1,1,1,1,1,1,1,1,1,1,1,1,1,1,1,1,1,1,1,1,1,1,1,1,1,1,1,1,
    1,1,1,1,1,1,1,1,1,1,1,1,1,1,1,1,1,1,1,1,1,1,1,1,1,1,1,1,1,1,1,1,1,1,
    1,1,1,1,1,1,1,1,1,1,1,1,1,1,1,1,1,1,1,1,1,1,1,1,1,1,1,1,1,1,1,1,1,1,
    1,1,1,1,1,1,1,1,1,1,1,1,1,1,1,1,1,1,1,1,1,1,1,1,1,1,1,1,1,1,1,1,1,1,
    1,1,1,1,1,1,1,1,1,1,1,1,1,1,1,1,1,1,1,1,1,1,1,1,1,1,1,1,1,1,1,1,1,1,
    1,1,1,1,1,1,1,1,1,1,1,1,1,1,1,1,1,1,1,1,1,1,1,1,1,1,1,1,1,1,1,1,1,1,
    1,1,1,1,1,1,1,1,1,1,1,1,1,1,1,1,1,1,1,1,1,1,1,1,1,1,1,1,1,1,1,1,1,1,
    1,1,1,1,1,1,1,1,1,1,1,1,1,1,1,1,1,1,1,1,1,1,1,1,2),(0.,1.,2.,3.,4.,
    5.,6.,7.,8.,9.,10.,11.,12.,13.,14.,15.,16.,17.,18.,19.,20.,21.,22.,
    23.,24.,25.,26.,27.,28.,29.,30.,31.,32.,33.,34.,35.,36.,37.,38.,39.,
    40.,41.,42.,43.,44.,45.,46.,47.,48.,49.,50.,51.,52.,53.,54.,55.,56.,
    57.,58.,59.,60.,61.,62.,63.,64.,65.,66.,67.,68.,69.,70.,71.,72.,73.,
    74.,75.,76.,77.,78.,79.,80.,81.,82.,83.,84.,85.,86.,87.,88.,89.,90.,
    91.,92.,93.,94.,95.,96.,97.,98.,99.,100.,101.,102.,103.,104.,105.,
    106.,107.,108.,109.,110.,111.,112.,113.,114.,115.,116.,117.,118.,
    119.,120.,121.,122.,123.,124.,125.,126.,127.,128.,129.,130.,131.,
    132.,133.,134.,135.,136.,137.,138.,139.,140.,141.,142.,143.,144.,
    145.,146.,147.,148.,149.,150.,151.,152.,153.,154.,155.,156.,157.,
    158.,159.,160.,161.,162.,163.,164.,165.,166.,167.,168.,169.,170.,
    171.,172.,173.,174.,175.,176.,177.,178.,179.,180.,181.,182.,183.,
    184.,185.,186.,187.,188.,189.,190.,191.,192.,193.,194.,195.,196.,
    197.,198.,199.,200.,201.,202.,203.,204.,205.,206.,207.,208.,209.,
    210.,211.,212.,213.,214.,215.,216.,217.,218.,219.,220.,221.,222.,
    223.,224.,225.,226.,227.,228.,229.,230.,231.,232.,233.,234.,235.,
    236.,237.,238.,239.,240.,241.,242.,243.,244.,245.,246.,247.,248.,
    249.,250.,251.,252.,253.,254.,255.,256.,257.,258.,259.,260.,261.,
    262.,263.,264.,265.,266.,267.,268.,269.,270.,271.,272.,273.,274.,
    275.,276.,277.,278.,279.,280.,281.,282.,283.,284.,285.,286.,287.,
    288.,289.,290.,291.,292.,293.,294.,295.,296.,297.,298.,299.,300.,
    301.,302.,303.,304.,305.,306.,307.,308.,309.,310.,311.,312.,313.,
    314.,315.,316.,317.,318.,319.,320.,321.,322.,323.,324.,325.,326.,
    327.,328.,329.,330.,331.,332.,333.,334.,335.,336.,337.,338.,339.,
    340.,341.,342.,343.,344.,345.,346.,347.,348.,349.,350.,351.,352.,
    353.,354.,355.,356.,357.,358.,359.,360.,361.,362.,363.,364.,365.,
    366.,367.,368.,369.,370.,371.,372.,373.,374.,375.,376.,377.,378.,
    379.,380.,381.,382.,383.,384.,385.,386.,387.,388.,389.,390.,391.,
    392.,393.,394.,395.,396.,397.,398.,399.,400.,401.,402.,403.,404.,
    405.,406.,407.,408.,409.,410.,411.,412.,413.,414.,415.,416.,417.,
    418.,419.,420.,421.,422.,423.,424.,425.,426.,427.,428.,429.,430.,
    431.,432.,433.,434.,435.,436.,437.,438.,439.,440.,441.,442.,443.,
    444.,445.,446.,447.,448.,449.,450.,451.,452.,453.,454.,455.,456.,
    457.,458.,459.,460.,461.,462.,463.,464.,465.,466.,467.,468.,469.,
    470.,471.,472.,473.,474.,475.,476.,477.,478.,479.,480.,481.,482.,
    483.,484.,485.,486.,487.,488.,489.,490.,491.,492.,493.,494.,495.,
    496.,497.,498.,499.,500.,501.,502.,503.,504.,505.,506.,507.,508.,
    509.,510.,511.,512.,513.,514.,515.,516.,517.,518.,519.,520.,521.,
    522.,523.,524.,525.,526.,527.,528.,529.,530.,531.,532.,533.,534.,
    535.,536.,537.,538.,539.,540.,541.,542.,543.,544.,545.,546.,547.,
    548.,549.,550.,551.,552.,553.,554.,555.,556.,557.,558.,559.,560.,
    561.,562.,563.,564.,565.,566.,567.,568.,569.,570.,571.,572.,573.,
    574.,575.,576.,577.,578.,579.,580.,581.,582.,583.,584.,585.,586.,
    587.,588.,589.,590.,591.,592.,593.,594.,595.,596.,597.,598.,599.,
    600.,601.,602.,603.,604.,605.,606.,607.,608.,609.,610.,611.,612.,
    613.,614.,615.,616.,617.,618.,619.,620.,621.,622.,623.,624.,625.,
    626.,627.,628.,629.,630.,631.,632.,633.,634.,635.,636.,637.,638.,
    639.,640.,641.,642.,643.,644.,645.,646.,647.,648.,649.,650.,651.,
    652.,653.,654.,655.,656.,657.,658.,659.,660.,661.,662.,663.,664.,
    665.,666.,667.,668.,669.,670.,671.),.PIECEWISE_BEZIER_KNOTS.);
#7307 = CARTESIAN_POINT('',(-0.35542120169,0.));
#7308 = CARTESIAN_POINT('',(-0.355420786229,1.570796107024E-03));
#7309 = CARTESIAN_POINT('',(-0.35541992934,2.748892371281E-03));
#7310 = CARTESIAN_POINT('',(-0.355418319393,4.137361211792E-03));
#7311 = CARTESIAN_POINT('',(-0.35541571532,5.708156739927E-03));
#7312 = CARTESIAN_POINT('',(-0.355412280293,7.278952048255E-03));
#7313 = CARTESIAN_POINT('',(-0.355408014291,8.849747136756E-03));
#7314 = CARTESIAN_POINT('',(-0.355402917288,1.04205420054E-02));
#7315 = CARTESIAN_POINT('',(-0.355396989254,1.199133665416E-02));
#7316 = CARTESIAN_POINT('',(-0.355390230153,1.3562131083E-02));
#7317 = CARTESIAN_POINT('',(-0.355382639944,1.513292529188E-02));
#7318 = CARTESIAN_POINT('',(-0.355374218581,1.670371928075E-02));
#7319 = CARTESIAN_POINT('',(-0.355364966012,1.827451304955E-02));
#7320 = CARTESIAN_POINT('',(-0.355354882183,1.984530659824E-02));
#7321 = CARTESIAN_POINT('',(-0.355343967031,2.141609992675E-02));
#7322 = CARTESIAN_POINT('',(-0.355332220491,2.298689303502E-02));
#7323 = CARTESIAN_POINT('',(-0.35531964249,2.455768592297E-02));
#7324 = CARTESIAN_POINT('',(-0.355306232953,2.612847859052E-02));
#7325 = CARTESIAN_POINT('',(-0.355291991798,2.769927103761E-02));
#7326 = CARTESIAN_POINT('',(-0.355276918939,2.927006326413E-02));
#7327 = CARTESIAN_POINT('',(-0.355261014283,3.084085527E-02));
#7328 = CARTESIAN_POINT('',(-0.355244277734,3.241164705512E-02));
#7329 = CARTESIAN_POINT('',(-0.35522670919,3.39824386194E-02));
#7330 = CARTESIAN_POINT('',(-0.355208308544,3.555322996271E-02));
#7331 = CARTESIAN_POINT('',(-0.355189075684,3.712402108496E-02));
#7332 = CARTESIAN_POINT('',(-0.355169010492,3.869481198602E-02));
#7333 = CARTESIAN_POINT('',(-0.355148112847,4.026560266577E-02));
#7334 = CARTESIAN_POINT('',(-0.35512638262,4.183639312409E-02));
#7335 = CARTESIAN_POINT('',(-0.35510381968,4.340718336084E-02));
#7336 = CARTESIAN_POINT('',(-0.355080423888,4.497797337589E-02));
#7337 = CARTESIAN_POINT('',(-0.355056195101,4.65487631691E-02));
#7338 = CARTESIAN_POINT('',(-0.355031133173,4.811955274031E-02));
#7339 = CARTESIAN_POINT('',(-0.355005237948,4.969034208937E-02));
#7340 = CARTESIAN_POINT('',(-0.35497850927,5.126113121613E-02));
#7341 = CARTESIAN_POINT('',(-0.354950946974,5.283192012042E-02));
#7342 = CARTESIAN_POINT('',(-0.354922550893,5.440270880208E-02));
#7343 = CARTESIAN_POINT('',(-0.354893320852,5.597349726094E-02));
#7344 = CARTESIAN_POINT('',(-0.354863256672,5.75442854968E-02));
#7345 = CARTESIAN_POINT('',(-0.35483235817,5.91150735095E-02));
#7346 = CARTESIAN_POINT('',(-0.354800625156,6.068586129884E-02));
#7347 = CARTESIAN_POINT('',(-0.354768057435,6.225664886462E-02));
#7348 = CARTESIAN_POINT('',(-0.354734654808,6.382743620665E-02));
#7349 = CARTESIAN_POINT('',(-0.35470041707,6.539822332473E-02));
#7350 = CARTESIAN_POINT('',(-0.354665344011,6.696901021865E-02));
#7351 = CARTESIAN_POINT('',(-0.354629435415,6.853979688818E-02));
#7352 = CARTESIAN_POINT('',(-0.354592691063,7.011058333311E-02));
#7353 = CARTESIAN_POINT('',(-0.354555110727,7.168136955321E-02));
#7354 = CARTESIAN_POINT('',(-0.354516694178,7.325215554826E-02));
#7355 = CARTESIAN_POINT('',(-0.354477441179,7.482294131801E-02));
#7356 = CARTESIAN_POINT('',(-0.354437351488,7.639372686223E-02));
#7357 = CARTESIAN_POINT('',(-0.354396424859,7.796451218067E-02));
#7358 = CARTESIAN_POINT('',(-0.35435466104,7.953529727307E-02));
#7359 = CARTESIAN_POINT('',(-0.354312059772,8.110608213918E-02));
#7360 = CARTESIAN_POINT('',(-0.354268620795,8.267686677874E-02));
#7361 = CARTESIAN_POINT('',(-0.354224343839,8.424765119147E-02));
#7362 = CARTESIAN_POINT('',(-0.354179228632,8.581843537711E-02));
#7363 = CARTESIAN_POINT('',(-0.354133274894,8.738921933537E-02));
#7364 = CARTESIAN_POINT('',(-0.354086482343,8.896000306597E-02));
#7365 = CARTESIAN_POINT('',(-0.354038850688,9.053078656861E-02));
#7366 = CARTESIAN_POINT('',(-0.353990379636,9.210156984301E-02));
#7367 = CARTESIAN_POINT('',(-0.353941068886,9.367235288886E-02));
#7368 = CARTESIAN_POINT('',(-0.353890918133,9.524313570586E-02));
#7369 = CARTESIAN_POINT('',(-0.353839927066,9.681391829369E-02));
#7370 = CARTESIAN_POINT('',(-0.35378809537,9.838470065203E-02));
#7371 = CARTESIAN_POINT('',(-0.353735422722,9.995548278056E-02));
#7372 = CARTESIAN_POINT('',(-0.353681908797,0.101526264679));
#7373 = CARTESIAN_POINT('',(-0.353627553261,0.103097046347));
#7374 = CARTESIAN_POINT('',(-0.353572355776,0.104667827784));
#7375 = CARTESIAN_POINT('',(-0.353516316001,0.10623860899));
#7376 = CARTESIAN_POINT('',(-0.353459433586,0.107809389964));
#7377 = CARTESIAN_POINT('',(-0.353401708176,0.109380170707));
#7378 = CARTESIAN_POINT('',(-0.353343139413,0.110950951217));
#7379 = CARTESIAN_POINT('',(-0.353283726931,0.112521731495));
#7380 = CARTESIAN_POINT('',(-0.353223470359,0.11409251154));
#7381 = CARTESIAN_POINT('',(-0.353162369322,0.115663291351));
#7382 = CARTESIAN_POINT('',(-0.353100423438,0.117234070929));
#7383 = CARTESIAN_POINT('',(-0.353037632319,0.118804850272));
#7384 = CARTESIAN_POINT('',(-0.352973995573,0.120375629381));
#7385 = CARTESIAN_POINT('',(-0.352909512802,0.121946408255));
#7386 = CARTESIAN_POINT('',(-0.352844183601,0.123517186894));
#7387 = CARTESIAN_POINT('',(-0.352778007561,0.125087965297));
#7388 = CARTESIAN_POINT('',(-0.352710984267,0.126658743463));
#7389 = CARTESIAN_POINT('',(-0.352643113297,0.128229521394));
#7390 = CARTESIAN_POINT('',(-0.352574394226,0.129800299087));
#7391 = CARTESIAN_POINT('',(-0.352504826622,0.131371076542));
#7392 = CARTESIAN_POINT('',(-0.352434410045,0.13294185376));
#7393 = CARTESIAN_POINT('',(-0.352363144054,0.134512630739));
#7394 = CARTESIAN_POINT('',(-0.352291028199,0.136083407479));
#7395 = CARTESIAN_POINT('',(-0.352218062024,0.13765418398));
#7396 = CARTESIAN_POINT('',(-0.35214424507,0.139224960241));
#7397 = CARTESIAN_POINT('',(-0.352069576869,0.140795736262));
#7398 = CARTESIAN_POINT('',(-0.35199405695,0.142366512043));
#7399 = CARTESIAN_POINT('',(-0.351917684834,0.143937287582));
#7400 = CARTESIAN_POINT('',(-0.351840460038,0.145508062879));
#7401 = CARTESIAN_POINT('',(-0.351762382072,0.147078837934));
#7402 = CARTESIAN_POINT('',(-0.35168345044,0.148649612746));
#7403 = CARTESIAN_POINT('',(-0.351603664641,0.150220387315));
#7404 = CARTESIAN_POINT('',(-0.351523024168,0.15179116164));
#7405 = CARTESIAN_POINT('',(-0.351441528508,0.153361935721));
#7406 = CARTESIAN_POINT('',(-0.351359177141,0.154932709557));
#7407 = CARTESIAN_POINT('',(-0.351275969543,0.156503483147));
#7408 = CARTESIAN_POINT('',(-0.351191905182,0.158074256492));
#7409 = CARTESIAN_POINT('',(-0.351106983522,0.15964502959));
#7410 = CARTESIAN_POINT('',(-0.351021204019,0.161215802441));
#7411 = CARTESIAN_POINT('',(-0.350934566125,0.162786575044));
#7412 = CARTESIAN_POINT('',(-0.350847069285,0.1643573474));
#7413 = CARTESIAN_POINT('',(-0.350758712937,0.165928119506));
#7414 = CARTESIAN_POINT('',(-0.350669496514,0.167498891363));
#7415 = CARTESIAN_POINT('',(-0.350579419443,0.16906966297));
#7416 = CARTESIAN_POINT('',(-0.350488481146,0.170640434326));
#7417 = CARTESIAN_POINT('',(-0.350396681035,0.172211205431));
#7418 = CARTESIAN_POINT('',(-0.35030401852,0.173781976285));
#7419 = CARTESIAN_POINT('',(-0.350210493003,0.175352746886));
#7420 = CARTESIAN_POINT('',(-0.350116103879,0.176923517233));
#7421 = CARTESIAN_POINT('',(-0.350020850538,0.178494287328));
#7422 = CARTESIAN_POINT('',(-0.349924732364,0.180065057167));
#7423 = CARTESIAN_POINT('',(-0.349827748734,0.181635826752));
#7424 = CARTESIAN_POINT('',(-0.349729899019,0.183206596081));
#7425 = CARTESIAN_POINT('',(-0.349631182583,0.184777365154));
#7426 = CARTESIAN_POINT('',(-0.349531598784,0.186348133969));
#7427 = CARTESIAN_POINT('',(-0.349431146975,0.187918902527));
#7428 = CARTESIAN_POINT('',(-0.3493298265,0.189489670827));
#7429 = CARTESIAN_POINT('',(-0.349227636699,0.191060438867));
#7430 = CARTESIAN_POINT('',(-0.349124576904,0.192631206648));
#7431 = CARTESIAN_POINT('',(-0.349020646441,0.194201974168));
#7432 = CARTESIAN_POINT('',(-0.348915844631,0.195772741427));
#7433 = CARTESIAN_POINT('',(-0.348810170785,0.197343508424));
#7434 = CARTESIAN_POINT('',(-0.34870362421,0.198914275158));
#7435 = CARTESIAN_POINT('',(-0.348596204207,0.200485041629));
#7436 = CARTESIAN_POINT('',(-0.348487910069,0.202055807835));
#7437 = CARTESIAN_POINT('',(-0.348378741082,0.203626573777));
#7438 = CARTESIAN_POINT('',(-0.348268696526,0.205197339453));
#7439 = CARTESIAN_POINT('',(-0.348157775675,0.206768104862));
#7440 = CARTESIAN_POINT('',(-0.348045977796,0.208338870004));
#7441 = CARTESIAN_POINT('',(-0.347933302147,0.209909634878));
#7442 = CARTESIAN_POINT('',(-0.347819747984,0.211480399483));
#7443 = CARTESIAN_POINT('',(-0.347705314551,0.213051163818));
#7444 = CARTESIAN_POINT('',(-0.347590001088,0.214621927883));
#7445 = CARTESIAN_POINT('',(-0.347473806828,0.216192691676));
#7446 = CARTESIAN_POINT('',(-0.347356730996,0.217763455197));
#7447 = CARTESIAN_POINT('',(-0.347238772813,0.219334218445));
#7448 = CARTESIAN_POINT('',(-0.347119931488,0.22090498142));
#7449 = CARTESIAN_POINT('',(-0.347000206228,0.222475744119));
#7450 = CARTESIAN_POINT('',(-0.34687959623,0.224046506543));
#7451 = CARTESIAN_POINT('',(-0.346758100685,0.22561726869));
#7452 = CARTESIAN_POINT('',(-0.346635718776,0.22718803056));
#7453 = CARTESIAN_POINT('',(-0.346512449681,0.228758792152));
#7454 = CARTESIAN_POINT('',(-0.346388292569,0.230329553465));
#7455 = CARTESIAN_POINT('',(-0.346263246603,0.231900314497));
#7456 = CARTESIAN_POINT('',(-0.346137310936,0.233471075248));
#7457 = CARTESIAN_POINT('',(-0.346010484718,0.235041835718));
#7458 = CARTESIAN_POINT('',(-0.345882767089,0.236612595904));
#7459 = CARTESIAN_POINT('',(-0.345754157182,0.238183355807));
#7460 = CARTESIAN_POINT('',(-0.345624654124,0.239754115425));
#7461 = CARTESIAN_POINT('',(-0.345494257032,0.241324874757));
#7462 = CARTESIAN_POINT('',(-0.345362965018,0.242895633802));
#7463 = CARTESIAN_POINT('',(-0.345230777186,0.244466392559));
#7464 = CARTESIAN_POINT('',(-0.345097692631,0.246037151028));
#7465 = CARTESIAN_POINT('',(-0.344963710443,0.247607909207));
#7466 = CARTESIAN_POINT('',(-0.344828829704,0.249178667095));
#7467 = CARTESIAN_POINT('',(-0.344693049485,0.250749424691));
#7468 = CARTESIAN_POINT('',(-0.344556368853,0.252320181995));
#7469 = CARTESIAN_POINT('',(-0.344418786867,0.253890939004));
#7470 = CARTESIAN_POINT('',(-0.344280302577,0.255461695718));
#7471 = CARTESIAN_POINT('',(-0.344140915025,0.257032452137));
#7472 = CARTESIAN_POINT('',(-0.344000623247,0.258603208258));
#7473 = CARTESIAN_POINT('',(-0.34385942627,0.260173964081));
#7474 = CARTESIAN_POINT('',(-0.343717323113,0.261744719605));
#7475 = CARTESIAN_POINT('',(-0.343574312787,0.263315474828));
#7476 = CARTESIAN_POINT('',(-0.343430394295,0.26488622975));
#7477 = CARTESIAN_POINT('',(-0.343285566634,0.266456984369));
#7478 = CARTESIAN_POINT('',(-0.34313982879,0.268027738684));
#7479 = CARTESIAN_POINT('',(-0.342993179742,0.269598492694));
#7480 = CARTESIAN_POINT('',(-0.342845618462,0.271169246398));
#7481 = CARTESIAN_POINT('',(-0.342697143913,0.272739999795));
#7482 = CARTESIAN_POINT('',(-0.342547755049,0.274310752883));
#7483 = CARTESIAN_POINT('',(-0.342397450817,0.275881505661));
#7484 = CARTESIAN_POINT('',(-0.342246230155,0.277452258129));
#7485 = CARTESIAN_POINT('',(-0.342094091992,0.279023010284));
#7486 = CARTESIAN_POINT('',(-0.341941035251,0.280593762125));
#7487 = CARTESIAN_POINT('',(-0.341787058844,0.282164513653));
#7488 = CARTESIAN_POINT('',(-0.341632161675,0.283735264864));
#7489 = CARTESIAN_POINT('',(-0.34147634264,0.285306015758));
#7490 = CARTESIAN_POINT('',(-0.341319600628,0.286876766333));
#7491 = CARTESIAN_POINT('',(-0.341161934516,0.288447516589));
#7492 = CARTESIAN_POINT('',(-0.341003343174,0.290018266523));
#7493 = CARTESIAN_POINT('',(-0.340843825464,0.291589016135));
#7494 = CARTESIAN_POINT('',(-0.340683380239,0.293159765424));
#7495 = CARTESIAN_POINT('',(-0.340522006341,0.294730514387));
#7496 = CARTESIAN_POINT('',(-0.340359702606,0.296301263024));
#7497 = CARTESIAN_POINT('',(-0.340196467859,0.297872011333));
#7498 = CARTESIAN_POINT('',(-0.340032300918,0.299442759313));
#7499 = CARTESIAN_POINT('',(-0.33986720059,0.301013506962));
#7500 = CARTESIAN_POINT('',(-0.339701165674,0.302584254279));
#7501 = CARTESIAN_POINT('',(-0.339534194959,0.304155001263));
#7502 = CARTESIAN_POINT('',(-0.339366287226,0.305725747911));
#7503 = CARTESIAN_POINT('',(-0.339197441246,0.307296494224));
#7504 = CARTESIAN_POINT('',(-0.33902765578,0.308867240198));
#7505 = CARTESIAN_POINT('',(-0.338856929581,0.310437985834));
#7506 = CARTESIAN_POINT('',(-0.338685261392,0.312008731128));
#7507 = CARTESIAN_POINT('',(-0.338512649946,0.31357947608));
#7508 = CARTESIAN_POINT('',(-0.338339093968,0.315150220689));
#7509 = CARTESIAN_POINT('',(-0.338164592171,0.316720964952));
#7510 = CARTESIAN_POINT('',(-0.337989143261,0.318291708868));
#7511 = CARTESIAN_POINT('',(-0.337812745931,0.319862452435));
#7512 = CARTESIAN_POINT('',(-0.337635398868,0.321433195653));
#7513 = CARTESIAN_POINT('',(-0.337457100747,0.323003938519));
#7514 = CARTESIAN_POINT('',(-0.337277850233,0.324574681031));
#7515 = CARTESIAN_POINT('',(-0.337097645981,0.326145423189));
#7516 = CARTESIAN_POINT('',(-0.336916486637,0.32771616499));
#7517 = CARTESIAN_POINT('',(-0.336734370836,0.329286906433));
#7518 = CARTESIAN_POINT('',(-0.336551297203,0.330857647516));
#7519 = CARTESIAN_POINT('',(-0.336367264354,0.332428388237));
#7520 = CARTESIAN_POINT('',(-0.336182270892,0.333999128596));
#7521 = CARTESIAN_POINT('',(-0.335996315412,0.335569868589));
#7522 = CARTESIAN_POINT('',(-0.335809396498,0.337140608215));
#7523 = CARTESIAN_POINT('',(-0.335621512723,0.338711347473));
#7524 = CARTESIAN_POINT('',(-0.33543266265,0.340282086361));
#7525 = CARTESIAN_POINT('',(-0.335242844831,0.341852824877));
#7526 = CARTESIAN_POINT('',(-0.335052057808,0.343423563018));
#7527 = CARTESIAN_POINT('',(-0.33486030011,0.344994300784));
#7528 = CARTESIAN_POINT('',(-0.334667570259,0.346565038173));
#7529 = CARTESIAN_POINT('',(-0.334473866762,0.348135775182));
#7530 = CARTESIAN_POINT('',(-0.334279188118,0.34970651181));
#7531 = CARTESIAN_POINT('',(-0.334083532813,0.351277248055));
#7532 = CARTESIAN_POINT('',(-0.333886899324,0.352847983914));
#7533 = CARTESIAN_POINT('',(-0.333689286114,0.354418719387));
#7534 = CARTESIAN_POINT('',(-0.333490691636,0.355989454471));
#7535 = CARTESIAN_POINT('',(-0.333291114333,0.357560189164));
#7536 = CARTESIAN_POINT('',(-0.333090552635,0.359130923463));
#7537 = CARTESIAN_POINT('',(-0.332889004961,0.360701657368));
#7538 = CARTESIAN_POINT('',(-0.332686469717,0.362272390877));
#7539 = CARTESIAN_POINT('',(-0.332482945299,0.363843123986));
#7540 = CARTESIAN_POINT('',(-0.332278430092,0.365413856694));
#7541 = CARTESIAN_POINT('',(-0.332072922466,0.366984588999));
#7542 = CARTESIAN_POINT('',(-0.331866420782,0.368555320898));
#7543 = CARTESIAN_POINT('',(-0.331658923388,0.370126052391));
#7544 = CARTESIAN_POINT('',(-0.331450428619,0.371696783473));
#7545 = CARTESIAN_POINT('',(-0.331240934799,0.373267514144));
#7546 = CARTESIAN_POINT('',(-0.331030440239,0.374838244402));
#7547 = CARTESIAN_POINT('',(-0.330818943238,0.376408974243));
#7548 = CARTESIAN_POINT('',(-0.330606442083,0.377979703666));
#7549 = CARTESIAN_POINT('',(-0.330392935048,0.379550432668));
#7550 = CARTESIAN_POINT('',(-0.330178420393,0.381121161248));
#7551 = CARTESIAN_POINT('',(-0.329962896368,0.382691889402));
#7552 = CARTESIAN_POINT('',(-0.329746361208,0.384262617129));
#7553 = CARTESIAN_POINT('',(-0.329528813135,0.385833344426));
#7554 = CARTESIAN_POINT('',(-0.32931025036,0.387404071292));
#7555 = CARTESIAN_POINT('',(-0.329090671079,0.388974797722));
#7556 = CARTESIAN_POINT('',(-0.328870073476,0.390545523716));
#7557 = CARTESIAN_POINT('',(-0.32864845572,0.39211624927));
#7558 = CARTESIAN_POINT('',(-0.328425815969,0.393686974382));
#7559 = CARTESIAN_POINT('',(-0.328202152365,0.395257699051));
#7560 = CARTESIAN_POINT('',(-0.327977463038,0.396828423272));
#7561 = CARTESIAN_POINT('',(-0.327751746103,0.398399147044));
#7562 = CARTESIAN_POINT('',(-0.327524999664,0.399969870364));
#7563 = CARTESIAN_POINT('',(-0.327297221808,0.40154059323));
#7564 = CARTESIAN_POINT('',(-0.327068410608,0.403111315638));
#7565 = CARTESIAN_POINT('',(-0.326838564125,0.404682037587));
#7566 = CARTESIAN_POINT('',(-0.326607680405,0.406252759073));
#7567 = CARTESIAN_POINT('',(-0.326375757479,0.407823480095));
#7568 = CARTESIAN_POINT('',(-0.326142793363,0.409394200648));
#7569 = CARTESIAN_POINT('',(-0.325908786059,0.410964920731));
#7570 = CARTESIAN_POINT('',(-0.325673733556,0.412535640341));
#7571 = CARTESIAN_POINT('',(-0.325437633826,0.414106359475));
#7572 = CARTESIAN_POINT('',(-0.325200484826,0.41567707813));
#7573 = CARTESIAN_POINT('',(-0.3249622845,0.417247796303));
#7574 = CARTESIAN_POINT('',(-0.324723030774,0.418818513991));
#7575 = CARTESIAN_POINT('',(-0.324482721562,0.420389231192));
#7576 = CARTESIAN_POINT('',(-0.324241354759,0.421959947903));
#7577 = CARTESIAN_POINT('',(-0.323998928247,0.42353066412));
#7578 = CARTESIAN_POINT('',(-0.323755439892,0.425101379841));
#7579 = CARTESIAN_POINT('',(-0.323510887543,0.426672095062));
#7580 = CARTESIAN_POINT('',(-0.323265269034,0.42824280978));
#7581 = CARTESIAN_POINT('',(-0.323018582183,0.429813523993));
#7582 = CARTESIAN_POINT('',(-0.322770824792,0.431384237698));
#7583 = CARTESIAN_POINT('',(-0.322521994646,0.43295495089));
#7584 = CARTESIAN_POINT('',(-0.322272089513,0.434525663568));
#7585 = CARTESIAN_POINT('',(-0.322021107147,0.436096375727));
#7586 = CARTESIAN_POINT('',(-0.321769045281,0.437667087364));
#7587 = CARTESIAN_POINT('',(-0.321515901636,0.439237798477));
#7588 = CARTESIAN_POINT('',(-0.321261673913,0.440808509062));
#7589 = CARTESIAN_POINT('',(-0.321006359796,0.442379219115));
#7590 = CARTESIAN_POINT('',(-0.320749956953,0.443949928633));
#7591 = CARTESIAN_POINT('',(-0.320492463032,0.445520637613));
#7592 = CARTESIAN_POINT('',(-0.320233875668,0.447091346051));
#7593 = CARTESIAN_POINT('',(-0.319974192472,0.448662053944));
#7594 = CARTESIAN_POINT('',(-0.319713411044,0.450232761288));
#7595 = CARTESIAN_POINT('',(-0.31945152896,0.45180346808));
#7596 = CARTESIAN_POINT('',(-0.319188543781,0.453374174316));
#7597 = CARTESIAN_POINT('',(-0.318924453049,0.454944879993));
#7598 = CARTESIAN_POINT('',(-0.318659254288,0.456515585106));
#7599 = CARTESIAN_POINT('',(-0.318392945002,0.458086289652));
#7600 = CARTESIAN_POINT('',(-0.318125522677,0.459656993627));
#7601 = CARTESIAN_POINT('',(-0.31785698478,0.461227697028));
#7602 = CARTESIAN_POINT('',(-0.317587328759,0.462798399851));
#7603 = CARTESIAN_POINT('',(-0.317316552042,0.464369102091));
#7604 = CARTESIAN_POINT('',(-0.317044652038,0.465939803745));
#7605 = CARTESIAN_POINT('',(-0.316771626136,0.467510504809));
#7606 = CARTESIAN_POINT('',(-0.316497471706,0.469081205279));
#7607 = CARTESIAN_POINT('',(-0.316222186097,0.470651905151));
#7608 = CARTESIAN_POINT('',(-0.315945766637,0.472222604421));
#7609 = CARTESIAN_POINT('',(-0.315668210637,0.473793303084));
#7610 = CARTESIAN_POINT('',(-0.315389515383,0.475364001136));
#7611 = CARTESIAN_POINT('',(-0.315109678143,0.476934698574));
#7612 = CARTESIAN_POINT('',(-0.314828696164,0.478505395393));
#7613 = CARTESIAN_POINT('',(-0.31454656667,0.480076091588));
#7614 = CARTESIAN_POINT('',(-0.314263286866,0.481646787156));
#7615 = CARTESIAN_POINT('',(-0.313978853934,0.483217482091));
#7616 = CARTESIAN_POINT('',(-0.313693265034,0.48478817639));
#7617 = CARTESIAN_POINT('',(-0.313406517306,0.486358870048));
#7618 = CARTESIAN_POINT('',(-0.313118607865,0.48792956306));
#7619 = CARTESIAN_POINT('',(-0.312829533806,0.489500255422));
#7620 = CARTESIAN_POINT('',(-0.312539292201,0.491070947129));
#7621 = CARTESIAN_POINT('',(-0.312247880098,0.492641638176));
#7622 = CARTESIAN_POINT('',(-0.311955294523,0.494212328559));
#7623 = CARTESIAN_POINT('',(-0.31166153248,0.495783018273));
#7624 = CARTESIAN_POINT('',(-0.311366590946,0.497353707313));
#7625 = CARTESIAN_POINT('',(-0.311070466879,0.498924395674));
#7626 = CARTESIAN_POINT('',(-0.310773157208,0.50049508335));
#7627 = CARTESIAN_POINT('',(-0.310474658843,0.502065770338));
#7628 = CARTESIAN_POINT('',(-0.310174968667,0.503636456632));
#7629 = CARTESIAN_POINT('',(-0.309874083538,0.505207142227));
#7630 = CARTESIAN_POINT('',(-0.30957200029,0.506777827117));
#7631 = CARTESIAN_POINT('',(-0.309268715732,0.508348511298));
#7632 = CARTESIAN_POINT('',(-0.308964226648,0.509919194763));
#7633 = CARTESIAN_POINT('',(-0.308658529795,0.511489877509));
#7634 = CARTESIAN_POINT('',(-0.308351621907,0.513060559528));
#7635 = CARTESIAN_POINT('',(-0.308043499689,0.514631240817));
#7636 = CARTESIAN_POINT('',(-0.307734159822,0.516201921368));
#7637 = CARTESIAN_POINT('',(-0.307423598958,0.517772601177));
#7638 = CARTESIAN_POINT('',(-0.307111813724,0.519343280238));
#7639 = CARTESIAN_POINT('',(-0.306798800721,0.520913958545));
#7640 = CARTESIAN_POINT('',(-0.30648455652,0.522484636092));
#7641 = CARTESIAN_POINT('',(-0.306169077665,0.524055312873));
#7642 = CARTESIAN_POINT('',(-0.305852360673,0.525625988883));
#7643 = CARTESIAN_POINT('',(-0.305534402033,0.527196664115));
#7644 = CARTESIAN_POINT('',(-0.305215198205,0.528767338564));
#7645 = CARTESIAN_POINT('',(-0.304894745619,0.530338012222));
#7646 = CARTESIAN_POINT('',(-0.304573040678,0.531908685085));
#7647 = CARTESIAN_POINT('',(-0.304250079754,0.533479357145));
#7648 = CARTESIAN_POINT('',(-0.303925859192,0.535050028396));
#7649 = CARTESIAN_POINT('',(-0.303600375302,0.536620698832));
#7650 = CARTESIAN_POINT('',(-0.303273624369,0.538191368446));
#7651 = CARTESIAN_POINT('',(-0.302945602645,0.539762037231));
#7652 = CARTESIAN_POINT('',(-0.302616306351,0.541332705181));
#7653 = CARTESIAN_POINT('',(-0.302285731677,0.54290337229));
#7654 = CARTESIAN_POINT('',(-0.301953874781,0.544474038549));
#7655 = CARTESIAN_POINT('',(-0.30162073179,0.546044703953));
#7656 = CARTESIAN_POINT('',(-0.301286298799,0.547615368494));
#7657 = CARTESIAN_POINT('',(-0.300950571868,0.549186032165));
#7658 = CARTESIAN_POINT('',(-0.300613547028,0.550756694959));
#7659 = CARTESIAN_POINT('',(-0.300275220272,0.552327356868));
#7660 = CARTESIAN_POINT('',(-0.299935587564,0.553898017886));
#7661 = CARTESIAN_POINT('',(-0.299594644831,0.555468678004));
#7662 = CARTESIAN_POINT('',(-0.299252387967,0.557039337216));
#7663 = CARTESIAN_POINT('',(-0.298908812829,0.558609995513));
#7664 = CARTESIAN_POINT('',(-0.298563915243,0.560180652888));
#7665 = CARTESIAN_POINT('',(-0.298217690995,0.561751309333));
#7666 = CARTESIAN_POINT('',(-0.297870135838,0.56332196484));
#7667 = CARTESIAN_POINT('',(-0.297521245489,0.564892619402));
#7668 = CARTESIAN_POINT('',(-0.297171015625,0.566463273008));
#7669 = CARTESIAN_POINT('',(-0.29681944189,0.568033925653));
#7670 = CARTESIAN_POINT('',(-0.296466519887,0.569604577327));
#7671 = CARTESIAN_POINT('',(-0.296112245183,0.571175228022));
#7672 = CARTESIAN_POINT('',(-0.295756613307,0.572745877729));
#7673 = CARTESIAN_POINT('',(-0.295399619748,0.574316526439));
#7674 = CARTESIAN_POINT('',(-0.295041259957,0.575887174145));
#7675 = CARTESIAN_POINT('',(-0.294681529342,0.577457820836));
#7676 = CARTESIAN_POINT('',(-0.294320423276,0.579028466505));
#7677 = CARTESIAN_POINT('',(-0.293957937088,0.580599111141));
#7678 = CARTESIAN_POINT('',(-0.293594066066,0.582169754737));
#7679 = CARTESIAN_POINT('',(-0.293228805458,0.583740397281));
#7680 = CARTESIAN_POINT('',(-0.292862150468,0.585311038765));
#7681 = CARTESIAN_POINT('',(-0.29249409626,0.58688167918));
#7682 = CARTESIAN_POINT('',(-0.292124637954,0.588452318515));
#7683 = CARTESIAN_POINT('',(-0.291753770624,0.590022956761));
#7684 = CARTESIAN_POINT('',(-0.291381489305,0.591593593907));
#7685 = CARTESIAN_POINT('',(-0.291007788982,0.593164229944));
#7686 = CARTESIAN_POINT('',(-0.290632664599,0.594734864862));
#7687 = CARTESIAN_POINT('',(-0.290256111053,0.596305498649));
#7688 = CARTESIAN_POINT('',(-0.289878123195,0.597876131297));
#7689 = CARTESIAN_POINT('',(-0.289498695828,0.599446762793));
#7690 = CARTESIAN_POINT('',(-0.289117823711,0.601017393127));
#7691 = CARTESIAN_POINT('',(-0.288735501551,0.602588022288));
#7692 = CARTESIAN_POINT('',(-0.28835172401,0.604158650266));
#7693 = CARTESIAN_POINT('',(-0.287966485699,0.605729277048));
#7694 = CARTESIAN_POINT('',(-0.287579781181,0.607299902624));
#7695 = CARTESIAN_POINT('',(-0.287191604968,0.608870526982));
#7696 = CARTESIAN_POINT('',(-0.28680195152,0.61044115011));
#7697 = CARTESIAN_POINT('',(-0.286410815249,0.612011771996));
#7698 = CARTESIAN_POINT('',(-0.286018190511,0.613582392629));
#7699 = CARTESIAN_POINT('',(-0.285624071611,0.615153011996));
#7700 = CARTESIAN_POINT('',(-0.285228452802,0.616723630085));
#7701 = CARTESIAN_POINT('',(-0.284831328281,0.618294246884));
#7702 = CARTESIAN_POINT('',(-0.284432692191,0.619864862379));
#7703 = CARTESIAN_POINT('',(-0.28403253862,0.621435476558));
#7704 = CARTESIAN_POINT('',(-0.283630861599,0.623006089408));
#7705 = CARTESIAN_POINT('',(-0.283227655102,0.624576700915));
#7706 = CARTESIAN_POINT('',(-0.282822913048,0.626147311067));
#7707 = CARTESIAN_POINT('',(-0.282416629294,0.627717919849));
#7708 = CARTESIAN_POINT('',(-0.282008797641,0.629288527248));
#7709 = CARTESIAN_POINT('',(-0.281599411829,0.630859133249));
#7710 = CARTESIAN_POINT('',(-0.281188465537,0.63242973784));
#7711 = CARTESIAN_POINT('',(-0.280775952384,0.634000341004));
#7712 = CARTESIAN_POINT('',(-0.280361865925,0.635570942728));
#7713 = CARTESIAN_POINT('',(-0.279946199655,0.637141542997));
#7714 = CARTESIAN_POINT('',(-0.279528947001,0.638712141796));
#7715 = CARTESIAN_POINT('',(-0.279110101329,0.640282739109));
#7716 = CARTESIAN_POINT('',(-0.278689655937,0.641853334921));
#7717 = CARTESIAN_POINT('',(-0.27826760406,0.643423929217));
#7718 = CARTESIAN_POINT('',(-0.277843938862,0.64499452198));
#7719 = CARTESIAN_POINT('',(-0.27741865344,0.646565113194));
#7720 = CARTESIAN_POINT('',(-0.276991740824,0.648135702843));
#7721 = CARTESIAN_POINT('',(-0.276563193972,0.649706290911));
#7722 = CARTESIAN_POINT('',(-0.27613300577,0.65127687738));
#7723 = CARTESIAN_POINT('',(-0.275701169034,0.652847462233));
#7724 = CARTESIAN_POINT('',(-0.275267676507,0.654418045453));
#7725 = CARTESIAN_POINT('',(-0.274832520858,0.655988627023));
#7726 = CARTESIAN_POINT('',(-0.27439569468,0.657559206923));
#7727 = CARTESIAN_POINT('',(-0.273957190491,0.659129785137));
#7728 = CARTESIAN_POINT('',(-0.273517000731,0.660700361646));
#7729 = CARTESIAN_POINT('',(-0.273075117764,0.66227093643));
#7730 = CARTESIAN_POINT('',(-0.272631533872,0.663841509471));
#7731 = CARTESIAN_POINT('',(-0.272186241258,0.66541208075));
#7732 = CARTESIAN_POINT('',(-0.271739232044,0.666982650247));
#7733 = CARTESIAN_POINT('',(-0.271290498268,0.668553217941));
#7734 = CARTESIAN_POINT('',(-0.270840031887,0.670123783814));
#7735 = CARTESIAN_POINT('',(-0.270387824769,0.671694347843));
#7736 = CARTESIAN_POINT('',(-0.269933868698,0.673264910009));
#7737 = CARTESIAN_POINT('',(-0.269478155371,0.67483547029));
#7738 = CARTESIAN_POINT('',(-0.269020676396,0.676406028664));
#7739 = CARTESIAN_POINT('',(-0.268561423288,0.67797658511));
#7740 = CARTESIAN_POINT('',(-0.268100387476,0.679547139606));
#7741 = CARTESIAN_POINT('',(-0.267637560291,0.681117692128));
#7742 = CARTESIAN_POINT('',(-0.267172932973,0.682688242654));
#7743 = CARTESIAN_POINT('',(-0.266706496665,0.684258791161));
#7744 = CARTESIAN_POINT('',(-0.266238242414,0.685829337625));
#7745 = CARTESIAN_POINT('',(-0.265768161169,0.687399882021));
#7746 = CARTESIAN_POINT('',(-0.265296243778,0.688970424325));
#7747 = CARTESIAN_POINT('',(-0.264822480987,0.690540964513));
#7748 = CARTESIAN_POINT('',(-0.26434686344,0.692111502559));
#7749 = CARTESIAN_POINT('',(-0.263869381678,0.693682038438));
#7750 = CARTESIAN_POINT('',(-0.263390026134,0.695252572122));
#7751 = CARTESIAN_POINT('',(-0.262908787133,0.696823103587));
#7752 = CARTESIAN_POINT('',(-0.262425654891,0.698393632804));
#7753 = CARTESIAN_POINT('',(-0.261940619513,0.699964159746));
#7754 = CARTESIAN_POINT('',(-0.261453670992,0.701534684385));
#7755 = CARTESIAN_POINT('',(-0.260964799205,0.703105206693));
#7756 = CARTESIAN_POINT('',(-0.260473993914,0.704675726641));
#7757 = CARTESIAN_POINT('',(-0.25998124476,0.7062462442));
#7758 = CARTESIAN_POINT('',(-0.259486541267,0.707816759339));
#7759 = CARTESIAN_POINT('',(-0.258989872836,0.709387272029));
#7760 = CARTESIAN_POINT('',(-0.258491228742,0.710957782237));
#7761 = CARTESIAN_POINT('',(-0.257990598136,0.712528289934));
#7762 = CARTESIAN_POINT('',(-0.25748797004,0.714098795087));
#7763 = CARTESIAN_POINT('',(-0.256983333347,0.715669297662));
#7764 = CARTESIAN_POINT('',(-0.256476676815,0.717239797628));
#7765 = CARTESIAN_POINT('',(-0.255967989071,0.71881029495));
#7766 = CARTESIAN_POINT('',(-0.255457258602,0.720380789594));
#7767 = CARTESIAN_POINT('',(-0.254944473758,0.721951281526));
#7768 = CARTESIAN_POINT('',(-0.254429622747,0.723521770708));
#7769 = CARTESIAN_POINT('',(-0.253912693634,0.725092257106));
#7770 = CARTESIAN_POINT('',(-0.253393674335,0.726662740682));
#7771 = CARTESIAN_POINT('',(-0.252872552622,0.728233221399));
#7772 = CARTESIAN_POINT('',(-0.252349316112,0.729803699219));
#7773 = CARTESIAN_POINT('',(-0.25182395227,0.731374174102));
#7774 = CARTESIAN_POINT('',(-0.251296448403,0.732944646009));
#7775 = CARTESIAN_POINT('',(-0.250766791662,0.7345151149));
#7776 = CARTESIAN_POINT('',(-0.250234969034,0.736085580733));
#7777 = CARTESIAN_POINT('',(-0.24970096734,0.737656043466));
#7778 = CARTESIAN_POINT('',(-0.249164773235,0.739226503058));
#7779 = CARTESIAN_POINT('',(-0.248626373205,0.740796959463));
#7780 = CARTESIAN_POINT('',(-0.248085753559,0.742367412639));
#7781 = CARTESIAN_POINT('',(-0.247542900433,0.743937862539));
#7782 = CARTESIAN_POINT('',(-0.246997799779,0.745508309119));
#7783 = CARTESIAN_POINT('',(-0.246450437369,0.74707875233));
#7784 = CARTESIAN_POINT('',(-0.245900798787,0.748649192125));
#7785 = CARTESIAN_POINT('',(-0.245348869429,0.750219628455));
#7786 = CARTESIAN_POINT('',(-0.244794634496,0.75179006127));
#7787 = CARTESIAN_POINT('',(-0.244238078992,0.753360490521));
#7788 = CARTESIAN_POINT('',(-0.243679187722,0.754930916154));
#7789 = CARTESIAN_POINT('',(-0.243117945285,0.756501338118));
#7790 = CARTESIAN_POINT('',(-0.242554336074,0.758071756359));
#7791 = CARTESIAN_POINT('',(-0.241988344267,0.759642170821));
#7792 = CARTESIAN_POINT('',(-0.241419953829,0.76121258145));
#7793 = CARTESIAN_POINT('',(-0.240849148504,0.762782988187));
#7794 = CARTESIAN_POINT('',(-0.24027591181,0.764353390974));
#7795 = CARTESIAN_POINT('',(-0.239700227038,0.765923789753));
#7796 = CARTESIAN_POINT('',(-0.239122077246,0.767494184462));
#7797 = CARTESIAN_POINT('',(-0.238541445254,0.769064575039));
#7798 = CARTESIAN_POINT('',(-0.23795831364,0.770634961422));
#7799 = CARTESIAN_POINT('',(-0.237372664734,0.772205343546));
#7800 = CARTESIAN_POINT('',(-0.236784480614,0.773775721345));
#7801 = CARTESIAN_POINT('',(-0.236193743103,0.775346094751));
#7802 = CARTESIAN_POINT('',(-0.23560043376,0.776916463696));
#7803 = CARTESIAN_POINT('',(-0.235004533878,0.778486828111));
#7804 = CARTESIAN_POINT('',(-0.234406024475,0.780057187923));
#7805 = CARTESIAN_POINT('',(-0.233804886293,0.781627543058));
#7806 = CARTESIAN_POINT('',(-0.233201099789,0.783197893443));
#7807 = CARTESIAN_POINT('',(-0.23259464513,0.784768239001));
#7808 = CARTESIAN_POINT('',(-0.231985502187,0.786338579654));
#7809 = CARTESIAN_POINT('',(-0.231373650528,0.787908915322));
#7810 = CARTESIAN_POINT('',(-0.230759069415,0.789479245924));
#7811 = CARTESIAN_POINT('',(-0.230141737793,0.791049571375));
#7812 = CARTESIAN_POINT('',(-0.229521634285,0.792619891592));
#7813 = CARTESIAN_POINT('',(-0.228898737186,0.794190206486));
#7814 = CARTESIAN_POINT('',(-0.228273024456,0.795760515968));
#7815 = CARTESIAN_POINT('',(-0.227644473711,0.797330819949));
#7816 = CARTESIAN_POINT('',(-0.227013062218,0.798901118333));
#7817 = CARTESIAN_POINT('',(-0.226378766883,0.800471411026));
#7818 = CARTESIAN_POINT('',(-0.22574156425,0.80204169793));
#7819 = CARTESIAN_POINT('',(-0.225101430484,0.803611978945));
#7820 = CARTESIAN_POINT('',(-0.224458341373,0.805182253969));
#7821 = CARTESIAN_POINT('',(-0.223812272309,0.806752522897));
#7822 = CARTESIAN_POINT('',(-0.223163198287,0.808322785623));
#7823 = CARTESIAN_POINT('',(-0.222511093891,0.809893042036));
#7824 = CARTESIAN_POINT('',(-0.221855933287,0.811463292024));
#7825 = CARTESIAN_POINT('',(-0.221197690214,0.813033535471));
#7826 = CARTESIAN_POINT('',(-0.220536337971,0.814603772261));
#7827 = CARTESIAN_POINT('',(-0.219871849409,0.816174002273));
#7828 = CARTESIAN_POINT('',(-0.219204196921,0.817744225381));
#7829 = CARTESIAN_POINT('',(-0.218533352429,0.819314441461));
#7830 = CARTESIAN_POINT('',(-0.217859287374,0.820884650381));
#7831 = CARTESIAN_POINT('',(-0.217181972704,0.822454852009));
#7832 = CARTESIAN_POINT('',(-0.216501378863,0.824025046208));
#7833 = CARTESIAN_POINT('',(-0.215817475777,0.825595232838));
#7834 = CARTESIAN_POINT('',(-0.215130232843,0.827165411755));
#7835 = CARTESIAN_POINT('',(-0.214439618916,0.828735582812));
#7836 = CARTESIAN_POINT('',(-0.213745602291,0.830305745857));
#7837 = CARTESIAN_POINT('',(-0.213048150696,0.831875900736));
#7838 = CARTESIAN_POINT('',(-0.212347231274,0.833446047289));
#7839 = CARTESIAN_POINT('',(-0.211642810565,0.835016185353));
#7840 = CARTESIAN_POINT('',(-0.210934854498,0.836586314759));
#7841 = CARTESIAN_POINT('',(-0.210223328367,0.838156435337));
#7842 = CARTESIAN_POINT('',(-0.209508196822,0.839726546907));
#7843 = CARTESIAN_POINT('',(-0.208789423846,0.84129664929));
#7844 = CARTESIAN_POINT('',(-0.208066972739,0.842866742298));
#7845 = CARTESIAN_POINT('',(-0.207340806104,0.844436825739));
#7846 = CARTESIAN_POINT('',(-0.206610885822,0.846006899415));
#7847 = CARTESIAN_POINT('',(-0.205877173036,0.847576963125));
#7848 = CARTESIAN_POINT('',(-0.20513962813,0.849147016659));
#7849 = CARTESIAN_POINT('',(-0.204398210708,0.850717059803));
#7850 = CARTESIAN_POINT('',(-0.203652879574,0.852287092336));
#7851 = CARTESIAN_POINT('',(-0.202903592706,0.853857114032));
#7852 = CARTESIAN_POINT('',(-0.202150307236,0.855427124657));
#7853 = CARTESIAN_POINT('',(-0.201392979426,0.856997123971));
#7854 = CARTESIAN_POINT('',(-0.200631564639,0.858567111726));
#7855 = CARTESIAN_POINT('',(-0.199866017319,0.860137087667));
#7856 = CARTESIAN_POINT('',(-0.199096290959,0.861707051532));
#7857 = CARTESIAN_POINT('',(-0.198322338077,0.86327700305));
#7858 = CARTESIAN_POINT('',(-0.197544110183,0.864846941944));
#7859 = CARTESIAN_POINT('',(-0.196761557754,0.866416867925));
#7860 = CARTESIAN_POINT('',(-0.195974630198,0.867986780698));
#7861 = CARTESIAN_POINT('',(-0.195183275823,0.869556679957));
#7862 = CARTESIAN_POINT('',(-0.194387441807,0.871126565389));
#7863 = CARTESIAN_POINT('',(-0.193587074156,0.872696436668));
#7864 = CARTESIAN_POINT('',(-0.192782117674,0.874266293458));
#7865 = CARTESIAN_POINT('',(-0.19197251592,0.875836135415));
#7866 = CARTESIAN_POINT('',(-0.191158211173,0.87740596218));
#7867 = CARTESIAN_POINT('',(-0.190339144387,0.878975773386));
#7868 = CARTESIAN_POINT('',(-0.189515255149,0.880545568651));
#7869 = CARTESIAN_POINT('',(-0.188686481639,0.882115347581));
#7870 = CARTESIAN_POINT('',(-0.187852760574,0.883685109771));
#7871 = CARTESIAN_POINT('',(-0.187014027169,0.885254854798));
#7872 = CARTESIAN_POINT('',(-0.186170215081,0.886824582228));
#7873 = CARTESIAN_POINT('',(-0.185321256357,0.888394291611));
#7874 = CARTESIAN_POINT('',(-0.184467081378,0.889963982482));
#7875 = CARTESIAN_POINT('',(-0.183607618805,0.891533654358));
#7876 = CARTESIAN_POINT('',(-0.182742795514,0.893103306741));
#7877 = CARTESIAN_POINT('',(-0.181872536536,0.894672939113));
#7878 = CARTESIAN_POINT('',(-0.180996764989,0.896242550938));
#7879 = CARTESIAN_POINT('',(-0.180115402013,0.897812141663));
#7880 = CARTESIAN_POINT('',(-0.179228366691,0.899381710711));
#7881 = CARTESIAN_POINT('',(-0.17833557598,0.900951257485));
#7882 = CARTESIAN_POINT('',(-0.177436944629,0.902520781367));
#7883 = CARTESIAN_POINT('',(-0.176532385093,0.904090281714));
#7884 = CARTESIAN_POINT('',(-0.175621807452,0.905659757858));
#7885 = CARTESIAN_POINT('',(-0.174705119315,0.907229209106));
#7886 = CARTESIAN_POINT('',(-0.173782225723,0.90879863474));
#7887 = CARTESIAN_POINT('',(-0.172853029054,0.910368034009));
#7888 = CARTESIAN_POINT('',(-0.17191742891,0.911937406136));
#7889 = CARTESIAN_POINT('',(-0.170975322008,0.913506750311));
#7890 = CARTESIAN_POINT('',(-0.170026602066,0.915076065693));
#7891 = CARTESIAN_POINT('',(-0.169071159672,0.916645351403));
#7892 = CARTESIAN_POINT('',(-0.168108882162,0.918214606529));
#7893 = CARTESIAN_POINT('',(-0.167139653475,0.919783830118));
#7894 = CARTESIAN_POINT('',(-0.166163354013,0.921353021179));
#7895 = CARTESIAN_POINT('',(-0.165179860486,0.922922178675));
#7896 = CARTESIAN_POINT('',(-0.164189045751,0.924491301528));
#7897 = CARTESIAN_POINT('',(-0.163190778641,0.926060388609));
#7898 = CARTESIAN_POINT('',(-0.162184923784,0.927629438742));
#7899 = CARTESIAN_POINT('',(-0.161171341411,0.929198450695));
#7900 = CARTESIAN_POINT('',(-0.160149887156,0.930767423182));
#7901 = CARTESIAN_POINT('',(-0.159120411838,0.932336354858));
#7902 = CARTESIAN_POINT('',(-0.158082761234,0.933905244312));
#7903 = CARTESIAN_POINT('',(-0.157036775838,0.935474090071));
#7904 = CARTESIAN_POINT('',(-0.155982290604,0.937042890588));
#7905 = CARTESIAN_POINT('',(-0.15491913467,0.938611644242));
#7906 = CARTESIAN_POINT('',(-0.15384713107,0.940180349332));
#7907 = CARTESIAN_POINT('',(-0.152766096422,0.941749004075));
#7908 = CARTESIAN_POINT('',(-0.151675840599,0.943317606594));
#7909 = CARTESIAN_POINT('',(-0.150576166373,0.944886154918));
#7910 = CARTESIAN_POINT('',(-0.149466869042,0.946454646976));
#7911 = CARTESIAN_POINT('',(-0.148347736023,0.948023080584));
#7912 = CARTESIAN_POINT('',(-0.147218546424,0.949591453445));
#7913 = CARTESIAN_POINT('',(-0.146079070579,0.951159763135));
#7914 = CARTESIAN_POINT('',(-0.144929069553,0.952728007101));
#7915 = CARTESIAN_POINT('',(-0.143768294609,0.954296182642));
#7916 = CARTESIAN_POINT('',(-0.142596486637,0.955864286911));
#7917 = CARTESIAN_POINT('',(-0.141413375534,0.957432316891));
#7918 = CARTESIAN_POINT('',(-0.140218679543,0.959000269395));
#7919 = CARTESIAN_POINT('',(-0.139012104534,0.960568141042));
#7920 = CARTESIAN_POINT('',(-0.137793343232,0.962135928251));
#7921 = CARTESIAN_POINT('',(-0.136562074373,0.963703627219));
#7922 = CARTESIAN_POINT('',(-0.135317961805,0.965271233909));
#7923 = CARTESIAN_POINT('',(-0.134060653494,0.966838744027));
#7924 = CARTESIAN_POINT('',(-0.132789780459,0.968406153001));
#7925 = CARTESIAN_POINT('',(-0.131504955604,0.96997345596));
#7926 = CARTESIAN_POINT('',(-0.130205772449,0.971540647708));
#7927 = CARTESIAN_POINT('',(-0.12889180374,0.973107722695));
#7928 = CARTESIAN_POINT('',(-0.127562599937,0.974674674984));
#7929 = CARTESIAN_POINT('',(-0.126217687544,0.976241498222));
#7930 = CARTESIAN_POINT('',(-0.12485656729,0.977808185595));
#7931 = CARTESIAN_POINT('',(-0.123478712115,0.979374729786));
#7932 = CARTESIAN_POINT('',(-0.122083564956,0.98094112293));
#7933 = CARTESIAN_POINT('',(-0.120670536305,0.982507356559));
#7934 = CARTESIAN_POINT('',(-0.119239001493,0.984073421539));
#7935 = CARTESIAN_POINT('',(-0.117788297687,0.985639308003));
#7936 = CARTESIAN_POINT('',(-0.116317720546,0.987205005274));
#7937 = CARTESIAN_POINT('',(-0.114826520485,0.98877050178));
#7938 = CARTESIAN_POINT('',(-0.113313898501,0.99033578495));
#7939 = CARTESIAN_POINT('',(-0.111779001491,0.991900841106));
#7940 = CARTESIAN_POINT('',(-0.110220916986,0.99346565533));
#7941 = CARTESIAN_POINT('',(-0.108638667198,0.99503021132));
#7942 = CARTESIAN_POINT('',(-0.10703120229,0.996594491216));
#7943 = CARTESIAN_POINT('',(-0.10539739272,0.998158475408));
#7944 = CARTESIAN_POINT('',(-0.103736020514,0.9997221423));
#7945 = CARTESIAN_POINT('',(-0.102045769262,1.001285468055));
#7946 = CARTESIAN_POINT('',(-0.100325212627,1.002848426273));
#7947 = CARTESIAN_POINT('',(-9.85728010571E-02,1.004410987632));
#7948 = CARTESIAN_POINT('',(-9.67868463721E-02,1.005973119452));
#7949 = CARTESIAN_POINT('',(-9.496550377779E-02,1.007534785181));
#7950 = CARTESIAN_POINT('',(-9.310675077146E-02,1.00909594378));
#7951 = CARTESIAN_POINT('',(-9.120836225392E-02,1.010656548977));
#7952 = CARTESIAN_POINT('',(-8.926788098172E-02,1.012216548374));
#7953 = CARTESIAN_POINT('',(-8.728258224874E-02,1.013775882345));
#7954 = CARTESIAN_POINT('',(-8.524943135983E-02,1.015334482681));
#7955 = CARTESIAN_POINT('',(-8.316503201699E-02,1.016892270913));
#7956 = CARTESIAN_POINT('',(-8.102556313118E-02,1.018449156204));
#7957 = CARTESIAN_POINT('',(-7.882670072869E-02,1.020005032672));
#7958 = CARTESIAN_POINT('',(-7.656352042752E-02,1.021559775964));
#7959 = CARTESIAN_POINT('',(-7.423037424518E-02,1.023113238804));
#7960 = CARTESIAN_POINT('',(-7.182073299151E-02,1.024665245125));
#7961 = CARTESIAN_POINT('',(-6.932698175459E-02,1.026215582219));
#7962 = CARTESIAN_POINT('',(-6.674015026682E-02,1.027763990035));
#7963 = CARTESIAN_POINT('',(-6.404955097309E-02,1.029310146308));
#7964 = CARTESIAN_POINT('',(-6.124228316448E-02,1.0308536454));
#7965 = CARTESIAN_POINT('',(-5.830253744877E-02,1.032393967399));
#7966 = CARTESIAN_POINT('',(-5.521059314056E-02,1.033930431577));
#7967 = CARTESIAN_POINT('',(-5.194132579555E-02,1.035462123704));
#7968 = CARTESIAN_POINT('',(-4.846189868022E-02,1.036987777503));
#7969 = CARTESIAN_POINT('',(-4.472802159699E-02,1.038505570841));
#7970 = CARTESIAN_POINT('',(-4.067752666268E-02,1.040012751478));
#7971 = CARTESIAN_POINT('',(-3.62184903697E-02,1.041504889376));
#7972 = CARTESIAN_POINT('',(-3.120501165239E-02,1.04297420512));
#7973 = CARTESIAN_POINT('',(-2.538058362404E-02,1.044405192466));
#7974 = CARTESIAN_POINT('',(-1.906969851029E-02,1.045621929834));
#7975 = CARTESIAN_POINT('',(-1.276775041025E-02,1.046491481668));
#7976 = CARTESIAN_POINT('',(-6.47498391876E-03,1.047015996129));
#7977 = CARTESIAN_POINT('',(-1.915146387862E-04,1.047197392377));
#7978 = CARTESIAN_POINT('',(0.,1.047197551197));
#7979 = ( GEOMETRIC_REPRESENTATION_CONTEXT(2) 
PARAMETRIC_REPRESENTATION_CONTEXT() REPRESENTATION_CONTEXT('2D SPACE',''
  ) );
#7980 = ORIENTED_EDGE('',*,*,#7981,.T.);
#7981 = EDGE_CURVE('',#5952,#5929,#7982,.T.);
#7982 = SURFACE_CURVE('',#7983,(#7988,#7999),.PCURVE_S1.);
#7983 = CIRCLE('',#7984,8.3);
#7984 = AXIS2_PLACEMENT_3D('',#7985,#7986,#7987);
#7985 = CARTESIAN_POINT('',(30.,0.,0.));
#7986 = DIRECTION('',(-1.,0.,0.));
#7987 = DIRECTION('',(0.,9.638554216867E-02,0.995344074811));
#7988 = PCURVE('',#387,#7989);
#7989 = DEFINITIONAL_REPRESENTATION('',(#7990),#7998);
#7990 = ( BOUNDED_CURVE() B_SPLINE_CURVE(2,(#7991,#7992,#7993,#7994,
#7995,#7996,#7997),.UNSPECIFIED.,.T.,.F.) B_SPLINE_CURVE_WITH_KNOTS((1,2
    ,2,2,2,1),(-2.094395102393,0.,2.094395102393,4.188790204786,
6.28318530718,8.377580409573),.UNSPECIFIED.) CURVE() 
GEOMETRIC_REPRESENTATION_ITEM() RATIONAL_B_SPLINE_CURVE((1.,0.5,1.,0.5,
1.,0.5,1.)) REPRESENTATION_ITEM('') );
#7991 = CARTESIAN_POINT('',(0.8,8.261355820929));
#7992 = CARTESIAN_POINT('',(15.109088021254,6.875715174874));
#7993 = CARTESIAN_POINT('',(6.754544010627,-4.823498233492));
#7994 = CARTESIAN_POINT('',(-1.6,-16.52271164185));
#7995 = CARTESIAN_POINT('',(-7.554544010627,-3.437857587437));
#7996 = CARTESIAN_POINT('',(-13.50908802125,9.646996466984));
#7997 = CARTESIAN_POINT('',(0.8,8.261355820929));
#7998 = ( GEOMETRIC_REPRESENTATION_CONTEXT(2) 
PARAMETRIC_REPRESENTATION_CONTEXT() REPRESENTATION_CONTEXT('2D SPACE',''
  ) );
#7999 = PCURVE('',#2536,#8000);
#8000 = DEFINITIONAL_REPRESENTATION('',(#8001),#8005);
#8001 = LINE('',#8002,#8003);
#8002 = CARTESIAN_POINT('',(-7.757446224703,-30.));
#8003 = VECTOR('',#8004,1.);
#8004 = DIRECTION('',(1.,-0.));
#8005 = ( GEOMETRIC_REPRESENTATION_CONTEXT(2) 
PARAMETRIC_REPRESENTATION_CONTEXT() REPRESENTATION_CONTEXT('2D SPACE',''
  ) );
#8006 = ADVANCED_FACE('',(#8007),#280,.T.);
#8007 = FACE_BOUND('',#8008,.T.);
#8008 = EDGE_LOOP('',(#8009,#8030,#8031,#8032));
#8009 = ORIENTED_EDGE('',*,*,#8010,.F.);
#8010 = EDGE_CURVE('',#243,#8011,#8013,.T.);
#8011 = VERTEX_POINT('',#8012);
#8012 = CARTESIAN_POINT('',(30.5,0.,15.5));
#8013 = SEAM_CURVE('',#8014,(#8018,#8024),.PCURVE_S1.);
#8014 = LINE('',#8015,#8016);
#8015 = CARTESIAN_POINT('',(31.,0.,15.));
#8016 = VECTOR('',#8017,1.);
#8017 = DIRECTION('',(-0.707106781187,0.,0.707106781187));
#8018 = PCURVE('',#280,#8019);
#8019 = DEFINITIONAL_REPRESENTATION('',(#8020),#8023);
#8020 = B_SPLINE_CURVE_WITH_KNOTS('',1,(#8021,#8022),.UNSPECIFIED.,.F.,
  .F.,(2,2),(0.,0.707106781187),.PIECEWISE_BEZIER_KNOTS.);
#8021 = CARTESIAN_POINT('',(0.,0.));
#8022 = CARTESIAN_POINT('',(0.,-0.5));
#8023 = ( GEOMETRIC_REPRESENTATION_CONTEXT(2) 
PARAMETRIC_REPRESENTATION_CONTEXT() REPRESENTATION_CONTEXT('2D SPACE',''
  ) );
#8024 = PCURVE('',#280,#8025);
#8025 = DEFINITIONAL_REPRESENTATION('',(#8026),#8029);
#8026 = B_SPLINE_CURVE_WITH_KNOTS('',1,(#8027,#8028),.UNSPECIFIED.,.F.,
  .F.,(2,2),(0.,0.707106781187),.PIECEWISE_BEZIER_KNOTS.);
#8027 = CARTESIAN_POINT('',(-6.28318530718,0.));
#8028 = CARTESIAN_POINT('',(-6.28318530718,-0.5));
#8029 = ( GEOMETRIC_REPRESENTATION_CONTEXT(2) 
PARAMETRIC_REPRESENTATION_CONTEXT() REPRESENTATION_CONTEXT('2D SPACE',''
  ) );
#8030 = ORIENTED_EDGE('',*,*,#265,.T.);
#8031 = ORIENTED_EDGE('',*,*,#8010,.T.);
#8032 = ORIENTED_EDGE('',*,*,#8033,.F.);
#8033 = EDGE_CURVE('',#8011,#8011,#8034,.T.);
#8034 = SURFACE_CURVE('',#8035,(#8040,#8047),.PCURVE_S1.);
#8035 = CIRCLE('',#8036,15.5);
#8036 = AXIS2_PLACEMENT_3D('',#8037,#8038,#8039);
#8037 = CARTESIAN_POINT('',(15.,0.,15.5));
#8038 = DIRECTION('',(0.,0.,1.));
#8039 = DIRECTION('',(1.,0.,-0.));
#8040 = PCURVE('',#280,#8041);
#8041 = DEFINITIONAL_REPRESENTATION('',(#8042),#8046);
#8042 = LINE('',#8043,#8044);
#8043 = CARTESIAN_POINT('',(-0.,-0.5));
#8044 = VECTOR('',#8045,1.);
#8045 = DIRECTION('',(-1.,-0.));
#8046 = ( GEOMETRIC_REPRESENTATION_CONTEXT(2) 
PARAMETRIC_REPRESENTATION_CONTEXT() REPRESENTATION_CONTEXT('2D SPACE',''
  ) );
#8047 = PCURVE('',#8048,#8053);
#8048 = PLANE('',#8049);
#8049 = AXIS2_PLACEMENT_3D('',#8050,#8051,#8052);
#8050 = CARTESIAN_POINT('',(15.,0.,15.5));
#8051 = DIRECTION('',(0.,0.,1.));
#8052 = DIRECTION('',(1.,0.,0.));
#8053 = DEFINITIONAL_REPRESENTATION('',(#8054),#8058);
#8054 = CIRCLE('',#8055,15.5);
#8055 = AXIS2_PLACEMENT_2D('',#8056,#8057);
#8056 = CARTESIAN_POINT('',(0.,0.));
#8057 = DIRECTION('',(1.,0.));
#8058 = ( GEOMETRIC_REPRESENTATION_CONTEXT(2) 
PARAMETRIC_REPRESENTATION_CONTEXT() REPRESENTATION_CONTEXT('2D SPACE',''
  ) );
#8059 = ADVANCED_FACE('',(#8060),#360,.T.);
#8060 = FACE_BOUND('',#8061,.F.);
#8061 = EDGE_LOOP('',(#8062,#8166,#8190,#8253,#8254));
#8062 = ORIENTED_EDGE('',*,*,#8063,.F.);
#8063 = EDGE_CURVE('',#8064,#5952,#8066,.T.);
#8064 = VERTEX_POINT('',#8065);
#8065 = CARTESIAN_POINT('',(28.013838787998,5.161395160226,6.5));
#8066 = SURFACE_CURVE('',#8067,(#8098,#8132),.PCURVE_S1.);
#8067 = B_SPLINE_CURVE_WITH_KNOTS('',8,(#8068,#8069,#8070,#8071,#8072,
    #8073,#8074,#8075,#8076,#8077,#8078,#8079,#8080,#8081,#8082,#8083,
    #8084,#8085,#8086,#8087,#8088,#8089,#8090,#8091,#8092,#8093,#8094,
    #8095,#8096,#8097),.UNSPECIFIED.,.F.,.F.,(9,7,7,7,9),(0.,
    0.145395457837,0.733207288251,0.926240140397,1.),.UNSPECIFIED.);
#8068 = CARTESIAN_POINT('',(28.013838787998,5.161395160226,6.5));
#8069 = CARTESIAN_POINT('',(28.05426039997,5.161395160226,6.5));
#8070 = CARTESIAN_POINT('',(28.094718084603,5.160379193886,
    6.500806748651));
#8071 = CARTESIAN_POINT('',(28.135186387529,5.158377736881,6.50239601509
    ));
#8072 = CARTESIAN_POINT('',(28.17564178003,5.155418219512,6.50474459394)
  );
#8073 = CARTESIAN_POINT('',(28.216062643324,5.151525247296,
    6.507830277216));
#8074 = CARTESIAN_POINT('',(28.256429252842,5.146720821559,
    6.511631826252));
#8075 = CARTESIAN_POINT('',(28.296723762507,5.141024560018,
    6.516128943605));
#8076 = CARTESIAN_POINT('',(28.499478686141,5.107889803644,
    6.542217119444));
#8077 = CARTESIAN_POINT('',(28.660483015844,5.067051190225,
    6.574170530391));
#8078 = CARTESIAN_POINT('',(28.819053090395,5.013090087648,
    6.615880923421));
#8079 = CARTESIAN_POINT('',(28.974304395136,4.946551423175,
    6.666323349734));
#8080 = CARTESIAN_POINT('',(29.125442434619,4.867805375555,
    6.724478651491));
#8081 = CARTESIAN_POINT('',(29.271763431757,4.777049423188,
    6.789352471481));
#8082 = CARTESIAN_POINT('',(29.412666908834,4.674407425167,
    6.859933523825));
#8083 = CARTESIAN_POINT('',(29.591983085894,4.522327680643,6.95992649584
    ));
#8084 = CARTESIAN_POINT('',(29.635661175205,4.48346574342,6.985144736155
    ));
#8085 = CARTESIAN_POINT('',(29.678666840919,4.443344403579,
    7.010822865642));
#8086 = CARTESIAN_POINT('',(29.720979109703,4.401971181444,
    7.036920986829));
#8087 = CARTESIAN_POINT('',(29.762577861343,4.359354541229,
    7.063398398336));
#8088 = CARTESIAN_POINT('',(29.803443949116,4.315504169169,
    7.090213630398));
#8089 = CARTESIAN_POINT('',(29.843559320161,4.270431251663,
    7.117324480401));
#8090 = CARTESIAN_POINT('',(29.897942345291,4.206463729665,
    7.155143952221));
#8091 = CARTESIAN_POINT('',(29.912865491301,4.188602091763,
    7.165636760959));
#8092 = CARTESIAN_POINT('',(29.927675635274,4.170564555845,
    7.176164082684));
#8093 = CARTESIAN_POINT('',(29.942371868985,4.152351874936,
    7.186723515703));
#8094 = CARTESIAN_POINT('',(29.956953314588,4.133964838943,
    7.197312648576));
#8095 = CARTESIAN_POINT('',(29.971419124618,4.115404274656,
    7.207929060108));
#8096 = CARTESIAN_POINT('',(29.985768481991,4.096671045746,
    7.218570319356));
#8097 = CARTESIAN_POINT('',(30.0000006,4.077766052767,7.229233985624));
#8098 = PCURVE('',#360,#8099);
#8099 = DEFINITIONAL_REPRESENTATION('',(#8100),#8131);
#8100 = B_SPLINE_CURVE_WITH_KNOTS('',8,(#8101,#8102,#8103,#8104,#8105,
    #8106,#8107,#8108,#8109,#8110,#8111,#8112,#8113,#8114,#8115,#8116,
    #8117,#8118,#8119,#8120,#8121,#8122,#8123,#8124,#8125,#8126,#8127,
    #8128,#8129,#8130),.UNSPECIFIED.,.F.,.F.,(9,7,7,7,9),(0.,
    0.145395457837,0.733207288251,0.926240140397,1.),.UNSPECIFIED.);
#8101 = CARTESIAN_POINT('',(-0.377578995023,1.570796326795));
#8102 = CARTESIAN_POINT('',(-0.37651454649,1.552009171732));
#8103 = CARTESIAN_POINT('',(-0.375388220952,1.533383464907));
#8104 = CARTESIAN_POINT('',(-0.374203275715,1.514913374101));
#8105 = CARTESIAN_POINT('',(-0.372962639473,1.496593436757));
#8106 = CARTESIAN_POINT('',(-0.371668936098,1.478418464862));
#8107 = CARTESIAN_POINT('',(-0.37032450844,1.460383449824));
#8108 = CARTESIAN_POINT('',(-0.368931442114,1.442483467356));
#8109 = CARTESIAN_POINT('',(-0.36167048228,1.352872626768));
#8110 = CARTESIAN_POINT('',(-0.355088398425,1.283204235963));
#8111 = CARTESIAN_POINT('',(-0.347863097951,1.215307068599));
#8112 = CARTESIAN_POINT('',(-0.340060853919,1.149009393064));
#8113 = CARTESIAN_POINT('',(-0.331727472104,1.084203193202));
#8114 = CARTESIAN_POINT('',(-0.322889402435,1.020847920674));
#8115 = CARTESIAN_POINT('',(-0.313561537977,0.958938001134));
#8116 = CARTESIAN_POINT('',(-0.300524887044,0.878658568636));
#8117 = CARTESIAN_POINT('',(-0.297250608588,0.858977568251));
#8118 = CARTESIAN_POINT('',(-0.29392537751,0.839464496958));
#8119 = CARTESIAN_POINT('',(-0.290549697026,0.820123074283));
#8120 = CARTESIAN_POINT('',(-0.287124060146,0.800957675522));
#8121 = CARTESIAN_POINT('',(-0.283648967634,0.781973294463));
#8122 = CARTESIAN_POINT('',(-0.280124945974,0.763175506119));
#8123 = CARTESIAN_POINT('',(-0.275187521546,0.73746123623));
#8124 = CARTESIAN_POINT('',(-0.273815416564,0.730380177761));
#8125 = CARTESIAN_POINT('',(-0.272436281683,0.723327594866));
#8126 = CARTESIAN_POINT('',(-0.271050149078,0.716303837978));
#8127 = CARTESIAN_POINT('',(-0.269657051795,0.709309267141));
#8128 = CARTESIAN_POINT('',(-0.26825702375,0.702344252008));
#8129 = CARTESIAN_POINT('',(-0.266850099733,0.695409171843));
#8130 = CARTESIAN_POINT('',(-0.265436315406,0.688504415521));
#8131 = ( GEOMETRIC_REPRESENTATION_CONTEXT(2) 
PARAMETRIC_REPRESENTATION_CONTEXT() REPRESENTATION_CONTEXT('2D SPACE',''
  ) );
#8132 = PCURVE('',#2536,#8133);
#8133 = DEFINITIONAL_REPRESENTATION('',(#8134),#8165);
#8134 = B_SPLINE_CURVE_WITH_KNOTS('',8,(#8135,#8136,#8137,#8138,#8139,
    #8140,#8141,#8142,#8143,#8144,#8145,#8146,#8147,#8148,#8149,#8150,
    #8151,#8152,#8153,#8154,#8155,#8156,#8157,#8158,#8159,#8160,#8161,
    #8162,#8163,#8164),.UNSPECIFIED.,.F.,.F.,(9,7,7,7,9),(0.,
    0.145395457837,0.733207288251,0.926240140397,1.),.UNSPECIFIED.);
#8135 = CARTESIAN_POINT('',(-7.182872665432,-28.01383878799));
#8136 = CARTESIAN_POINT('',(-7.182872665432,-28.05426039997));
#8137 = CARTESIAN_POINT('',(-7.183028968599,-28.0947180846));
#8138 = CARTESIAN_POINT('',(-7.183336884242,-28.13518638752));
#8139 = CARTESIAN_POINT('',(-7.183792085427,-28.17564178003));
#8140 = CARTESIAN_POINT('',(-7.184390586602,-28.21606264332));
#8141 = CARTESIAN_POINT('',(-7.185128721221,-28.25642925284));
#8142 = CARTESIAN_POINT('',(-7.186003119374,-28.2967237625));
#8143 = CARTESIAN_POINT('',(-7.19108412239,-28.49947868614));
#8144 = CARTESIAN_POINT('',(-7.197331534976,-28.66048301584));
#8145 = CARTESIAN_POINT('',(-7.205548458735,-28.81905309039));
#8146 = CARTESIAN_POINT('',(-7.215607480538,-28.97430439513));
#8147 = CARTESIAN_POINT('',(-7.227399607014,-29.12544243462));
#8148 = CARTESIAN_POINT('',(-7.240837016668,-29.27176343175));
#8149 = CARTESIAN_POINT('',(-7.255841919002,-29.41266690883));
#8150 = CARTESIAN_POINT('',(-7.277770570891,-29.59198308589));
#8151 = CARTESIAN_POINT('',(-7.28335206093,-29.6356611752));
#8152 = CARTESIAN_POINT('',(-7.289091018827,-29.67866684091));
#8153 = CARTESIAN_POINT('',(-7.294984350374,-29.7209791097));
#8154 = CARTESIAN_POINT('',(-7.301028878333,-29.76257786134));
#8155 = CARTESIAN_POINT('',(-7.307221320159,-29.80344394911));
#8156 = CARTESIAN_POINT('',(-7.31355826572,-29.84355932016));
#8157 = CARTESIAN_POINT('',(-7.322511423865,-29.89794234529));
#8158 = CARTESIAN_POINT('',(-7.325007272562,-29.9128654913));
#8159 = CARTESIAN_POINT('',(-7.327523503251,-29.92767563527));
#8160 = CARTESIAN_POINT('',(-7.330059915297,-29.94237186898));
#8161 = CARTESIAN_POINT('',(-7.332616305286,-29.95695331458));
#8162 = CARTESIAN_POINT('',(-7.335192467023,-29.97141912461));
#8163 = CARTESIAN_POINT('',(-7.337788191538,-29.98576848199));
#8164 = CARTESIAN_POINT('',(-7.34040326708,-30.0000006));
#8165 = ( GEOMETRIC_REPRESENTATION_CONTEXT(2) 
PARAMETRIC_REPRESENTATION_CONTEXT() REPRESENTATION_CONTEXT('2D SPACE',''
  ) );
#8166 = ORIENTED_EDGE('',*,*,#8167,.F.);
#8167 = EDGE_CURVE('',#8168,#8064,#8170,.T.);
#8168 = VERTEX_POINT('',#8169);
#8169 = CARTESIAN_POINT('',(28.977124167725,0.8,6.5));
#8170 = SURFACE_CURVE('',#8171,(#8176,#8183),.PCURVE_S1.);
#8171 = CIRCLE('',#8172,14.);
#8172 = AXIS2_PLACEMENT_3D('',#8173,#8174,#8175);
#8173 = CARTESIAN_POINT('',(15.,0.,6.5));
#8174 = DIRECTION('',(0.,0.,1.));
#8175 = DIRECTION('',(1.,0.,0.));
#8176 = PCURVE('',#360,#8177);
#8177 = DEFINITIONAL_REPRESENTATION('',(#8178),#8182);
#8178 = LINE('',#8179,#8180);
#8179 = CARTESIAN_POINT('',(-0.,1.570796326795));
#8180 = VECTOR('',#8181,1.);
#8181 = DIRECTION('',(-1.,0.));
#8182 = ( GEOMETRIC_REPRESENTATION_CONTEXT(2) 
PARAMETRIC_REPRESENTATION_CONTEXT() REPRESENTATION_CONTEXT('2D SPACE',''
  ) );
#8183 = PCURVE('',#2456,#8184);
#8184 = DEFINITIONAL_REPRESENTATION('',(#8185),#8189);
#8185 = CIRCLE('',#8186,14.);
#8186 = AXIS2_PLACEMENT_2D('',#8187,#8188);
#8187 = CARTESIAN_POINT('',(0.,0.));
#8188 = DIRECTION('',(1.,0.));
#8189 = ( GEOMETRIC_REPRESENTATION_CONTEXT(2) 
PARAMETRIC_REPRESENTATION_CONTEXT() REPRESENTATION_CONTEXT('2D SPACE',''
  ) );
#8190 = ORIENTED_EDGE('',*,*,#8191,.F.);
#8191 = EDGE_CURVE('',#318,#8168,#8192,.T.);
#8192 = SURFACE_CURVE('',#8193,(#8211,#8232),.PCURVE_S1.);
#8193 = B_SPLINE_CURVE_WITH_KNOTS('',6,(#8194,#8195,#8196,#8197,#8198,
    #8199,#8200,#8201,#8202,#8203,#8204,#8205,#8206,#8207,#8208,#8209,
    #8210),.UNSPECIFIED.,.F.,.F.,(7,5,5,7),(0.,0.387451904773,
    0.572450194815,1.),.UNSPECIFIED.);
#8194 = CARTESIAN_POINT('',(30.979987484351,0.8,8.5));
#8195 = CARTESIAN_POINT('',(30.979987484351,0.8,8.297026241992));
#8196 = CARTESIAN_POINT('',(30.955237306392,0.8,8.093996851961));
#8197 = CARTESIAN_POINT('',(30.905713401344,0.8,7.894809227537));
#8198 = CARTESIAN_POINT('',(30.832254045496,0.8,7.703150605587));
#8199 = CARTESIAN_POINT('',(30.736294189176,0.8,7.522516887901));
#8200 = CARTESIAN_POINT('',(30.564604397587,0.8,7.276609098995));
#8201 = CARTESIAN_POINT('',(30.504495899525,0.8,7.200364070807));
#8202 = CARTESIAN_POINT('',(30.440000993483,0.8,7.127681426879));
#8203 = CARTESIAN_POINT('',(30.371386683462,0.8,7.058872119083));
#8204 = CARTESIAN_POINT('',(30.298948703986,0.8,6.994219584309));
#8205 = CARTESIAN_POINT('',(30.047509540197,0.8,6.794756433929));
#8206 = CARTESIAN_POINT('',(29.853239918838,0.8,6.67904021449));
#8207 = CARTESIAN_POINT('',(29.644299147195,0.8,6.590109772016));
#8208 = CARTESIAN_POINT('',(29.425309877667,0.8,6.530021099843));
#8209 = CARTESIAN_POINT('',(29.201174185305,0.8,6.5));
#8210 = CARTESIAN_POINT('',(28.977124167725,0.8,6.5));
#8211 = PCURVE('',#360,#8212);
#8212 = DEFINITIONAL_REPRESENTATION('',(#8213),#8231);
#8213 = B_SPLINE_CURVE_WITH_KNOTS('',6,(#8214,#8215,#8216,#8217,#8218,
    #8219,#8220,#8221,#8222,#8223,#8224,#8225,#8226,#8227,#8228,#8229,
    #8230),.UNSPECIFIED.,.F.,.F.,(7,5,5,7),(0.,0.387451904773,
    0.572450194815,1.),.UNSPECIFIED.);
#8214 = CARTESIAN_POINT('',(-5.002085680577E-02,0.));
#8215 = CARTESIAN_POINT('',(-5.002085680577E-02,0.101486879004));
#8216 = CARTESIAN_POINT('',(-5.009820058433E-02,0.203000981745));
#8217 = CARTESIAN_POINT('',(-5.025296484975E-02,0.304479194968));
#8218 = CARTESIAN_POINT('',(-5.048431509407E-02,0.405950067914));
#8219 = CARTESIAN_POINT('',(-5.079136252722E-02,0.507442169379));
#8220 = CARTESIAN_POINT('',(-5.135283663889E-02,0.657334552176));
#8221 = CARTESIAN_POINT('',(-5.155095144215E-02,0.705772900505));
#8222 = CARTESIAN_POINT('',(-5.176545989848E-02,0.754207315728));
#8223 = CARTESIAN_POINT('',(-5.19960414046E-02,0.80263841833));
#8224 = CARTESIAN_POINT('',(-5.224229761491E-02,0.851066893536));
#8225 = CARTESIAN_POINT('',(-5.310791121959E-02,1.011404881952));
#8226 = CARTESIAN_POINT('',(-5.379338279424E-02,1.123342146917));
#8227 = CARTESIAN_POINT('',(-5.455357560665E-02,1.235210735245));
#8228 = CARTESIAN_POINT('',(-5.537973731456E-02,1.347063743508));
#8229 = CARTESIAN_POINT('',(-5.625951121299E-02,1.458954365527));
#8230 = CARTESIAN_POINT('',(-5.717400108066E-02,1.570796326795));
#8231 = ( GEOMETRIC_REPRESENTATION_CONTEXT(2) 
PARAMETRIC_REPRESENTATION_CONTEXT() REPRESENTATION_CONTEXT('2D SPACE',''
  ) );
#8232 = PCURVE('',#332,#8233);
#8233 = DEFINITIONAL_REPRESENTATION('',(#8234),#8252);
#8234 = B_SPLINE_CURVE_WITH_KNOTS('',6,(#8235,#8236,#8237,#8238,#8239,
    #8240,#8241,#8242,#8243,#8244,#8245,#8246,#8247,#8248,#8249,#8250,
    #8251),.UNSPECIFIED.,.F.,.F.,(7,5,5,7),(0.,0.387451904773,
    0.572450194815,1.),.UNSPECIFIED.);
#8235 = CARTESIAN_POINT('',(8.5,30.979987484351));
#8236 = CARTESIAN_POINT('',(8.297026241992,30.979987484351));
#8237 = CARTESIAN_POINT('',(8.093996851961,30.955237306392));
#8238 = CARTESIAN_POINT('',(7.894809227537,30.905713401344));
#8239 = CARTESIAN_POINT('',(7.703150605587,30.832254045496));
#8240 = CARTESIAN_POINT('',(7.522516887901,30.736294189176));
#8241 = CARTESIAN_POINT('',(7.276609098995,30.564604397587));
#8242 = CARTESIAN_POINT('',(7.200364070807,30.504495899525));
#8243 = CARTESIAN_POINT('',(7.127681426879,30.440000993483));
#8244 = CARTESIAN_POINT('',(7.058872119083,30.371386683462));
#8245 = CARTESIAN_POINT('',(6.994219584309,30.298948703986));
#8246 = CARTESIAN_POINT('',(6.794756433929,30.047509540197));
#8247 = CARTESIAN_POINT('',(6.67904021449,29.853239918838));
#8248 = CARTESIAN_POINT('',(6.590109772016,29.644299147195));
#8249 = CARTESIAN_POINT('',(6.530021099843,29.425309877667));
#8250 = CARTESIAN_POINT('',(6.5,29.201174185305));
#8251 = CARTESIAN_POINT('',(6.5,28.977124167725));
#8252 = ( GEOMETRIC_REPRESENTATION_CONTEXT(2) 
PARAMETRIC_REPRESENTATION_CONTEXT() REPRESENTATION_CONTEXT('2D SPACE',''
  ) );
#8253 = ORIENTED_EDGE('',*,*,#343,.T.);
#8254 = ORIENTED_EDGE('',*,*,#5951,.T.);
#8255 = ADVANCED_FACE('',(#8256),#332,.T.);
#8256 = FACE_BOUND('',#8257,.T.);
#8257 = EDGE_LOOP('',(#8258,#8259,#8260,#8283,#8306,#8329,#8352,#8373,
    #8374,#8395,#8417,#8438,#8460,#8479));
#8258 = ORIENTED_EDGE('',*,*,#317,.T.);
#8259 = ORIENTED_EDGE('',*,*,#5878,.T.);
#8260 = ORIENTED_EDGE('',*,*,#8261,.F.);
#8261 = EDGE_CURVE('',#8262,#5879,#8264,.T.);
#8262 = VERTEX_POINT('',#8263);
#8263 = CARTESIAN_POINT('',(32.,0.8,0.));
#8264 = SURFACE_CURVE('',#8265,(#8269,#8276),.PCURVE_S1.);
#8265 = LINE('',#8266,#8267);
#8266 = CARTESIAN_POINT('',(32.,0.8,0.));
#8267 = VECTOR('',#8268,1.);
#8268 = DIRECTION('',(0.,0.,1.));
#8269 = PCURVE('',#332,#8270);
#8270 = DEFINITIONAL_REPRESENTATION('',(#8271),#8275);
#8271 = LINE('',#8272,#8273);
#8272 = CARTESIAN_POINT('',(0.,32.));
#8273 = VECTOR('',#8274,1.);
#8274 = DIRECTION('',(1.,0.));
#8275 = ( GEOMETRIC_REPRESENTATION_CONTEXT(2) 
PARAMETRIC_REPRESENTATION_CONTEXT() REPRESENTATION_CONTEXT('2D SPACE',''
  ) );
#8276 = PCURVE('',#5613,#8277);
#8277 = DEFINITIONAL_REPRESENTATION('',(#8278),#8282);
#8278 = LINE('',#8279,#8280);
#8279 = CARTESIAN_POINT('',(0.,-1.6));
#8280 = VECTOR('',#8281,1.);
#8281 = DIRECTION('',(1.,0.));
#8282 = ( GEOMETRIC_REPRESENTATION_CONTEXT(2) 
PARAMETRIC_REPRESENTATION_CONTEXT() REPRESENTATION_CONTEXT('2D SPACE',''
  ) );
#8283 = ORIENTED_EDGE('',*,*,#8284,.F.);
#8284 = EDGE_CURVE('',#8285,#8262,#8287,.T.);
#8285 = VERTEX_POINT('',#8286);
#8286 = CARTESIAN_POINT('',(31.,0.8,0.));
#8287 = SURFACE_CURVE('',#8288,(#8292,#8299),.PCURVE_S1.);
#8288 = LINE('',#8289,#8290);
#8289 = CARTESIAN_POINT('',(0.,0.8,0.));
#8290 = VECTOR('',#8291,1.);
#8291 = DIRECTION('',(1.,0.,-0.));
#8292 = PCURVE('',#332,#8293);
#8293 = DEFINITIONAL_REPRESENTATION('',(#8294),#8298);
#8294 = LINE('',#8295,#8296);
#8295 = CARTESIAN_POINT('',(0.,0.));
#8296 = VECTOR('',#8297,1.);
#8297 = DIRECTION('',(0.,1.));
#8298 = ( GEOMETRIC_REPRESENTATION_CONTEXT(2) 
PARAMETRIC_REPRESENTATION_CONTEXT() REPRESENTATION_CONTEXT('2D SPACE',''
  ) );
#8299 = PCURVE('',#5641,#8300);
#8300 = DEFINITIONAL_REPRESENTATION('',(#8301),#8305);
#8301 = LINE('',#8302,#8303);
#8302 = CARTESIAN_POINT('',(0.,1.6));
#8303 = VECTOR('',#8304,1.);
#8304 = DIRECTION('',(1.,0.));
#8305 = ( GEOMETRIC_REPRESENTATION_CONTEXT(2) 
PARAMETRIC_REPRESENTATION_CONTEXT() REPRESENTATION_CONTEXT('2D SPACE',''
  ) );
#8306 = ORIENTED_EDGE('',*,*,#8307,.T.);
#8307 = EDGE_CURVE('',#8285,#8308,#8310,.T.);
#8308 = VERTEX_POINT('',#8309);
#8309 = CARTESIAN_POINT('',(31.,0.8,1.));
#8310 = SURFACE_CURVE('',#8311,(#8315,#8322),.PCURVE_S1.);
#8311 = LINE('',#8312,#8313);
#8312 = CARTESIAN_POINT('',(31.,0.8,-12.5));
#8313 = VECTOR('',#8314,1.);
#8314 = DIRECTION('',(0.,0.,1.));
#8315 = PCURVE('',#332,#8316);
#8316 = DEFINITIONAL_REPRESENTATION('',(#8317),#8321);
#8317 = LINE('',#8318,#8319);
#8318 = CARTESIAN_POINT('',(-12.5,31.));
#8319 = VECTOR('',#8320,1.);
#8320 = DIRECTION('',(1.,0.));
#8321 = ( GEOMETRIC_REPRESENTATION_CONTEXT(2) 
PARAMETRIC_REPRESENTATION_CONTEXT() REPRESENTATION_CONTEXT('2D SPACE',''
  ) );
#8322 = PCURVE('',#5669,#8323);
#8323 = DEFINITIONAL_REPRESENTATION('',(#8324),#8328);
#8324 = LINE('',#8325,#8326);
#8325 = CARTESIAN_POINT('',(0.,-1.6));
#8326 = VECTOR('',#8327,1.);
#8327 = DIRECTION('',(1.,0.));
#8328 = ( GEOMETRIC_REPRESENTATION_CONTEXT(2) 
PARAMETRIC_REPRESENTATION_CONTEXT() REPRESENTATION_CONTEXT('2D SPACE',''
  ) );
#8329 = ORIENTED_EDGE('',*,*,#8330,.F.);
#8330 = EDGE_CURVE('',#8331,#8308,#8333,.T.);
#8331 = VERTEX_POINT('',#8332);
#8332 = CARTESIAN_POINT('',(0.,0.8,1.));
#8333 = SURFACE_CURVE('',#8334,(#8338,#8345),.PCURVE_S1.);
#8334 = LINE('',#8335,#8336);
#8335 = CARTESIAN_POINT('',(-1.,0.8,1.));
#8336 = VECTOR('',#8337,1.);
#8337 = DIRECTION('',(1.,0.,0.));
#8338 = PCURVE('',#332,#8339);
#8339 = DEFINITIONAL_REPRESENTATION('',(#8340),#8344);
#8340 = LINE('',#8341,#8342);
#8341 = CARTESIAN_POINT('',(1.,-1.));
#8342 = VECTOR('',#8343,1.);
#8343 = DIRECTION('',(0.,1.));
#8344 = ( GEOMETRIC_REPRESENTATION_CONTEXT(2) 
PARAMETRIC_REPRESENTATION_CONTEXT() REPRESENTATION_CONTEXT('2D SPACE',''
  ) );
#8345 = PCURVE('',#5697,#8346);
#8346 = DEFINITIONAL_REPRESENTATION('',(#8347),#8351);
#8347 = LINE('',#8348,#8349);
#8348 = CARTESIAN_POINT('',(0.,1.6));
#8349 = VECTOR('',#8350,1.);
#8350 = DIRECTION('',(1.,0.));
#8351 = ( GEOMETRIC_REPRESENTATION_CONTEXT(2) 
PARAMETRIC_REPRESENTATION_CONTEXT() REPRESENTATION_CONTEXT('2D SPACE',''
  ) );
#8352 = ORIENTED_EDGE('',*,*,#8353,.T.);
#8353 = EDGE_CURVE('',#8331,#2119,#8354,.T.);
#8354 = SURFACE_CURVE('',#8355,(#8359,#8366),.PCURVE_S1.);
#8355 = LINE('',#8356,#8357);
#8356 = CARTESIAN_POINT('',(0.,0.8,0.));
#8357 = VECTOR('',#8358,1.);
#8358 = DIRECTION('',(0.,0.,1.));
#8359 = PCURVE('',#332,#8360);
#8360 = DEFINITIONAL_REPRESENTATION('',(#8361),#8365);
#8361 = LINE('',#8362,#8363);
#8362 = CARTESIAN_POINT('',(0.,0.));
#8363 = VECTOR('',#8364,1.);
#8364 = DIRECTION('',(1.,0.));
#8365 = ( GEOMETRIC_REPRESENTATION_CONTEXT(2) 
PARAMETRIC_REPRESENTATION_CONTEXT() REPRESENTATION_CONTEXT('2D SPACE',''
  ) );
#8366 = PCURVE('',#2286,#8367);
#8367 = DEFINITIONAL_REPRESENTATION('',(#8368),#8372);
#8368 = LINE('',#8369,#8370);
#8369 = CARTESIAN_POINT('',(0.,-1.6));
#8370 = VECTOR('',#8371,1.);
#8371 = DIRECTION('',(1.,0.));
#8372 = ( GEOMETRIC_REPRESENTATION_CONTEXT(2) 
PARAMETRIC_REPRESENTATION_CONTEXT() REPRESENTATION_CONTEXT('2D SPACE',''
  ) );
#8373 = ORIENTED_EDGE('',*,*,#2374,.T.);
#8374 = ORIENTED_EDGE('',*,*,#8375,.T.);
#8375 = EDGE_CURVE('',#2375,#8376,#8378,.T.);
#8376 = VERTEX_POINT('',#8377);
#8377 = CARTESIAN_POINT('',(5.731142245955,0.8,6.5));
#8378 = SURFACE_CURVE('',#8379,(#8383,#8389),.PCURVE_S1.);
#8379 = LINE('',#8380,#8381);
#8380 = CARTESIAN_POINT('',(7.5,0.8,6.5));
#8381 = VECTOR('',#8382,1.);
#8382 = DIRECTION('',(1.,0.,-0.));
#8383 = PCURVE('',#332,#8384);
#8384 = DEFINITIONAL_REPRESENTATION('',(#8385),#8388);
#8385 = B_SPLINE_CURVE_WITH_KNOTS('',1,(#8386,#8387),.UNSPECIFIED.,.F.,
  .F.,(2,2),(-6.5,21.5),.PIECEWISE_BEZIER_KNOTS.);
#8386 = CARTESIAN_POINT('',(6.5,1.));
#8387 = CARTESIAN_POINT('',(6.5,29.));
#8388 = ( GEOMETRIC_REPRESENTATION_CONTEXT(2) 
PARAMETRIC_REPRESENTATION_CONTEXT() REPRESENTATION_CONTEXT('2D SPACE',''
  ) );
#8389 = PCURVE('',#2456,#8390);
#8390 = DEFINITIONAL_REPRESENTATION('',(#8391),#8394);
#8391 = B_SPLINE_CURVE_WITH_KNOTS('',1,(#8392,#8393),.UNSPECIFIED.,.F.,
  .F.,(2,2),(-6.5,21.5),.PIECEWISE_BEZIER_KNOTS.);
#8392 = CARTESIAN_POINT('',(-14.,0.8));
#8393 = CARTESIAN_POINT('',(14.,0.8));
#8394 = ( GEOMETRIC_REPRESENTATION_CONTEXT(2) 
PARAMETRIC_REPRESENTATION_CONTEXT() REPRESENTATION_CONTEXT('2D SPACE',''
  ) );
#8395 = ORIENTED_EDGE('',*,*,#8396,.T.);
#8396 = EDGE_CURVE('',#8376,#8397,#8399,.T.);
#8397 = VERTEX_POINT('',#8398);
#8398 = CARTESIAN_POINT('',(8.268857754045,0.8,6.5));
#8399 = SURFACE_CURVE('',#8400,(#8404,#8410),.PCURVE_S1.);
#8400 = LINE('',#8401,#8402);
#8401 = CARTESIAN_POINT('',(7.5,0.8,6.5));
#8402 = VECTOR('',#8403,1.);
#8403 = DIRECTION('',(1.,0.,-0.));
#8404 = PCURVE('',#332,#8405);
#8405 = DEFINITIONAL_REPRESENTATION('',(#8406),#8409);
#8406 = B_SPLINE_CURVE_WITH_KNOTS('',1,(#8407,#8408),.UNSPECIFIED.,.F.,
  .F.,(2,2),(-6.5,21.5),.PIECEWISE_BEZIER_KNOTS.);
#8407 = CARTESIAN_POINT('',(6.5,1.));
#8408 = CARTESIAN_POINT('',(6.5,29.));
#8409 = ( GEOMETRIC_REPRESENTATION_CONTEXT(2) 
PARAMETRIC_REPRESENTATION_CONTEXT() REPRESENTATION_CONTEXT('2D SPACE',''
  ) );
#8410 = PCURVE('',#5767,#8411);
#8411 = DEFINITIONAL_REPRESENTATION('',(#8412),#8416);
#8412 = LINE('',#8413,#8414);
#8413 = CARTESIAN_POINT('',(0.5,0.8));
#8414 = VECTOR('',#8415,1.);
#8415 = DIRECTION('',(1.,0.));
#8416 = ( GEOMETRIC_REPRESENTATION_CONTEXT(2) 
PARAMETRIC_REPRESENTATION_CONTEXT() REPRESENTATION_CONTEXT('2D SPACE',''
  ) );
#8417 = ORIENTED_EDGE('',*,*,#8418,.T.);
#8418 = EDGE_CURVE('',#8397,#8419,#8421,.T.);
#8419 = VERTEX_POINT('',#8420);
#8420 = CARTESIAN_POINT('',(21.731142245955,0.8,6.5));
#8421 = SURFACE_CURVE('',#8422,(#8426,#8432),.PCURVE_S1.);
#8422 = LINE('',#8423,#8424);
#8423 = CARTESIAN_POINT('',(7.5,0.8,6.5));
#8424 = VECTOR('',#8425,1.);
#8425 = DIRECTION('',(1.,0.,-0.));
#8426 = PCURVE('',#332,#8427);
#8427 = DEFINITIONAL_REPRESENTATION('',(#8428),#8431);
#8428 = B_SPLINE_CURVE_WITH_KNOTS('',1,(#8429,#8430),.UNSPECIFIED.,.F.,
  .F.,(2,2),(-6.5,21.5),.PIECEWISE_BEZIER_KNOTS.);
#8429 = CARTESIAN_POINT('',(6.5,1.));
#8430 = CARTESIAN_POINT('',(6.5,29.));
#8431 = ( GEOMETRIC_REPRESENTATION_CONTEXT(2) 
PARAMETRIC_REPRESENTATION_CONTEXT() REPRESENTATION_CONTEXT('2D SPACE',''
  ) );
#8432 = PCURVE('',#2456,#8433);
#8433 = DEFINITIONAL_REPRESENTATION('',(#8434),#8437);
#8434 = B_SPLINE_CURVE_WITH_KNOTS('',1,(#8435,#8436),.UNSPECIFIED.,.F.,
  .F.,(2,2),(-6.5,21.5),.PIECEWISE_BEZIER_KNOTS.);
#8435 = CARTESIAN_POINT('',(-14.,0.8));
#8436 = CARTESIAN_POINT('',(14.,0.8));
#8437 = ( GEOMETRIC_REPRESENTATION_CONTEXT(2) 
PARAMETRIC_REPRESENTATION_CONTEXT() REPRESENTATION_CONTEXT('2D SPACE',''
  ) );
#8438 = ORIENTED_EDGE('',*,*,#8439,.T.);
#8439 = EDGE_CURVE('',#8419,#8440,#8442,.T.);
#8440 = VERTEX_POINT('',#8441);
#8441 = CARTESIAN_POINT('',(24.268857754045,0.8,6.5));
#8442 = SURFACE_CURVE('',#8443,(#8447,#8453),.PCURVE_S1.);
#8443 = LINE('',#8444,#8445);
#8444 = CARTESIAN_POINT('',(7.5,0.8,6.5));
#8445 = VECTOR('',#8446,1.);
#8446 = DIRECTION('',(1.,0.,-0.));
#8447 = PCURVE('',#332,#8448);
#8448 = DEFINITIONAL_REPRESENTATION('',(#8449),#8452);
#8449 = B_SPLINE_CURVE_WITH_KNOTS('',1,(#8450,#8451),.UNSPECIFIED.,.F.,
  .F.,(2,2),(-6.5,21.5),.PIECEWISE_BEZIER_KNOTS.);
#8450 = CARTESIAN_POINT('',(6.5,1.));
#8451 = CARTESIAN_POINT('',(6.5,29.));
#8452 = ( GEOMETRIC_REPRESENTATION_CONTEXT(2) 
PARAMETRIC_REPRESENTATION_CONTEXT() REPRESENTATION_CONTEXT('2D SPACE',''
  ) );
#8453 = PCURVE('',#5815,#8454);
#8454 = DEFINITIONAL_REPRESENTATION('',(#8455),#8459);
#8455 = LINE('',#8456,#8457);
#8456 = CARTESIAN_POINT('',(-15.5,0.8));
#8457 = VECTOR('',#8458,1.);
#8458 = DIRECTION('',(1.,0.));
#8459 = ( GEOMETRIC_REPRESENTATION_CONTEXT(2) 
PARAMETRIC_REPRESENTATION_CONTEXT() REPRESENTATION_CONTEXT('2D SPACE',''
  ) );
#8460 = ORIENTED_EDGE('',*,*,#8461,.T.);
#8461 = EDGE_CURVE('',#8440,#8168,#8462,.T.);
#8462 = SURFACE_CURVE('',#8463,(#8467,#8473),.PCURVE_S1.);
#8463 = LINE('',#8464,#8465);
#8464 = CARTESIAN_POINT('',(7.5,0.8,6.5));
#8465 = VECTOR('',#8466,1.);
#8466 = DIRECTION('',(1.,0.,-0.));
#8467 = PCURVE('',#332,#8468);
#8468 = DEFINITIONAL_REPRESENTATION('',(#8469),#8472);
#8469 = B_SPLINE_CURVE_WITH_KNOTS('',1,(#8470,#8471),.UNSPECIFIED.,.F.,
  .F.,(2,2),(-6.5,21.5),.PIECEWISE_BEZIER_KNOTS.);
#8470 = CARTESIAN_POINT('',(6.5,1.));
#8471 = CARTESIAN_POINT('',(6.5,29.));
#8472 = ( GEOMETRIC_REPRESENTATION_CONTEXT(2) 
PARAMETRIC_REPRESENTATION_CONTEXT() REPRESENTATION_CONTEXT('2D SPACE',''
  ) );
#8473 = PCURVE('',#2456,#8474);
#8474 = DEFINITIONAL_REPRESENTATION('',(#8475),#8478);
#8475 = B_SPLINE_CURVE_WITH_KNOTS('',1,(#8476,#8477),.UNSPECIFIED.,.F.,
  .F.,(2,2),(-6.5,21.5),.PIECEWISE_BEZIER_KNOTS.);
#8476 = CARTESIAN_POINT('',(-14.,0.8));
#8477 = CARTESIAN_POINT('',(14.,0.8));
#8478 = ( GEOMETRIC_REPRESENTATION_CONTEXT(2) 
PARAMETRIC_REPRESENTATION_CONTEXT() REPRESENTATION_CONTEXT('2D SPACE',''
  ) );
#8479 = ORIENTED_EDGE('',*,*,#8191,.F.);
#8480 = ADVANCED_FACE('',(#8481),#918,.T.);
#8481 = FACE_BOUND('',#8482,.T.);
#8482 = EDGE_LOOP('',(#8483,#8484,#8505,#8529,#8548,#8549,#8550));
#8483 = ORIENTED_EDGE('',*,*,#1363,.T.);
#8484 = ORIENTED_EDGE('',*,*,#8485,.F.);
#8485 = EDGE_CURVE('',#8486,#1364,#8488,.T.);
#8486 = VERTEX_POINT('',#8487);
#8487 = CARTESIAN_POINT('',(14.370150550669,-0.8,-8.261355820929));
#8488 = SURFACE_CURVE('',#8489,(#8493,#8499),.PCURVE_S1.);
#8489 = LINE('',#8490,#8491);
#8490 = CARTESIAN_POINT('',(0.,-0.8,-8.261355820929));
#8491 = VECTOR('',#8492,1.);
#8492 = DIRECTION('',(-1.,-0.,-0.));
#8493 = PCURVE('',#918,#8494);
#8494 = DEFINITIONAL_REPRESENTATION('',(#8495),#8498);
#8495 = B_SPLINE_CURVE_WITH_KNOTS('',1,(#8496,#8497),.UNSPECIFIED.,.F.,
  .F.,(2,2),(-30.0000006,6.E-07),.PIECEWISE_BEZIER_KNOTS.);
#8496 = CARTESIAN_POINT('',(4.238644179071,31.0000006));
#8497 = CARTESIAN_POINT('',(4.238644179071,0.9999994));
#8498 = ( GEOMETRIC_REPRESENTATION_CONTEXT(2) 
PARAMETRIC_REPRESENTATION_CONTEXT() REPRESENTATION_CONTEXT('2D SPACE',''
  ) );
#8499 = PCURVE('',#1401,#8500);
#8500 = DEFINITIONAL_REPRESENTATION('',(#8501),#8504);
#8501 = B_SPLINE_CURVE_WITH_KNOTS('',1,(#8502,#8503),.UNSPECIFIED.,.F.,
  .F.,(2,2),(-30.0000006,6.E-07),.PIECEWISE_BEZIER_KNOTS.);
#8502 = CARTESIAN_POINT('',(-4.615853571113,-30.0000006));
#8503 = CARTESIAN_POINT('',(-4.615853571113,6.E-07));
#8504 = ( GEOMETRIC_REPRESENTATION_CONTEXT(2) 
PARAMETRIC_REPRESENTATION_CONTEXT() REPRESENTATION_CONTEXT('2D SPACE',''
  ) );
#8505 = ORIENTED_EDGE('',*,*,#8506,.F.);
#8506 = EDGE_CURVE('',#8507,#8486,#8509,.T.);
#8507 = VERTEX_POINT('',#8508);
#8508 = CARTESIAN_POINT('',(15.629849449331,-0.8,-8.261355820929));
#8509 = SURFACE_CURVE('',#8510,(#8515,#8522),.PCURVE_S1.);
#8510 = CIRCLE('',#8511,1.5);
#8511 = AXIS2_PLACEMENT_3D('',#8512,#8513,#8514);
#8512 = CARTESIAN_POINT('',(15.,-0.8,-6.9));
#8513 = DIRECTION('',(-0.,1.,0.));
#8514 = DIRECTION('',(1.,0.,0.));
#8515 = PCURVE('',#918,#8516);
#8516 = DEFINITIONAL_REPRESENTATION('',(#8517),#8521);
#8517 = CIRCLE('',#8518,1.5);
#8518 = AXIS2_PLACEMENT_2D('',#8519,#8520);
#8519 = CARTESIAN_POINT('',(5.6,16.));
#8520 = DIRECTION('',(0.,1.));
#8521 = ( GEOMETRIC_REPRESENTATION_CONTEXT(2) 
PARAMETRIC_REPRESENTATION_CONTEXT() REPRESENTATION_CONTEXT('2D SPACE',''
  ) );
#8522 = PCURVE('',#1167,#8523);
#8523 = DEFINITIONAL_REPRESENTATION('',(#8524),#8528);
#8524 = LINE('',#8525,#8526);
#8525 = CARTESIAN_POINT('',(0.,-0.8));
#8526 = VECTOR('',#8527,1.);
#8527 = DIRECTION('',(1.,0.));
#8528 = ( GEOMETRIC_REPRESENTATION_CONTEXT(2) 
PARAMETRIC_REPRESENTATION_CONTEXT() REPRESENTATION_CONTEXT('2D SPACE',''
  ) );
#8529 = ORIENTED_EDGE('',*,*,#8530,.F.);
#8530 = EDGE_CURVE('',#2579,#8507,#8531,.T.);
#8531 = SURFACE_CURVE('',#8532,(#8536,#8542),.PCURVE_S1.);
#8532 = LINE('',#8533,#8534);
#8533 = CARTESIAN_POINT('',(0.,-0.8,-8.261355820929));
#8534 = VECTOR('',#8535,1.);
#8535 = DIRECTION('',(-1.,-0.,-0.));
#8536 = PCURVE('',#918,#8537);
#8537 = DEFINITIONAL_REPRESENTATION('',(#8538),#8541);
#8538 = B_SPLINE_CURVE_WITH_KNOTS('',1,(#8539,#8540),.UNSPECIFIED.,.F.,
  .F.,(2,2),(-30.0000006,6.E-07),.PIECEWISE_BEZIER_KNOTS.);
#8539 = CARTESIAN_POINT('',(4.238644179071,31.0000006));
#8540 = CARTESIAN_POINT('',(4.238644179071,0.9999994));
#8541 = ( GEOMETRIC_REPRESENTATION_CONTEXT(2) 
PARAMETRIC_REPRESENTATION_CONTEXT() REPRESENTATION_CONTEXT('2D SPACE',''
  ) );
#8542 = PCURVE('',#1401,#8543);
#8543 = DEFINITIONAL_REPRESENTATION('',(#8544),#8547);
#8544 = B_SPLINE_CURVE_WITH_KNOTS('',1,(#8545,#8546),.UNSPECIFIED.,.F.,
  .F.,(2,2),(-30.0000006,6.E-07),.PIECEWISE_BEZIER_KNOTS.);
#8545 = CARTESIAN_POINT('',(-4.615853571113,-30.0000006));
#8546 = CARTESIAN_POINT('',(-4.615853571113,6.E-07));
#8547 = ( GEOMETRIC_REPRESENTATION_CONTEXT(2) 
PARAMETRIC_REPRESENTATION_CONTEXT() REPRESENTATION_CONTEXT('2D SPACE',''
  ) );
#8548 = ORIENTED_EDGE('',*,*,#4638,.F.);
#8549 = ORIENTED_EDGE('',*,*,#903,.T.);
#8550 = ORIENTED_EDGE('',*,*,#1283,.T.);
#8551 = ADVANCED_FACE('',(#8552),#729,.F.);
#8552 = FACE_BOUND('',#8553,.F.);
#8553 = EDGE_LOOP('',(#8554,#8555,#8556,#8557,#8586));
#8554 = ORIENTED_EDGE('',*,*,#714,.T.);
#8555 = ORIENTED_EDGE('',*,*,#1337,.T.);
#8556 = ORIENTED_EDGE('',*,*,#767,.T.);
#8557 = ORIENTED_EDGE('',*,*,#8558,.F.);
#8558 = EDGE_CURVE('',#8559,#741,#8561,.T.);
#8559 = VERTEX_POINT('',#8560);
#8560 = CARTESIAN_POINT('',(16.5,-9.5,6.5));
#8561 = SURFACE_CURVE('',#8562,(#8567,#8574),.PCURVE_S1.);
#8562 = CIRCLE('',#8563,1.5);
#8563 = AXIS2_PLACEMENT_3D('',#8564,#8565,#8566);
#8564 = CARTESIAN_POINT('',(15.,-9.5,6.5));
#8565 = DIRECTION('',(0.,0.,1.));
#8566 = DIRECTION('',(1.,0.,0.));
#8567 = PCURVE('',#729,#8568);
#8568 = DEFINITIONAL_REPRESENTATION('',(#8569),#8573);
#8569 = CIRCLE('',#8570,1.5);
#8570 = AXIS2_PLACEMENT_2D('',#8571,#8572);
#8571 = CARTESIAN_POINT('',(0.,-9.5));
#8572 = DIRECTION('',(1.,0.));
#8573 = ( GEOMETRIC_REPRESENTATION_CONTEXT(2) 
PARAMETRIC_REPRESENTATION_CONTEXT() REPRESENTATION_CONTEXT('2D SPACE',''
  ) );
#8574 = PCURVE('',#8575,#8580);
#8575 = CYLINDRICAL_SURFACE('',#8576,1.5);
#8576 = AXIS2_PLACEMENT_3D('',#8577,#8578,#8579);
#8577 = CARTESIAN_POINT('',(15.,-9.5,15.5));
#8578 = DIRECTION('',(0.,0.,1.));
#8579 = DIRECTION('',(1.,0.,0.));
#8580 = DEFINITIONAL_REPRESENTATION('',(#8581),#8585);
#8581 = LINE('',#8582,#8583);
#8582 = CARTESIAN_POINT('',(0.,-9.));
#8583 = VECTOR('',#8584,1.);
#8584 = DIRECTION('',(1.,0.));
#8585 = ( GEOMETRIC_REPRESENTATION_CONTEXT(2) 
PARAMETRIC_REPRESENTATION_CONTEXT() REPRESENTATION_CONTEXT('2D SPACE',''
  ) );
#8586 = ORIENTED_EDGE('',*,*,#8587,.F.);
#8587 = EDGE_CURVE('',#715,#8559,#8588,.T.);
#8588 = SURFACE_CURVE('',#8589,(#8594,#8601),.PCURVE_S1.);
#8589 = CIRCLE('',#8590,1.5);
#8590 = AXIS2_PLACEMENT_3D('',#8591,#8592,#8593);
#8591 = CARTESIAN_POINT('',(15.,-9.5,6.5));
#8592 = DIRECTION('',(0.,0.,1.));
#8593 = DIRECTION('',(1.,0.,0.));
#8594 = PCURVE('',#729,#8595);
#8595 = DEFINITIONAL_REPRESENTATION('',(#8596),#8600);
#8596 = CIRCLE('',#8597,1.5);
#8597 = AXIS2_PLACEMENT_2D('',#8598,#8599);
#8598 = CARTESIAN_POINT('',(0.,-9.5));
#8599 = DIRECTION('',(1.,0.));
#8600 = ( GEOMETRIC_REPRESENTATION_CONTEXT(2) 
PARAMETRIC_REPRESENTATION_CONTEXT() REPRESENTATION_CONTEXT('2D SPACE',''
  ) );
#8601 = PCURVE('',#8575,#8602);
#8602 = DEFINITIONAL_REPRESENTATION('',(#8603),#8607);
#8603 = LINE('',#8604,#8605);
#8604 = CARTESIAN_POINT('',(0.,-9.));
#8605 = VECTOR('',#8606,1.);
#8606 = DIRECTION('',(1.,0.));
#8607 = ( GEOMETRIC_REPRESENTATION_CONTEXT(2) 
PARAMETRIC_REPRESENTATION_CONTEXT() REPRESENTATION_CONTEXT('2D SPACE',''
  ) );
#8608 = ADVANCED_FACE('',(#8609),#755,.T.);
#8609 = FACE_BOUND('',#8610,.T.);
#8610 = EDGE_LOOP('',(#8611,#8612));
#8611 = ORIENTED_EDGE('',*,*,#740,.F.);
#8612 = ORIENTED_EDGE('',*,*,#8613,.T.);
#8613 = EDGE_CURVE('',#741,#715,#8614,.T.);
#8614 = SURFACE_CURVE('',#8615,(#8620,#8627),.PCURVE_S1.);
#8615 = CIRCLE('',#8616,1.5);
#8616 = AXIS2_PLACEMENT_3D('',#8617,#8618,#8619);
#8617 = CARTESIAN_POINT('',(15.,-9.5,6.5));
#8618 = DIRECTION('',(0.,0.,1.));
#8619 = DIRECTION('',(1.,0.,0.));
#8620 = PCURVE('',#755,#8621);
#8621 = DEFINITIONAL_REPRESENTATION('',(#8622),#8626);
#8622 = CIRCLE('',#8623,1.5);
#8623 = AXIS2_PLACEMENT_2D('',#8624,#8625);
#8624 = CARTESIAN_POINT('',(1.139533443783E-16,4.255667768225E-18));
#8625 = DIRECTION('',(1.,0.));
#8626 = ( GEOMETRIC_REPRESENTATION_CONTEXT(2) 
PARAMETRIC_REPRESENTATION_CONTEXT() REPRESENTATION_CONTEXT('2D SPACE',''
  ) );
#8627 = PCURVE('',#8575,#8628);
#8628 = DEFINITIONAL_REPRESENTATION('',(#8629),#8633);
#8629 = LINE('',#8630,#8631);
#8630 = CARTESIAN_POINT('',(0.,-9.));
#8631 = VECTOR('',#8632,1.);
#8632 = DIRECTION('',(1.,0.));
#8633 = ( GEOMETRIC_REPRESENTATION_CONTEXT(2) 
PARAMETRIC_REPRESENTATION_CONTEXT() REPRESENTATION_CONTEXT('2D SPACE',''
  ) );
#8634 = ADVANCED_FACE('',(#8635),#1167,.F.);
#8635 = FACE_BOUND('',#8636,.F.);
#8636 = EDGE_LOOP('',(#8637,#8638,#8661,#8931,#8932,#9004));
#8637 = ORIENTED_EDGE('',*,*,#953,.T.);
#8638 = ORIENTED_EDGE('',*,*,#8639,.T.);
#8639 = EDGE_CURVE('',#954,#8640,#8642,.T.);
#8640 = VERTEX_POINT('',#8641);
#8641 = CARTESIAN_POINT('',(16.5,-4.613025037868,-6.9));
#8642 = SEAM_CURVE('',#8643,(#8647,#8654),.PCURVE_S1.);
#8643 = LINE('',#8644,#8645);
#8644 = CARTESIAN_POINT('',(16.5,-23.,-6.9));
#8645 = VECTOR('',#8646,1.);
#8646 = DIRECTION('',(0.,1.,0.));
#8647 = PCURVE('',#1167,#8648);
#8648 = DEFINITIONAL_REPRESENTATION('',(#8649),#8653);
#8649 = LINE('',#8650,#8651);
#8650 = CARTESIAN_POINT('',(0.,-23.));
#8651 = VECTOR('',#8652,1.);
#8652 = DIRECTION('',(-0.,1.));
#8653 = ( GEOMETRIC_REPRESENTATION_CONTEXT(2) 
PARAMETRIC_REPRESENTATION_CONTEXT() REPRESENTATION_CONTEXT('2D SPACE',''
  ) );
#8654 = PCURVE('',#1167,#8655);
#8655 = DEFINITIONAL_REPRESENTATION('',(#8656),#8660);
#8656 = LINE('',#8657,#8658);
#8657 = CARTESIAN_POINT('',(6.28318530718,-23.));
#8658 = VECTOR('',#8659,1.);
#8659 = DIRECTION('',(-0.,1.));
#8660 = ( GEOMETRIC_REPRESENTATION_CONTEXT(2) 
PARAMETRIC_REPRESENTATION_CONTEXT() REPRESENTATION_CONTEXT('2D SPACE',''
  ) );
#8661 = ORIENTED_EDGE('',*,*,#8662,.F.);
#8662 = EDGE_CURVE('',#8486,#8640,#8663,.T.);
#8663 = SURFACE_CURVE('',#8664,(#8751,#8841),.PCURVE_S1.);
#8664 = B_SPLINE_CURVE_WITH_KNOTS('',7,(#8665,#8666,#8667,#8668,#8669,
    #8670,#8671,#8672,#8673,#8674,#8675,#8676,#8677,#8678,#8679,#8680,
    #8681,#8682,#8683,#8684,#8685,#8686,#8687,#8688,#8689,#8690,#8691,
    #8692,#8693,#8694,#8695,#8696,#8697,#8698,#8699,#8700,#8701,#8702,
    #8703,#8704,#8705,#8706,#8707,#8708,#8709,#8710,#8711,#8712,#8713,
    #8714,#8715,#8716,#8717,#8718,#8719,#8720,#8721,#8722,#8723,#8724,
    #8725,#8726,#8727,#8728,#8729,#8730,#8731,#8732,#8733,#8734,#8735,
    #8736,#8737,#8738,#8739,#8740,#8741,#8742,#8743,#8744,#8745,#8746,
    #8747,#8748,#8749,#8750),.UNSPECIFIED.,.F.,.F.,(8,6,6,6,6,6,6,6,6,6,
    6,6,6,6,8),(0.,0.125465612726,0.245695414526,0.413842634994,
    0.508413020247,0.55017922653,0.594497889237,0.646613047274,
    0.673797344325,0.703203821238,0.7600256325,0.799117367179,
    0.831071052113,0.857992304568,1.),.UNSPECIFIED.);
#8665 = CARTESIAN_POINT('',(14.370150550669,-0.8,-8.261355820929));
#8666 = CARTESIAN_POINT('',(14.333269314427,-0.976210552206,
    -8.24429222449));
#8667 = CARTESIAN_POINT('',(14.290137023468,-1.151195089276,
    -8.222921384739));
#8668 = CARTESIAN_POINT('',(14.242910682826,-1.325086665072,
    -8.197302553606));
#8669 = CARTESIAN_POINT('',(14.193506165444,-1.497284954108,
    -8.167533094605));
#8670 = CARTESIAN_POINT('',(14.143136136414,-1.667618624007,
    -8.133816345838));
#8671 = CARTESIAN_POINT('',(14.092366668226,-1.836916497848,
    -8.096075088411));
#8672 = CARTESIAN_POINT('',(13.992527020625,-2.169819369914,
    -8.013118595292));
#8673 = CARTESIAN_POINT('',(13.943904678214,-2.331934937379,
    -7.968637884672));
#8674 = CARTESIAN_POINT('',(13.896048331432,-2.493552659236,
    -7.920182603787));
#8675 = CARTESIAN_POINT('',(13.849420467872,-2.654790906115,
    -7.867652457267));
#8676 = CARTESIAN_POINT('',(13.804482022757,-2.815652274547,
    -7.810956277647));
#8677 = CARTESIAN_POINT('',(13.761726952407,-2.976064402013,
    -7.750022193291));
#8678 = CARTESIAN_POINT('',(13.665679843232,-3.359449429275,
    -7.59357577076));
#8679 = CARTESIAN_POINT('',(13.615069659744,-3.581520040848,
    -7.494106469869));
#8680 = CARTESIAN_POINT('',(13.571039533314,-3.8027165891,
    -7.385912905904));
#8681 = CARTESIAN_POINT('',(13.535177345599,-4.0229212331,
    -7.268592746326));
#8682 = CARTESIAN_POINT('',(13.509574472465,-4.241482573695,
    -7.1419818051));
#8683 = CARTESIAN_POINT('',(13.496883379963,-4.457237945925,
    -7.006303831945));
#8684 = CARTESIAN_POINT('',(13.502480987012,-4.787262318405,
    -6.781796505795));
#8685 = CARTESIAN_POINT('',(13.509648285916,-4.904891407454,
    -6.698266739977));
#8686 = CARTESIAN_POINT('',(13.522603399823,-5.020843870915,
    -6.612318872692));
#8687 = CARTESIAN_POINT('',(13.542018008832,-5.134596041783,
    -6.524337441616));
#8688 = CARTESIAN_POINT('',(13.568598576553,-5.245594829937,
    -6.434821925741));
#8689 = CARTESIAN_POINT('',(13.603083742072,-5.353244371168,
    -6.344422468162));
#8690 = CARTESIAN_POINT('',(13.665300337108,-5.502667111204,
    -6.214044198282));
#8691 = CARTESIAN_POINT('',(13.686040334362,-5.547634751626,
    -6.174119387131));
#8692 = CARTESIAN_POINT('',(13.708506969336,-5.591701336937,
    -6.134317507448));
#8693 = CARTESIAN_POINT('',(13.732739899014,-5.634778239726,
    -6.094750148297));
#8694 = CARTESIAN_POINT('',(13.758771817995,-5.676781520009,
    -6.055533134712));
#8695 = CARTESIAN_POINT('',(13.786628301415,-5.717631643591,
    -6.016786020559));
#8696 = CARTESIAN_POINT('',(13.847842009239,-5.799296147825,
    -5.938145411591));
#8697 = CARTESIAN_POINT('',(13.881429474469,-5.839953253205,
    -5.898329007714));
#8698 = CARTESIAN_POINT('',(13.917087287677,-5.879101999233,
    -5.859360217444));
#8699 = CARTESIAN_POINT('',(13.954794644384,-5.91663254686,
    -5.821416910854));
#8700 = CARTESIAN_POINT('',(13.99451257166,-5.952446783418,
    -5.784674715795));
#8701 = CARTESIAN_POINT('',(14.036183808274,-5.986457370722,
    -5.749304753268));
#8702 = CARTESIAN_POINT('',(14.130942636725,-6.056368391811,
    -5.67568605749));
#8703 = CARTESIAN_POINT('',(14.184728946326,-6.091533725194,
    -5.638041201681));
#8704 = CARTESIAN_POINT('',(14.240948804749,-6.123949039463,
    -5.602813146775));
#8705 = CARTESIAN_POINT('',(14.299422779809,-6.153504975186,
    -5.570259062585));
#8706 = CARTESIAN_POINT('',(14.359935699702,-6.180114130385,
    -5.540610923851));
#8707 = CARTESIAN_POINT('',(14.422237536678,-6.203708623584,
    -5.514069486742));
#8708 = CARTESIAN_POINT('',(14.519327155447,-6.23494600659,
    -5.478659536092));
#8709 = CARTESIAN_POINT('',(14.553024194523,-6.244821711272,
    -5.467408897552));
#8710 = CARTESIAN_POINT('',(14.587097993011,-6.253858485368,
    -5.457068795039));
#8711 = CARTESIAN_POINT('',(14.621510447743,-6.262051078494,
    -5.447658899195));
#8712 = CARTESIAN_POINT('',(14.656222767318,-6.269395275409,
    -5.439196106014));
#8713 = CARTESIAN_POINT('',(14.691195472098,-6.275887896022,
    -5.431694536844));
#8714 = CARTESIAN_POINT('',(14.764458161093,-6.287626646476,
    -5.418102827061));
#8715 = CARTESIAN_POINT('',(14.802785875298,-6.292727312304,
    -5.412178239072));
#8716 = CARTESIAN_POINT('',(14.841321031235,-6.296825996597,
    -5.407406094675));
#8717 = CARTESIAN_POINT('',(14.880012885734,-6.299920627301,
    -5.403797162246));
#8718 = CARTESIAN_POINT('',(14.918810458051,-6.302009856585,
    -5.401358658277));
#8719 = CARTESIAN_POINT('',(14.957662529866,-6.303093060836,
    -5.400094247376));
#8720 = CARTESIAN_POINT('',(15.07159695659,-6.303319667633,
    -5.399829739938));
#8721 = CARTESIAN_POINT('',(15.146707331869,-6.299712828029,
    -5.404039465917));
#8722 = CARTESIAN_POINT('',(15.221463395546,-6.292346749238,
    -5.412639227553));
#8723 = CARTESIAN_POINT('',(15.295483120307,-6.281230177471,
    -5.425579199808));
#8724 = CARTESIAN_POINT('',(15.368396922509,-6.266384019345,
    -5.442758147318));
#8725 = CARTESIAN_POINT('',(15.439856757602,-6.247841683461,
    -5.464027846443));
#8726 = CARTESIAN_POINT('',(15.557488824647,-6.210381798903,
    -5.506513493632));
#8727 = CARTESIAN_POINT('',(15.604589105147,-6.193388221269,
    -5.52567370127));
#8728 = CARTESIAN_POINT('',(15.650727865207,-6.174689492697,
    -5.546610029139));
#8729 = CARTESIAN_POINT('',(15.695797100255,-6.154311733185,
    -5.569242722439));
#8730 = CARTESIAN_POINT('',(15.739699220847,-6.132286941299,
    -5.593481723241));
#8731 = CARTESIAN_POINT('',(15.782347280529,-6.108653556354,
    -5.619228021046));
#8732 = CARTESIAN_POINT('',(15.857438580863,-6.062861307169,
    -5.66856501684));
#8733 = CARTESIAN_POINT('',(15.89032015733,-6.041223082348,
    -5.691688856834));
#8734 = CARTESIAN_POINT('',(15.922268294111,-6.018567837117,
    -5.71568767156));
#8735 = CARTESIAN_POINT('',(15.953246843405,-5.994924052014,
    -5.740499476631));
#8736 = CARTESIAN_POINT('',(15.983225159691,-5.970323418206,
    -5.766059693431));
#8737 = CARTESIAN_POINT('',(16.012178110821,-5.944801058546,
    -5.792301687498));
#8738 = CARTESIAN_POINT('',(16.063598799173,-5.896149049538,
    -5.841783395603));
#8739 = CARTESIAN_POINT('',(16.086369207831,-5.873276172467,
    -5.864844595991));
#8740 = CARTESIAN_POINT('',(16.108388611616,-5.84979748011,
    -5.888302755244));
#8741 = CARTESIAN_POINT('',(16.129650575093,-5.825734763187,
    -5.912119580554));
#8742 = CARTESIAN_POINT('',(16.150150930863,-5.801111240464,
    -5.936256639128));
#8743 = CARTESIAN_POINT('',(16.169887779562,-5.77595155875,
    -5.960675358184));
#8744 = CARTESIAN_POINT('',(16.288946464665,-5.614875600445,
    -6.11542556631));
#8745 = CARTESIAN_POINT('',(16.366898909775,-5.466493164626,
    -6.251108539383));
#8746 = CARTESIAN_POINT('',(16.424724374295,-5.307708090496,
    -6.388167525544));
#8747 = CARTESIAN_POINT('',(16.46465591683,-5.140732899111,
    -6.523581578122));
#8748 = CARTESIAN_POINT('',(16.48898140108,-4.967756794689,
    -6.655088068299));
#8749 = CARTESIAN_POINT('',(16.5,-4.791059574527,-6.780974235477));
#8750 = CARTESIAN_POINT('',(16.5,-4.613025037868,-6.9));
#8751 = PCURVE('',#1167,#8752);
#8752 = DEFINITIONAL_REPRESENTATION('',(#8753),#8840);
#8753 = B_SPLINE_CURVE_WITH_KNOTS('',7,(#8754,#8755,#8756,#8757,#8758,
    #8759,#8760,#8761,#8762,#8763,#8764,#8765,#8766,#8767,#8768,#8769,
    #8770,#8771,#8772,#8773,#8774,#8775,#8776,#8777,#8778,#8779,#8780,
    #8781,#8782,#8783,#8784,#8785,#8786,#8787,#8788,#8789,#8790,#8791,
    #8792,#8793,#8794,#8795,#8796,#8797,#8798,#8799,#8800,#8801,#8802,
    #8803,#8804,#8805,#8806,#8807,#8808,#8809,#8810,#8811,#8812,#8813,
    #8814,#8815,#8816,#8817,#8818,#8819,#8820,#8821,#8822,#8823,#8824,
    #8825,#8826,#8827,#8828,#8829,#8830,#8831,#8832,#8833,#8834,#8835,
    #8836,#8837,#8838,#8839),.UNSPECIFIED.,.F.,.F.,(8,6,6,6,6,6,6,6,6,6,
    6,6,6,6,8),(0.,0.125465612726,0.245695414526,0.413842634994,
    0.508413020247,0.55017922653,0.594497889237,0.646613047274,
    0.673797344325,0.703203821238,0.7600256325,0.799117367179,
    0.831071052113,0.857992304568,1.),.UNSPECIFIED.);
#8754 = CARTESIAN_POINT('',(2.004131055263,-0.8));
#8755 = CARTESIAN_POINT('',(2.031222603024,-0.976210552206));
#8756 = CARTESIAN_POINT('',(2.063302148513,-1.151195089276));
#8757 = CARTESIAN_POINT('',(2.099079956636,-1.325086665072));
#8758 = CARTESIAN_POINT('',(2.137457652073,-1.497284954108));
#8759 = CARTESIAN_POINT('',(2.177792055554,-1.667618624007));
#8760 = CARTESIAN_POINT('',(2.219904308125,-1.836916497848));
#8761 = CARTESIAN_POINT('',(2.306441994157,-2.169819369914));
#8762 = CARTESIAN_POINT('',(2.350324737434,-2.331934937379));
#8763 = CARTESIAN_POINT('',(2.395632169186,-2.493552659236));
#8764 = CARTESIAN_POINT('',(2.442334137314,-2.654790906115));
#8765 = CARTESIAN_POINT('',(2.490437142422,-2.815652274547));
#8766 = CARTESIAN_POINT('',(2.539969140286,-2.976064402013));
#8767 = CARTESIAN_POINT('',(2.66235383487,-3.359449429275));
#8768 = CARTESIAN_POINT('',(2.736519007423,-3.581520040848));
#8769 = CARTESIAN_POINT('',(2.813940222519,-3.8027165891));
#8770 = CARTESIAN_POINT('',(2.895091522397,-4.0229212331));
#8771 = CARTESIAN_POINT('',(2.980483026057,-4.241482573695));
#8772 = CARTESIAN_POINT('',(3.070696243349,-4.457237945925));
#8773 = CARTESIAN_POINT('',(3.220414308317,-4.787262318405));
#8774 = CARTESIAN_POINT('',(3.276202745137,-4.904891407454));
#8775 = CARTESIAN_POINT('',(3.333954053555,-5.020843870915));
#8776 = CARTESIAN_POINT('',(3.393761121958,-5.134596041783));
#8777 = CARTESIAN_POINT('',(3.455738233282,-5.245594829937));
#8778 = CARTESIAN_POINT('',(3.520030381195,-5.353244371168));
#8779 = CARTESIAN_POINT('',(3.616338677722,-5.502667111204));
#8780 = CARTESIAN_POINT('',(3.646315092327,-5.547634751626));
#8781 = CARTESIAN_POINT('',(3.676755244382,-5.591701336937));
#8782 = CARTESIAN_POINT('',(3.707651371489,-5.634778239726));
#8783 = CARTESIAN_POINT('',(3.738997218721,-5.676781520009));
#8784 = CARTESIAN_POINT('',(3.770788318735,-5.717631643591));
#8785 = CARTESIAN_POINT('',(3.837226137298,-5.799296147825));
#8786 = CARTESIAN_POINT('',(3.871926608754,-5.839953253205));
#8787 = CARTESIAN_POINT('',(3.907094259755,-5.879101999233));
#8788 = CARTESIAN_POINT('',(3.942701015524,-5.91663254686));
#8789 = CARTESIAN_POINT('',(3.978719859183,-5.952446783418));
#8790 = CARTESIAN_POINT('',(4.015124537908,-5.986457370722));
#8791 = CARTESIAN_POINT('',(4.095121615459,-6.056368391811));
#8792 = CARTESIAN_POINT('',(4.138834951873,-6.091533725194));
#8793 = CARTESIAN_POINT('',(4.182972632086,-6.123949039463));
#8794 = CARTESIAN_POINT('',(4.227480654143,-6.153504975186));
#8795 = CARTESIAN_POINT('',(4.272304805221,-6.180114130385));
#8796 = CARTESIAN_POINT('',(4.317387806465,-6.203708623584));
#8797 = CARTESIAN_POINT('',(4.386284697792,-6.23494600659));
#8798 = CARTESIAN_POINT('',(4.409959385943,-6.244821711272));
#8799 = CARTESIAN_POINT('',(4.433683703651,-6.253858485368));
#8800 = CARTESIAN_POINT('',(4.457451214122,-6.262051078494));
#8801 = CARTESIAN_POINT('',(4.481255862387,-6.269395275409));
#8802 = CARTESIAN_POINT('',(4.505091975308,-6.275887896022));
#8803 = CARTESIAN_POINT('',(4.554767169983,-6.287626646476));
#8804 = CARTESIAN_POINT('',(4.580610636694,-6.292727312304));
#8805 = CARTESIAN_POINT('',(4.606478196043,-6.296825996597));
#8806 = CARTESIAN_POINT('',(4.632363592709,-6.299920627301));
#8807 = CARTESIAN_POINT('',(4.65826078171,-6.302009856585));
#8808 = CARTESIAN_POINT('',(4.684163928404,-6.303093060836));
#8809 = CARTESIAN_POINT('',(4.760120417578,-6.303319667633));
#8810 = CARTESIAN_POINT('',(4.810187266718,-6.299712828029));
#8811 = CARTESIAN_POINT('',(4.860216161864,-6.292346749238));
#8812 = CARTESIAN_POINT('',(4.910157468761,-6.281230177471));
#8813 = CARTESIAN_POINT('',(4.959963312287,-6.266384019345));
#8814 = CARTESIAN_POINT('',(5.009587175791,-6.247841683461));
#8815 = CARTESIAN_POINT('',(5.092966718751,-6.210381798903));
#8816 = CARTESIAN_POINT('',(5.126838783688,-6.193388221269));
#8817 = CARTESIAN_POINT('',(5.160574334477,-6.174689492697));
#8818 = CARTESIAN_POINT('',(5.194149709622,-6.154311733185));
#8819 = CARTESIAN_POINT('',(5.227542205983,-6.132286941299));
#8820 = CARTESIAN_POINT('',(5.260729337862,-6.108653556354));
#8821 = CARTESIAN_POINT('',(5.320628670226,-6.062861307169));
#8822 = CARTESIAN_POINT('',(5.347414206521,-6.041223082348));
#8823 = CARTESIAN_POINT('',(5.374031918747,-6.018567837117));
#8824 = CARTESIAN_POINT('',(5.400469232662,-5.994924052014));
#8825 = CARTESIAN_POINT('',(5.426713638027,-5.970323418206));
#8826 = CARTESIAN_POINT('',(5.45275254061,-5.944801058546));
#8827 = CARTESIAN_POINT('',(5.500327167963,-5.896149049538));
#8828 = CARTESIAN_POINT('',(5.521925735422,-5.873276172467));
#8829 = CARTESIAN_POINT('',(5.543363908486,-5.84979748011));
#8830 = CARTESIAN_POINT('',(5.564636600143,-5.825734763187));
#8831 = CARTESIAN_POINT('',(5.585738544454,-5.801111240464));
#8832 = CARTESIAN_POINT('',(5.606664296552,-5.77595155875));
#8833 = CARTESIAN_POINT('',(5.736831022824,-5.614875600445));
#8834 = CARTESIAN_POINT('',(5.840212774282,-5.466493164626));
#8835 = CARTESIAN_POINT('',(5.938278039909,-5.307708090496));
#8836 = CARTESIAN_POINT('',(6.031422611886,-5.140732899111));
#8837 = CARTESIAN_POINT('',(6.119910952489,-4.967756794689));
#8838 = CARTESIAN_POINT('',(6.203834797497,-4.791059574527));
#8839 = CARTESIAN_POINT('',(6.28318530718,-4.613025037868));
#8840 = ( GEOMETRIC_REPRESENTATION_CONTEXT(2) 
PARAMETRIC_REPRESENTATION_CONTEXT() REPRESENTATION_CONTEXT('2D SPACE',''
  ) );
#8841 = PCURVE('',#1401,#8842);
#8842 = DEFINITIONAL_REPRESENTATION('',(#8843),#8930);
#8843 = B_SPLINE_CURVE_WITH_KNOTS('',7,(#8844,#8845,#8846,#8847,#8848,
    #8849,#8850,#8851,#8852,#8853,#8854,#8855,#8856,#8857,#8858,#8859,
    #8860,#8861,#8862,#8863,#8864,#8865,#8866,#8867,#8868,#8869,#8870,
    #8871,#8872,#8873,#8874,#8875,#8876,#8877,#8878,#8879,#8880,#8881,
    #8882,#8883,#8884,#8885,#8886,#8887,#8888,#8889,#8890,#8891,#8892,
    #8893,#8894,#8895,#8896,#8897,#8898,#8899,#8900,#8901,#8902,#8903,
    #8904,#8905,#8906,#8907,#8908,#8909,#8910,#8911,#8912,#8913,#8914,
    #8915,#8916,#8917,#8918,#8919,#8920,#8921,#8922,#8923,#8924,#8925,
    #8926,#8927,#8928,#8929),.UNSPECIFIED.,.F.,.F.,(8,6,6,6,6,6,6,6,6,6,
    6,6,6,6,8),(0.,0.125465612726,0.245695414526,0.413842634994,
    0.508413020247,0.55017922653,0.594497889237,0.646613047274,
    0.673797344325,0.703203821238,0.7600256325,0.799117367179,
    0.831071052113,0.857992304568,1.),.UNSPECIFIED.);
#8844 = CARTESIAN_POINT('',(-4.615853571113,-14.37015055066));
#8845 = CARTESIAN_POINT('',(-4.594524075565,-14.33326931442));
#8846 = CARTESIAN_POINT('',(-4.573291576639,-14.29013702346));
#8847 = CARTESIAN_POINT('',(-4.552125027849,-14.24291068282));
#8848 = CARTESIAN_POINT('',(-4.531082085957,-14.19350616544));
#8849 = CARTESIAN_POINT('',(-4.510171262091,-14.14313613641));
#8850 = CARTESIAN_POINT('',(-4.48927970515,-14.09236666822));
#8851 = CARTESIAN_POINT('',(-4.447944376362,-13.99252702062));
#8852 = CARTESIAN_POINT('',(-4.427696132394,-13.94390467821));
#8853 = CARTESIAN_POINT('',(-4.407376803306,-13.89604833143));
#8854 = CARTESIAN_POINT('',(-4.386955930666,-13.84942046787));
#8855 = CARTESIAN_POINT('',(-4.366416052585,-13.80448202275));
#8856 = CARTESIAN_POINT('',(-4.345748054526,-13.7617269524));
#8857 = CARTESIAN_POINT('',(-4.295859288394,-13.66567984323));
#8858 = CARTESIAN_POINT('',(-4.266559037552,-13.61506965974));
#8859 = CARTESIAN_POINT('',(-4.236919002538,-13.57103953331));
#8860 = CARTESIAN_POINT('',(-4.206890971021,-13.53517734559));
#8861 = CARTESIAN_POINT('',(-4.176490854434,-13.50957447246));
#8862 = CARTESIAN_POINT('',(-4.145803488403,-13.49688337996));
#8863 = CARTESIAN_POINT('',(-4.097713292455,-13.50248098701));
#8864 = CARTESIAN_POINT('',(-4.080334885091,-13.50964828591));
#8865 = CARTESIAN_POINT('',(-4.062951155833,-13.52260339982));
#8866 = CARTESIAN_POINT('',(-4.045631566902,-13.54201800883));
#8867 = CARTESIAN_POINT('',(-4.028456744786,-13.56859857655));
#8868 = CARTESIAN_POINT('',(-4.0115233918,-13.60308374207));
#8869 = CARTESIAN_POINT('',(-3.987630987554,-13.6653003371));
#8870 = CARTESIAN_POINT('',(-3.980386216422,-13.68604033436));
#8871 = CARTESIAN_POINT('',(-3.973232340126,-13.70850696933));
#8872 = CARTESIAN_POINT('',(-3.96618566506,-13.73273989901));
#8873 = CARTESIAN_POINT('',(-3.959262496604,-13.75877181799));
#8874 = CARTESIAN_POINT('',(-3.952479148773,-13.78662830141));
#8875 = CARTESIAN_POINT('',(-3.938819751447,-13.84784200923));
#8876 = CARTESIAN_POINT('',(-3.931963795146,-13.88142947446));
#8877 = CARTESIAN_POINT('',(-3.925309004567,-13.91708728767));
#8878 = CARTESIAN_POINT('',(-3.918879347237,-13.95479464438));
#8879 = CARTESIAN_POINT('',(-3.912697737981,-13.99451257166));
#8880 = CARTESIAN_POINT('',(-3.906785938304,-14.03618380827));
#8881 = CARTESIAN_POINT('',(-3.894554047612,-14.13094263672));
#8882 = CARTESIAN_POINT('',(-3.888347703256,-14.18472894632));
#8883 = CARTESIAN_POINT('',(-3.882580177346,-14.24094880474));
#8884 = CARTESIAN_POINT('',(-3.877282816356,-14.2994227798));
#8885 = CARTESIAN_POINT('',(-3.872483162752,-14.3599356997));
#8886 = CARTESIAN_POINT('',(-3.868204559148,-14.42223753667));
#8887 = CARTESIAN_POINT('',(-3.862515516955,-14.51932715544));
#8888 = CARTESIAN_POINT('',(-3.860711884542,-14.55302419452));
#8889 = CARTESIAN_POINT('',(-3.859057375079,-14.58709799301));
#8890 = CARTESIAN_POINT('',(-3.857554179541,-14.62151044774));
#8891 = CARTESIAN_POINT('',(-3.85620416002,-14.65622276731));
#8892 = CARTESIAN_POINT('',(-3.855008849727,-14.69119547209));
#8893 = CARTESIAN_POINT('',(-3.852845090783,-14.76445816109));
#8894 = CARTESIAN_POINT('',(-3.851903191068,-14.80278587529));
#8895 = CARTESIAN_POINT('',(-3.851145279595,-14.84132103123));
#8896 = CARTESIAN_POINT('',(-3.850572501612,-14.88001288573));
#8897 = CARTESIAN_POINT('',(-3.850185621863,-14.91881045805));
#8898 = CARTESIAN_POINT('',(-3.849985024587,-14.95766252986));
#8899 = CARTESIAN_POINT('',(-3.849943060397,-15.07159695659));
#8900 = CARTESIAN_POINT('',(-3.850610955121,-15.14670733186));
#8901 = CARTESIAN_POINT('',(-3.851975205441,-15.22146339554));
#8902 = CARTESIAN_POINT('',(-3.85403054435,-15.2954831203));
#8903 = CARTESIAN_POINT('',(-3.856766072899,-15.3683969225));
#8904 = CARTESIAN_POINT('',(-3.860165703001,-15.4398567576));
#8905 = CARTESIAN_POINT('',(-3.866989994622,-15.55748882464));
#8906 = CARTESIAN_POINT('',(-3.870075578369,-15.60458910514));
#8907 = CARTESIAN_POINT('',(-3.873457573328,-15.6507278652));
#8908 = CARTESIAN_POINT('',(-3.877126761748,-15.69579710025));
#8909 = CARTESIAN_POINT('',(-3.881072576988,-15.73969922084));
#8910 = CARTESIAN_POINT('',(-3.885283194217,-15.78234728052));
#8911 = CARTESIAN_POINT('',(-3.893393220412,-15.85743858086));
#8912 = CARTESIAN_POINT('',(-3.897208729743,-15.89032015733));
#8913 = CARTESIAN_POINT('',(-3.901184941006,-15.92226829411));
#8914 = CARTESIAN_POINT('',(-3.905314159607,-15.9532468434));
#8915 = CARTESIAN_POINT('',(-3.909588234047,-15.98322515969));
#8916 = CARTESIAN_POINT('',(-3.913998585489,-16.01217811082));
#8917 = CARTESIAN_POINT('',(-3.922359247771,-16.06359879917));
#8918 = CARTESIAN_POINT('',(-3.926272531561,-16.08636920783));
#8919 = CARTESIAN_POINT('',(-3.930271184139,-16.10838861161));
#8920 = CARTESIAN_POINT('',(-3.9343501856,-16.12965057509));
#8921 = CARTESIAN_POINT('',(-3.938504400706,-16.15015093086));
#8922 = CARTESIAN_POINT('',(-3.942728578884,-16.16988777956));
#8923 = CARTESIAN_POINT('',(-3.969640339681,-16.28894646466));
#8924 = CARTESIAN_POINT('',(-3.993857706734,-16.36689890977));
#8925 = CARTESIAN_POINT('',(-4.019112627432,-16.42472437429));
#8926 = CARTESIAN_POINT('',(-4.044991730165,-16.46465591683));
#8927 = CARTESIAN_POINT('',(-4.07115100454,-16.48898140108));
#8928 = CARTESIAN_POINT('',(-4.097278548428,-16.5));
#8929 = CARTESIAN_POINT('',(-4.12308065519,-16.5));
#8930 = ( GEOMETRIC_REPRESENTATION_CONTEXT(2) 
PARAMETRIC_REPRESENTATION_CONTEXT() REPRESENTATION_CONTEXT('2D SPACE',''
  ) );
#8931 = ORIENTED_EDGE('',*,*,#8506,.F.);
#8932 = ORIENTED_EDGE('',*,*,#8933,.F.);
#8933 = EDGE_CURVE('',#8640,#8507,#8934,.T.);
#8934 = SURFACE_CURVE('',#8935,(#8956,#8980),.PCURVE_S1.);
#8935 = B_SPLINE_CURVE_WITH_KNOTS('',7,(#8936,#8937,#8938,#8939,#8940,
    #8941,#8942,#8943,#8944,#8945,#8946,#8947,#8948,#8949,#8950,#8951,
    #8952,#8953,#8954,#8955),.UNSPECIFIED.,.F.,.F.,(8,6,6,8),(0.,
    0.407654316001,0.694826888928,1.),.UNSPECIFIED.);
#8936 = CARTESIAN_POINT('',(16.5,-4.613025037868,-6.9));
#8937 = CARTESIAN_POINT('',(16.5,-4.403414731606,-7.040135882751));
#8938 = CARTESIAN_POINT('',(16.484725938453,-4.189663605839,
    -7.172290807287));
#8939 = CARTESIAN_POINT('',(16.457309373257,-3.97334881084,
    -7.295562828126));
#8940 = CARTESIAN_POINT('',(16.420225082182,-3.755529564666,
    -7.409786033939));
#8941 = CARTESIAN_POINT('',(16.375429553425,-3.536790379494,
    -7.515140114678));
#8942 = CARTESIAN_POINT('',(16.324414795278,-3.317216843391,
    -7.612017353707));
#8943 = CARTESIAN_POINT('',(16.228782339657,-2.940534800591,
    -7.763466384408));
#8944 = CARTESIAN_POINT('',(16.186774453992,-2.784317370235,
    -7.822009743347));
#8945 = CARTESIAN_POINT('',(16.142764662661,-2.62767284923,
    -7.876552556912));
#8946 = CARTESIAN_POINT('',(16.097206435284,-2.470663842323,
    -7.92716043136));
#8947 = CARTESIAN_POINT('',(16.050526774465,-2.313286150558,
    -7.973915448498));
#8948 = CARTESIAN_POINT('',(16.003157414923,-2.155432558055,
    -8.016907537721));
#8949 = CARTESIAN_POINT('',(15.905053667673,-1.828311704255,
    -8.097988879624));
#8950 = CARTESIAN_POINT('',(15.854724495768,-1.660380645781,
    -8.135247083803));
#8951 = CARTESIAN_POINT('',(15.804806448151,-1.491401677101,
    -8.168549796406));
#8952 = CARTESIAN_POINT('',(15.755872249901,-1.320605309022,
    -8.19796281226));
#8953 = CARTESIAN_POINT('',(15.709117972373,-1.148172614462,
    -8.22329052314));
#8954 = CARTESIAN_POINT('',(15.66641077048,-0.974682067238,
    -8.24444023748));
#8955 = CARTESIAN_POINT('',(15.629849449331,-0.8,-8.261355820929));
#8956 = PCURVE('',#1167,#8957);
#8957 = DEFINITIONAL_REPRESENTATION('',(#8958),#8979);
#8958 = B_SPLINE_CURVE_WITH_KNOTS('',7,(#8959,#8960,#8961,#8962,#8963,
    #8964,#8965,#8966,#8967,#8968,#8969,#8970,#8971,#8972,#8973,#8974,
    #8975,#8976,#8977,#8978),.UNSPECIFIED.,.F.,.F.,(8,6,6,8),(0.,
    0.407654316001,0.694826888928,1.),.UNSPECIFIED.);
#8959 = CARTESIAN_POINT('',(-8.881784197001E-16,-4.613025037868));
#8960 = CARTESIAN_POINT('',(9.342392183397E-02,-4.403414731606));
#8961 = CARTESIAN_POINT('',(0.181527392875,-4.189663605839));
#8962 = CARTESIAN_POINT('',(0.265039499156,-3.97334881084));
#8963 = CARTESIAN_POINT('',(0.344504514905,-3.755529564666));
#8964 = CARTESIAN_POINT('',(0.420398801044,-3.536790379494));
#8965 = CARTESIAN_POINT('',(0.493165963164,-3.317216843391));
#8966 = CARTESIAN_POINT('',(0.612576320928,-2.940534800591));
#8967 = CARTESIAN_POINT('',(0.660529131007,-2.784317370235));
#8968 = CARTESIAN_POINT('',(0.707135947474,-2.62767284923));
#8969 = CARTESIAN_POINT('',(0.752418161529,-2.470663842323));
#8970 = CARTESIAN_POINT('',(0.796376648765,-2.313286150558));
#8971 = CARTESIAN_POINT('',(0.838977662595,-2.155432558055));
#8972 = CARTESIAN_POINT('',(0.923826624428,-1.828311704255));
#8973 = CARTESIAN_POINT('',(0.965513291939,-1.660380645781));
#8974 = CARTESIAN_POINT('',(1.005445775816,-1.491401677101));
#8975 = CARTESIAN_POINT('',(1.043434738721,-1.320605309022));
#8976 = CARTESIAN_POINT('',(1.07884459727,-1.148172614462));
#8977 = CARTESIAN_POINT('',(1.110605047977,-0.974682067238));
#8978 = CARTESIAN_POINT('',(1.137461598327,-0.8));
#8979 = ( GEOMETRIC_REPRESENTATION_CONTEXT(2) 
PARAMETRIC_REPRESENTATION_CONTEXT() REPRESENTATION_CONTEXT('2D SPACE',''
  ) );
#8980 = PCURVE('',#1401,#8981);
#8981 = DEFINITIONAL_REPRESENTATION('',(#8982),#9003);
#8982 = B_SPLINE_CURVE_WITH_KNOTS('',7,(#8983,#8984,#8985,#8986,#8987,
    #8988,#8989,#8990,#8991,#8992,#8993,#8994,#8995,#8996,#8997,#8998,
    #8999,#9000,#9001,#9002),.UNSPECIFIED.,.F.,.F.,(8,6,6,8),(0.,
    0.407654316001,0.694826888928,1.),.UNSPECIFIED.);
#8983 = CARTESIAN_POINT('',(-4.12308065519,-16.5));
#8984 = CARTESIAN_POINT('',(-4.153458960445,-16.5));
#8985 = CARTESIAN_POINT('',(-4.183717579766,-16.48472593845));
#8986 = CARTESIAN_POINT('',(-4.213683988908,-16.45730937325));
#8987 = CARTESIAN_POINT('',(-4.24328497234,-16.42022508218));
#8988 = CARTESIAN_POINT('',(-4.272510382515,-16.37542955342));
#8989 = CARTESIAN_POINT('',(-4.301409515643,-16.32441479527));
#8990 = CARTESIAN_POINT('',(-4.350323719768,-16.22878233965));
#8991 = CARTESIAN_POINT('',(-4.370417692032,-16.18677445399));
#8992 = CARTESIAN_POINT('',(-4.390393082826,-16.14276466266));
#8993 = CARTESIAN_POINT('',(-4.410258650022,-16.09720643528));
#8994 = CARTESIAN_POINT('',(-4.430030585905,-16.05052677446));
#8995 = CARTESIAN_POINT('',(-4.449736658268,-16.00315741492));
#8996 = CARTESIAN_POINT('',(-4.490341434037,-15.90505366767));
#8997 = CARTESIAN_POINT('',(-4.51105978435,-15.85472449576));
#8998 = CARTESIAN_POINT('',(-4.531801029528,-15.80480644815));
#8999 = CARTESIAN_POINT('',(-4.55267051204,-15.7558722499));
#9000 = CARTESIAN_POINT('',(-4.57365832088,-15.70911797237));
#9001 = CARTESIAN_POINT('',(-4.594709091802,-15.66641077048));
#9002 = CARTESIAN_POINT('',(-4.615853571113,-15.62984944933));
#9003 = ( GEOMETRIC_REPRESENTATION_CONTEXT(2) 
PARAMETRIC_REPRESENTATION_CONTEXT() REPRESENTATION_CONTEXT('2D SPACE',''
  ) );
#9004 = ORIENTED_EDGE('',*,*,#8639,.F.);
#9005 = ADVANCED_FACE('',(#9006),#1401,.F.);
#9006 = FACE_BOUND('',#9007,.T.);
#9007 = EDGE_LOOP('',(#9008,#9009,#9010,#9011,#9012,#9013,#9014,#9015,
    #9034));
#9008 = ORIENTED_EDGE('',*,*,#2578,.F.);
#9009 = ORIENTED_EDGE('',*,*,#8530,.T.);
#9010 = ORIENTED_EDGE('',*,*,#8933,.F.);
#9011 = ORIENTED_EDGE('',*,*,#8662,.F.);
#9012 = ORIENTED_EDGE('',*,*,#8485,.T.);
#9013 = ORIENTED_EDGE('',*,*,#1384,.F.);
#9014 = ORIENTED_EDGE('',*,*,#1920,.F.);
#9015 = ORIENTED_EDGE('',*,*,#9016,.F.);
#9016 = EDGE_CURVE('',#4809,#1921,#9017,.T.);
#9017 = SURFACE_CURVE('',#9018,(#9022,#9028),.PCURVE_S1.);
#9018 = LINE('',#9019,#9020);
#9019 = CARTESIAN_POINT('',(0.,-5.161395160226,6.5));
#9020 = VECTOR('',#9021,1.);
#9021 = DIRECTION('',(-1.,-0.,-0.));
#9022 = PCURVE('',#1401,#9023);
#9023 = DEFINITIONAL_REPRESENTATION('',(#9024),#9027);
#9024 = B_SPLINE_CURVE_WITH_KNOTS('',1,(#9025,#9026),.UNSPECIFIED.,.F.,
  .F.,(2,2),(-30.0000006,6.E-07),.PIECEWISE_BEZIER_KNOTS.);
#9025 = CARTESIAN_POINT('',(-2.241905295338,-30.0000006));
#9026 = CARTESIAN_POINT('',(-2.241905295338,6.E-07));
#9027 = ( GEOMETRIC_REPRESENTATION_CONTEXT(2) 
PARAMETRIC_REPRESENTATION_CONTEXT() REPRESENTATION_CONTEXT('2D SPACE',''
  ) );
#9028 = PCURVE('',#2041,#9029);
#9029 = DEFINITIONAL_REPRESENTATION('',(#9030),#9033);
#9030 = B_SPLINE_CURVE_WITH_KNOTS('',1,(#9031,#9032),.UNSPECIFIED.,.F.,
  .F.,(2,2),(-30.0000006,6.E-07),.PIECEWISE_BEZIER_KNOTS.);
#9031 = CARTESIAN_POINT('',(15.0000006,-5.161395160226));
#9032 = CARTESIAN_POINT('',(-15.0000006,-5.161395160226));
#9033 = ( GEOMETRIC_REPRESENTATION_CONTEXT(2) 
PARAMETRIC_REPRESENTATION_CONTEXT() REPRESENTATION_CONTEXT('2D SPACE',''
  ) );
#9034 = ORIENTED_EDGE('',*,*,#4832,.F.);
#9035 = ADVANCED_FACE('',(#9036),#2536,.F.);
#9036 = FACE_BOUND('',#9037,.T.);
#9037 = EDGE_LOOP('',(#9038,#9039,#9040,#9059,#9060,#9061,#9082,#9354,
    #9428));
#9038 = ORIENTED_EDGE('',*,*,#7981,.F.);
#9039 = ORIENTED_EDGE('',*,*,#8063,.F.);
#9040 = ORIENTED_EDGE('',*,*,#9041,.T.);
#9041 = EDGE_CURVE('',#8064,#2440,#9042,.T.);
#9042 = SURFACE_CURVE('',#9043,(#9047,#9053),.PCURVE_S1.);
#9043 = LINE('',#9044,#9045);
#9044 = CARTESIAN_POINT('',(0.,5.161395160226,6.5));
#9045 = VECTOR('',#9046,1.);
#9046 = DIRECTION('',(-1.,-0.,-0.));
#9047 = PCURVE('',#2536,#9048);
#9048 = DEFINITIONAL_REPRESENTATION('',(#9049),#9052);
#9049 = B_SPLINE_CURVE_WITH_KNOTS('',1,(#9050,#9051),.UNSPECIFIED.,.F.,
  .F.,(2,2),(-30.0000006,6.E-07),.PIECEWISE_BEZIER_KNOTS.);
#9050 = CARTESIAN_POINT('',(-7.182872665432,-30.0000006));
#9051 = CARTESIAN_POINT('',(-7.182872665432,6.E-07));
#9052 = ( GEOMETRIC_REPRESENTATION_CONTEXT(2) 
PARAMETRIC_REPRESENTATION_CONTEXT() REPRESENTATION_CONTEXT('2D SPACE',''
  ) );
#9053 = PCURVE('',#2456,#9054);
#9054 = DEFINITIONAL_REPRESENTATION('',(#9055),#9058);
#9055 = B_SPLINE_CURVE_WITH_KNOTS('',1,(#9056,#9057),.UNSPECIFIED.,.F.,
  .F.,(2,2),(-30.0000006,6.E-07),.PIECEWISE_BEZIER_KNOTS.);
#9056 = CARTESIAN_POINT('',(15.0000006,5.161395160226));
#9057 = CARTESIAN_POINT('',(-15.0000006,5.161395160226));
#9058 = ( GEOMETRIC_REPRESENTATION_CONTEXT(2) 
PARAMETRIC_REPRESENTATION_CONTEXT() REPRESENTATION_CONTEXT('2D SPACE',''
  ) );
#9059 = ORIENTED_EDGE('',*,*,#2468,.F.);
#9060 = ORIENTED_EDGE('',*,*,#4661,.F.);
#9061 = ORIENTED_EDGE('',*,*,#9062,.F.);
#9062 = EDGE_CURVE('',#9063,#4662,#9065,.T.);
#9063 = VERTEX_POINT('',#9064);
#9064 = CARTESIAN_POINT('',(14.370150550669,0.8,-8.261355820929));
#9065 = SURFACE_CURVE('',#9066,(#9070,#9076),.PCURVE_S1.);
#9066 = LINE('',#9067,#9068);
#9067 = CARTESIAN_POINT('',(0.,0.8,-8.261355820929));
#9068 = VECTOR('',#9069,1.);
#9069 = DIRECTION('',(-1.,-0.,-0.));
#9070 = PCURVE('',#2536,#9071);
#9071 = DEFINITIONAL_REPRESENTATION('',(#9072),#9075);
#9072 = B_SPLINE_CURVE_WITH_KNOTS('',1,(#9073,#9074),.UNSPECIFIED.,.F.,
  .F.,(2,2),(-30.0000006,6.E-07),.PIECEWISE_BEZIER_KNOTS.);
#9073 = CARTESIAN_POINT('',(-4.808924389656,-30.0000006));
#9074 = CARTESIAN_POINT('',(-4.808924389656,6.E-07));
#9075 = ( GEOMETRIC_REPRESENTATION_CONTEXT(2) 
PARAMETRIC_REPRESENTATION_CONTEXT() REPRESENTATION_CONTEXT('2D SPACE',''
  ) );
#9076 = PCURVE('',#4700,#9077);
#9077 = DEFINITIONAL_REPRESENTATION('',(#9078),#9081);
#9078 = B_SPLINE_CURVE_WITH_KNOTS('',1,(#9079,#9080),.UNSPECIFIED.,.F.,
  .F.,(2,2),(-30.0000006,6.E-07),.PIECEWISE_BEZIER_KNOTS.);
#9079 = CARTESIAN_POINT('',(4.238644179071,31.0000006));
#9080 = CARTESIAN_POINT('',(4.238644179071,0.9999994));
#9081 = ( GEOMETRIC_REPRESENTATION_CONTEXT(2) 
PARAMETRIC_REPRESENTATION_CONTEXT() REPRESENTATION_CONTEXT('2D SPACE',''
  ) );
#9082 = ORIENTED_EDGE('',*,*,#9083,.T.);
#9083 = EDGE_CURVE('',#9063,#9084,#9086,.T.);
#9084 = VERTEX_POINT('',#9085);
#9085 = CARTESIAN_POINT('',(16.5,4.613025037868,-6.9));
#9086 = SURFACE_CURVE('',#9087,(#9174,#9264),.PCURVE_S1.);
#9087 = B_SPLINE_CURVE_WITH_KNOTS('',7,(#9088,#9089,#9090,#9091,#9092,
    #9093,#9094,#9095,#9096,#9097,#9098,#9099,#9100,#9101,#9102,#9103,
    #9104,#9105,#9106,#9107,#9108,#9109,#9110,#9111,#9112,#9113,#9114,
    #9115,#9116,#9117,#9118,#9119,#9120,#9121,#9122,#9123,#9124,#9125,
    #9126,#9127,#9128,#9129,#9130,#9131,#9132,#9133,#9134,#9135,#9136,
    #9137,#9138,#9139,#9140,#9141,#9142,#9143,#9144,#9145,#9146,#9147,
    #9148,#9149,#9150,#9151,#9152,#9153,#9154,#9155,#9156,#9157,#9158,
    #9159,#9160,#9161,#9162,#9163,#9164,#9165,#9166,#9167,#9168,#9169,
    #9170,#9171,#9172,#9173),.UNSPECIFIED.,.F.,.F.,(8,6,6,6,6,6,6,6,6,6,
    6,6,6,6,8),(0.,0.125465612713,0.245695414502,0.413842634948,
    0.508413020189,0.550179226473,0.594497889185,0.646613047228,
    0.673797344283,0.7032038212,0.760025632469,0.799117367153,
    0.831071052091,0.85799230455,1.),.UNSPECIFIED.);
#9088 = CARTESIAN_POINT('',(14.370150550669,0.8,-8.261355820929));
#9089 = CARTESIAN_POINT('',(14.333269314427,0.976210552206,
    -8.24429222449));
#9090 = CARTESIAN_POINT('',(14.290137023468,1.151195089272,
    -8.222921384739));
#9091 = CARTESIAN_POINT('',(14.242910682824,1.325086665079,
    -8.197302553605));
#9092 = CARTESIAN_POINT('',(14.193506165446,1.497284954101,
    -8.167533094606));
#9093 = CARTESIAN_POINT('',(14.143136136414,1.667618624009,
    -8.133816345838));
#9094 = CARTESIAN_POINT('',(14.092366668226,1.836916497849,
    -8.096075088411));
#9095 = CARTESIAN_POINT('',(13.992527020626,2.169819369912,
    -8.013118595293));
#9096 = CARTESIAN_POINT('',(13.943904678215,2.331934937378,
    -7.968637884672));
#9097 = CARTESIAN_POINT('',(13.896048331431,2.493552659237,
    -7.920182603787));
#9098 = CARTESIAN_POINT('',(13.849420467871,2.654790906118,
    -7.867652457266));
#9099 = CARTESIAN_POINT('',(13.804482022757,2.815652274547,
    -7.810956277646));
#9100 = CARTESIAN_POINT('',(13.761726952408,2.97606440201,
    -7.750022193293));
#9101 = CARTESIAN_POINT('',(13.665679843232,3.359449429274,
    -7.59357577076));
#9102 = CARTESIAN_POINT('',(13.615069659743,3.58152004085,
    -7.494106469869));
#9103 = CARTESIAN_POINT('',(13.571039533314,3.802716589099,
    -7.385912905904));
#9104 = CARTESIAN_POINT('',(13.535177345599,4.022921233101,
    -7.268592746326));
#9105 = CARTESIAN_POINT('',(13.509574472465,4.241482573693,
    -7.141981805101));
#9106 = CARTESIAN_POINT('',(13.496883379963,4.457237945926,
    -7.006303831945));
#9107 = CARTESIAN_POINT('',(13.502480987012,4.787262318405,
    -6.781796505795));
#9108 = CARTESIAN_POINT('',(13.509648285916,4.904891407454,
    -6.698266739977));
#9109 = CARTESIAN_POINT('',(13.522603399823,5.020843870915,
    -6.612318872692));
#9110 = CARTESIAN_POINT('',(13.542018008832,5.134596041782,
    -6.524337441616));
#9111 = CARTESIAN_POINT('',(13.568598576553,5.245594829937,
    -6.434821925741));
#9112 = CARTESIAN_POINT('',(13.603083742072,5.353244371168,
    -6.344422468162));
#9113 = CARTESIAN_POINT('',(13.665300337111,5.50266711121,
    -6.214044198276));
#9114 = CARTESIAN_POINT('',(13.686040334363,5.547634751627,
    -6.17411938713));
#9115 = CARTESIAN_POINT('',(13.708506969334,5.591701336932,
    -6.134317507452));
#9116 = CARTESIAN_POINT('',(13.732739899011,5.634778239722,
    -6.094750148301));
#9117 = CARTESIAN_POINT('',(13.758771817995,5.67678152001,
    -6.055533134711));
#9118 = CARTESIAN_POINT('',(13.786628301418,5.717631643596,
    -6.016786020555));
#9119 = CARTESIAN_POINT('',(13.847842009239,5.799296147825,
    -5.938145411591));
#9120 = CARTESIAN_POINT('',(13.881429474469,5.839953253205,
    -5.898329007714));
#9121 = CARTESIAN_POINT('',(13.917087287677,5.879101999233,
    -5.859360217444));
#9122 = CARTESIAN_POINT('',(13.954794644384,5.91663254686,
    -5.821416910854));
#9123 = CARTESIAN_POINT('',(13.99451257166,5.952446783418,
    -5.784674715795));
#9124 = CARTESIAN_POINT('',(14.036183808274,5.986457370722,
    -5.749304753268));
#9125 = CARTESIAN_POINT('',(14.130942636726,6.056368391811,
    -5.67568605749));
#9126 = CARTESIAN_POINT('',(14.184728946326,6.091533725194,
    -5.638041201681));
#9127 = CARTESIAN_POINT('',(14.240948804749,6.123949039463,
    -5.602813146775));
#9128 = CARTESIAN_POINT('',(14.299422779809,6.153504975186,
    -5.570259062585));
#9129 = CARTESIAN_POINT('',(14.359935699702,6.180114130385,
    -5.540610923851));
#9130 = CARTESIAN_POINT('',(14.422237536678,6.203708623584,
    -5.514069486742));
#9131 = CARTESIAN_POINT('',(14.519327155447,6.23494600659,
    -5.478659536092));
#9132 = CARTESIAN_POINT('',(14.553024194523,6.244821711272,
    -5.467408897552));
#9133 = CARTESIAN_POINT('',(14.587097993011,6.253858485368,
    -5.457068795039));
#9134 = CARTESIAN_POINT('',(14.621510447743,6.262051078494,
    -5.447658899195));
#9135 = CARTESIAN_POINT('',(14.656222767318,6.269395275409,
    -5.439196106014));
#9136 = CARTESIAN_POINT('',(14.691195472098,6.275887896022,
    -5.431694536844));
#9137 = CARTESIAN_POINT('',(14.764458161093,6.287626646476,
    -5.418102827061));
#9138 = CARTESIAN_POINT('',(14.802785875298,6.292727312304,
    -5.412178239072));
#9139 = CARTESIAN_POINT('',(14.841321031235,6.296825996597,
    -5.407406094675));
#9140 = CARTESIAN_POINT('',(14.880012885734,6.299920627301,
    -5.403797162246));
#9141 = CARTESIAN_POINT('',(14.918810458051,6.302009856585,
    -5.401358658277));
#9142 = CARTESIAN_POINT('',(14.957662529866,6.303093060836,
    -5.400094247376));
#9143 = CARTESIAN_POINT('',(15.07159695659,6.303319667633,
    -5.399829739938));
#9144 = CARTESIAN_POINT('',(15.146707331869,6.299712828029,
    -5.404039465917));
#9145 = CARTESIAN_POINT('',(15.221463395546,6.292346749238,
    -5.412639227553));
#9146 = CARTESIAN_POINT('',(15.295483120307,6.281230177471,
    -5.425579199808));
#9147 = CARTESIAN_POINT('',(15.368396922509,6.266384019345,
    -5.442758147318));
#9148 = CARTESIAN_POINT('',(15.439856757602,6.247841683461,
    -5.464027846443));
#9149 = CARTESIAN_POINT('',(15.557488824647,6.210381798903,
    -5.506513493632));
#9150 = CARTESIAN_POINT('',(15.604589105147,6.193388221269,
    -5.52567370127));
#9151 = CARTESIAN_POINT('',(15.650727865207,6.174689492697,
    -5.546610029139));
#9152 = CARTESIAN_POINT('',(15.695797100255,6.154311733185,
    -5.569242722439));
#9153 = CARTESIAN_POINT('',(15.739699220847,6.132286941299,
    -5.593481723241));
#9154 = CARTESIAN_POINT('',(15.782347280529,6.108653556354,
    -5.619228021046));
#9155 = CARTESIAN_POINT('',(15.857438580863,6.062861307169,
    -5.66856501684));
#9156 = CARTESIAN_POINT('',(15.89032015733,6.041223082348,
    -5.691688856834));
#9157 = CARTESIAN_POINT('',(15.922268294111,6.018567837117,
    -5.71568767156));
#9158 = CARTESIAN_POINT('',(15.953246843405,5.994924052014,
    -5.740499476631));
#9159 = CARTESIAN_POINT('',(15.983225159691,5.970323418206,
    -5.766059693431));
#9160 = CARTESIAN_POINT('',(16.012178110821,5.944801058546,
    -5.792301687498));
#9161 = CARTESIAN_POINT('',(16.063598799173,5.896149049538,
    -5.841783395603));
#9162 = CARTESIAN_POINT('',(16.086369207831,5.873276172467,
    -5.864844595991));
#9163 = CARTESIAN_POINT('',(16.108388611616,5.84979748011,
    -5.888302755244));
#9164 = CARTESIAN_POINT('',(16.129650575093,5.825734763187,
    -5.912119580554));
#9165 = CARTESIAN_POINT('',(16.150150930863,5.801111240464,
    -5.936256639128));
#9166 = CARTESIAN_POINT('',(16.169887779562,5.77595155875,
    -5.960675358184));
#9167 = CARTESIAN_POINT('',(16.288946464665,5.614875600445,
    -6.11542556631));
#9168 = CARTESIAN_POINT('',(16.366898909775,5.466493164626,
    -6.251108539383));
#9169 = CARTESIAN_POINT('',(16.424724374294,5.307708090497,
    -6.388167525544));
#9170 = CARTESIAN_POINT('',(16.464655916831,5.140732899111,
    -6.523581578122));
#9171 = CARTESIAN_POINT('',(16.488981401079,4.967756794689,
    -6.655088068299));
#9172 = CARTESIAN_POINT('',(16.5,4.791059574527,-6.780974235477));
#9173 = CARTESIAN_POINT('',(16.5,4.613025037868,-6.9));
#9174 = PCURVE('',#2536,#9175);
#9175 = DEFINITIONAL_REPRESENTATION('',(#9176),#9263);
#9176 = B_SPLINE_CURVE_WITH_KNOTS('',7,(#9177,#9178,#9179,#9180,#9181,
    #9182,#9183,#9184,#9185,#9186,#9187,#9188,#9189,#9190,#9191,#9192,
    #9193,#9194,#9195,#9196,#9197,#9198,#9199,#9200,#9201,#9202,#9203,
    #9204,#9205,#9206,#9207,#9208,#9209,#9210,#9211,#9212,#9213,#9214,
    #9215,#9216,#9217,#9218,#9219,#9220,#9221,#9222,#9223,#9224,#9225,
    #9226,#9227,#9228,#9229,#9230,#9231,#9232,#9233,#9234,#9235,#9236,
    #9237,#9238,#9239,#9240,#9241,#9242,#9243,#9244,#9245,#9246,#9247,
    #9248,#9249,#9250,#9251,#9252,#9253,#9254,#9255,#9256,#9257,#9258,
    #9259,#9260,#9261,#9262),.UNSPECIFIED.,.F.,.F.,(8,6,6,6,6,6,6,6,6,6,
    6,6,6,6,8),(0.,0.125465612713,0.245695414502,0.413842634948,
    0.508413020189,0.550179226473,0.594497889185,0.646613047228,
    0.673797344283,0.7032038212,0.760025632469,0.799117367153,
    0.831071052091,0.85799230455,1.),.UNSPECIFIED.);
#9177 = CARTESIAN_POINT('',(-4.808924389656,-14.37015055066));
#9178 = CARTESIAN_POINT('',(-4.830253885205,-14.33326931442));
#9179 = CARTESIAN_POINT('',(-4.85148638413,-14.29013702346));
#9180 = CARTESIAN_POINT('',(-4.872652932921,-14.24291068282));
#9181 = CARTESIAN_POINT('',(-4.893695874811,-14.19350616544));
#9182 = CARTESIAN_POINT('',(-4.914606698679,-14.14313613641));
#9183 = CARTESIAN_POINT('',(-4.935498255619,-14.09236666822));
#9184 = CARTESIAN_POINT('',(-4.976833584407,-13.99252702062));
#9185 = CARTESIAN_POINT('',(-4.997081828375,-13.94390467821));
#9186 = CARTESIAN_POINT('',(-5.017401157464,-13.89604833143));
#9187 = CARTESIAN_POINT('',(-5.037822030103,-13.84942046787));
#9188 = CARTESIAN_POINT('',(-5.058361908184,-13.80448202275));
#9189 = CARTESIAN_POINT('',(-5.079029906243,-13.7617269524));
#9190 = CARTESIAN_POINT('',(-5.128918672375,-13.66567984323));
#9191 = CARTESIAN_POINT('',(-5.158218923217,-13.61506965974));
#9192 = CARTESIAN_POINT('',(-5.187858958232,-13.57103953331));
#9193 = CARTESIAN_POINT('',(-5.217886989748,-13.53517734559));
#9194 = CARTESIAN_POINT('',(-5.248287106335,-13.50957447246));
#9195 = CARTESIAN_POINT('',(-5.278974472367,-13.49688337996));
#9196 = CARTESIAN_POINT('',(-5.327064668314,-13.50248098701));
#9197 = CARTESIAN_POINT('',(-5.344443075679,-13.50964828591));
#9198 = CARTESIAN_POINT('',(-5.361826804936,-13.52260339982));
#9199 = CARTESIAN_POINT('',(-5.379146393867,-13.54201800883));
#9200 = CARTESIAN_POINT('',(-5.396321215984,-13.56859857655));
#9201 = CARTESIAN_POINT('',(-5.413254568969,-13.60308374207));
#9202 = CARTESIAN_POINT('',(-5.437146973216,-13.66530033711));
#9203 = CARTESIAN_POINT('',(-5.444391744348,-13.68604033436));
#9204 = CARTESIAN_POINT('',(-5.451545620643,-13.70850696933));
#9205 = CARTESIAN_POINT('',(-5.458592295709,-13.73273989901));
#9206 = CARTESIAN_POINT('',(-5.465515464165,-13.75877181799));
#9207 = CARTESIAN_POINT('',(-5.472298811998,-13.78662830141));
#9208 = CARTESIAN_POINT('',(-5.485958209322,-13.84784200923));
#9209 = CARTESIAN_POINT('',(-5.492814165624,-13.88142947446));
#9210 = CARTESIAN_POINT('',(-5.499468956203,-13.91708728767));
#9211 = CARTESIAN_POINT('',(-5.505898613532,-13.95479464438));
#9212 = CARTESIAN_POINT('',(-5.512080222788,-13.99451257166));
#9213 = CARTESIAN_POINT('',(-5.517992022465,-14.03618380827));
#9214 = CARTESIAN_POINT('',(-5.530223913158,-14.13094263672));
#9215 = CARTESIAN_POINT('',(-5.536430257514,-14.18472894632));
#9216 = CARTESIAN_POINT('',(-5.542197783423,-14.24094880474));
#9217 = CARTESIAN_POINT('',(-5.547495144413,-14.2994227798));
#9218 = CARTESIAN_POINT('',(-5.552294798018,-14.3599356997));
#9219 = CARTESIAN_POINT('',(-5.556573401621,-14.42223753667));
#9220 = CARTESIAN_POINT('',(-5.562262443815,-14.51932715544));
#9221 = CARTESIAN_POINT('',(-5.564066076227,-14.55302419452));
#9222 = CARTESIAN_POINT('',(-5.56572058569,-14.58709799301));
#9223 = CARTESIAN_POINT('',(-5.567223781228,-14.62151044774));
#9224 = CARTESIAN_POINT('',(-5.568573800749,-14.65622276731));
#9225 = CARTESIAN_POINT('',(-5.569769111043,-14.69119547209));
#9226 = CARTESIAN_POINT('',(-5.571932869986,-14.76445816109));
#9227 = CARTESIAN_POINT('',(-5.572874769701,-14.80278587529));
#9228 = CARTESIAN_POINT('',(-5.573632681174,-14.84132103123));
#9229 = CARTESIAN_POINT('',(-5.574205459157,-14.88001288573));
#9230 = CARTESIAN_POINT('',(-5.574592338906,-14.91881045805));
#9231 = CARTESIAN_POINT('',(-5.574792936183,-14.95766252986));
#9232 = CARTESIAN_POINT('',(-5.574834900373,-15.07159695659));
#9233 = CARTESIAN_POINT('',(-5.574167005648,-15.14670733186));
#9234 = CARTESIAN_POINT('',(-5.572802755329,-15.22146339554));
#9235 = CARTESIAN_POINT('',(-5.570747416419,-15.2954831203));
#9236 = CARTESIAN_POINT('',(-5.568011887871,-15.3683969225));
#9237 = CARTESIAN_POINT('',(-5.564612257769,-15.4398567576));
#9238 = CARTESIAN_POINT('',(-5.557787966147,-15.55748882464));
#9239 = CARTESIAN_POINT('',(-5.554702382401,-15.60458910514));
#9240 = CARTESIAN_POINT('',(-5.551320387441,-15.6507278652));
#9241 = CARTESIAN_POINT('',(-5.547651199021,-15.69579710025));
#9242 = CARTESIAN_POINT('',(-5.543705383782,-15.73969922084));
#9243 = CARTESIAN_POINT('',(-5.539494766553,-15.78234728052));
#9244 = CARTESIAN_POINT('',(-5.531384740358,-15.85743858086));
#9245 = CARTESIAN_POINT('',(-5.527569231027,-15.89032015733));
#9246 = CARTESIAN_POINT('',(-5.523593019764,-15.92226829411));
#9247 = CARTESIAN_POINT('',(-5.519463801162,-15.9532468434));
#9248 = CARTESIAN_POINT('',(-5.515189726723,-15.98322515969));
#9249 = CARTESIAN_POINT('',(-5.51077937528,-16.01217811082));
#9250 = CARTESIAN_POINT('',(-5.502418712998,-16.06359879917));
#9251 = CARTESIAN_POINT('',(-5.498505429208,-16.08636920783));
#9252 = CARTESIAN_POINT('',(-5.494506776631,-16.10838861161));
#9253 = CARTESIAN_POINT('',(-5.49042777517,-16.12965057509));
#9254 = CARTESIAN_POINT('',(-5.486273560063,-16.15015093086));
#9255 = CARTESIAN_POINT('',(-5.482049381885,-16.16988777956));
#9256 = CARTESIAN_POINT('',(-5.455137621088,-16.28894646466));
#9257 = CARTESIAN_POINT('',(-5.430920254036,-16.36689890977));
#9258 = CARTESIAN_POINT('',(-5.405665333337,-16.42472437429));
#9259 = CARTESIAN_POINT('',(-5.379786230604,-16.46465591683));
#9260 = CARTESIAN_POINT('',(-5.353626956229,-16.48898140108));
#9261 = CARTESIAN_POINT('',(-5.327499412342,-16.5));
#9262 = CARTESIAN_POINT('',(-5.301697305579,-16.5));
#9263 = ( GEOMETRIC_REPRESENTATION_CONTEXT(2) 
PARAMETRIC_REPRESENTATION_CONTEXT() REPRESENTATION_CONTEXT('2D SPACE',''
  ) );
#9264 = PCURVE('',#5459,#9265);
#9265 = DEFINITIONAL_REPRESENTATION('',(#9266),#9353);
#9266 = B_SPLINE_CURVE_WITH_KNOTS('',7,(#9267,#9268,#9269,#9270,#9271,
    #9272,#9273,#9274,#9275,#9276,#9277,#9278,#9279,#9280,#9281,#9282,
    #9283,#9284,#9285,#9286,#9287,#9288,#9289,#9290,#9291,#9292,#9293,
    #9294,#9295,#9296,#9297,#9298,#9299,#9300,#9301,#9302,#9303,#9304,
    #9305,#9306,#9307,#9308,#9309,#9310,#9311,#9312,#9313,#9314,#9315,
    #9316,#9317,#9318,#9319,#9320,#9321,#9322,#9323,#9324,#9325,#9326,
    #9327,#9328,#9329,#9330,#9331,#9332,#9333,#9334,#9335,#9336,#9337,
    #9338,#9339,#9340,#9341,#9342,#9343,#9344,#9345,#9346,#9347,#9348,
    #9349,#9350,#9351,#9352),.UNSPECIFIED.,.F.,.F.,(8,6,6,6,6,6,6,6,6,6,
    6,6,6,6,8),(0.,0.125465612713,0.245695414502,0.413842634948,
    0.508413020189,0.550179226473,0.594497889185,0.646613047228,
    0.673797344283,0.7032038212,0.760025632469,0.799117367153,
    0.831071052091,0.85799230455,1.),.UNSPECIFIED.);
#9267 = CARTESIAN_POINT('',(2.004131055263,0.8));
#9268 = CARTESIAN_POINT('',(2.031222603024,0.976210552206));
#9269 = CARTESIAN_POINT('',(2.063302148512,1.151195089272));
#9270 = CARTESIAN_POINT('',(2.099079956638,1.325086665079));
#9271 = CARTESIAN_POINT('',(2.137457652072,1.497284954101));
#9272 = CARTESIAN_POINT('',(2.177792055555,1.667618624009));
#9273 = CARTESIAN_POINT('',(2.219904308125,1.836916497849));
#9274 = CARTESIAN_POINT('',(2.306441994157,2.169819369912));
#9275 = CARTESIAN_POINT('',(2.350324737434,2.331934937378));
#9276 = CARTESIAN_POINT('',(2.395632169186,2.493552659237));
#9277 = CARTESIAN_POINT('',(2.442334137315,2.654790906118));
#9278 = CARTESIAN_POINT('',(2.490437142422,2.815652274547));
#9279 = CARTESIAN_POINT('',(2.539969140285,2.97606440201));
#9280 = CARTESIAN_POINT('',(2.662353834869,3.359449429274));
#9281 = CARTESIAN_POINT('',(2.736519007423,3.58152004085));
#9282 = CARTESIAN_POINT('',(2.813940222519,3.802716589099));
#9283 = CARTESIAN_POINT('',(2.895091522397,4.022921233101));
#9284 = CARTESIAN_POINT('',(2.980483026056,4.241482573693));
#9285 = CARTESIAN_POINT('',(3.070696243349,4.457237945926));
#9286 = CARTESIAN_POINT('',(3.220414308317,4.787262318405));
#9287 = CARTESIAN_POINT('',(3.276202745137,4.904891407454));
#9288 = CARTESIAN_POINT('',(3.333954053555,5.020843870915));
#9289 = CARTESIAN_POINT('',(3.393761121958,5.134596041782));
#9290 = CARTESIAN_POINT('',(3.455738233282,5.245594829937));
#9291 = CARTESIAN_POINT('',(3.520030381195,5.353244371168));
#9292 = CARTESIAN_POINT('',(3.616338677725,5.50266711121));
#9293 = CARTESIAN_POINT('',(3.646315092328,5.547634751627));
#9294 = CARTESIAN_POINT('',(3.676755244379,5.591701336932));
#9295 = CARTESIAN_POINT('',(3.707651371486,5.634778239722));
#9296 = CARTESIAN_POINT('',(3.738997218721,5.67678152001));
#9297 = CARTESIAN_POINT('',(3.770788318739,5.717631643596));
#9298 = CARTESIAN_POINT('',(3.837226137298,5.799296147825));
#9299 = CARTESIAN_POINT('',(3.871926608754,5.839953253205));
#9300 = CARTESIAN_POINT('',(3.907094259755,5.879101999233));
#9301 = CARTESIAN_POINT('',(3.942701015524,5.91663254686));
#9302 = CARTESIAN_POINT('',(3.978719859183,5.952446783418));
#9303 = CARTESIAN_POINT('',(4.015124537908,5.986457370722));
#9304 = CARTESIAN_POINT('',(4.095121615459,6.056368391811));
#9305 = CARTESIAN_POINT('',(4.138834951873,6.091533725194));
#9306 = CARTESIAN_POINT('',(4.182972632086,6.123949039463));
#9307 = CARTESIAN_POINT('',(4.227480654143,6.153504975186));
#9308 = CARTESIAN_POINT('',(4.272304805221,6.180114130385));
#9309 = CARTESIAN_POINT('',(4.317387806465,6.203708623584));
#9310 = CARTESIAN_POINT('',(4.386284697792,6.23494600659));
#9311 = CARTESIAN_POINT('',(4.409959385943,6.244821711272));
#9312 = CARTESIAN_POINT('',(4.433683703651,6.253858485368));
#9313 = CARTESIAN_POINT('',(4.457451214122,6.262051078494));
#9314 = CARTESIAN_POINT('',(4.481255862387,6.269395275409));
#9315 = CARTESIAN_POINT('',(4.505091975308,6.275887896022));
#9316 = CARTESIAN_POINT('',(4.554767169983,6.287626646476));
#9317 = CARTESIAN_POINT('',(4.580610636694,6.292727312304));
#9318 = CARTESIAN_POINT('',(4.606478196043,6.296825996597));
#9319 = CARTESIAN_POINT('',(4.632363592709,6.299920627301));
#9320 = CARTESIAN_POINT('',(4.65826078171,6.302009856585));
#9321 = CARTESIAN_POINT('',(4.684163928404,6.303093060836));
#9322 = CARTESIAN_POINT('',(4.760120417578,6.303319667633));
#9323 = CARTESIAN_POINT('',(4.810187266718,6.299712828029));
#9324 = CARTESIAN_POINT('',(4.860216161864,6.292346749238));
#9325 = CARTESIAN_POINT('',(4.910157468761,6.281230177471));
#9326 = CARTESIAN_POINT('',(4.959963312287,6.266384019345));
#9327 = CARTESIAN_POINT('',(5.009587175791,6.247841683461));
#9328 = CARTESIAN_POINT('',(5.092966718751,6.210381798903));
#9329 = CARTESIAN_POINT('',(5.126838783688,6.193388221269));
#9330 = CARTESIAN_POINT('',(5.160574334477,6.174689492697));
#9331 = CARTESIAN_POINT('',(5.194149709622,6.154311733185));
#9332 = CARTESIAN_POINT('',(5.227542205983,6.132286941299));
#9333 = CARTESIAN_POINT('',(5.260729337862,6.108653556354));
#9334 = CARTESIAN_POINT('',(5.320628670226,6.062861307169));
#9335 = CARTESIAN_POINT('',(5.347414206521,6.041223082348));
#9336 = CARTESIAN_POINT('',(5.374031918747,6.018567837117));
#9337 = CARTESIAN_POINT('',(5.400469232662,5.994924052014));
#9338 = CARTESIAN_POINT('',(5.426713638027,5.970323418206));
#9339 = CARTESIAN_POINT('',(5.45275254061,5.944801058546));
#9340 = CARTESIAN_POINT('',(5.500327167963,5.896149049538));
#9341 = CARTESIAN_POINT('',(5.521925735422,5.873276172467));
#9342 = CARTESIAN_POINT('',(5.543363908486,5.84979748011));
#9343 = CARTESIAN_POINT('',(5.564636600143,5.825734763187));
#9344 = CARTESIAN_POINT('',(5.585738544454,5.801111240464));
#9345 = CARTESIAN_POINT('',(5.606664296552,5.77595155875));
#9346 = CARTESIAN_POINT('',(5.736831022824,5.614875600445));
#9347 = CARTESIAN_POINT('',(5.840212774282,5.466493164626));
#9348 = CARTESIAN_POINT('',(5.938278039908,5.307708090497));
#9349 = CARTESIAN_POINT('',(6.031422611887,5.140732899111));
#9350 = CARTESIAN_POINT('',(6.119910952489,4.967756794689));
#9351 = CARTESIAN_POINT('',(6.203834797497,4.791059574527));
#9352 = CARTESIAN_POINT('',(6.28318530718,4.613025037868));
#9353 = ( GEOMETRIC_REPRESENTATION_CONTEXT(2) 
PARAMETRIC_REPRESENTATION_CONTEXT() REPRESENTATION_CONTEXT('2D SPACE',''
  ) );
#9354 = ORIENTED_EDGE('',*,*,#9355,.T.);
#9355 = EDGE_CURVE('',#9084,#9356,#9358,.T.);
#9356 = VERTEX_POINT('',#9357);
#9357 = CARTESIAN_POINT('',(15.629849449331,0.8,-8.261355820929));
#9358 = SURFACE_CURVE('',#9359,(#9380,#9404),.PCURVE_S1.);
#9359 = B_SPLINE_CURVE_WITH_KNOTS('',7,(#9360,#9361,#9362,#9363,#9364,
    #9365,#9366,#9367,#9368,#9369,#9370,#9371,#9372,#9373,#9374,#9375,
    #9376,#9377,#9378,#9379),.UNSPECIFIED.,.F.,.F.,(8,6,6,8),(0.,
    0.407654315997,0.694826888927,1.),.UNSPECIFIED.);
#9360 = CARTESIAN_POINT('',(16.5,4.613025037868,-6.9));
#9361 = CARTESIAN_POINT('',(16.5,4.403414731606,-7.040135882751));
#9362 = CARTESIAN_POINT('',(16.484725938453,4.189663605839,
    -7.172290807287));
#9363 = CARTESIAN_POINT('',(16.457309373258,3.973348810841,
    -7.295562828126));
#9364 = CARTESIAN_POINT('',(16.420225082182,3.755529564665,
    -7.409786033939));
#9365 = CARTESIAN_POINT('',(16.375429553425,3.536790379493,
    -7.515140114678));
#9366 = CARTESIAN_POINT('',(16.324414795278,3.317216843392,
    -7.612017353707));
#9367 = CARTESIAN_POINT('',(16.228782339656,2.940534800587,
    -7.763466384409));
#9368 = CARTESIAN_POINT('',(16.186774453992,2.784317370236,
    -7.822009743346));
#9369 = CARTESIAN_POINT('',(16.142764662662,2.627672849232,
    -7.876552556911));
#9370 = CARTESIAN_POINT('',(16.097206435285,2.470663842324,
    -7.92716043136));
#9371 = CARTESIAN_POINT('',(16.050526774465,2.313286150556,
    -7.973915448498));
#9372 = CARTESIAN_POINT('',(16.003157414923,2.155432558054,
    -8.016907537721));
#9373 = CARTESIAN_POINT('',(15.905053667673,1.828311704258,
    -8.097988879623));
#9374 = CARTESIAN_POINT('',(15.854724495767,1.660380645778,
    -8.135247083803));
#9375 = CARTESIAN_POINT('',(15.80480644815,1.491401677097,
    -8.168549796407));
#9376 = CARTESIAN_POINT('',(15.755872249903,1.320605309027,
    -8.197962812259));
#9377 = CARTESIAN_POINT('',(15.709117972373,1.148172614464,
    -8.22329052314));
#9378 = CARTESIAN_POINT('',(15.666410770479,0.974682067233,
    -8.244440237481));
#9379 = CARTESIAN_POINT('',(15.629849449331,0.8,-8.261355820929));
#9380 = PCURVE('',#2536,#9381);
#9381 = DEFINITIONAL_REPRESENTATION('',(#9382),#9403);
#9382 = B_SPLINE_CURVE_WITH_KNOTS('',7,(#9383,#9384,#9385,#9386,#9387,
    #9388,#9389,#9390,#9391,#9392,#9393,#9394,#9395,#9396,#9397,#9398,
    #9399,#9400,#9401,#9402),.UNSPECIFIED.,.F.,.F.,(8,6,6,8),(0.,
    0.407654315997,0.694826888927,1.),.UNSPECIFIED.);
#9383 = CARTESIAN_POINT('',(-5.301697305579,-16.5));
#9384 = CARTESIAN_POINT('',(-5.271319000324,-16.5));
#9385 = CARTESIAN_POINT('',(-5.241060381003,-16.48472593845));
#9386 = CARTESIAN_POINT('',(-5.211093971861,-16.45730937325));
#9387 = CARTESIAN_POINT('',(-5.181492988429,-16.42022508218));
#9388 = CARTESIAN_POINT('',(-5.152267578254,-16.37542955342));
#9389 = CARTESIAN_POINT('',(-5.123368445127,-16.32441479527));
#9390 = CARTESIAN_POINT('',(-5.074454241001,-16.22878233965));
#9391 = CARTESIAN_POINT('',(-5.054360268738,-16.18677445399));
#9392 = CARTESIAN_POINT('',(-5.034384877944,-16.14276466266));
#9393 = CARTESIAN_POINT('',(-5.014519310748,-16.09720643528));
#9394 = CARTESIAN_POINT('',(-4.994747374864,-16.05052677446));
#9395 = CARTESIAN_POINT('',(-4.975041302502,-16.00315741492));
#9396 = CARTESIAN_POINT('',(-4.934436526733,-15.90505366767));
#9397 = CARTESIAN_POINT('',(-4.913718176419,-15.85472449576));
#9398 = CARTESIAN_POINT('',(-4.892976931241,-15.80480644815));
#9399 = CARTESIAN_POINT('',(-4.87210744873,-15.7558722499));
#9400 = CARTESIAN_POINT('',(-4.85111963989,-15.70911797237));
#9401 = CARTESIAN_POINT('',(-4.830068868967,-15.66641077047));
#9402 = CARTESIAN_POINT('',(-4.808924389656,-15.62984944933));
#9403 = ( GEOMETRIC_REPRESENTATION_CONTEXT(2) 
PARAMETRIC_REPRESENTATION_CONTEXT() REPRESENTATION_CONTEXT('2D SPACE',''
  ) );
#9404 = PCURVE('',#5459,#9405);
#9405 = DEFINITIONAL_REPRESENTATION('',(#9406),#9427);
#9406 = B_SPLINE_CURVE_WITH_KNOTS('',7,(#9407,#9408,#9409,#9410,#9411,
    #9412,#9413,#9414,#9415,#9416,#9417,#9418,#9419,#9420,#9421,#9422,
    #9423,#9424,#9425,#9426),.UNSPECIFIED.,.F.,.F.,(8,6,6,8),(0.,
    0.407654315997,0.694826888927,1.),.UNSPECIFIED.);
#9407 = CARTESIAN_POINT('',(-8.881784197001E-16,4.613025037868));
#9408 = CARTESIAN_POINT('',(9.342392183416E-02,4.403414731606));
#9409 = CARTESIAN_POINT('',(0.181527392874,4.189663605839));
#9410 = CARTESIAN_POINT('',(0.265039499156,3.973348810841));
#9411 = CARTESIAN_POINT('',(0.344504514905,3.755529564665));
#9412 = CARTESIAN_POINT('',(0.420398801044,3.536790379493));
#9413 = CARTESIAN_POINT('',(0.493165963164,3.317216843392));
#9414 = CARTESIAN_POINT('',(0.612576320929,2.940534800587));
#9415 = CARTESIAN_POINT('',(0.660529131007,2.784317370236));
#9416 = CARTESIAN_POINT('',(0.707135947474,2.627672849232));
#9417 = CARTESIAN_POINT('',(0.752418161529,2.470663842324));
#9418 = CARTESIAN_POINT('',(0.796376648766,2.313286150556));
#9419 = CARTESIAN_POINT('',(0.838977662596,2.155432558054));
#9420 = CARTESIAN_POINT('',(0.923826624428,1.828311704258));
#9421 = CARTESIAN_POINT('',(0.965513291939,1.660380645778));
#9422 = CARTESIAN_POINT('',(1.005445775817,1.491401677097));
#9423 = CARTESIAN_POINT('',(1.043434738719,1.320605309027));
#9424 = CARTESIAN_POINT('',(1.07884459727,1.148172614464));
#9425 = CARTESIAN_POINT('',(1.110605047978,0.974682067233));
#9426 = CARTESIAN_POINT('',(1.137461598327,0.8));
#9427 = ( GEOMETRIC_REPRESENTATION_CONTEXT(2) 
PARAMETRIC_REPRESENTATION_CONTEXT() REPRESENTATION_CONTEXT('2D SPACE',''
  ) );
#9428 = ORIENTED_EDGE('',*,*,#9429,.F.);
#9429 = EDGE_CURVE('',#5929,#9356,#9430,.T.);
#9430 = SURFACE_CURVE('',#9431,(#9435,#9441),.PCURVE_S1.);
#9431 = LINE('',#9432,#9433);
#9432 = CARTESIAN_POINT('',(0.,0.8,-8.261355820929));
#9433 = VECTOR('',#9434,1.);
#9434 = DIRECTION('',(-1.,-0.,-0.));
#9435 = PCURVE('',#2536,#9436);
#9436 = DEFINITIONAL_REPRESENTATION('',(#9437),#9440);
#9437 = B_SPLINE_CURVE_WITH_KNOTS('',1,(#9438,#9439),.UNSPECIFIED.,.F.,
  .F.,(2,2),(-30.0000006,6.E-07),.PIECEWISE_BEZIER_KNOTS.);
#9438 = CARTESIAN_POINT('',(-4.808924389656,-30.0000006));
#9439 = CARTESIAN_POINT('',(-4.808924389656,6.E-07));
#9440 = ( GEOMETRIC_REPRESENTATION_CONTEXT(2) 
PARAMETRIC_REPRESENTATION_CONTEXT() REPRESENTATION_CONTEXT('2D SPACE',''
  ) );
#9441 = PCURVE('',#4700,#9442);
#9442 = DEFINITIONAL_REPRESENTATION('',(#9443),#9446);
#9443 = B_SPLINE_CURVE_WITH_KNOTS('',1,(#9444,#9445),.UNSPECIFIED.,.F.,
  .F.,(2,2),(-30.0000006,6.E-07),.PIECEWISE_BEZIER_KNOTS.);
#9444 = CARTESIAN_POINT('',(4.238644179071,31.0000006));
#9445 = CARTESIAN_POINT('',(4.238644179071,0.9999994));
#9446 = ( GEOMETRIC_REPRESENTATION_CONTEXT(2) 
PARAMETRIC_REPRESENTATION_CONTEXT() REPRESENTATION_CONTEXT('2D SPACE',''
  ) );
#9447 = ADVANCED_FACE('',(#9448),#2456,.F.);
#9448 = FACE_BOUND('',#9449,.F.);
#9449 = EDGE_LOOP('',(#9450,#9451,#9452,#9479,#9480,#9507,#9508,#9509));
#9450 = ORIENTED_EDGE('',*,*,#2439,.T.);
#9451 = ORIENTED_EDGE('',*,*,#8375,.T.);
#9452 = ORIENTED_EDGE('',*,*,#9453,.F.);
#9453 = EDGE_CURVE('',#8397,#8376,#9454,.T.);
#9454 = SURFACE_CURVE('',#9455,(#9460,#9467),.PCURVE_S1.);
#9455 = CIRCLE('',#9456,1.5);
#9456 = AXIS2_PLACEMENT_3D('',#9457,#9458,#9459);
#9457 = CARTESIAN_POINT('',(7.,0.,6.5));
#9458 = DIRECTION('',(0.,0.,1.));
#9459 = DIRECTION('',(1.,0.,0.));
#9460 = PCURVE('',#2456,#9461);
#9461 = DEFINITIONAL_REPRESENTATION('',(#9462),#9466);
#9462 = CIRCLE('',#9463,1.5);
#9463 = AXIS2_PLACEMENT_2D('',#9464,#9465);
#9464 = CARTESIAN_POINT('',(-8.,0.));
#9465 = DIRECTION('',(1.,0.));
#9466 = ( GEOMETRIC_REPRESENTATION_CONTEXT(2) 
PARAMETRIC_REPRESENTATION_CONTEXT() REPRESENTATION_CONTEXT('2D SPACE',''
  ) );
#9467 = PCURVE('',#9468,#9473);
#9468 = CYLINDRICAL_SURFACE('',#9469,1.5);
#9469 = AXIS2_PLACEMENT_3D('',#9470,#9471,#9472);
#9470 = CARTESIAN_POINT('',(7.,0.,15.5));
#9471 = DIRECTION('',(0.,0.,1.));
#9472 = DIRECTION('',(1.,0.,0.));
#9473 = DEFINITIONAL_REPRESENTATION('',(#9474),#9478);
#9474 = LINE('',#9475,#9476);
#9475 = CARTESIAN_POINT('',(0.,-9.));
#9476 = VECTOR('',#9477,1.);
#9477 = DIRECTION('',(1.,0.));
#9478 = ( GEOMETRIC_REPRESENTATION_CONTEXT(2) 
PARAMETRIC_REPRESENTATION_CONTEXT() REPRESENTATION_CONTEXT('2D SPACE',''
  ) );
#9479 = ORIENTED_EDGE('',*,*,#8418,.T.);
#9480 = ORIENTED_EDGE('',*,*,#9481,.F.);
#9481 = EDGE_CURVE('',#8440,#8419,#9482,.T.);
#9482 = SURFACE_CURVE('',#9483,(#9488,#9495),.PCURVE_S1.);
#9483 = CIRCLE('',#9484,1.5);
#9484 = AXIS2_PLACEMENT_3D('',#9485,#9486,#9487);
#9485 = CARTESIAN_POINT('',(23.,0.,6.5));
#9486 = DIRECTION('',(0.,0.,1.));
#9487 = DIRECTION('',(1.,0.,0.));
#9488 = PCURVE('',#2456,#9489);
#9489 = DEFINITIONAL_REPRESENTATION('',(#9490),#9494);
#9490 = CIRCLE('',#9491,1.5);
#9491 = AXIS2_PLACEMENT_2D('',#9492,#9493);
#9492 = CARTESIAN_POINT('',(8.,0.));
#9493 = DIRECTION('',(1.,0.));
#9494 = ( GEOMETRIC_REPRESENTATION_CONTEXT(2) 
PARAMETRIC_REPRESENTATION_CONTEXT() REPRESENTATION_CONTEXT('2D SPACE',''
  ) );
#9495 = PCURVE('',#9496,#9501);
#9496 = CYLINDRICAL_SURFACE('',#9497,1.5);
#9497 = AXIS2_PLACEMENT_3D('',#9498,#9499,#9500);
#9498 = CARTESIAN_POINT('',(23.,0.,15.5));
#9499 = DIRECTION('',(0.,0.,1.));
#9500 = DIRECTION('',(1.,0.,0.));
#9501 = DEFINITIONAL_REPRESENTATION('',(#9502),#9506);
#9502 = LINE('',#9503,#9504);
#9503 = CARTESIAN_POINT('',(0.,-9.));
#9504 = VECTOR('',#9505,1.);
#9505 = DIRECTION('',(1.,0.));
#9506 = ( GEOMETRIC_REPRESENTATION_CONTEXT(2) 
PARAMETRIC_REPRESENTATION_CONTEXT() REPRESENTATION_CONTEXT('2D SPACE',''
  ) );
#9507 = ORIENTED_EDGE('',*,*,#8461,.T.);
#9508 = ORIENTED_EDGE('',*,*,#8167,.T.);
#9509 = ORIENTED_EDGE('',*,*,#9041,.T.);
#9510 = ADVANCED_FACE('',(#9511),#2286,.F.);
#9511 = FACE_BOUND('',#9512,.F.);
#9512 = EDGE_LOOP('',(#9513,#9514,#9533,#9534));
#9513 = ORIENTED_EDGE('',*,*,#5709,.F.);
#9514 = ORIENTED_EDGE('',*,*,#9515,.F.);
#9515 = EDGE_CURVE('',#8331,#5682,#9516,.T.);
#9516 = SURFACE_CURVE('',#9517,(#9521,#9527),.PCURVE_S1.);
#9517 = LINE('',#9518,#9519);
#9518 = CARTESIAN_POINT('',(0.,-0.8,1.));
#9519 = VECTOR('',#9520,1.);
#9520 = DIRECTION('',(0.,-1.,0.));
#9521 = PCURVE('',#2286,#9522);
#9522 = DEFINITIONAL_REPRESENTATION('',(#9523),#9526);
#9523 = B_SPLINE_CURVE_WITH_KNOTS('',1,(#9524,#9525),.UNSPECIFIED.,.F.,
  .F.,(2,2),(-1.6,0.),.PIECEWISE_BEZIER_KNOTS.);
#9524 = CARTESIAN_POINT('',(1.,-1.6));
#9525 = CARTESIAN_POINT('',(1.,0.));
#9526 = ( GEOMETRIC_REPRESENTATION_CONTEXT(2) 
PARAMETRIC_REPRESENTATION_CONTEXT() REPRESENTATION_CONTEXT('2D SPACE',''
  ) );
#9527 = PCURVE('',#5697,#9528);
#9528 = DEFINITIONAL_REPRESENTATION('',(#9529),#9532);
#9529 = B_SPLINE_CURVE_WITH_KNOTS('',1,(#9530,#9531),.UNSPECIFIED.,.F.,
  .F.,(2,2),(-1.6,0.),.PIECEWISE_BEZIER_KNOTS.);
#9530 = CARTESIAN_POINT('',(1.,1.6));
#9531 = CARTESIAN_POINT('',(1.,0.));
#9532 = ( GEOMETRIC_REPRESENTATION_CONTEXT(2) 
PARAMETRIC_REPRESENTATION_CONTEXT() REPRESENTATION_CONTEXT('2D SPACE',''
  ) );
#9533 = ORIENTED_EDGE('',*,*,#8353,.T.);
#9534 = ORIENTED_EDGE('',*,*,#2118,.T.);
#9535 = ADVANCED_FACE('',(#9536),#2041,.F.);
#9536 = FACE_BOUND('',#9537,.F.);
#9537 = EDGE_LOOP('',(#9538,#9539,#9540,#9541,#9563,#9564,#9586,#9587));
#9538 = ORIENTED_EDGE('',*,*,#9016,.F.);
#9539 = ORIENTED_EDGE('',*,*,#4808,.T.);
#9540 = ORIENTED_EDGE('',*,*,#5827,.F.);
#9541 = ORIENTED_EDGE('',*,*,#9542,.F.);
#9542 = EDGE_CURVE('',#5780,#5801,#9543,.T.);
#9543 = SURFACE_CURVE('',#9544,(#9549,#9556),.PCURVE_S1.);
#9544 = CIRCLE('',#9545,1.5);
#9545 = AXIS2_PLACEMENT_3D('',#9546,#9547,#9548);
#9546 = CARTESIAN_POINT('',(23.,0.,6.5));
#9547 = DIRECTION('',(0.,0.,1.));
#9548 = DIRECTION('',(1.,0.,0.));
#9549 = PCURVE('',#2041,#9550);
#9550 = DEFINITIONAL_REPRESENTATION('',(#9551),#9555);
#9551 = CIRCLE('',#9552,1.5);
#9552 = AXIS2_PLACEMENT_2D('',#9553,#9554);
#9553 = CARTESIAN_POINT('',(8.,0.));
#9554 = DIRECTION('',(1.,0.));
#9555 = ( GEOMETRIC_REPRESENTATION_CONTEXT(2) 
PARAMETRIC_REPRESENTATION_CONTEXT() REPRESENTATION_CONTEXT('2D SPACE',''
  ) );
#9556 = PCURVE('',#9496,#9557);
#9557 = DEFINITIONAL_REPRESENTATION('',(#9558),#9562);
#9558 = LINE('',#9559,#9560);
#9559 = CARTESIAN_POINT('',(0.,-9.));
#9560 = VECTOR('',#9561,1.);
#9561 = DIRECTION('',(1.,0.));
#9562 = ( GEOMETRIC_REPRESENTATION_CONTEXT(2) 
PARAMETRIC_REPRESENTATION_CONTEXT() REPRESENTATION_CONTEXT('2D SPACE',''
  ) );
#9563 = ORIENTED_EDGE('',*,*,#5779,.F.);
#9564 = ORIENTED_EDGE('',*,*,#9565,.F.);
#9565 = EDGE_CURVE('',#5732,#5753,#9566,.T.);
#9566 = SURFACE_CURVE('',#9567,(#9572,#9579),.PCURVE_S1.);
#9567 = CIRCLE('',#9568,1.5);
#9568 = AXIS2_PLACEMENT_3D('',#9569,#9570,#9571);
#9569 = CARTESIAN_POINT('',(7.,0.,6.5));
#9570 = DIRECTION('',(0.,0.,1.));
#9571 = DIRECTION('',(1.,0.,0.));
#9572 = PCURVE('',#2041,#9573);
#9573 = DEFINITIONAL_REPRESENTATION('',(#9574),#9578);
#9574 = CIRCLE('',#9575,1.5);
#9575 = AXIS2_PLACEMENT_2D('',#9576,#9577);
#9576 = CARTESIAN_POINT('',(-8.,0.));
#9577 = DIRECTION('',(1.,0.));
#9578 = ( GEOMETRIC_REPRESENTATION_CONTEXT(2) 
PARAMETRIC_REPRESENTATION_CONTEXT() REPRESENTATION_CONTEXT('2D SPACE',''
  ) );
#9579 = PCURVE('',#9468,#9580);
#9580 = DEFINITIONAL_REPRESENTATION('',(#9581),#9585);
#9581 = LINE('',#9582,#9583);
#9582 = CARTESIAN_POINT('',(0.,-9.));
#9583 = VECTOR('',#9584,1.);
#9584 = DIRECTION('',(1.,0.));
#9585 = ( GEOMETRIC_REPRESENTATION_CONTEXT(2) 
PARAMETRIC_REPRESENTATION_CONTEXT() REPRESENTATION_CONTEXT('2D SPACE',''
  ) );
#9586 = ORIENTED_EDGE('',*,*,#5731,.F.);
#9587 = ORIENTED_EDGE('',*,*,#2024,.T.);
#9588 = ADVANCED_FACE('',(#9589),#4700,.F.);
#9589 = FACE_BOUND('',#9590,.F.);
#9590 = EDGE_LOOP('',(#9591,#9592,#9593,#9594,#9595,#9617));
#9591 = ORIENTED_EDGE('',*,*,#5928,.F.);
#9592 = ORIENTED_EDGE('',*,*,#4939,.T.);
#9593 = ORIENTED_EDGE('',*,*,#4685,.T.);
#9594 = ORIENTED_EDGE('',*,*,#9062,.F.);
#9595 = ORIENTED_EDGE('',*,*,#9596,.F.);
#9596 = EDGE_CURVE('',#9356,#9063,#9597,.T.);
#9597 = SURFACE_CURVE('',#9598,(#9603,#9610),.PCURVE_S1.);
#9598 = CIRCLE('',#9599,1.5);
#9599 = AXIS2_PLACEMENT_3D('',#9600,#9601,#9602);
#9600 = CARTESIAN_POINT('',(15.,0.8,-6.9));
#9601 = DIRECTION('',(-0.,1.,0.));
#9602 = DIRECTION('',(1.,0.,0.));
#9603 = PCURVE('',#4700,#9604);
#9604 = DEFINITIONAL_REPRESENTATION('',(#9605),#9609);
#9605 = CIRCLE('',#9606,1.5);
#9606 = AXIS2_PLACEMENT_2D('',#9607,#9608);
#9607 = CARTESIAN_POINT('',(5.6,16.));
#9608 = DIRECTION('',(0.,1.));
#9609 = ( GEOMETRIC_REPRESENTATION_CONTEXT(2) 
PARAMETRIC_REPRESENTATION_CONTEXT() REPRESENTATION_CONTEXT('2D SPACE',''
  ) );
#9610 = PCURVE('',#5459,#9611);
#9611 = DEFINITIONAL_REPRESENTATION('',(#9612),#9616);
#9612 = LINE('',#9613,#9614);
#9613 = CARTESIAN_POINT('',(0.,0.8));
#9614 = VECTOR('',#9615,1.);
#9615 = DIRECTION('',(1.,0.));
#9616 = ( GEOMETRIC_REPRESENTATION_CONTEXT(2) 
PARAMETRIC_REPRESENTATION_CONTEXT() REPRESENTATION_CONTEXT('2D SPACE',''
  ) );
#9617 = ORIENTED_EDGE('',*,*,#9429,.F.);
#9618 = ADVANCED_FACE('',(#9619),#5094,.F.);
#9619 = FACE_BOUND('',#9620,.F.);
#9620 = EDGE_LOOP('',(#9621,#9622,#9623,#9624,#9653));
#9621 = ORIENTED_EDGE('',*,*,#5079,.F.);
#9622 = ORIENTED_EDGE('',*,*,#5853,.T.);
#9623 = ORIENTED_EDGE('',*,*,#5132,.F.);
#9624 = ORIENTED_EDGE('',*,*,#9625,.F.);
#9625 = EDGE_CURVE('',#9626,#5106,#9628,.T.);
#9626 = VERTEX_POINT('',#9627);
#9627 = CARTESIAN_POINT('',(16.5,9.5,6.5));
#9628 = SURFACE_CURVE('',#9629,(#9634,#9641),.PCURVE_S1.);
#9629 = CIRCLE('',#9630,1.5);
#9630 = AXIS2_PLACEMENT_3D('',#9631,#9632,#9633);
#9631 = CARTESIAN_POINT('',(15.,9.5,6.5));
#9632 = DIRECTION('',(0.,0.,1.));
#9633 = DIRECTION('',(1.,0.,0.));
#9634 = PCURVE('',#5094,#9635);
#9635 = DEFINITIONAL_REPRESENTATION('',(#9636),#9640);
#9636 = CIRCLE('',#9637,1.5);
#9637 = AXIS2_PLACEMENT_2D('',#9638,#9639);
#9638 = CARTESIAN_POINT('',(0.,9.5));
#9639 = DIRECTION('',(1.,0.));
#9640 = ( GEOMETRIC_REPRESENTATION_CONTEXT(2) 
PARAMETRIC_REPRESENTATION_CONTEXT() REPRESENTATION_CONTEXT('2D SPACE',''
  ) );
#9641 = PCURVE('',#9642,#9647);
#9642 = CYLINDRICAL_SURFACE('',#9643,1.5);
#9643 = AXIS2_PLACEMENT_3D('',#9644,#9645,#9646);
#9644 = CARTESIAN_POINT('',(15.,9.5,15.5));
#9645 = DIRECTION('',(0.,0.,1.));
#9646 = DIRECTION('',(1.,0.,0.));
#9647 = DEFINITIONAL_REPRESENTATION('',(#9648),#9652);
#9648 = LINE('',#9649,#9650);
#9649 = CARTESIAN_POINT('',(0.,-9.));
#9650 = VECTOR('',#9651,1.);
#9651 = DIRECTION('',(1.,0.));
#9652 = ( GEOMETRIC_REPRESENTATION_CONTEXT(2) 
PARAMETRIC_REPRESENTATION_CONTEXT() REPRESENTATION_CONTEXT('2D SPACE',''
  ) );
#9653 = ORIENTED_EDGE('',*,*,#9654,.F.);
#9654 = EDGE_CURVE('',#5080,#9626,#9655,.T.);
#9655 = SURFACE_CURVE('',#9656,(#9661,#9668),.PCURVE_S1.);
#9656 = CIRCLE('',#9657,1.5);
#9657 = AXIS2_PLACEMENT_3D('',#9658,#9659,#9660);
#9658 = CARTESIAN_POINT('',(15.,9.5,6.5));
#9659 = DIRECTION('',(0.,0.,1.));
#9660 = DIRECTION('',(1.,0.,0.));
#9661 = PCURVE('',#5094,#9662);
#9662 = DEFINITIONAL_REPRESENTATION('',(#9663),#9667);
#9663 = CIRCLE('',#9664,1.5);
#9664 = AXIS2_PLACEMENT_2D('',#9665,#9666);
#9665 = CARTESIAN_POINT('',(0.,9.5));
#9666 = DIRECTION('',(1.,0.));
#9667 = ( GEOMETRIC_REPRESENTATION_CONTEXT(2) 
PARAMETRIC_REPRESENTATION_CONTEXT() REPRESENTATION_CONTEXT('2D SPACE',''
  ) );
#9668 = PCURVE('',#9642,#9669);
#9669 = DEFINITIONAL_REPRESENTATION('',(#9670),#9674);
#9670 = LINE('',#9671,#9672);
#9671 = CARTESIAN_POINT('',(0.,-9.));
#9672 = VECTOR('',#9673,1.);
#9673 = DIRECTION('',(1.,0.));
#9674 = ( GEOMETRIC_REPRESENTATION_CONTEXT(2) 
PARAMETRIC_REPRESENTATION_CONTEXT() REPRESENTATION_CONTEXT('2D SPACE',''
  ) );
#9675 = ADVANCED_FACE('',(#9676),#5120,.T.);
#9676 = FACE_BOUND('',#9677,.T.);
#9677 = EDGE_LOOP('',(#9678,#9679));
#9678 = ORIENTED_EDGE('',*,*,#5105,.T.);
#9679 = ORIENTED_EDGE('',*,*,#9680,.T.);
#9680 = EDGE_CURVE('',#5106,#5080,#9681,.T.);
#9681 = SURFACE_CURVE('',#9682,(#9687,#9694),.PCURVE_S1.);
#9682 = CIRCLE('',#9683,1.5);
#9683 = AXIS2_PLACEMENT_3D('',#9684,#9685,#9686);
#9684 = CARTESIAN_POINT('',(15.,9.5,6.5));
#9685 = DIRECTION('',(0.,0.,1.));
#9686 = DIRECTION('',(1.,0.,0.));
#9687 = PCURVE('',#5120,#9688);
#9688 = DEFINITIONAL_REPRESENTATION('',(#9689),#9693);
#9689 = CIRCLE('',#9690,1.5);
#9690 = AXIS2_PLACEMENT_2D('',#9691,#9692);
#9691 = CARTESIAN_POINT('',(1.139533443783E-16,4.255667768225E-18));
#9692 = DIRECTION('',(1.,0.));
#9693 = ( GEOMETRIC_REPRESENTATION_CONTEXT(2) 
PARAMETRIC_REPRESENTATION_CONTEXT() REPRESENTATION_CONTEXT('2D SPACE',''
  ) );
#9694 = PCURVE('',#9642,#9695);
#9695 = DEFINITIONAL_REPRESENTATION('',(#9696),#9700);
#9696 = LINE('',#9697,#9698);
#9697 = CARTESIAN_POINT('',(0.,-9.));
#9698 = VECTOR('',#9699,1.);
#9699 = DIRECTION('',(1.,0.));
#9700 = ( GEOMETRIC_REPRESENTATION_CONTEXT(2) 
PARAMETRIC_REPRESENTATION_CONTEXT() REPRESENTATION_CONTEXT('2D SPACE',''
  ) );
#9701 = ADVANCED_FACE('',(#9702),#5459,.F.);
#9702 = FACE_BOUND('',#9703,.F.);
#9703 = EDGE_LOOP('',(#9704,#9705,#9726,#9727,#9728,#9729));
#9704 = ORIENTED_EDGE('',*,*,#9083,.T.);
#9705 = ORIENTED_EDGE('',*,*,#9706,.T.);
#9706 = EDGE_CURVE('',#9084,#5246,#9707,.T.);
#9707 = SEAM_CURVE('',#9708,(#9712,#9719),.PCURVE_S1.);
#9708 = LINE('',#9709,#9710);
#9709 = CARTESIAN_POINT('',(16.5,-23.,-6.9));
#9710 = VECTOR('',#9711,1.);
#9711 = DIRECTION('',(0.,1.,0.));
#9712 = PCURVE('',#5459,#9713);
#9713 = DEFINITIONAL_REPRESENTATION('',(#9714),#9718);
#9714 = LINE('',#9715,#9716);
#9715 = CARTESIAN_POINT('',(0.,-23.));
#9716 = VECTOR('',#9717,1.);
#9717 = DIRECTION('',(-0.,1.));
#9718 = ( GEOMETRIC_REPRESENTATION_CONTEXT(2) 
PARAMETRIC_REPRESENTATION_CONTEXT() REPRESENTATION_CONTEXT('2D SPACE',''
  ) );
#9719 = PCURVE('',#5459,#9720);
#9720 = DEFINITIONAL_REPRESENTATION('',(#9721),#9725);
#9721 = LINE('',#9722,#9723);
#9722 = CARTESIAN_POINT('',(6.28318530718,-23.));
#9723 = VECTOR('',#9724,1.);
#9724 = DIRECTION('',(-0.,1.));
#9725 = ( GEOMETRIC_REPRESENTATION_CONTEXT(2) 
PARAMETRIC_REPRESENTATION_CONTEXT() REPRESENTATION_CONTEXT('2D SPACE',''
  ) );
#9726 = ORIENTED_EDGE('',*,*,#5245,.F.);
#9727 = ORIENTED_EDGE('',*,*,#9706,.F.);
#9728 = ORIENTED_EDGE('',*,*,#9355,.T.);
#9729 = ORIENTED_EDGE('',*,*,#9596,.T.);
#9730 = ADVANCED_FACE('',(#9731),#5767,.T.);
#9731 = FACE_BOUND('',#9732,.T.);
#9732 = EDGE_LOOP('',(#9733,#9757,#9779,#9780,#9802));
#9733 = ORIENTED_EDGE('',*,*,#9734,.T.);
#9734 = EDGE_CURVE('',#5753,#9735,#9737,.T.);
#9735 = VERTEX_POINT('',#9736);
#9736 = CARTESIAN_POINT('',(8.5,0.,6.5));
#9737 = SURFACE_CURVE('',#9738,(#9743,#9750),.PCURVE_S1.);
#9738 = CIRCLE('',#9739,1.5);
#9739 = AXIS2_PLACEMENT_3D('',#9740,#9741,#9742);
#9740 = CARTESIAN_POINT('',(7.,0.,6.5));
#9741 = DIRECTION('',(0.,0.,1.));
#9742 = DIRECTION('',(1.,0.,0.));
#9743 = PCURVE('',#5767,#9744);
#9744 = DEFINITIONAL_REPRESENTATION('',(#9745),#9749);
#9745 = CIRCLE('',#9746,1.5);
#9746 = AXIS2_PLACEMENT_2D('',#9747,#9748);
#9747 = CARTESIAN_POINT('',(1.139533443783E-16,4.255667768225E-18));
#9748 = DIRECTION('',(1.,0.));
#9749 = ( GEOMETRIC_REPRESENTATION_CONTEXT(2) 
PARAMETRIC_REPRESENTATION_CONTEXT() REPRESENTATION_CONTEXT('2D SPACE',''
  ) );
#9750 = PCURVE('',#9468,#9751);
#9751 = DEFINITIONAL_REPRESENTATION('',(#9752),#9756);
#9752 = LINE('',#9753,#9754);
#9753 = CARTESIAN_POINT('',(0.,-9.));
#9754 = VECTOR('',#9755,1.);
#9755 = DIRECTION('',(1.,0.));
#9756 = ( GEOMETRIC_REPRESENTATION_CONTEXT(2) 
PARAMETRIC_REPRESENTATION_CONTEXT() REPRESENTATION_CONTEXT('2D SPACE',''
  ) );
#9757 = ORIENTED_EDGE('',*,*,#9758,.T.);
#9758 = EDGE_CURVE('',#9735,#8397,#9759,.T.);
#9759 = SURFACE_CURVE('',#9760,(#9765,#9772),.PCURVE_S1.);
#9760 = CIRCLE('',#9761,1.5);
#9761 = AXIS2_PLACEMENT_3D('',#9762,#9763,#9764);
#9762 = CARTESIAN_POINT('',(7.,0.,6.5));
#9763 = DIRECTION('',(0.,0.,1.));
#9764 = DIRECTION('',(1.,0.,0.));
#9765 = PCURVE('',#5767,#9766);
#9766 = DEFINITIONAL_REPRESENTATION('',(#9767),#9771);
#9767 = CIRCLE('',#9768,1.5);
#9768 = AXIS2_PLACEMENT_2D('',#9769,#9770);
#9769 = CARTESIAN_POINT('',(1.139533443783E-16,4.255667768225E-18));
#9770 = DIRECTION('',(1.,0.));
#9771 = ( GEOMETRIC_REPRESENTATION_CONTEXT(2) 
PARAMETRIC_REPRESENTATION_CONTEXT() REPRESENTATION_CONTEXT('2D SPACE',''
  ) );
#9772 = PCURVE('',#9468,#9773);
#9773 = DEFINITIONAL_REPRESENTATION('',(#9774),#9778);
#9774 = LINE('',#9775,#9776);
#9775 = CARTESIAN_POINT('',(0.,-9.));
#9776 = VECTOR('',#9777,1.);
#9777 = DIRECTION('',(1.,0.));
#9778 = ( GEOMETRIC_REPRESENTATION_CONTEXT(2) 
PARAMETRIC_REPRESENTATION_CONTEXT() REPRESENTATION_CONTEXT('2D SPACE',''
  ) );
#9779 = ORIENTED_EDGE('',*,*,#8396,.F.);
#9780 = ORIENTED_EDGE('',*,*,#9781,.T.);
#9781 = EDGE_CURVE('',#8376,#5732,#9782,.T.);
#9782 = SURFACE_CURVE('',#9783,(#9788,#9795),.PCURVE_S1.);
#9783 = CIRCLE('',#9784,1.5);
#9784 = AXIS2_PLACEMENT_3D('',#9785,#9786,#9787);
#9785 = CARTESIAN_POINT('',(7.,0.,6.5));
#9786 = DIRECTION('',(0.,0.,1.));
#9787 = DIRECTION('',(1.,0.,0.));
#9788 = PCURVE('',#5767,#9789);
#9789 = DEFINITIONAL_REPRESENTATION('',(#9790),#9794);
#9790 = CIRCLE('',#9791,1.5);
#9791 = AXIS2_PLACEMENT_2D('',#9792,#9793);
#9792 = CARTESIAN_POINT('',(1.139533443783E-16,4.255667768225E-18));
#9793 = DIRECTION('',(1.,0.));
#9794 = ( GEOMETRIC_REPRESENTATION_CONTEXT(2) 
PARAMETRIC_REPRESENTATION_CONTEXT() REPRESENTATION_CONTEXT('2D SPACE',''
  ) );
#9795 = PCURVE('',#9468,#9796);
#9796 = DEFINITIONAL_REPRESENTATION('',(#9797),#9801);
#9797 = LINE('',#9798,#9799);
#9798 = CARTESIAN_POINT('',(0.,-9.));
#9799 = VECTOR('',#9800,1.);
#9800 = DIRECTION('',(1.,0.));
#9801 = ( GEOMETRIC_REPRESENTATION_CONTEXT(2) 
PARAMETRIC_REPRESENTATION_CONTEXT() REPRESENTATION_CONTEXT('2D SPACE',''
  ) );
#9802 = ORIENTED_EDGE('',*,*,#5752,.T.);
#9803 = ADVANCED_FACE('',(#9804),#5815,.T.);
#9804 = FACE_BOUND('',#9805,.T.);
#9805 = EDGE_LOOP('',(#9806,#9830,#9852,#9853,#9875));
#9806 = ORIENTED_EDGE('',*,*,#9807,.T.);
#9807 = EDGE_CURVE('',#5801,#9808,#9810,.T.);
#9808 = VERTEX_POINT('',#9809);
#9809 = CARTESIAN_POINT('',(24.5,0.,6.5));
#9810 = SURFACE_CURVE('',#9811,(#9816,#9823),.PCURVE_S1.);
#9811 = CIRCLE('',#9812,1.5);
#9812 = AXIS2_PLACEMENT_3D('',#9813,#9814,#9815);
#9813 = CARTESIAN_POINT('',(23.,0.,6.5));
#9814 = DIRECTION('',(0.,0.,1.));
#9815 = DIRECTION('',(1.,0.,0.));
#9816 = PCURVE('',#5815,#9817);
#9817 = DEFINITIONAL_REPRESENTATION('',(#9818),#9822);
#9818 = CIRCLE('',#9819,1.5);
#9819 = AXIS2_PLACEMENT_2D('',#9820,#9821);
#9820 = CARTESIAN_POINT('',(1.139533443783E-16,4.255667768225E-18));
#9821 = DIRECTION('',(1.,0.));
#9822 = ( GEOMETRIC_REPRESENTATION_CONTEXT(2) 
PARAMETRIC_REPRESENTATION_CONTEXT() REPRESENTATION_CONTEXT('2D SPACE',''
  ) );
#9823 = PCURVE('',#9496,#9824);
#9824 = DEFINITIONAL_REPRESENTATION('',(#9825),#9829);
#9825 = LINE('',#9826,#9827);
#9826 = CARTESIAN_POINT('',(0.,-9.));
#9827 = VECTOR('',#9828,1.);
#9828 = DIRECTION('',(1.,0.));
#9829 = ( GEOMETRIC_REPRESENTATION_CONTEXT(2) 
PARAMETRIC_REPRESENTATION_CONTEXT() REPRESENTATION_CONTEXT('2D SPACE',''
  ) );
#9830 = ORIENTED_EDGE('',*,*,#9831,.T.);
#9831 = EDGE_CURVE('',#9808,#8440,#9832,.T.);
#9832 = SURFACE_CURVE('',#9833,(#9838,#9845),.PCURVE_S1.);
#9833 = CIRCLE('',#9834,1.5);
#9834 = AXIS2_PLACEMENT_3D('',#9835,#9836,#9837);
#9835 = CARTESIAN_POINT('',(23.,0.,6.5));
#9836 = DIRECTION('',(0.,0.,1.));
#9837 = DIRECTION('',(1.,0.,0.));
#9838 = PCURVE('',#5815,#9839);
#9839 = DEFINITIONAL_REPRESENTATION('',(#9840),#9844);
#9840 = CIRCLE('',#9841,1.5);
#9841 = AXIS2_PLACEMENT_2D('',#9842,#9843);
#9842 = CARTESIAN_POINT('',(1.139533443783E-16,4.255667768225E-18));
#9843 = DIRECTION('',(1.,0.));
#9844 = ( GEOMETRIC_REPRESENTATION_CONTEXT(2) 
PARAMETRIC_REPRESENTATION_CONTEXT() REPRESENTATION_CONTEXT('2D SPACE',''
  ) );
#9845 = PCURVE('',#9496,#9846);
#9846 = DEFINITIONAL_REPRESENTATION('',(#9847),#9851);
#9847 = LINE('',#9848,#9849);
#9848 = CARTESIAN_POINT('',(0.,-9.));
#9849 = VECTOR('',#9850,1.);
#9850 = DIRECTION('',(1.,0.));
#9851 = ( GEOMETRIC_REPRESENTATION_CONTEXT(2) 
PARAMETRIC_REPRESENTATION_CONTEXT() REPRESENTATION_CONTEXT('2D SPACE',''
  ) );
#9852 = ORIENTED_EDGE('',*,*,#8439,.F.);
#9853 = ORIENTED_EDGE('',*,*,#9854,.T.);
#9854 = EDGE_CURVE('',#8419,#5780,#9855,.T.);
#9855 = SURFACE_CURVE('',#9856,(#9861,#9868),.PCURVE_S1.);
#9856 = CIRCLE('',#9857,1.5);
#9857 = AXIS2_PLACEMENT_3D('',#9858,#9859,#9860);
#9858 = CARTESIAN_POINT('',(23.,0.,6.5));
#9859 = DIRECTION('',(0.,0.,1.));
#9860 = DIRECTION('',(1.,0.,0.));
#9861 = PCURVE('',#5815,#9862);
#9862 = DEFINITIONAL_REPRESENTATION('',(#9863),#9867);
#9863 = CIRCLE('',#9864,1.5);
#9864 = AXIS2_PLACEMENT_2D('',#9865,#9866);
#9865 = CARTESIAN_POINT('',(1.139533443783E-16,4.255667768225E-18));
#9866 = DIRECTION('',(1.,0.));
#9867 = ( GEOMETRIC_REPRESENTATION_CONTEXT(2) 
PARAMETRIC_REPRESENTATION_CONTEXT() REPRESENTATION_CONTEXT('2D SPACE',''
  ) );
#9868 = PCURVE('',#9496,#9869);
#9869 = DEFINITIONAL_REPRESENTATION('',(#9870),#9874);
#9870 = LINE('',#9871,#9872);
#9871 = CARTESIAN_POINT('',(0.,-9.));
#9872 = VECTOR('',#9873,1.);
#9873 = DIRECTION('',(1.,0.));
#9874 = ( GEOMETRIC_REPRESENTATION_CONTEXT(2) 
PARAMETRIC_REPRESENTATION_CONTEXT() REPRESENTATION_CONTEXT('2D SPACE',''
  ) );
#9875 = ORIENTED_EDGE('',*,*,#5800,.T.);
#9876 = ADVANCED_FACE('',(#9877),#5697,.F.);
#9877 = FACE_BOUND('',#9878,.F.);
#9878 = EDGE_LOOP('',(#9879,#9880,#9881,#9882));
#9879 = ORIENTED_EDGE('',*,*,#8330,.F.);
#9880 = ORIENTED_EDGE('',*,*,#9515,.T.);
#9881 = ORIENTED_EDGE('',*,*,#5681,.T.);
#9882 = ORIENTED_EDGE('',*,*,#9883,.T.);
#9883 = EDGE_CURVE('',#5654,#8308,#9884,.T.);
#9884 = SURFACE_CURVE('',#9885,(#9889,#9896),.PCURVE_S1.);
#9885 = LINE('',#9886,#9887);
#9886 = CARTESIAN_POINT('',(31.,-0.8,1.));
#9887 = VECTOR('',#9888,1.);
#9888 = DIRECTION('',(0.,1.,0.));
#9889 = PCURVE('',#5697,#9890);
#9890 = DEFINITIONAL_REPRESENTATION('',(#9891),#9895);
#9891 = LINE('',#9892,#9893);
#9892 = CARTESIAN_POINT('',(32.,0.));
#9893 = VECTOR('',#9894,1.);
#9894 = DIRECTION('',(0.,1.));
#9895 = ( GEOMETRIC_REPRESENTATION_CONTEXT(2) 
PARAMETRIC_REPRESENTATION_CONTEXT() REPRESENTATION_CONTEXT('2D SPACE',''
  ) );
#9896 = PCURVE('',#5669,#9897);
#9897 = DEFINITIONAL_REPRESENTATION('',(#9898),#9902);
#9898 = LINE('',#9899,#9900);
#9899 = CARTESIAN_POINT('',(13.5,0.));
#9900 = VECTOR('',#9901,1.);
#9901 = DIRECTION('',(0.,-1.));
#9902 = ( GEOMETRIC_REPRESENTATION_CONTEXT(2) 
PARAMETRIC_REPRESENTATION_CONTEXT() REPRESENTATION_CONTEXT('2D SPACE',''
  ) );
#9903 = ADVANCED_FACE('',(#9904),#5669,.F.);
#9904 = FACE_BOUND('',#9905,.F.);
#9905 = EDGE_LOOP('',(#9906,#9907,#9926,#9927));
#9906 = ORIENTED_EDGE('',*,*,#5653,.F.);
#9907 = ORIENTED_EDGE('',*,*,#9908,.T.);
#9908 = EDGE_CURVE('',#5626,#8285,#9909,.T.);
#9909 = SURFACE_CURVE('',#9910,(#9914,#9920),.PCURVE_S1.);
#9910 = LINE('',#9911,#9912);
#9911 = CARTESIAN_POINT('',(31.,-0.8,0.));
#9912 = VECTOR('',#9913,1.);
#9913 = DIRECTION('',(0.,1.,0.));
#9914 = PCURVE('',#5669,#9915);
#9915 = DEFINITIONAL_REPRESENTATION('',(#9916),#9919);
#9916 = B_SPLINE_CURVE_WITH_KNOTS('',1,(#9917,#9918),.UNSPECIFIED.,.F.,
  .F.,(2,2),(0.,1.6),.PIECEWISE_BEZIER_KNOTS.);
#9917 = CARTESIAN_POINT('',(12.5,0.));
#9918 = CARTESIAN_POINT('',(12.5,-1.6));
#9919 = ( GEOMETRIC_REPRESENTATION_CONTEXT(2) 
PARAMETRIC_REPRESENTATION_CONTEXT() REPRESENTATION_CONTEXT('2D SPACE',''
  ) );
#9920 = PCURVE('',#5641,#9921);
#9921 = DEFINITIONAL_REPRESENTATION('',(#9922),#9925);
#9922 = B_SPLINE_CURVE_WITH_KNOTS('',1,(#9923,#9924),.UNSPECIFIED.,.F.,
  .F.,(2,2),(0.,1.6),.PIECEWISE_BEZIER_KNOTS.);
#9923 = CARTESIAN_POINT('',(31.,0.));
#9924 = CARTESIAN_POINT('',(31.,1.6));
#9925 = ( GEOMETRIC_REPRESENTATION_CONTEXT(2) 
PARAMETRIC_REPRESENTATION_CONTEXT() REPRESENTATION_CONTEXT('2D SPACE',''
  ) );
#9926 = ORIENTED_EDGE('',*,*,#8307,.T.);
#9927 = ORIENTED_EDGE('',*,*,#9883,.F.);
#9928 = ADVANCED_FACE('',(#9929),#5641,.F.);
#9929 = FACE_BOUND('',#9930,.F.);
#9930 = EDGE_LOOP('',(#9931,#9932,#9933,#9934));
#9931 = ORIENTED_EDGE('',*,*,#8284,.F.);
#9932 = ORIENTED_EDGE('',*,*,#9908,.F.);
#9933 = ORIENTED_EDGE('',*,*,#5625,.T.);
#9934 = ORIENTED_EDGE('',*,*,#9935,.T.);
#9935 = EDGE_CURVE('',#5598,#8262,#9936,.T.);
#9936 = SURFACE_CURVE('',#9937,(#9941,#9948),.PCURVE_S1.);
#9937 = LINE('',#9938,#9939);
#9938 = CARTESIAN_POINT('',(32.,-0.8,0.));
#9939 = VECTOR('',#9940,1.);
#9940 = DIRECTION('',(-0.,1.,0.));
#9941 = PCURVE('',#5641,#9942);
#9942 = DEFINITIONAL_REPRESENTATION('',(#9943),#9947);
#9943 = LINE('',#9944,#9945);
#9944 = CARTESIAN_POINT('',(32.,0.));
#9945 = VECTOR('',#9946,1.);
#9946 = DIRECTION('',(0.,1.));
#9947 = ( GEOMETRIC_REPRESENTATION_CONTEXT(2) 
PARAMETRIC_REPRESENTATION_CONTEXT() REPRESENTATION_CONTEXT('2D SPACE',''
  ) );
#9948 = PCURVE('',#5613,#9949);
#9949 = DEFINITIONAL_REPRESENTATION('',(#9950),#9954);
#9950 = LINE('',#9951,#9952);
#9951 = CARTESIAN_POINT('',(0.,0.));
#9952 = VECTOR('',#9953,1.);
#9953 = DIRECTION('',(0.,-1.));
#9954 = ( GEOMETRIC_REPRESENTATION_CONTEXT(2) 
PARAMETRIC_REPRESENTATION_CONTEXT() REPRESENTATION_CONTEXT('2D SPACE',''
  ) );
#9955 = ADVANCED_FACE('',(#9956),#5613,.T.);
#9956 = FACE_BOUND('',#9957,.T.);
#9957 = EDGE_LOOP('',(#9958,#9959,#9960,#9961));
#9958 = ORIENTED_EDGE('',*,*,#5597,.F.);
#9959 = ORIENTED_EDGE('',*,*,#9935,.T.);
#9960 = ORIENTED_EDGE('',*,*,#8261,.T.);
#9961 = ORIENTED_EDGE('',*,*,#5904,.F.);
#9962 = ADVANCED_FACE('',(#9963,#9966,#9997,#10028,#10059,#10090),#8048,
  .T.);
#9963 = FACE_BOUND('',#9964,.T.);
#9964 = EDGE_LOOP('',(#9965));
#9965 = ORIENTED_EDGE('',*,*,#8033,.T.);
#9966 = FACE_BOUND('',#9967,.T.);
#9967 = EDGE_LOOP('',(#9968));
#9968 = ORIENTED_EDGE('',*,*,#9969,.F.);
#9969 = EDGE_CURVE('',#9970,#9970,#9972,.T.);
#9970 = VERTEX_POINT('',#9971);
#9971 = CARTESIAN_POINT('',(17.,-9.5,15.5));
#9972 = SURFACE_CURVE('',#9973,(#9978,#9985),.PCURVE_S1.);
#9973 = CIRCLE('',#9974,2.);
#9974 = AXIS2_PLACEMENT_3D('',#9975,#9976,#9977);
#9975 = CARTESIAN_POINT('',(15.,-9.5,15.5));
#9976 = DIRECTION('',(0.,0.,1.));
#9977 = DIRECTION('',(1.,0.,-0.));
#9978 = PCURVE('',#8048,#9979);
#9979 = DEFINITIONAL_REPRESENTATION('',(#9980),#9984);
#9980 = CIRCLE('',#9981,2.);
#9981 = AXIS2_PLACEMENT_2D('',#9982,#9983);
#9982 = CARTESIAN_POINT('',(0.,-9.5));
#9983 = DIRECTION('',(1.,0.));
#9984 = ( GEOMETRIC_REPRESENTATION_CONTEXT(2) 
PARAMETRIC_REPRESENTATION_CONTEXT() REPRESENTATION_CONTEXT('2D SPACE',''
  ) );
#9985 = PCURVE('',#9986,#9991);
#9986 = CONICAL_SURFACE('',#9987,1.5,0.785398163397);
#9987 = AXIS2_PLACEMENT_3D('',#9988,#9989,#9990);
#9988 = CARTESIAN_POINT('',(15.,-9.5,15.));
#9989 = DIRECTION('',(0.,0.,1.));
#9990 = DIRECTION('',(1.,0.,-0.));
#9991 = DEFINITIONAL_REPRESENTATION('',(#9992),#9996);
#9992 = LINE('',#9993,#9994);
#9993 = CARTESIAN_POINT('',(-0.,0.5));
#9994 = VECTOR('',#9995,1.);
#9995 = DIRECTION('',(1.,-0.));
#9996 = ( GEOMETRIC_REPRESENTATION_CONTEXT(2) 
PARAMETRIC_REPRESENTATION_CONTEXT() REPRESENTATION_CONTEXT('2D SPACE',''
  ) );
#9997 = FACE_BOUND('',#9998,.T.);
#9998 = EDGE_LOOP('',(#9999));
#9999 = ORIENTED_EDGE('',*,*,#10000,.F.);
#10000 = EDGE_CURVE('',#10001,#10001,#10003,.T.);
#10001 = VERTEX_POINT('',#10002);
#10002 = CARTESIAN_POINT('',(9.,0.,15.5));
#10003 = SURFACE_CURVE('',#10004,(#10009,#10016),.PCURVE_S1.);
#10004 = CIRCLE('',#10005,2.);
#10005 = AXIS2_PLACEMENT_3D('',#10006,#10007,#10008);
#10006 = CARTESIAN_POINT('',(7.,0.,15.5));
#10007 = DIRECTION('',(0.,0.,1.));
#10008 = DIRECTION('',(1.,0.,-0.));
#10009 = PCURVE('',#8048,#10010);
#10010 = DEFINITIONAL_REPRESENTATION('',(#10011),#10015);
#10011 = CIRCLE('',#10012,2.);
#10012 = AXIS2_PLACEMENT_2D('',#10013,#10014);
#10013 = CARTESIAN_POINT('',(-8.,0.));
#10014 = DIRECTION('',(1.,0.));
#10015 = ( GEOMETRIC_REPRESENTATION_CONTEXT(2) 
PARAMETRIC_REPRESENTATION_CONTEXT() REPRESENTATION_CONTEXT('2D SPACE',''
  ) );
#10016 = PCURVE('',#10017,#10022);
#10017 = CONICAL_SURFACE('',#10018,1.5,0.785398163397);
#10018 = AXIS2_PLACEMENT_3D('',#10019,#10020,#10021);
#10019 = CARTESIAN_POINT('',(7.,0.,15.));
#10020 = DIRECTION('',(0.,0.,1.));
#10021 = DIRECTION('',(1.,0.,-0.));
#10022 = DEFINITIONAL_REPRESENTATION('',(#10023),#10027);
#10023 = LINE('',#10024,#10025);
#10024 = CARTESIAN_POINT('',(-0.,0.5));
#10025 = VECTOR('',#10026,1.);
#10026 = DIRECTION('',(1.,-0.));
#10027 = ( GEOMETRIC_REPRESENTATION_CONTEXT(2) 
PARAMETRIC_REPRESENTATION_CONTEXT() REPRESENTATION_CONTEXT('2D SPACE',''
  ) );
#10028 = FACE_BOUND('',#10029,.T.);
#10029 = EDGE_LOOP('',(#10030));
#10030 = ORIENTED_EDGE('',*,*,#10031,.F.);
#10031 = EDGE_CURVE('',#10032,#10032,#10034,.T.);
#10032 = VERTEX_POINT('',#10033);
#10033 = CARTESIAN_POINT('',(19.,0.,15.5));
#10034 = SURFACE_CURVE('',#10035,(#10040,#10047),.PCURVE_S1.);
#10035 = CIRCLE('',#10036,4.);
#10036 = AXIS2_PLACEMENT_3D('',#10037,#10038,#10039);
#10037 = CARTESIAN_POINT('',(15.,0.,15.5));
#10038 = DIRECTION('',(0.,0.,1.));
#10039 = DIRECTION('',(1.,0.,-0.));
#10040 = PCURVE('',#8048,#10041);
#10041 = DEFINITIONAL_REPRESENTATION('',(#10042),#10046);
#10042 = CIRCLE('',#10043,4.);
#10043 = AXIS2_PLACEMENT_2D('',#10044,#10045);
#10044 = CARTESIAN_POINT('',(0.,0.));
#10045 = DIRECTION('',(1.,0.));
#10046 = ( GEOMETRIC_REPRESENTATION_CONTEXT(2) 
PARAMETRIC_REPRESENTATION_CONTEXT() REPRESENTATION_CONTEXT('2D SPACE',''
  ) );
#10047 = PCURVE('',#10048,#10053);
#10048 = CONICAL_SURFACE('',#10049,3.5,0.785398163397);
#10049 = AXIS2_PLACEMENT_3D('',#10050,#10051,#10052);
#10050 = CARTESIAN_POINT('',(15.,0.,15.));
#10051 = DIRECTION('',(0.,0.,1.));
#10052 = DIRECTION('',(1.,0.,-0.));
#10053 = DEFINITIONAL_REPRESENTATION('',(#10054),#10058);
#10054 = LINE('',#10055,#10056);
#10055 = CARTESIAN_POINT('',(-0.,0.5));
#10056 = VECTOR('',#10057,1.);
#10057 = DIRECTION('',(1.,-0.));
#10058 = ( GEOMETRIC_REPRESENTATION_CONTEXT(2) 
PARAMETRIC_REPRESENTATION_CONTEXT() REPRESENTATION_CONTEXT('2D SPACE',''
  ) );
#10059 = FACE_BOUND('',#10060,.T.);
#10060 = EDGE_LOOP('',(#10061));
#10061 = ORIENTED_EDGE('',*,*,#10062,.F.);
#10062 = EDGE_CURVE('',#10063,#10063,#10065,.T.);
#10063 = VERTEX_POINT('',#10064);
#10064 = CARTESIAN_POINT('',(25.,0.,15.5));
#10065 = SURFACE_CURVE('',#10066,(#10071,#10078),.PCURVE_S1.);
#10066 = CIRCLE('',#10067,2.);
#10067 = AXIS2_PLACEMENT_3D('',#10068,#10069,#10070);
#10068 = CARTESIAN_POINT('',(23.,0.,15.5));
#10069 = DIRECTION('',(0.,0.,1.));
#10070 = DIRECTION('',(1.,0.,-0.));
#10071 = PCURVE('',#8048,#10072);
#10072 = DEFINITIONAL_REPRESENTATION('',(#10073),#10077);
#10073 = CIRCLE('',#10074,2.);
#10074 = AXIS2_PLACEMENT_2D('',#10075,#10076);
#10075 = CARTESIAN_POINT('',(8.,0.));
#10076 = DIRECTION('',(1.,0.));
#10077 = ( GEOMETRIC_REPRESENTATION_CONTEXT(2) 
PARAMETRIC_REPRESENTATION_CONTEXT() REPRESENTATION_CONTEXT('2D SPACE',''
  ) );
#10078 = PCURVE('',#10079,#10084);
#10079 = CONICAL_SURFACE('',#10080,1.5,0.785398163397);
#10080 = AXIS2_PLACEMENT_3D('',#10081,#10082,#10083);
#10081 = CARTESIAN_POINT('',(23.,0.,15.));
#10082 = DIRECTION('',(0.,0.,1.));
#10083 = DIRECTION('',(1.,0.,-0.));
#10084 = DEFINITIONAL_REPRESENTATION('',(#10085),#10089);
#10085 = LINE('',#10086,#10087);
#10086 = CARTESIAN_POINT('',(-0.,0.5));
#10087 = VECTOR('',#10088,1.);
#10088 = DIRECTION('',(1.,-0.));
#10089 = ( GEOMETRIC_REPRESENTATION_CONTEXT(2) 
PARAMETRIC_REPRESENTATION_CONTEXT() REPRESENTATION_CONTEXT('2D SPACE',''
  ) );
#10090 = FACE_BOUND('',#10091,.T.);
#10091 = EDGE_LOOP('',(#10092));
#10092 = ORIENTED_EDGE('',*,*,#10093,.F.);
#10093 = EDGE_CURVE('',#10094,#10094,#10096,.T.);
#10094 = VERTEX_POINT('',#10095);
#10095 = CARTESIAN_POINT('',(17.,9.5,15.5));
#10096 = SURFACE_CURVE('',#10097,(#10102,#10109),.PCURVE_S1.);
#10097 = CIRCLE('',#10098,2.);
#10098 = AXIS2_PLACEMENT_3D('',#10099,#10100,#10101);
#10099 = CARTESIAN_POINT('',(15.,9.5,15.5));
#10100 = DIRECTION('',(0.,0.,1.));
#10101 = DIRECTION('',(1.,0.,-0.));
#10102 = PCURVE('',#8048,#10103);
#10103 = DEFINITIONAL_REPRESENTATION('',(#10104),#10108);
#10104 = CIRCLE('',#10105,2.);
#10105 = AXIS2_PLACEMENT_2D('',#10106,#10107);
#10106 = CARTESIAN_POINT('',(0.,9.5));
#10107 = DIRECTION('',(1.,0.));
#10108 = ( GEOMETRIC_REPRESENTATION_CONTEXT(2) 
PARAMETRIC_REPRESENTATION_CONTEXT() REPRESENTATION_CONTEXT('2D SPACE',''
  ) );
#10109 = PCURVE('',#10110,#10115);
#10110 = CONICAL_SURFACE('',#10111,1.5,0.785398163397);
#10111 = AXIS2_PLACEMENT_3D('',#10112,#10113,#10114);
#10112 = CARTESIAN_POINT('',(15.,9.5,15.));
#10113 = DIRECTION('',(0.,0.,1.));
#10114 = DIRECTION('',(1.,0.,-0.));
#10115 = DEFINITIONAL_REPRESENTATION('',(#10116),#10120);
#10116 = LINE('',#10117,#10118);
#10117 = CARTESIAN_POINT('',(-0.,0.5));
#10118 = VECTOR('',#10119,1.);
#10119 = DIRECTION('',(1.,-0.));
#10120 = ( GEOMETRIC_REPRESENTATION_CONTEXT(2) 
PARAMETRIC_REPRESENTATION_CONTEXT() REPRESENTATION_CONTEXT('2D SPACE',''
  ) );
#10121 = ADVANCED_FACE('',(#10122),#8575,.F.);
#10122 = FACE_BOUND('',#10123,.F.);
#10123 = EDGE_LOOP('',(#10124,#10147,#10169,#10170,#10171,#10172));
#10124 = ORIENTED_EDGE('',*,*,#10125,.F.);
#10125 = EDGE_CURVE('',#10126,#8559,#10128,.T.);
#10126 = VERTEX_POINT('',#10127);
#10127 = CARTESIAN_POINT('',(16.5,-9.5,15.));
#10128 = SEAM_CURVE('',#10129,(#10133,#10140),.PCURVE_S1.);
#10129 = LINE('',#10130,#10131);
#10130 = CARTESIAN_POINT('',(16.5,-9.5,15.5));
#10131 = VECTOR('',#10132,1.);
#10132 = DIRECTION('',(-0.,-0.,-1.));
#10133 = PCURVE('',#8575,#10134);
#10134 = DEFINITIONAL_REPRESENTATION('',(#10135),#10139);
#10135 = LINE('',#10136,#10137);
#10136 = CARTESIAN_POINT('',(6.28318530718,0.));
#10137 = VECTOR('',#10138,1.);
#10138 = DIRECTION('',(0.,-1.));
#10139 = ( GEOMETRIC_REPRESENTATION_CONTEXT(2) 
PARAMETRIC_REPRESENTATION_CONTEXT() REPRESENTATION_CONTEXT('2D SPACE',''
  ) );
#10140 = PCURVE('',#8575,#10141);
#10141 = DEFINITIONAL_REPRESENTATION('',(#10142),#10146);
#10142 = LINE('',#10143,#10144);
#10143 = CARTESIAN_POINT('',(0.,0.));
#10144 = VECTOR('',#10145,1.);
#10145 = DIRECTION('',(0.,-1.));
#10146 = ( GEOMETRIC_REPRESENTATION_CONTEXT(2) 
PARAMETRIC_REPRESENTATION_CONTEXT() REPRESENTATION_CONTEXT('2D SPACE',''
  ) );
#10147 = ORIENTED_EDGE('',*,*,#10148,.F.);
#10148 = EDGE_CURVE('',#10126,#10126,#10149,.T.);
#10149 = SURFACE_CURVE('',#10150,(#10155,#10162),.PCURVE_S1.);
#10150 = CIRCLE('',#10151,1.5);
#10151 = AXIS2_PLACEMENT_3D('',#10152,#10153,#10154);
#10152 = CARTESIAN_POINT('',(15.,-9.5,15.));
#10153 = DIRECTION('',(0.,0.,1.));
#10154 = DIRECTION('',(1.,0.,-0.));
#10155 = PCURVE('',#8575,#10156);
#10156 = DEFINITIONAL_REPRESENTATION('',(#10157),#10161);
#10157 = LINE('',#10158,#10159);
#10158 = CARTESIAN_POINT('',(0.,-0.5));
#10159 = VECTOR('',#10160,1.);
#10160 = DIRECTION('',(1.,0.));
#10161 = ( GEOMETRIC_REPRESENTATION_CONTEXT(2) 
PARAMETRIC_REPRESENTATION_CONTEXT() REPRESENTATION_CONTEXT('2D SPACE',''
  ) );
#10162 = PCURVE('',#9986,#10163);
#10163 = DEFINITIONAL_REPRESENTATION('',(#10164),#10168);
#10164 = LINE('',#10165,#10166);
#10165 = CARTESIAN_POINT('',(0.,-0.));
#10166 = VECTOR('',#10167,1.);
#10167 = DIRECTION('',(1.,-0.));
#10168 = ( GEOMETRIC_REPRESENTATION_CONTEXT(2) 
PARAMETRIC_REPRESENTATION_CONTEXT() REPRESENTATION_CONTEXT('2D SPACE',''
  ) );
#10169 = ORIENTED_EDGE('',*,*,#10125,.T.);
#10170 = ORIENTED_EDGE('',*,*,#8558,.T.);
#10171 = ORIENTED_EDGE('',*,*,#8613,.T.);
#10172 = ORIENTED_EDGE('',*,*,#8587,.T.);
#10173 = ADVANCED_FACE('',(#10174),#9496,.F.);
#10174 = FACE_BOUND('',#10175,.F.);
#10175 = EDGE_LOOP('',(#10176,#10199,#10221,#10222,#10223,#10224,#10225,
    #10226));
#10176 = ORIENTED_EDGE('',*,*,#10177,.F.);
#10177 = EDGE_CURVE('',#10178,#9808,#10180,.T.);
#10178 = VERTEX_POINT('',#10179);
#10179 = CARTESIAN_POINT('',(24.5,0.,15.));
#10180 = SEAM_CURVE('',#10181,(#10185,#10192),.PCURVE_S1.);
#10181 = LINE('',#10182,#10183);
#10182 = CARTESIAN_POINT('',(24.5,0.,15.5));
#10183 = VECTOR('',#10184,1.);
#10184 = DIRECTION('',(-0.,-0.,-1.));
#10185 = PCURVE('',#9496,#10186);
#10186 = DEFINITIONAL_REPRESENTATION('',(#10187),#10191);
#10187 = LINE('',#10188,#10189);
#10188 = CARTESIAN_POINT('',(6.28318530718,0.));
#10189 = VECTOR('',#10190,1.);
#10190 = DIRECTION('',(0.,-1.));
#10191 = ( GEOMETRIC_REPRESENTATION_CONTEXT(2) 
PARAMETRIC_REPRESENTATION_CONTEXT() REPRESENTATION_CONTEXT('2D SPACE',''
  ) );
#10192 = PCURVE('',#9496,#10193);
#10193 = DEFINITIONAL_REPRESENTATION('',(#10194),#10198);
#10194 = LINE('',#10195,#10196);
#10195 = CARTESIAN_POINT('',(0.,0.));
#10196 = VECTOR('',#10197,1.);
#10197 = DIRECTION('',(0.,-1.));
#10198 = ( GEOMETRIC_REPRESENTATION_CONTEXT(2) 
PARAMETRIC_REPRESENTATION_CONTEXT() REPRESENTATION_CONTEXT('2D SPACE',''
  ) );
#10199 = ORIENTED_EDGE('',*,*,#10200,.F.);
#10200 = EDGE_CURVE('',#10178,#10178,#10201,.T.);
#10201 = SURFACE_CURVE('',#10202,(#10207,#10214),.PCURVE_S1.);
#10202 = CIRCLE('',#10203,1.5);
#10203 = AXIS2_PLACEMENT_3D('',#10204,#10205,#10206);
#10204 = CARTESIAN_POINT('',(23.,0.,15.));
#10205 = DIRECTION('',(0.,0.,1.));
#10206 = DIRECTION('',(1.,0.,-0.));
#10207 = PCURVE('',#9496,#10208);
#10208 = DEFINITIONAL_REPRESENTATION('',(#10209),#10213);
#10209 = LINE('',#10210,#10211);
#10210 = CARTESIAN_POINT('',(0.,-0.5));
#10211 = VECTOR('',#10212,1.);
#10212 = DIRECTION('',(1.,0.));
#10213 = ( GEOMETRIC_REPRESENTATION_CONTEXT(2) 
PARAMETRIC_REPRESENTATION_CONTEXT() REPRESENTATION_CONTEXT('2D SPACE',''
  ) );
#10214 = PCURVE('',#10079,#10215);
#10215 = DEFINITIONAL_REPRESENTATION('',(#10216),#10220);
#10216 = LINE('',#10217,#10218);
#10217 = CARTESIAN_POINT('',(0.,-0.));
#10218 = VECTOR('',#10219,1.);
#10219 = DIRECTION('',(1.,-0.));
#10220 = ( GEOMETRIC_REPRESENTATION_CONTEXT(2) 
PARAMETRIC_REPRESENTATION_CONTEXT() REPRESENTATION_CONTEXT('2D SPACE',''
  ) );
#10221 = ORIENTED_EDGE('',*,*,#10177,.T.);
#10222 = ORIENTED_EDGE('',*,*,#9831,.T.);
#10223 = ORIENTED_EDGE('',*,*,#9481,.T.);
#10224 = ORIENTED_EDGE('',*,*,#9854,.T.);
#10225 = ORIENTED_EDGE('',*,*,#9542,.T.);
#10226 = ORIENTED_EDGE('',*,*,#9807,.T.);
#10227 = ADVANCED_FACE('',(#10228),#9468,.F.);
#10228 = FACE_BOUND('',#10229,.F.);
#10229 = EDGE_LOOP('',(#10230,#10253,#10275,#10276,#10277,#10278,#10279,
    #10280));
#10230 = ORIENTED_EDGE('',*,*,#10231,.F.);
#10231 = EDGE_CURVE('',#10232,#9735,#10234,.T.);
#10232 = VERTEX_POINT('',#10233);
#10233 = CARTESIAN_POINT('',(8.5,0.,15.));
#10234 = SEAM_CURVE('',#10235,(#10239,#10246),.PCURVE_S1.);
#10235 = LINE('',#10236,#10237);
#10236 = CARTESIAN_POINT('',(8.5,0.,15.5));
#10237 = VECTOR('',#10238,1.);
#10238 = DIRECTION('',(-0.,-0.,-1.));
#10239 = PCURVE('',#9468,#10240);
#10240 = DEFINITIONAL_REPRESENTATION('',(#10241),#10245);
#10241 = LINE('',#10242,#10243);
#10242 = CARTESIAN_POINT('',(6.28318530718,0.));
#10243 = VECTOR('',#10244,1.);
#10244 = DIRECTION('',(0.,-1.));
#10245 = ( GEOMETRIC_REPRESENTATION_CONTEXT(2) 
PARAMETRIC_REPRESENTATION_CONTEXT() REPRESENTATION_CONTEXT('2D SPACE',''
  ) );
#10246 = PCURVE('',#9468,#10247);
#10247 = DEFINITIONAL_REPRESENTATION('',(#10248),#10252);
#10248 = LINE('',#10249,#10250);
#10249 = CARTESIAN_POINT('',(0.,0.));
#10250 = VECTOR('',#10251,1.);
#10251 = DIRECTION('',(0.,-1.));
#10252 = ( GEOMETRIC_REPRESENTATION_CONTEXT(2) 
PARAMETRIC_REPRESENTATION_CONTEXT() REPRESENTATION_CONTEXT('2D SPACE',''
  ) );
#10253 = ORIENTED_EDGE('',*,*,#10254,.F.);
#10254 = EDGE_CURVE('',#10232,#10232,#10255,.T.);
#10255 = SURFACE_CURVE('',#10256,(#10261,#10268),.PCURVE_S1.);
#10256 = CIRCLE('',#10257,1.5);
#10257 = AXIS2_PLACEMENT_3D('',#10258,#10259,#10260);
#10258 = CARTESIAN_POINT('',(7.,0.,15.));
#10259 = DIRECTION('',(0.,0.,1.));
#10260 = DIRECTION('',(1.,0.,-0.));
#10261 = PCURVE('',#9468,#10262);
#10262 = DEFINITIONAL_REPRESENTATION('',(#10263),#10267);
#10263 = LINE('',#10264,#10265);
#10264 = CARTESIAN_POINT('',(0.,-0.5));
#10265 = VECTOR('',#10266,1.);
#10266 = DIRECTION('',(1.,0.));
#10267 = ( GEOMETRIC_REPRESENTATION_CONTEXT(2) 
PARAMETRIC_REPRESENTATION_CONTEXT() REPRESENTATION_CONTEXT('2D SPACE',''
  ) );
#10268 = PCURVE('',#10017,#10269);
#10269 = DEFINITIONAL_REPRESENTATION('',(#10270),#10274);
#10270 = LINE('',#10271,#10272);
#10271 = CARTESIAN_POINT('',(0.,-0.));
#10272 = VECTOR('',#10273,1.);
#10273 = DIRECTION('',(1.,-0.));
#10274 = ( GEOMETRIC_REPRESENTATION_CONTEXT(2) 
PARAMETRIC_REPRESENTATION_CONTEXT() REPRESENTATION_CONTEXT('2D SPACE',''
  ) );
#10275 = ORIENTED_EDGE('',*,*,#10231,.T.);
#10276 = ORIENTED_EDGE('',*,*,#9758,.T.);
#10277 = ORIENTED_EDGE('',*,*,#9453,.T.);
#10278 = ORIENTED_EDGE('',*,*,#9781,.T.);
#10279 = ORIENTED_EDGE('',*,*,#9565,.T.);
#10280 = ORIENTED_EDGE('',*,*,#9734,.T.);
#10281 = ADVANCED_FACE('',(#10282),#9642,.F.);
#10282 = FACE_BOUND('',#10283,.F.);
#10283 = EDGE_LOOP('',(#10284,#10307,#10329,#10330,#10331,#10332));
#10284 = ORIENTED_EDGE('',*,*,#10285,.F.);
#10285 = EDGE_CURVE('',#10286,#9626,#10288,.T.);
#10286 = VERTEX_POINT('',#10287);
#10287 = CARTESIAN_POINT('',(16.5,9.5,15.));
#10288 = SEAM_CURVE('',#10289,(#10293,#10300),.PCURVE_S1.);
#10289 = LINE('',#10290,#10291);
#10290 = CARTESIAN_POINT('',(16.5,9.5,15.5));
#10291 = VECTOR('',#10292,1.);
#10292 = DIRECTION('',(-0.,-0.,-1.));
#10293 = PCURVE('',#9642,#10294);
#10294 = DEFINITIONAL_REPRESENTATION('',(#10295),#10299);
#10295 = LINE('',#10296,#10297);
#10296 = CARTESIAN_POINT('',(6.28318530718,0.));
#10297 = VECTOR('',#10298,1.);
#10298 = DIRECTION('',(0.,-1.));
#10299 = ( GEOMETRIC_REPRESENTATION_CONTEXT(2) 
PARAMETRIC_REPRESENTATION_CONTEXT() REPRESENTATION_CONTEXT('2D SPACE',''
  ) );
#10300 = PCURVE('',#9642,#10301);
#10301 = DEFINITIONAL_REPRESENTATION('',(#10302),#10306);
#10302 = LINE('',#10303,#10304);
#10303 = CARTESIAN_POINT('',(0.,0.));
#10304 = VECTOR('',#10305,1.);
#10305 = DIRECTION('',(0.,-1.));
#10306 = ( GEOMETRIC_REPRESENTATION_CONTEXT(2) 
PARAMETRIC_REPRESENTATION_CONTEXT() REPRESENTATION_CONTEXT('2D SPACE',''
  ) );
#10307 = ORIENTED_EDGE('',*,*,#10308,.F.);
#10308 = EDGE_CURVE('',#10286,#10286,#10309,.T.);
#10309 = SURFACE_CURVE('',#10310,(#10315,#10322),.PCURVE_S1.);
#10310 = CIRCLE('',#10311,1.5);
#10311 = AXIS2_PLACEMENT_3D('',#10312,#10313,#10314);
#10312 = CARTESIAN_POINT('',(15.,9.5,15.));
#10313 = DIRECTION('',(0.,0.,1.));
#10314 = DIRECTION('',(1.,0.,-0.));
#10315 = PCURVE('',#9642,#10316);
#10316 = DEFINITIONAL_REPRESENTATION('',(#10317),#10321);
#10317 = LINE('',#10318,#10319);
#10318 = CARTESIAN_POINT('',(0.,-0.5));
#10319 = VECTOR('',#10320,1.);
#10320 = DIRECTION('',(1.,0.));
#10321 = ( GEOMETRIC_REPRESENTATION_CONTEXT(2) 
PARAMETRIC_REPRESENTATION_CONTEXT() REPRESENTATION_CONTEXT('2D SPACE',''
  ) );
#10322 = PCURVE('',#10110,#10323);
#10323 = DEFINITIONAL_REPRESENTATION('',(#10324),#10328);
#10324 = LINE('',#10325,#10326);
#10325 = CARTESIAN_POINT('',(0.,-0.));
#10326 = VECTOR('',#10327,1.);
#10327 = DIRECTION('',(1.,-0.));
#10328 = ( GEOMETRIC_REPRESENTATION_CONTEXT(2) 
PARAMETRIC_REPRESENTATION_CONTEXT() REPRESENTATION_CONTEXT('2D SPACE',''
  ) );
#10329 = ORIENTED_EDGE('',*,*,#10285,.T.);
#10330 = ORIENTED_EDGE('',*,*,#9625,.T.);
#10331 = ORIENTED_EDGE('',*,*,#9680,.T.);
#10332 = ORIENTED_EDGE('',*,*,#9654,.T.);
#10333 = ADVANCED_FACE('',(#10334),#9986,.F.);
#10334 = FACE_BOUND('',#10335,.T.);
#10335 = EDGE_LOOP('',(#10336,#10355,#10356,#10357));
#10336 = ORIENTED_EDGE('',*,*,#10337,.F.);
#10337 = EDGE_CURVE('',#9970,#10126,#10338,.T.);
#10338 = SEAM_CURVE('',#10339,(#10343,#10349),.PCURVE_S1.);
#10339 = LINE('',#10340,#10341);
#10340 = CARTESIAN_POINT('',(16.5,-9.5,15.));
#10341 = VECTOR('',#10342,1.);
#10342 = DIRECTION('',(-0.707106781187,-0.,-0.707106781187));
#10343 = PCURVE('',#9986,#10344);
#10344 = DEFINITIONAL_REPRESENTATION('',(#10345),#10348);
#10345 = B_SPLINE_CURVE_WITH_KNOTS('',1,(#10346,#10347),.UNSPECIFIED.,
  .F.,.F.,(2,2),(-0.707106781187,0.),.PIECEWISE_BEZIER_KNOTS.);
#10346 = CARTESIAN_POINT('',(0.,0.5));
#10347 = CARTESIAN_POINT('',(0.,0.));
#10348 = ( GEOMETRIC_REPRESENTATION_CONTEXT(2) 
PARAMETRIC_REPRESENTATION_CONTEXT() REPRESENTATION_CONTEXT('2D SPACE',''
  ) );
#10349 = PCURVE('',#9986,#10350);
#10350 = DEFINITIONAL_REPRESENTATION('',(#10351),#10354);
#10351 = B_SPLINE_CURVE_WITH_KNOTS('',1,(#10352,#10353),.UNSPECIFIED.,
  .F.,.F.,(2,2),(-0.707106781187,0.),.PIECEWISE_BEZIER_KNOTS.);
#10352 = CARTESIAN_POINT('',(6.28318530718,0.5));
#10353 = CARTESIAN_POINT('',(6.28318530718,0.));
#10354 = ( GEOMETRIC_REPRESENTATION_CONTEXT(2) 
PARAMETRIC_REPRESENTATION_CONTEXT() REPRESENTATION_CONTEXT('2D SPACE',''
  ) );
#10355 = ORIENTED_EDGE('',*,*,#9969,.T.);
#10356 = ORIENTED_EDGE('',*,*,#10337,.T.);
#10357 = ORIENTED_EDGE('',*,*,#10148,.F.);
#10358 = ADVANCED_FACE('',(#10359),#10017,.F.);
#10359 = FACE_BOUND('',#10360,.T.);
#10360 = EDGE_LOOP('',(#10361,#10380,#10381,#10382));
#10361 = ORIENTED_EDGE('',*,*,#10362,.F.);
#10362 = EDGE_CURVE('',#10001,#10232,#10363,.T.);
#10363 = SEAM_CURVE('',#10364,(#10368,#10374),.PCURVE_S1.);
#10364 = LINE('',#10365,#10366);
#10365 = CARTESIAN_POINT('',(8.5,0.,15.));
#10366 = VECTOR('',#10367,1.);
#10367 = DIRECTION('',(-0.707106781187,-0.,-0.707106781187));
#10368 = PCURVE('',#10017,#10369);
#10369 = DEFINITIONAL_REPRESENTATION('',(#10370),#10373);
#10370 = B_SPLINE_CURVE_WITH_KNOTS('',1,(#10371,#10372),.UNSPECIFIED.,
  .F.,.F.,(2,2),(-0.707106781187,0.),.PIECEWISE_BEZIER_KNOTS.);
#10371 = CARTESIAN_POINT('',(0.,0.5));
#10372 = CARTESIAN_POINT('',(0.,0.));
#10373 = ( GEOMETRIC_REPRESENTATION_CONTEXT(2) 
PARAMETRIC_REPRESENTATION_CONTEXT() REPRESENTATION_CONTEXT('2D SPACE',''
  ) );
#10374 = PCURVE('',#10017,#10375);
#10375 = DEFINITIONAL_REPRESENTATION('',(#10376),#10379);
#10376 = B_SPLINE_CURVE_WITH_KNOTS('',1,(#10377,#10378),.UNSPECIFIED.,
  .F.,.F.,(2,2),(-0.707106781187,0.),.PIECEWISE_BEZIER_KNOTS.);
#10377 = CARTESIAN_POINT('',(6.28318530718,0.5));
#10378 = CARTESIAN_POINT('',(6.28318530718,0.));
#10379 = ( GEOMETRIC_REPRESENTATION_CONTEXT(2) 
PARAMETRIC_REPRESENTATION_CONTEXT() REPRESENTATION_CONTEXT('2D SPACE',''
  ) );
#10380 = ORIENTED_EDGE('',*,*,#10000,.T.);
#10381 = ORIENTED_EDGE('',*,*,#10362,.T.);
#10382 = ORIENTED_EDGE('',*,*,#10254,.F.);
#10383 = ADVANCED_FACE('',(#10384),#10048,.F.);
#10384 = FACE_BOUND('',#10385,.T.);
#10385 = EDGE_LOOP('',(#10386,#10407,#10408,#10409));
#10386 = ORIENTED_EDGE('',*,*,#10387,.F.);
#10387 = EDGE_CURVE('',#10032,#10388,#10390,.T.);
#10388 = VERTEX_POINT('',#10389);
#10389 = CARTESIAN_POINT('',(18.5,0.,15.));
#10390 = SEAM_CURVE('',#10391,(#10395,#10401),.PCURVE_S1.);
#10391 = LINE('',#10392,#10393);
#10392 = CARTESIAN_POINT('',(18.5,0.,15.));
#10393 = VECTOR('',#10394,1.);
#10394 = DIRECTION('',(-0.707106781187,-0.,-0.707106781187));
#10395 = PCURVE('',#10048,#10396);
#10396 = DEFINITIONAL_REPRESENTATION('',(#10397),#10400);
#10397 = B_SPLINE_CURVE_WITH_KNOTS('',1,(#10398,#10399),.UNSPECIFIED.,
  .F.,.F.,(2,2),(-0.707106781187,0.),.PIECEWISE_BEZIER_KNOTS.);
#10398 = CARTESIAN_POINT('',(0.,0.5));
#10399 = CARTESIAN_POINT('',(0.,0.));
#10400 = ( GEOMETRIC_REPRESENTATION_CONTEXT(2) 
PARAMETRIC_REPRESENTATION_CONTEXT() REPRESENTATION_CONTEXT('2D SPACE',''
  ) );
#10401 = PCURVE('',#10048,#10402);
#10402 = DEFINITIONAL_REPRESENTATION('',(#10403),#10406);
#10403 = B_SPLINE_CURVE_WITH_KNOTS('',1,(#10404,#10405),.UNSPECIFIED.,
  .F.,.F.,(2,2),(-0.707106781187,0.),.PIECEWISE_BEZIER_KNOTS.);
#10404 = CARTESIAN_POINT('',(6.28318530718,0.5));
#10405 = CARTESIAN_POINT('',(6.28318530718,0.));
#10406 = ( GEOMETRIC_REPRESENTATION_CONTEXT(2) 
PARAMETRIC_REPRESENTATION_CONTEXT() REPRESENTATION_CONTEXT('2D SPACE',''
  ) );
#10407 = ORIENTED_EDGE('',*,*,#10031,.T.);
#10408 = ORIENTED_EDGE('',*,*,#10387,.T.);
#10409 = ORIENTED_EDGE('',*,*,#10410,.F.);
#10410 = EDGE_CURVE('',#10388,#10388,#10411,.T.);
#10411 = SURFACE_CURVE('',#10412,(#10417,#10424),.PCURVE_S1.);
#10412 = CIRCLE('',#10413,3.5);
#10413 = AXIS2_PLACEMENT_3D('',#10414,#10415,#10416);
#10414 = CARTESIAN_POINT('',(15.,0.,15.));
#10415 = DIRECTION('',(0.,0.,1.));
#10416 = DIRECTION('',(1.,0.,-0.));
#10417 = PCURVE('',#10048,#10418);
#10418 = DEFINITIONAL_REPRESENTATION('',(#10419),#10423);
#10419 = LINE('',#10420,#10421);
#10420 = CARTESIAN_POINT('',(0.,-0.));
#10421 = VECTOR('',#10422,1.);
#10422 = DIRECTION('',(1.,-0.));
#10423 = ( GEOMETRIC_REPRESENTATION_CONTEXT(2) 
PARAMETRIC_REPRESENTATION_CONTEXT() REPRESENTATION_CONTEXT('2D SPACE',''
  ) );
#10424 = PCURVE('',#10425,#10430);
#10425 = CYLINDRICAL_SURFACE('',#10426,3.5);
#10426 = AXIS2_PLACEMENT_3D('',#10427,#10428,#10429);
#10427 = CARTESIAN_POINT('',(15.,0.,15.5));
#10428 = DIRECTION('',(0.,0.,1.));
#10429 = DIRECTION('',(1.,0.,0.));
#10430 = DEFINITIONAL_REPRESENTATION('',(#10431),#10435);
#10431 = LINE('',#10432,#10433);
#10432 = CARTESIAN_POINT('',(0.,-0.5));
#10433 = VECTOR('',#10434,1.);
#10434 = DIRECTION('',(1.,0.));
#10435 = ( GEOMETRIC_REPRESENTATION_CONTEXT(2) 
PARAMETRIC_REPRESENTATION_CONTEXT() REPRESENTATION_CONTEXT('2D SPACE',''
  ) );
#10436 = ADVANCED_FACE('',(#10437),#10079,.F.);
#10437 = FACE_BOUND('',#10438,.T.);
#10438 = EDGE_LOOP('',(#10439,#10458,#10459,#10460));
#10439 = ORIENTED_EDGE('',*,*,#10440,.F.);
#10440 = EDGE_CURVE('',#10063,#10178,#10441,.T.);
#10441 = SEAM_CURVE('',#10442,(#10446,#10452),.PCURVE_S1.);
#10442 = LINE('',#10443,#10444);
#10443 = CARTESIAN_POINT('',(24.5,0.,15.));
#10444 = VECTOR('',#10445,1.);
#10445 = DIRECTION('',(-0.707106781187,-0.,-0.707106781187));
#10446 = PCURVE('',#10079,#10447);
#10447 = DEFINITIONAL_REPRESENTATION('',(#10448),#10451);
#10448 = B_SPLINE_CURVE_WITH_KNOTS('',1,(#10449,#10450),.UNSPECIFIED.,
  .F.,.F.,(2,2),(-0.707106781187,0.),.PIECEWISE_BEZIER_KNOTS.);
#10449 = CARTESIAN_POINT('',(0.,0.5));
#10450 = CARTESIAN_POINT('',(0.,0.));
#10451 = ( GEOMETRIC_REPRESENTATION_CONTEXT(2) 
PARAMETRIC_REPRESENTATION_CONTEXT() REPRESENTATION_CONTEXT('2D SPACE',''
  ) );
#10452 = PCURVE('',#10079,#10453);
#10453 = DEFINITIONAL_REPRESENTATION('',(#10454),#10457);
#10454 = B_SPLINE_CURVE_WITH_KNOTS('',1,(#10455,#10456),.UNSPECIFIED.,
  .F.,.F.,(2,2),(-0.707106781187,0.),.PIECEWISE_BEZIER_KNOTS.);
#10455 = CARTESIAN_POINT('',(6.28318530718,0.5));
#10456 = CARTESIAN_POINT('',(6.28318530718,0.));
#10457 = ( GEOMETRIC_REPRESENTATION_CONTEXT(2) 
PARAMETRIC_REPRESENTATION_CONTEXT() REPRESENTATION_CONTEXT('2D SPACE',''
  ) );
#10458 = ORIENTED_EDGE('',*,*,#10062,.T.);
#10459 = ORIENTED_EDGE('',*,*,#10440,.T.);
#10460 = ORIENTED_EDGE('',*,*,#10200,.F.);
#10461 = ADVANCED_FACE('',(#10462),#10110,.F.);
#10462 = FACE_BOUND('',#10463,.T.);
#10463 = EDGE_LOOP('',(#10464,#10483,#10484,#10485));
#10464 = ORIENTED_EDGE('',*,*,#10465,.F.);
#10465 = EDGE_CURVE('',#10094,#10286,#10466,.T.);
#10466 = SEAM_CURVE('',#10467,(#10471,#10477),.PCURVE_S1.);
#10467 = LINE('',#10468,#10469);
#10468 = CARTESIAN_POINT('',(16.5,9.5,15.));
#10469 = VECTOR('',#10470,1.);
#10470 = DIRECTION('',(-0.707106781187,-0.,-0.707106781187));
#10471 = PCURVE('',#10110,#10472);
#10472 = DEFINITIONAL_REPRESENTATION('',(#10473),#10476);
#10473 = B_SPLINE_CURVE_WITH_KNOTS('',1,(#10474,#10475),.UNSPECIFIED.,
  .F.,.F.,(2,2),(-0.707106781187,0.),.PIECEWISE_BEZIER_KNOTS.);
#10474 = CARTESIAN_POINT('',(0.,0.5));
#10475 = CARTESIAN_POINT('',(0.,0.));
#10476 = ( GEOMETRIC_REPRESENTATION_CONTEXT(2) 
PARAMETRIC_REPRESENTATION_CONTEXT() REPRESENTATION_CONTEXT('2D SPACE',''
  ) );
#10477 = PCURVE('',#10110,#10478);
#10478 = DEFINITIONAL_REPRESENTATION('',(#10479),#10482);
#10479 = B_SPLINE_CURVE_WITH_KNOTS('',1,(#10480,#10481),.UNSPECIFIED.,
  .F.,.F.,(2,2),(-0.707106781187,0.),.PIECEWISE_BEZIER_KNOTS.);
#10480 = CARTESIAN_POINT('',(6.28318530718,0.5));
#10481 = CARTESIAN_POINT('',(6.28318530718,0.));
#10482 = ( GEOMETRIC_REPRESENTATION_CONTEXT(2) 
PARAMETRIC_REPRESENTATION_CONTEXT() REPRESENTATION_CONTEXT('2D SPACE',''
  ) );
#10483 = ORIENTED_EDGE('',*,*,#10093,.T.);
#10484 = ORIENTED_EDGE('',*,*,#10465,.T.);
#10485 = ORIENTED_EDGE('',*,*,#10308,.F.);
#10486 = ADVANCED_FACE('',(#10487),#10425,.F.);
#10487 = FACE_BOUND('',#10488,.F.);
#10488 = EDGE_LOOP('',(#10489,#10512,#10539,#10540));
#10489 = ORIENTED_EDGE('',*,*,#10490,.T.);
#10490 = EDGE_CURVE('',#10388,#10491,#10493,.T.);
#10491 = VERTEX_POINT('',#10492);
#10492 = CARTESIAN_POINT('',(18.5,0.,14.5));
#10493 = SEAM_CURVE('',#10494,(#10498,#10505),.PCURVE_S1.);
#10494 = LINE('',#10495,#10496);
#10495 = CARTESIAN_POINT('',(18.5,0.,15.5));
#10496 = VECTOR('',#10497,1.);
#10497 = DIRECTION('',(-0.,-0.,-1.));
#10498 = PCURVE('',#10425,#10499);
#10499 = DEFINITIONAL_REPRESENTATION('',(#10500),#10504);
#10500 = LINE('',#10501,#10502);
#10501 = CARTESIAN_POINT('',(0.,0.));
#10502 = VECTOR('',#10503,1.);
#10503 = DIRECTION('',(0.,-1.));
#10504 = ( GEOMETRIC_REPRESENTATION_CONTEXT(2) 
PARAMETRIC_REPRESENTATION_CONTEXT() REPRESENTATION_CONTEXT('2D SPACE',''
  ) );
#10505 = PCURVE('',#10425,#10506);
#10506 = DEFINITIONAL_REPRESENTATION('',(#10507),#10511);
#10507 = LINE('',#10508,#10509);
#10508 = CARTESIAN_POINT('',(6.28318530718,0.));
#10509 = VECTOR('',#10510,1.);
#10510 = DIRECTION('',(0.,-1.));
#10511 = ( GEOMETRIC_REPRESENTATION_CONTEXT(2) 
PARAMETRIC_REPRESENTATION_CONTEXT() REPRESENTATION_CONTEXT('2D SPACE',''
  ) );
#10512 = ORIENTED_EDGE('',*,*,#10513,.T.);
#10513 = EDGE_CURVE('',#10491,#10491,#10514,.T.);
#10514 = SURFACE_CURVE('',#10515,(#10520,#10527),.PCURVE_S1.);
#10515 = CIRCLE('',#10516,3.5);
#10516 = AXIS2_PLACEMENT_3D('',#10517,#10518,#10519);
#10517 = CARTESIAN_POINT('',(15.,0.,14.5));
#10518 = DIRECTION('',(0.,0.,1.));
#10519 = DIRECTION('',(1.,0.,0.));
#10520 = PCURVE('',#10425,#10521);
#10521 = DEFINITIONAL_REPRESENTATION('',(#10522),#10526);
#10522 = LINE('',#10523,#10524);
#10523 = CARTESIAN_POINT('',(0.,-1.));
#10524 = VECTOR('',#10525,1.);
#10525 = DIRECTION('',(1.,0.));
#10526 = ( GEOMETRIC_REPRESENTATION_CONTEXT(2) 
PARAMETRIC_REPRESENTATION_CONTEXT() REPRESENTATION_CONTEXT('2D SPACE',''
  ) );
#10527 = PCURVE('',#10528,#10533);
#10528 = PLANE('',#10529);
#10529 = AXIS2_PLACEMENT_3D('',#10530,#10531,#10532);
#10530 = CARTESIAN_POINT('',(15.,-1.428754599005E-16,14.5));
#10531 = DIRECTION('',(0.,0.,1.));
#10532 = DIRECTION('',(1.,0.,0.));
#10533 = DEFINITIONAL_REPRESENTATION('',(#10534),#10538);
#10534 = CIRCLE('',#10535,3.5);
#10535 = AXIS2_PLACEMENT_2D('',#10536,#10537);
#10536 = CARTESIAN_POINT('',(1.953485903628E-16,1.428754599005E-16));
#10537 = DIRECTION('',(1.,0.));
#10538 = ( GEOMETRIC_REPRESENTATION_CONTEXT(2) 
PARAMETRIC_REPRESENTATION_CONTEXT() REPRESENTATION_CONTEXT('2D SPACE',''
  ) );
#10539 = ORIENTED_EDGE('',*,*,#10490,.F.);
#10540 = ORIENTED_EDGE('',*,*,#10410,.F.);
#10541 = ADVANCED_FACE('',(#10542),#10528,.T.);
#10542 = FACE_BOUND('',#10543,.T.);
#10543 = EDGE_LOOP('',(#10544));
#10544 = ORIENTED_EDGE('',*,*,#10513,.T.);
#10545 = ( GEOMETRIC_REPRESENTATION_CONTEXT(3) 
GLOBAL_UNCERTAINTY_ASSIGNED_CONTEXT((#10549)) 
GLOBAL_UNIT_ASSIGNED_CONTEXT((#10546,#10547,#10548)) 
REPRESENTATION_CONTEXT('Context #1',
  '3D Context with UNIT and UNCERTAINTY') );
#10546 = ( LENGTH_UNIT() NAMED_UNIT(*) SI_UNIT(.MILLI.,.METRE.) );
#10547 = ( NAMED_UNIT(*) PLANE_ANGLE_UNIT() SI_UNIT($,.RADIAN.) );
#10548 = ( NAMED_UNIT(*) SI_UNIT($,.STERADIAN.) SOLID_ANGLE_UNIT() );
#10549 = UNCERTAINTY_MEASURE_WITH_UNIT(LENGTH_MEASURE(2.E-06),#10546,
  'distance_accuracy_value','confusion accuracy');
#10550 = PRODUCT_RELATED_PRODUCT_CATEGORY('part',$,(#7));
ENDSEC;
END-ISO-10303-21;
