ISO-10303-21;
HEADER;
FILE_DESCRIPTION(('Open CASCADE Model'),'2;1');
FILE_NAME('Open CASCADE Shape Model','2026-08-21T11:44:02',('Author'),(
    'Open CASCADE'),'Open CASCADE STEP processor 7.9','build123d',
  'Unknown');
FILE_SCHEMA(('AUTOMOTIVE_DESIGN { 1 0 10303 214 1 1 1 1 }'));
ENDSEC;
DATA;
#1 = APPLICATION_PROTOCOL_DEFINITION('international standard',
  'automotive_design',2000,#2);
#2 = APPLICATION_CONTEXT(
  'core data for automotive mechanical design processes');
#3 = SHAPE_DEFINITION_REPRESENTATION(#4,#10);
#4 = PRODUCT_DEFINITION_SHAPE('','',#5);
#5 = PRODUCT_DEFINITION('design','',#6,#9);
#6 = PRODUCT_DEFINITION_FORMATION('','',#7);
#7 = PRODUCT('COMPOUND','COMPOUND','',(#8));
#8 = PRODUCT_CONTEXT('',#2,'mechanical');
#9 = PRODUCT_DEFINITION_CONTEXT('part definition',#2,'design');
#10 = ADVANCED_BREP_SHAPE_REPRESENTATION('',(#11,#15),#5298);
#11 = AXIS2_PLACEMENT_3D('',#12,#13,#14);
#12 = CARTESIAN_POINT('',(0.,0.,0.));
#13 = DIRECTION('',(0.,0.,1.));
#14 = DIRECTION('',(1.,0.,-0.));
#15 = MANIFOLD_SOLID_BREP('',#16);
#16 = CLOSED_SHELL('',(#17,#487,#1062,#1136,#1268,#1443,#2734,#2766,
    #2773,#2819,#2824,#3402,#3513,#4178,#4207,#4864,#4938,#5070,#5181,
    #5189,#5221,#5253,#5259,#5291));
#17 = ADVANCED_FACE('',(#18),#42,.F.);
#18 = FACE_BOUND('',#19,.F.);
#19 = EDGE_LOOP('',(#20,#175,#308,#356));
#20 = ORIENTED_EDGE('',*,*,#21,.T.);
#21 = EDGE_CURVE('',#22,#24,#26,.T.);
#22 = VERTEX_POINT('',#23);
#23 = CARTESIAN_POINT('',(-3.950394052511,4.837837431779E-16,
    10.266176836091));
#24 = VERTEX_POINT('',#25);
#25 = CARTESIAN_POINT('',(-1.253618010632,1.535239284074E-16,
    0.822544868188));
#26 = SURFACE_CURVE('',#27,(#41,#153),.PCURVE_S1.);
#27 = B_SPLINE_CURVE_WITH_KNOTS('',12,(#28,#29,#30,#31,#32,#33,#34,#35,
    #36,#37,#38,#39,#40),.UNSPECIFIED.,.F.,.F.,(13,13),(0.,1.),
  .PIECEWISE_BEZIER_KNOTS.);
#28 = CARTESIAN_POINT('',(-3.950394052511,4.837837431779E-16,
    10.266176836091));
#29 = CARTESIAN_POINT('',(-4.050308081529,4.960196827605E-16,
    10.227730217423));
#30 = CARTESIAN_POINT('',(-4.086442084027,5.004448218105E-16,
    10.023533762255));
#31 = CARTESIAN_POINT('',(-4.056860454558,4.968221170262E-16,
    9.654332919001));
#32 = CARTESIAN_POINT('',(-3.961137464211,4.850994316528E-16,
    9.124796492189));
#33 = CARTESIAN_POINT('',(-3.80041532963,4.654166468862E-16,
    8.443497546989));
#34 = CARTESIAN_POINT('',(-3.577403732794,4.381056030624E-16,
    7.622740673057));
#35 = CARTESIAN_POINT('',(-3.296318939809,4.036826438606E-16,
    6.678241289928));
#36 = CARTESIAN_POINT('',(-2.962764216634,3.628339714529E-16,
    5.628670239842));
#37 = CARTESIAN_POINT('',(-2.583556789382,3.163944552532E-16,
    4.495084477596));
#38 = CARTESIAN_POINT('',(-2.166510146477,2.653209716203E-16,
    3.300272230678));
#39 = CARTESIAN_POINT('',(-1.720184029677,2.106617865888E-16,
    2.068048566618));
#40 = CARTESIAN_POINT('',(-1.253618010632,1.535239284074E-16,
    0.822544868188));
#41 = PCURVE('',#42,#147);
#42 = ( BOUNDED_SURFACE() B_SPLINE_SURFACE(12,7,(
    (#43,#44,#45,#46,#47,#48,#49,#50)
    ,(#51,#52,#53,#54,#55,#56,#57,#58)
    ,(#59,#60,#61,#62,#63,#64,#65,#66)
    ,(#67,#68,#69,#70,#71,#72,#73,#74)
    ,(#75,#76,#77,#78,#79,#80,#81,#82)
    ,(#83,#84,#85,#86,#87,#88,#89,#90)
    ,(#91,#92,#93,#94,#95,#96,#97,#98)
    ,(#99,#100,#101,#102,#103,#104,#105,#106)
    ,(#107,#108,#109,#110,#111,#112,#113,#114)
    ,(#115,#116,#117,#118,#119,#120,#121,#122)
    ,(#123,#124,#125,#126,#127,#128,#129,#130)
    ,(#131,#132,#133,#134,#135,#136,#137,#138)
    ,(#139,#140,#141,#142,#143,#144,#145,#146
)),.UNSPECIFIED.,.F.,.F.,.F.) B_SPLINE_SURFACE_WITH_KNOTS((13,13),(8,8),
  (0.,1.),(0.,1.),.PIECEWISE_BEZIER_KNOTS.) 
GEOMETRIC_REPRESENTATION_ITEM() RATIONAL_B_SPLINE_SURFACE((
    (1.,1.,1.,1.,1.,1.,1.,1.)
    ,(1.,1.,1.,1.,1.,1.,1.,1.)
    ,(1.,1.,1.,1.,1.,1.,1.,1.)
    ,(1.,1.,1.,1.,1.,1.,1.,1.)
    ,(1.,1.,1.,1.,1.,1.,1.,1.)
    ,(1.,1.,1.,1.,1.,1.,1.,1.)
    ,(1.,1.,1.,1.,1.,1.,1.,1.)
    ,(1.,1.,1.,1.,1.,1.,1.,1.)
    ,(1.,1.,1.,1.,1.,1.,1.,1.)
    ,(1.,1.,1.,1.,1.,1.,1.,1.)
    ,(1.,1.,1.,1.,1.,1.,1.,1.)
    ,(1.,1.,1.,1.,1.,1.,1.,1.)
,(1.,1.,1.,1.,1.,1.,1.,1.))) REPRESENTATION_ITEM('') SURFACE() );
#43 = CARTESIAN_POINT('',(-3.950394052511,4.837837431779E-16,
    10.266176836091));
#44 = CARTESIAN_POINT('',(6.919558945947,-19.57207579811,11.777069355762
    ));
#45 = CARTESIAN_POINT('',(-78.77662621672,-29.90633993933,3.9771848268)
  );
#46 = CARTESIAN_POINT('',(124.37413917631,-59.68186201217,
    -16.44309530244));
#47 = CARTESIAN_POINT('',(-119.9948538281,-66.66822926581,
    21.896169124754));
#48 = CARTESIAN_POINT('',(68.514962254914,-92.7784438658,-12.81490995699
    ));
#49 = CARTESIAN_POINT('',(-23.04995519891,-107.783209905,5.146310427149)
  );
#50 = CARTESIAN_POINT('',(-1.008614056129,-127.,0.661788765648));
#51 = CARTESIAN_POINT('',(-4.050308081529,4.960196827605E-16,
    10.227730217423));
#52 = CARTESIAN_POINT('',(6.824820488883,-19.57207579811,11.425795444579
    ));
#53 = CARTESIAN_POINT('',(-79.09182836872,-29.90633993933,6.116443009139
    ));
#54 = CARTESIAN_POINT('',(126.32078559595,-59.68186201217,
    -20.46428418107));
#55 = CARTESIAN_POINT('',(-122.044235414,-66.66822926581,25.828240449746
    ));
#56 = CARTESIAN_POINT('',(69.941124277045,-92.7784438658,-15.18532839186
    ));
#57 = CARTESIAN_POINT('',(-23.4221880766,-107.783209905,5.892394007678)
  );
#58 = CARTESIAN_POINT('',(-0.944880498506,-127.,0.65852507663));
#59 = CARTESIAN_POINT('',(-4.086442084027,5.004448218105E-16,
    10.023533762255));
#60 = CARTESIAN_POINT('',(6.566297195459,-19.57207579812,10.918540935197
    ));
#61 = CARTESIAN_POINT('',(-77.74986125801,-29.90633993932,7.938678182475
    ));
#62 = CARTESIAN_POINT('',(125.34462351851,-59.68186201218,
    -23.61978954607));
#63 = CARTESIAN_POINT('',(-121.2651826234,-66.66822926579,
    28.822117794098));
#64 = CARTESIAN_POINT('',(69.690269607227,-92.77844386581,
    -16.97430764268));
#65 = CARTESIAN_POINT('',(-23.26254822631,-107.783209905,6.450587520012)
  );
#66 = CARTESIAN_POINT('',(-0.881018545505,-127.,0.655177150914));
#67 = CARTESIAN_POINT('',(-4.056860454558,4.968221170262E-16,
    9.654332919001));
#68 = CARTESIAN_POINT('',(6.15024520032,-19.57207579812,10.260469400564)
  );
#69 = CARTESIAN_POINT('',(-74.77734822229,-29.90633993931,9.414658457637
    ));
#70 = CARTESIAN_POINT('',(121.4858042446,-59.68186201221,-25.86130345764
    ));
#71 = CARTESIAN_POINT('',(-117.6942824876,-66.66822926575,
    30.832080149993));
#72 = CARTESIAN_POINT('',(67.783490579858,-92.77844386584,
    -18.15498211743));
#73 = CARTESIAN_POINT('',(-22.57765518393,-107.783209905,6.812407647232)
  );
#74 = CARTESIAN_POINT('',(-0.817037948402,-127.,0.651745487931));
#75 = CARTESIAN_POINT('',(-3.961137464211,4.850994316528E-16,
    9.124796492189));
#76 = CARTESIAN_POINT('',(5.586843284485,-19.57207579812,9.460405794909)
  );
#77 = CARTESIAN_POINT('',(-70.24048188848,-29.90633993933,
    10.522885077805));
#78 = CARTESIAN_POINT('',(114.85450929102,-59.68186201218,
    -27.16157047742));
#79 = CARTESIAN_POINT('',(-111.4359782176,-66.66822926579,
    31.835214451839));
#80 = CARTESIAN_POINT('',(64.282144318582,-92.77844386581,
    -18.71462615628));
#81 = CARTESIAN_POINT('',(-21.38689859599,-107.783209905,6.973938072182)
  );
#82 = CARTESIAN_POINT('',(-0.752948473303,-127.,0.648230602331));
#83 = CARTESIAN_POINT('',(-3.80041532963,4.654166468862E-16,
    8.443497546989));
#84 = CARTESIAN_POINT('',(4.890006744243,-19.57207579811,8.530688793949)
  );
#85 = CARTESIAN_POINT('',(-64.24423319031,-29.90633993934,
    11.250445965613));
#86 = CARTESIAN_POINT('',(105.62973069115,-59.68186201215,
    -27.51579392174));
#87 = CARTESIAN_POINT('',(-102.6614465057,-66.66822926583,
    31.832744146868));
#88 = CARTESIAN_POINT('',(59.28720145201,-92.77844386578,-18.65543383901
    ));
#89 = CARTESIAN_POINT('',(-19.72223369324,-107.783209905,6.936075633824)
  );
#90 = CARTESIAN_POINT('',(-0.688759901149,-127.,0.644633023993));
#91 = CARTESIAN_POINT('',(-3.577403732794,4.381056030624E-16,
    7.622740673057));
#92 = CARTESIAN_POINT('',(4.07704610561,-19.57207579812,7.48687864705));
#93 = CARTESIAN_POINT('',(-56.93000505588,-29.90633993932,
    11.593574005255));
#94 = CARTESIAN_POINT('',(94.055299890808,-59.6818620122,-26.94223025226
    ));
#95 = CARTESIAN_POINT('',(-91.6048091794,-66.66822926577,30.850476461508
    ));
#96 = CARTESIAN_POINT('',(52.93701315114,-92.77844386583,-17.99475202313
    ));
#97 = CARTESIAN_POINT('',(-17.62747514002,-107.783209905,6.704599833204)
  );
#98 = CARTESIAN_POINT('',(-0.62448202771,-127.,0.640953298013));
#99 = CARTESIAN_POINT('',(-3.296318939809,4.036826438606E-16,
    6.678241289928));
#100 = CARTESIAN_POINT('',(3.168186690562,-19.57207579811,6.347333854687
    ));
#101 = CARTESIAN_POINT('',(-48.47182511241,-29.90633993934,
    11.557866280331));
#102 = CARTESIAN_POINT('',(80.433321164192,-59.68186201216,
    -25.48190904874));
#103 = CARTESIAN_POINT('',(-78.55682667873,-66.66822926582,
    28.938312630919));
#104 = CARTESIAN_POINT('',(45.403583088477,-92.77844386579,
    -16.76473476956));
#105 = CARTESIAN_POINT('',(-15.15711660169,-107.783209905,6.290055756976
    ));
#106 = CARTESIAN_POINT('',(-0.56012466359,-127.,0.637191984714));
#107 = CARTESIAN_POINT('',(-2.962764216634,3.628339714529E-16,
    5.628670239842));
#108 = CARTESIAN_POINT('',(2.185970973687,-19.57207579812,5.132675773727
    ));
#109 = CARTESIAN_POINT('',(-39.07124220618,-29.90633993932,
    11.158144110632));
#110 = CARTESIAN_POINT('',(65.115291927284,-59.68186201219,
    -23.19747135605));
#111 = CARTESIAN_POINT('',(-63.85634394039,-66.66822926578,
    26.168823418329));
#112 = CARTESIAN_POINT('',(36.887504115872,-92.77844386582,
    -15.01142287911));
#113 = CARTESIAN_POINT('',(-12.37472660631,-107.783209905,5.707451918092
    ));
#114 = CARTESIAN_POINT('',(-0.495697634224,-127.,0.633349659642));
#115 = CARTESIAN_POINT('',(-2.583556789382,3.163944552532E-16,
    4.495084477596));
#116 = CARTESIAN_POINT('',(1.154571600436,-19.57207579811,3.865166042235
    ));
#117 = CARTESIAN_POINT('',(-28.9511619866,-29.90633993933,
    10.417957353546));
#118 = CARTESIAN_POINT('',(48.491318778386,-59.68186201217,
    -20.1711745449));
#119 = CARTESIAN_POINT('',(-47.87988237492,-66.66822926581,
    22.634950309893));
#120 = CARTESIAN_POINT('',(27.611792654992,-92.7784438658,
    -12.79328782944));
#121 = CARTESIAN_POINT('',(-9.350994511944,-107.783209905,4.975785944918
    ));
#122 = CARTESIAN_POINT('',(-0.431210779879,-127.,0.629426913565));
#123 = CARTESIAN_POINT('',(-2.166510146477,2.653209716203E-16,
    3.300272230678));
#124 = CARTESIAN_POINT('',(9.904887057812E-02,-19.57207579812,
    2.568027504704));
#125 = CARTESIAN_POINT('',(-18.34892725469,-29.90633993932,
    9.368760058198));
#126 = CARTESIAN_POINT('',(30.977964548,-59.68186201218,-16.50216717311)
  );
#127 = CARTESIAN_POINT('',(-31.02989473494,-66.66822926579,
    18.446950830026));
#128 = CARTESIAN_POINT('',(17.81492699132,-92.77844386581,
    -10.17931496814));
#129 = CARTESIAN_POINT('',(-6.161523625142,-107.783209905,4.11742248169)
  );
#130 = CARTESIAN_POINT('',(-0.366673955654,-127.,0.625424352473));
#131 = CARTESIAN_POINT('',(-1.720184029677,2.106617865888E-16,
    2.068048566618));
#132 = CARTESIAN_POINT('',(-0.955407577009,-19.57207579811,
    1.264745107773));
#133 = CARTESIAN_POINT('',(-7.509019226825,-29.90633993934,
    8.048808182915));
#134 = CARTESIAN_POINT('',(13.005388092638,-59.68186201215,
    -12.30319268136));
#135 = CARTESIAN_POINT('',(-13.72232277822,-66.66822926584,
    13.728764481207));
#136 = CARTESIAN_POINT('',(7.743468859449,-92.77844386578,
    -7.246736384119));
#137 = CARTESIAN_POINT('',(-2.884491751034,-107.783209905,3.157359094878
    ));
#138 = CARTESIAN_POINT('',(-0.30209703148,-127.,0.621342597581));
#139 = CARTESIAN_POINT('',(-1.253618010632,1.535239284074E-16,
    0.822544868188));
#140 = CARTESIAN_POINT('',(-1.984207209637,-19.57207579811,
    -2.161097430858E-02));
#141 = CARTESIAN_POINT('',(3.324173684077,-29.90633993933,6.501853709071
    ));
#142 = CARTESIAN_POINT('',(-4.99543498036,-59.68186201218,
    -7.696936104938));
#143 = CARTESIAN_POINT('',(3.625779262004,-66.6682292658,8.614033871538)
  );
#144 = CARTESIAN_POINT('',(-2.355279095576,-92.77844386581,
    -4.078559445575));
#145 = CARTESIAN_POINT('',(0.401677310147,-107.783209905,2.122427411691)
  );
#146 = CARTESIAN_POINT('',(-0.237489892119,-127.,0.617182285327));
#147 = DEFINITIONAL_REPRESENTATION('',(#148),#152);
#148 = LINE('',#149,#150);
#149 = CARTESIAN_POINT('',(0.,0.));
#150 = VECTOR('',#151,1.);
#151 = DIRECTION('',(1.,0.));
#152 = ( GEOMETRIC_REPRESENTATION_CONTEXT(2) 
PARAMETRIC_REPRESENTATION_CONTEXT() REPRESENTATION_CONTEXT('2D SPACE',''
  ) );
#153 = PCURVE('',#154,#159);
#154 = PLANE('',#155);
#155 = AXIS2_PLACEMENT_3D('',#156,#157,#158);
#156 = CARTESIAN_POINT('',(-3.950394052511,4.837837431779E-16,
    10.266176836091));
#157 = DIRECTION('',(-1.224646799147E-16,-1.,0.));
#158 = DIRECTION('',(0.357975044536,-4.38392992466E-17,-0.933731153753)
  );
#159 = DEFINITIONAL_REPRESENTATION('',(#160),#174);
#160 = B_SPLINE_CURVE_WITH_KNOTS('',12,(#161,#162,#163,#164,#165,#166,
    #167,#168,#169,#170,#171,#172,#173),.UNSPECIFIED.,.F.,.F.,(13,13),(
    0.,1.),.PIECEWISE_BEZIER_KNOTS.);
#161 = CARTESIAN_POINT('',(0.,0.));
#162 = CARTESIAN_POINT('',(1.320766192254E-04,-0.107055771621));
#163 = CARTESIAN_POINT('',(0.177861597142,-0.213892450596));
#164 = CARTESIAN_POINT('',(0.533185411607,-0.318435849888));
#165 = CARTESIAN_POINT('',(1.061896512101,-0.418617137642));
#166 = CARTESIAN_POINT('',(1.755581075538,-0.512433893737));
#167 = CARTESIAN_POINT('',(2.601779924694,-0.598011496623));
#168 = CARTESIAN_POINT('',(3.58430976471,-0.673661077306));
#169 = CARTESIAN_POINT('',(4.683731219137,-0.737930884195));
#170 = CARTESIAN_POINT('',(5.877942356456,-0.789648509361));
#171 = CARTESIAN_POINT('',(7.142868064857,-0.827952033615));
#172 = CARTESIAN_POINT('',(8.45320729992,-0.852308754646));
#173 = CARTESIAN_POINT('',(9.783191896706,-0.862520769297));
#174 = ( GEOMETRIC_REPRESENTATION_CONTEXT(2) 
PARAMETRIC_REPRESENTATION_CONTEXT() REPRESENTATION_CONTEXT('2D SPACE',''
  ) );
#175 = ORIENTED_EDGE('',*,*,#176,.T.);
#176 = EDGE_CURVE('',#24,#177,#179,.T.);
#177 = VERTEX_POINT('',#178);
#178 = CARTESIAN_POINT('',(-0.237489892119,-127.,0.617182285327));
#179 = SURFACE_CURVE('',#180,(#189,#196),.PCURVE_S1.);
#180 = ( BOUNDED_CURVE() B_SPLINE_CURVE(7,(#181,#182,#183,#184,#185,#186
,#187,#188),.UNSPECIFIED.,.F.,.F.) B_SPLINE_CURVE_WITH_KNOTS((8,8),(0.,
1.),.PIECEWISE_BEZIER_KNOTS.) CURVE() GEOMETRIC_REPRESENTATION_ITEM() 
RATIONAL_B_SPLINE_CURVE((1.,1.,1.,1.,1.,1.,1.,1.)) REPRESENTATION_ITEM(
  '') );
#181 = CARTESIAN_POINT('',(-1.253618010632,1.535239284074E-16,
    0.822544868188));
#182 = CARTESIAN_POINT('',(-1.984207209637,-19.57207579811,
    -2.161097430858E-02));
#183 = CARTESIAN_POINT('',(3.324173684077,-29.90633993933,6.501853709071
    ));
#184 = CARTESIAN_POINT('',(-4.99543498036,-59.68186201218,
    -7.696936104938));
#185 = CARTESIAN_POINT('',(3.625779262004,-66.6682292658,8.614033871538)
  );
#186 = CARTESIAN_POINT('',(-2.355279095576,-92.77844386581,
    -4.078559445575));
#187 = CARTESIAN_POINT('',(0.401677310147,-107.783209905,2.122427411691)
  );
#188 = CARTESIAN_POINT('',(-0.237489892119,-127.,0.617182285327));
#189 = PCURVE('',#42,#190);
#190 = DEFINITIONAL_REPRESENTATION('',(#191),#195);
#191 = LINE('',#192,#193);
#192 = CARTESIAN_POINT('',(1.,0.));
#193 = VECTOR('',#194,1.);
#194 = DIRECTION('',(0.,1.));
#195 = ( GEOMETRIC_REPRESENTATION_CONTEXT(2) 
PARAMETRIC_REPRESENTATION_CONTEXT() REPRESENTATION_CONTEXT('2D SPACE',''
  ) );
#196 = PCURVE('',#197,#302);
#197 = ( BOUNDED_SURFACE() B_SPLINE_SURFACE(12,7,(
    (#198,#199,#200,#201,#202,#203,#204,#205)
    ,(#206,#207,#208,#209,#210,#211,#212,#213)
    ,(#214,#215,#216,#217,#218,#219,#220,#221)
    ,(#222,#223,#224,#225,#226,#227,#228,#229)
    ,(#230,#231,#232,#233,#234,#235,#236,#237)
    ,(#238,#239,#240,#241,#242,#243,#244,#245)
    ,(#246,#247,#248,#249,#250,#251,#252,#253)
    ,(#254,#255,#256,#257,#258,#259,#260,#261)
    ,(#262,#263,#264,#265,#266,#267,#268,#269)
    ,(#270,#271,#272,#273,#274,#275,#276,#277)
    ,(#278,#279,#280,#281,#282,#283,#284,#285)
    ,(#286,#287,#288,#289,#290,#291,#292,#293)
    ,(#294,#295,#296,#297,#298,#299,#300,#301
)),.UNSPECIFIED.,.F.,.F.,.F.) B_SPLINE_SURFACE_WITH_KNOTS((13,13),(8,8),
  (1.,2.),(0.,1.),.PIECEWISE_BEZIER_KNOTS.) 
GEOMETRIC_REPRESENTATION_ITEM() RATIONAL_B_SPLINE_SURFACE((
    (1.,1.,1.,1.,1.,1.,1.,1.)
    ,(1.,1.,1.,1.,1.,1.,1.,1.)
    ,(1.,1.,1.,1.,1.,1.,1.,1.)
    ,(1.,1.,1.,1.,1.,1.,1.,1.)
    ,(1.,1.,1.,1.,1.,1.,1.,1.)
    ,(1.,1.,1.,1.,1.,1.,1.,1.)
    ,(1.,1.,1.,1.,1.,1.,1.,1.)
    ,(1.,1.,1.,1.,1.,1.,1.,1.)
    ,(1.,1.,1.,1.,1.,1.,1.,1.)
    ,(1.,1.,1.,1.,1.,1.,1.,1.)
    ,(1.,1.,1.,1.,1.,1.,1.,1.)
    ,(1.,1.,1.,1.,1.,1.,1.,1.)
,(1.,1.,1.,1.,1.,1.,1.,1.))) REPRESENTATION_ITEM('') SURFACE() );
#198 = CARTESIAN_POINT('',(-1.253618010632,1.535239284074E-16,
    0.822544868188));
#199 = CARTESIAN_POINT('',(-1.984207209637,-19.57207579811,
    -2.161097430858E-02));
#200 = CARTESIAN_POINT('',(3.324173684077,-29.90633993933,6.501853709071
    ));
#201 = CARTESIAN_POINT('',(-4.99543498036,-59.68186201218,
    -7.696936104938));
#202 = CARTESIAN_POINT('',(3.625779262004,-66.6682292658,8.614033871538)
  );
#203 = CARTESIAN_POINT('',(-2.355279095576,-92.77844386581,
    -4.078559445575));
#204 = CARTESIAN_POINT('',(0.401677310147,-107.783209905,2.122427411691)
  );
#205 = CARTESIAN_POINT('',(-0.237489892119,-127.,0.617182285327));
#206 = CARTESIAN_POINT('',(-1.240199500889,1.518806349068E-16,
    0.786723992191));
#207 = CARTESIAN_POINT('',(-4.447757710962,-19.57207579813,
    2.134488604641));
#208 = CARTESIAN_POINT('',(18.95118140147,-29.90633993922,
    -7.958184793645));
#209 = CARTESIAN_POINT('',(-18.54793617635,-59.68186201246,
    10.856239243297));
#210 = CARTESIAN_POINT('',(18.460384483132,-66.66822926538,
    -8.77816087891));
#211 = CARTESIAN_POINT('',(-4.19627234543,-92.77844386617,4.849968396422
    ));
#212 = CARTESIAN_POINT('',(4.252765553206,-107.7832099049,
    -0.976891520308));
#213 = CARTESIAN_POINT('',(2.134531793961,-127.,0.464438316407));
#214 = CARTESIAN_POINT('',(-1.226764247418,1.502352908909E-16,
    0.750892130273));
#215 = CARTESIAN_POINT('',(-6.968974728176,-19.57207579807,
    4.440530337313));
#216 = CARTESIAN_POINT('',(34.953652424044,-29.90633993967,
    -23.3942526643));
#217 = CARTESIAN_POINT('',(-32.54409051945,-59.6818620112,
    30.562875666946));
#218 = CARTESIAN_POINT('',(33.710736579037,-66.66822926735,
    -27.2513390924));
#219 = CARTESIAN_POINT('',(-6.169940687845,-92.77844386441,
    14.123631359241));
#220 = CARTESIAN_POINT('',(8.192674957454,-107.7832099056,
    -4.307153267272));
#221 = CARTESIAN_POINT('',(4.54729965939,-126.9999999999,0.205801176388)
  );
#222 = CARTESIAN_POINT('',(-1.213312466676,1.48587922868E-16,
    0.715049857293));
#223 = CARTESIAN_POINT('',(-9.328860392792,-19.57207579822,6.66771396071
    ));
#224 = CARTESIAN_POINT('',(50.021057298477,-29.90633993849,
    -38.31042778003));
#225 = CARTESIAN_POINT('',(-46.60116726547,-59.68186201462,
    49.593966940363));
#226 = CARTESIAN_POINT('',(49.627485742187,-66.66822926186,-45.171072363
    ));
#227 = CARTESIAN_POINT('',(-10.38569113149,-92.77844386944,
    23.117944453524));
#228 = CARTESIAN_POINT('',(12.310745794156,-107.7832099036,
    -7.627304474137));
#229 = CARTESIAN_POINT('',(6.512449673516,-127.0000000001,
    -0.127279872639));
#230 = CARTESIAN_POINT('',(-1.199844375116,1.46938557346E-16,
    0.679197748109));
#231 = CARTESIAN_POINT('',(-11.30169172976,-19.57207579793,
    8.570156308827));
#232 = CARTESIAN_POINT('',(62.800175567496,-29.90633994078,
    -51.10286537123));
#233 = CARTESIAN_POINT('',(-60.2975277524,-59.68186200786,
    66.027667998723));
#234 = CARTESIAN_POINT('',(66.440448331247,-66.66822927295,
    -60.86000832461));
#235 = CARTESIAN_POINT('',(-18.97719363332,-92.77844385907,
    31.278698342831));
#236 = CARTESIAN_POINT('',(16.693537158488,-107.7832099078,
    -10.69177647362));
#237 = CARTESIAN_POINT('',(7.531294155833,-126.9999999997,
    -0.476713433718));
#238 = CARTESIAN_POINT('',(-1.186360189193,1.452872208331E-16,
    0.643336377581));
#239 = CARTESIAN_POINT('',(-12.67104529639,-19.57207579836,
    9.919128649883));
#240 = CARTESIAN_POINT('',(71.953430979295,-29.90633993742,
    -60.27977351935));
#241 = CARTESIAN_POINT('',(-72.76056527907,-59.68186201798,
    78.077353538231));
#242 = CARTESIAN_POINT('',(83.480719005737,-66.66822925593,
    -72.74854226101));
#243 = CARTESIAN_POINT('',(-32.82522982991,-92.77844387537,
    38.082493393448));
#244 = CARTESIAN_POINT('',(21.178606441833,-107.7832099011,
    -13.24772812025));
#245 = CARTESIAN_POINT('',(7.248757719766,-127.0000000004,
    -0.767632207869));
#246 = CARTESIAN_POINT('',(-1.172860125363,1.436339398374E-16,
    0.607466320566));
#247 = CARTESIAN_POINT('',(-13.24492351249,-19.57207579786,
    10.538917018253));
#248 = CARTESIAN_POINT('',(76.208569264856,-29.90633994133,
    -64.68902859453));
#249 = CARTESIAN_POINT('',(-82.21507331789,-59.68186200598,
    84.297629163945));
#250 = CARTESIAN_POINT('',(98.237643670764,-66.66822927658,
    -79.46549722563));
#251 = CARTESIAN_POINT('',(-50.22326978003,-92.77844385507,
    42.91389882884));
#252 = CARTESIAN_POINT('',(25.091501526304,-107.7832099095,
    -15.01518517447));
#253 = CARTESIAN_POINT('',(5.610276244553,-126.9999999994,
    -0.929147666146));
#254 = CARTESIAN_POINT('',(-1.159344400081,1.419787408669E-16,
    0.571588151923));
#255 = CARTESIAN_POINT('',(-12.88381911687,-19.57207579833,
    10.338646611407));
#256 = CARTESIAN_POINT('',(74.526379007961,-29.90633993763,
    -63.72151537336));
#257 = CARTESIAN_POINT('',(-86.02844752778,-59.68186201746,
    83.783156473933));
#258 = CARTESIAN_POINT('',(106.29708739561,-66.6682292565,
    -79.95408277742));
#259 = CARTESIAN_POINT('',(-66.5146922634,-92.77844387531,
    44.994894585706));
#260 = CARTESIAN_POINT('',(27.224194432139,-107.783209901,-15.6902389596
    ));
#261 = CARTESIAN_POINT('',(2.942692804026,-127.0000000005,
    -0.920228078528));
#262 = CARTESIAN_POINT('',(-1.145813229801,1.403216504297E-16,
    0.535702446511));
#263 = CARTESIAN_POINT('',(-11.54577044438,-19.57207579796,
    9.330256623265));
#264 = CARTESIAN_POINT('',(66.44085376298,-29.90633994051,
    -57.43052331337));
#265 = CARTESIAN_POINT('',(-81.61498753063,-59.68186200856,
    76.335204996629));
#266 = CARTESIAN_POINT('',(102.88294295957,-66.66822927215,
    -73.65927489523));
#267 = CARTESIAN_POINT('',(-75.62810125815,-92.7784438592,
    43.504618277957));
#268 = CARTESIAN_POINT('',(26.260146886668,-107.7832099078,
    -15.0048133871));
#269 = CARTESIAN_POINT('',(-0.134199019882,-126.9999999995,
    -0.74835880555));
#270 = CARTESIAN_POINT('',(-1.132266830978,1.386626950338E-16,
    0.499809779188));
#271 = CARTESIAN_POINT('',(-9.339091843643,-19.5720757982,7.630862527267
    ));
#272 = CARTESIAN_POINT('',(52.504983451082,-29.90633993869,
    -46.56180672907));
#273 = CARTESIAN_POINT('',(-68.05219837243,-59.68186201406,
    62.654115524435));
#274 = CARTESIAN_POINT('',(85.737760007835,-66.66822926254,
    -60.92065108234));
#275 = CARTESIAN_POINT('',(-73.23901054159,-92.77844386927,
    38.044168037375));
#276 = CARTESIAN_POINT('',(21.569693069094,-107.7832099036,
    -12.87742723762));
#277 = CARTESIAN_POINT('',(-2.950555019525,-127.0000000002,
    -0.462624431637));
#278 = CARTESIAN_POINT('',(-1.118705420068,1.370019011875E-16,
    0.463910724812));
#279 = CARTESIAN_POINT('',(-6.515346859738,-19.57207579808,
    5.440454783783));
#280 = CARTESIAN_POINT('',(34.298152906301,-29.90633993957,
    -32.4173499746));
#281 = CARTESIAN_POINT('',(-46.64855121688,-59.68186201149,
    44.274466879616));
#282 = CARTESIAN_POINT('',(56.279118455353,-66.66822926698,
    -43.05604151959));
#283 = CARTESIAN_POINT('',(-58.45735325398,-92.77844386453,
    28.909315477113));
#284 = CARTESIAN_POINT('',(13.533769885581,-107.7832099056,
    -9.482527966234));
#285 = CARTESIAN_POINT('',(-4.991527036665,-126.9999999998,
    -0.132230319473));
#286 = CARTESIAN_POINT('',(-1.105129213525,1.353392953988E-16,
    0.428005858243));
#287 = CARTESIAN_POINT('',(-3.41944214435,-19.57207579813,3.005426107499
    ));
#288 = CARTESIAN_POINT('',(14.10483162905,-29.90633993925,
    -16.61973188855));
#289 = CARTESIAN_POINT('',(-20.59188162572,-59.68186201237,
    23.306432477661));
#290 = CARTESIAN_POINT('',(19.167191401309,-66.66822926549,
    -22.16312982938));
#291 = CARTESIAN_POINT('',(-33.89995373631,-92.77844386613,
    17.104303850721));
#292 = CARTESIAN_POINT('',(3.428794882746,-107.7832099049,
    -5.230650289159));
#293 = CARTESIAN_POINT('',(-6.002133790804,-127.,0.176095805678));
#294 = CARTESIAN_POINT('',(-1.091538427804,1.336749041756E-16,
    0.392095754339));
#295 = CARTESIAN_POINT('',(-0.416241205529,-19.57207579811,0.5772738656)
  );
#296 = CARTESIAN_POINT('',(-5.599359076112,-29.90633993933,
    -0.837320800182));
#297 = CARTESIAN_POINT('',(6.054293371661,-59.68186201217,2.048014057131
    ));
#298 = CARTESIAN_POINT('',(-19.30119762381,-66.66822926581,
    -0.69015991924));
#299 = CARTESIAN_POINT('',(-4.443209119388,-92.7784438658,4.097905470597
    ));
#300 = CARTESIAN_POINT('',(-7.014518738722,-107.783209905,
    -0.668652731187));
#301 = CARTESIAN_POINT('',(-5.985735955813,-127.,0.413479222319));
#302 = DEFINITIONAL_REPRESENTATION('',(#303),#307);
#303 = LINE('',#304,#305);
#304 = CARTESIAN_POINT('',(1.,0.));
#305 = VECTOR('',#306,1.);
#306 = DIRECTION('',(0.,1.));
#307 = ( GEOMETRIC_REPRESENTATION_CONTEXT(2) 
PARAMETRIC_REPRESENTATION_CONTEXT() REPRESENTATION_CONTEXT('2D SPACE',''
  ) );
#308 = ORIENTED_EDGE('',*,*,#309,.F.);
#309 = EDGE_CURVE('',#310,#177,#312,.T.);
#310 = VERTEX_POINT('',#311);
#311 = CARTESIAN_POINT('',(-1.008614056129,-127.,0.661788765648));
#312 = SURFACE_CURVE('',#313,(#327,#334),.PCURVE_S1.);
#313 = B_SPLINE_CURVE_WITH_KNOTS('',12,(#314,#315,#316,#317,#318,#319,
    #320,#321,#322,#323,#324,#325,#326),.UNSPECIFIED.,.F.,.F.,(13,13),(
    0.,1.),.PIECEWISE_BEZIER_KNOTS.);
#314 = CARTESIAN_POINT('',(-1.008614056129,-127.,0.661788765648));
#315 = CARTESIAN_POINT('',(-0.944880498506,-127.,0.65852507663));
#316 = CARTESIAN_POINT('',(-0.881018545505,-127.,0.655177150914));
#317 = CARTESIAN_POINT('',(-0.817037948402,-127.,0.651745487931));
#318 = CARTESIAN_POINT('',(-0.752948473303,-127.,0.648230602331));
#319 = CARTESIAN_POINT('',(-0.688759901149,-127.,0.644633023993));
#320 = CARTESIAN_POINT('',(-0.62448202771,-127.,0.640953298013));
#321 = CARTESIAN_POINT('',(-0.56012466359,-127.,0.637191984714));
#322 = CARTESIAN_POINT('',(-0.495697634224,-127.,0.633349659642));
#323 = CARTESIAN_POINT('',(-0.431210779879,-127.,0.629426913565));
#324 = CARTESIAN_POINT('',(-0.366673955654,-127.,0.625424352473));
#325 = CARTESIAN_POINT('',(-0.30209703148,-127.,0.621342597581));
#326 = CARTESIAN_POINT('',(-0.237489892119,-127.,0.617182285327));
#327 = PCURVE('',#42,#328);
#328 = DEFINITIONAL_REPRESENTATION('',(#329),#333);
#329 = LINE('',#330,#331);
#330 = CARTESIAN_POINT('',(0.,1.));
#331 = VECTOR('',#332,1.);
#332 = DIRECTION('',(1.,0.));
#333 = ( GEOMETRIC_REPRESENTATION_CONTEXT(2) 
PARAMETRIC_REPRESENTATION_CONTEXT() REPRESENTATION_CONTEXT('2D SPACE',''
  ) );
#334 = PCURVE('',#335,#340);
#335 = PLANE('',#336);
#336 = AXIS2_PLACEMENT_3D('',#337,#338,#339);
#337 = CARTESIAN_POINT('',(-1.008614056129,-127.,0.661788765648));
#338 = DIRECTION('',(3.464706666177E-15,1.,2.212203046801E-14));
#339 = DIRECTION('',(0.988778842761,-1.210904844852E-16,-0.149386746763)
  );
#340 = DEFINITIONAL_REPRESENTATION('',(#341),#355);
#341 = B_SPLINE_CURVE_WITH_KNOTS('',12,(#342,#343,#344,#345,#346,#347,
    #348,#349,#350,#351,#352,#353,#354),.UNSPECIFIED.,.F.,.F.,(13,13),(
    0.,1.),.PIECEWISE_BEZIER_KNOTS.);
#342 = CARTESIAN_POINT('',(0.,0.));
#343 = CARTESIAN_POINT('',(6.350594523619E-02,-6.293882182376E-03));
#344 = CARTESIAN_POINT('',(0.127151428952,-1.252365346825E-02));
#345 = CARTESIAN_POINT('',(0.190926734684,-1.868835097162E-02));
#346 = CARTESIAN_POINT('',(0.25482212903,-2.478702464311E-02));
#347 = CARTESIAN_POINT('',(0.318827861648,-3.081873726994E-02));
#348 = CARTESIAN_POINT('',(0.382934165254,-3.678256447592E-02));
#349 = CARTESIAN_POINT('',(0.447131255629,-4.267759472149E-02));
#350 = CARTESIAN_POINT('',(0.511409331611,-4.850292930368E-02));
#351 = CARTESIAN_POINT('',(0.575758575098,-5.425768235612E-02));
#352 = CARTESIAN_POINT('',(0.640169151051,-5.994098084906E-02));
#353 = CARTESIAN_POINT('',(0.70463120749,-6.555196458934E-02));
#354 = CARTESIAN_POINT('',(0.769134875495,-7.108978622041E-02));
#355 = ( GEOMETRIC_REPRESENTATION_CONTEXT(2) 
PARAMETRIC_REPRESENTATION_CONTEXT() REPRESENTATION_CONTEXT('2D SPACE',''
  ) );
#356 = ORIENTED_EDGE('',*,*,#357,.F.);
#357 = EDGE_CURVE('',#22,#310,#358,.T.);
#358 = SURFACE_CURVE('',#359,(#368,#375),.PCURVE_S1.);
#359 = ( BOUNDED_CURVE() B_SPLINE_CURVE(7,(#360,#361,#362,#363,#364,#365
,#366,#367),.UNSPECIFIED.,.F.,.F.) B_SPLINE_CURVE_WITH_KNOTS((8,8),(0.,
1.),.PIECEWISE_BEZIER_KNOTS.) CURVE() GEOMETRIC_REPRESENTATION_ITEM() 
RATIONAL_B_SPLINE_CURVE((1.,1.,1.,1.,1.,1.,1.,1.)) REPRESENTATION_ITEM(
  '') );
#360 = CARTESIAN_POINT('',(-3.950394052511,4.837837431779E-16,
    10.266176836091));
#361 = CARTESIAN_POINT('',(6.919558945947,-19.57207579811,
    11.777069355762));
#362 = CARTESIAN_POINT('',(-78.77662621672,-29.90633993933,3.9771848268)
  );
#363 = CARTESIAN_POINT('',(124.37413917631,-59.68186201217,
    -16.44309530244));
#364 = CARTESIAN_POINT('',(-119.9948538281,-66.66822926581,
    21.896169124754));
#365 = CARTESIAN_POINT('',(68.514962254914,-92.7784438658,
    -12.81490995699));
#366 = CARTESIAN_POINT('',(-23.04995519891,-107.783209905,5.146310427149
    ));
#367 = CARTESIAN_POINT('',(-1.008614056129,-127.,0.661788765648));
#368 = PCURVE('',#42,#369);
#369 = DEFINITIONAL_REPRESENTATION('',(#370),#374);
#370 = LINE('',#371,#372);
#371 = CARTESIAN_POINT('',(0.,0.));
#372 = VECTOR('',#373,1.);
#373 = DIRECTION('',(0.,1.));
#374 = ( GEOMETRIC_REPRESENTATION_CONTEXT(2) 
PARAMETRIC_REPRESENTATION_CONTEXT() REPRESENTATION_CONTEXT('2D SPACE',''
  ) );
#375 = PCURVE('',#376,#481);
#376 = ( BOUNDED_SURFACE() B_SPLINE_SURFACE(12,7,(
    (#377,#378,#379,#380,#381,#382,#383,#384)
    ,(#385,#386,#387,#388,#389,#390,#391,#392)
    ,(#393,#394,#395,#396,#397,#398,#399,#400)
    ,(#401,#402,#403,#404,#405,#406,#407,#408)
    ,(#409,#410,#411,#412,#413,#414,#415,#416)
    ,(#417,#418,#419,#420,#421,#422,#423,#424)
    ,(#425,#426,#427,#428,#429,#430,#431,#432)
    ,(#433,#434,#435,#436,#437,#438,#439,#440)
    ,(#441,#442,#443,#444,#445,#446,#447,#448)
    ,(#449,#450,#451,#452,#453,#454,#455,#456)
    ,(#457,#458,#459,#460,#461,#462,#463,#464)
    ,(#465,#466,#467,#468,#469,#470,#471,#472)
    ,(#473,#474,#475,#476,#477,#478,#479,#480
)),.UNSPECIFIED.,.F.,.F.,.F.) B_SPLINE_SURFACE_WITH_KNOTS((13,13),(8,8),
  (4.,5.),(0.,1.),.PIECEWISE_BEZIER_KNOTS.) 
GEOMETRIC_REPRESENTATION_ITEM() RATIONAL_B_SPLINE_SURFACE((
    (1.,1.,1.,1.,1.,1.,1.,1.)
    ,(1.,1.,1.,1.,1.,1.,1.,1.)
    ,(1.,1.,1.,1.,1.,1.,1.,1.)
    ,(1.,1.,1.,1.,1.,1.,1.,1.)
    ,(1.,1.,1.,1.,1.,1.,1.,1.)
    ,(1.,1.,1.,1.,1.,1.,1.,1.)
    ,(1.,1.,1.,1.,1.,1.,1.,1.)
    ,(1.,1.,1.,1.,1.,1.,1.,1.)
    ,(1.,1.,1.,1.,1.,1.,1.,1.)
    ,(1.,1.,1.,1.,1.,1.,1.,1.)
    ,(1.,1.,1.,1.,1.,1.,1.,1.)
    ,(1.,1.,1.,1.,1.,1.,1.,1.)
,(1.,1.,1.,1.,1.,1.,1.,1.))) REPRESENTATION_ITEM('') SURFACE() );
#377 = CARTESIAN_POINT('',(-1.003098510343,1.228441379921E-16,
    0.159058238597));
#378 = CARTESIAN_POINT('',(-7.639460952721,-19.57207579811,
    2.316252240868));
#379 = CARTESIAN_POINT('',(50.865209350649,-29.90633993933,
    -17.0201837886));
#380 = CARTESIAN_POINT('',(-148.6332263559,-59.68186201217,
    51.682095786081));
#381 = CARTESIAN_POINT('',(151.33470882107,-66.66822926581,
    -52.87088231209));
#382 = CARTESIAN_POINT('',(-97.48530248252,-92.7784438658,
    34.175139147403));
#383 = CARTESIAN_POINT('',(28.41447960614,-107.783209905,-9.945195231804
    ));
#384 = CARTESIAN_POINT('',(-1.954574238074,-127.,0.702110196735));
#385 = CARTESIAN_POINT('',(0.546709494194,-6.695260321287E-17,
    -3.913476816242));
#386 = CARTESIAN_POINT('',(-2.709707575139,-19.57207579811,
    -7.418400499125));
#387 = CARTESIAN_POINT('',(30.175868764543,-29.90633993934,
    15.553225518402));
#388 = CARTESIAN_POINT('',(-118.4282363947,-59.68186201217,
    6.066767108749));
#389 = CARTESIAN_POINT('',(125.76324727086,-66.66822926581,
    -13.11079546936));
#390 = CARTESIAN_POINT('',(-83.11285602973,-92.7784438658,11.72192912115
    ));
#391 = CARTESIAN_POINT('',(24.125147510292,-107.783209905,
    -2.995019011422));
#392 = CARTESIAN_POINT('',(-1.877569922576,-127.,0.699517193118));
#393 = CARTESIAN_POINT('',(2.268599613653,-2.778233255408E-16,
    -8.013296426277));
#394 = CARTESIAN_POINT('',(2.699259605986,-19.57207579813,
    -17.25177463835));
#395 = CARTESIAN_POINT('',(7.516835942371,-29.90633993929,
    48.619501917226));
#396 = CARTESIAN_POINT('',(-84.06081113062,-59.68186201224,
    -40.75056735961));
#397 = CARTESIAN_POINT('',(95.736156835836,-66.66822926574,
    27.994081406138));
#398 = CARTESIAN_POINT('',(-65.96026121691,-92.77844386584,
    -11.58533597577));
#399 = CARTESIAN_POINT('',(18.934647723304,-107.783209905,4.233975698875
    ));
#400 = CARTESIAN_POINT('',(-1.800170580264,-127.,0.696782303862));
#401 = CARTESIAN_POINT('',(3.843531777579,-4.706968888833E-16,
    -11.30204383806));
#402 = CARTESIAN_POINT('',(7.883006681503,-19.57207579809,
    -25.38550659312));
#403 = CARTESIAN_POINT('',(-14.94929215481,-29.90633993938,
    76.859361576117));
#404 = CARTESIAN_POINT('',(-48.54432473319,-59.68186201213,
    -81.48276939152));
#405 = CARTESIAN_POINT('',(63.904973054508,-66.66822926583,
    64.081446549931));
#406 = CARTESIAN_POINT('',(-47.53318339446,-92.7784438658,
    -32.14755073308));
#407 = CARTESIAN_POINT('',(13.311228355018,-107.783209905,
    10.624325414402));
#408 = CARTESIAN_POINT('',(-1.722394935326,-127.,0.693906159821));
#409 = CARTESIAN_POINT('',(4.909136507032,-6.011958309914E-16,
    -12.93437297091));
#410 = CARTESIAN_POINT('',(12.042918743196,-19.57207579816,
    -30.00563551567));
#411 = CARTESIAN_POINT('',(-34.77425813029,-29.90633993924,
    94.904226178254));
#412 = CARTESIAN_POINT('',(-15.30885915338,-59.68186201227,
    -108.7658409483));
#413 = CARTESIAN_POINT('',(33.300213876719,-66.66822926574,
    88.71638701206));
#414 = CARTESIAN_POINT('',(-29.55653476924,-92.77844386583,
    -46.32277624565));
#415 = CARTESIAN_POINT('',(7.79194303202,-107.783209905,15.045002856312)
  );
#416 = CARTESIAN_POINT('',(-1.644261800945,-127.,0.690889432812));
#417 = CARTESIAN_POINT('',(5.160198604022,-6.31942070338E-16,
    -12.32218664553));
#418 = CARTESIAN_POINT('',(14.500410617848,-19.57207579806,
    -29.84477778191));
#419 = CARTESIAN_POINT('',(-49.85268325337,-29.90633993945,
    98.981297930632));
#420 = CARTESIAN_POINT('',(12.658500776053,-59.68186201204,
    -117.4061952514));
#421 = CARTESIAN_POINT('',(6.581001616845,-66.6682292659,97.351620450189
    ));
#422 = CARTESIAN_POINT('',(-13.550002632,-92.77844386576,-51.53474897783
    ));
#423 = CARTESIAN_POINT('',(2.850857314907,-107.783209905,16.695545036514
    ));
#424 = CARTESIAN_POINT('',(-1.565790079298,-127.,0.687732835616));
#425 = CARTESIAN_POINT('',(4.46614068825,-5.469444898407E-16,
    -9.39954304176));
#426 = CARTESIAN_POINT('',(14.947358602209,-19.57207579817,
    -24.74575083343));
#427 = CARTESIAN_POINT('',(-59.15688228721,-29.90633993921,
    88.563010842161));
#428 = CARTESIAN_POINT('',(33.819403469329,-59.68186201233,
    -106.6342290549));
#429 = CARTESIAN_POINT('',(-14.8432007906,-66.66822926567,
    89.293421767705));
#430 = CARTESIAN_POINT('',(-0.331096801598,-92.77844386588,
    -47.3846643486));
#431 = CARTESIAN_POINT('',(-1.255270398077,-107.783209905,
    15.451206974915));
#432 = CARTESIAN_POINT('',(-1.486998761558,-127.,0.684437121975));
#433 = CARTESIAN_POINT('',(2.952975050946,-3.616351444103E-16,
    -4.752986372622));
#434 = CARTESIAN_POINT('',(13.621022335429,-19.57207579808,
    -15.93906396676));
#435 = CARTESIAN_POINT('',(-63.25110927175,-29.90633993938,
    67.17989922068));
#436 = CARTESIAN_POINT('',(48.789439514336,-59.68186201214,
    -81.21555963732));
#437 = CARTESIAN_POINT('',(-31.42915981518,-66.6682292658,
    68.671339471632));
#438 = CARTESIAN_POINT('',(10.333958253659,-92.77844386582,
    -36.19967162388));
#439 = CARTESIAN_POINT('',(-4.595432045751,-107.783209905,
    12.033256063316));
#440 = CARTESIAN_POINT('',(-1.407906927891,-127.,0.681003086594));
#441 = CARTESIAN_POINT('',(0.979848153117,-1.199967904366E-16,
    0.540279580401));
#442 = CARTESIAN_POINT('',(11.254852524949,-19.57207579814,
    -5.699201478916));
#443 = CARTESIAN_POINT('',(-64.15059110187,-29.90633993926,
    41.417069352194));
#444 = CARTESIAN_POINT('',(60.149045212244,-59.68186201229,
    -50.08164905304));
#445 = CARTESIAN_POINT('',(-45.33676439358,-66.66822926568,
    43.244400248715));
#446 = CARTESIAN_POINT('',(19.638552218825,-92.77844386589,
    -22.35798293313));
#447 = CARTESIAN_POINT('',(-7.535995211106,-107.783209905,7.799485610408
    ));
#448 = CARTESIAN_POINT('',(-1.328533747459,-127.,0.677431565141));
#449 = CARTESIAN_POINT('',(-1.007300275338,1.233587057973E-16,
    5.332845386279));
#450 = CARTESIAN_POINT('',(8.767995493214,-19.57207579811,3.54902327989)
  );
#451 = CARTESIAN_POINT('',(-64.41649822559,-29.90633993934,
    18.302633151367));
#452 = CARTESIAN_POINT('',(71.211297481482,-59.68186201216,
    -22.76434039795));
#453 = CARTESIAN_POINT('',(-59.35637982834,-66.66822926581,
    21.291945547018));
#454 = CARTESIAN_POINT('',(29.129781297012,-92.7784438658,
    -10.53091003832));
#455 = CARTESIAN_POINT('',(-10.55270314167,-107.783209905,4.198505372465
    ));
#456 = CARTESIAN_POINT('',(-1.248898478419,-127.,0.673723434246));
#457 = CARTESIAN_POINT('',(-2.62132354848,3.210195493175E-16,
    8.755647381766));
#458 = CARTESIAN_POINT('',(6.956362810062,-19.57207579811,9.971263925726
    ));
#459 = CARTESIAN_POINT('',(-66.25537699753,-29.90633993934,
    3.142958283906));
#460 = CARTESIAN_POINT('',(84.796118759249,-59.68186201215,
    -6.440764785417));
#461 = CARTESIAN_POINT('',(-75.84200665705,-66.66822926584,
    9.036931152694));
#462 = CARTESIAN_POINT('',(40.10589430985,-92.77844386578,
    -4.226028684946));
#463 = CARTESIAN_POINT('',(-14.04372676825,-107.783209905,2.317518443208
    ));
#464 = CARTESIAN_POINT('',(-1.169020467921,-127.,0.669879611501));
#465 = CARTESIAN_POINT('',(-3.624706454989,4.438985157951E-16,
    10.391500446698));
#466 = CARTESIAN_POINT('',(6.300052384686,-19.57207579811,
    12.692344823045));
#467 = CARTESIAN_POINT('',(-70.95860016725,-29.90633993933,
    -1.55424462254));
#468 = CARTESIAN_POINT('',(102.4690768449,-59.68186201218,
    -4.464081539291));
#469 = CARTESIAN_POINT('',(-96.04981914108,-66.66822926579,
    9.365267147458));
#470 = CARTESIAN_POINT('',(53.243025111578,-92.77844386581,
    -5.063254463579));
#471 = CARTESIAN_POINT('',(-18.21390413055,-107.783209905,2.657626417268
    ));
#472 = CARTESIAN_POINT('',(-1.088919152111,-127.,0.665901055463));
#473 = CARTESIAN_POINT('',(-3.950394052511,4.837837431779E-16,
    10.266176836091));
#474 = CARTESIAN_POINT('',(6.919558945947,-19.57207579811,
    11.777069355762));
#475 = CARTESIAN_POINT('',(-78.77662621672,-29.90633993933,
    3.977184826801));
#476 = CARTESIAN_POINT('',(124.37413917631,-59.68186201217,
    -16.44309530244));
#477 = CARTESIAN_POINT('',(-119.9948538281,-66.66822926581,
    21.896169124756));
#478 = CARTESIAN_POINT('',(68.514962254914,-92.7784438658,
    -12.81490995699));
#479 = CARTESIAN_POINT('',(-23.04995519891,-107.783209905,5.14631042715)
  );
#480 = CARTESIAN_POINT('',(-1.008614056129,-127.,0.661788765648));
#481 = DEFINITIONAL_REPRESENTATION('',(#482),#486);
#482 = LINE('',#483,#484);
#483 = CARTESIAN_POINT('',(5.,0.));
#484 = VECTOR('',#485,1.);
#485 = DIRECTION('',(0.,1.));
#486 = ( GEOMETRIC_REPRESENTATION_CONTEXT(2) 
PARAMETRIC_REPRESENTATION_CONTEXT() REPRESENTATION_CONTEXT('2D SPACE',''
  ) );
#487 = ADVANCED_FACE('',(#488),#154,.T.);
#488 = FACE_BOUND('',#489,.T.);
#489 = EDGE_LOOP('',(#490,#533,#534,#577,#725,#873,#916));
#490 = ORIENTED_EDGE('',*,*,#491,.T.);
#491 = EDGE_CURVE('',#492,#22,#494,.T.);
#492 = VERTEX_POINT('',#493);
#493 = CARTESIAN_POINT('',(-2.143716176795E-09,-6.728724584106E-25,
    2.399088789034));
#494 = SURFACE_CURVE('',#495,(#509,#526),.PCURVE_S1.);
#495 = B_SPLINE_CURVE_WITH_KNOTS('',12,(#496,#497,#498,#499,#500,#501,
    #502,#503,#504,#505,#506,#507,#508),.UNSPECIFIED.,.F.,.F.,(13,13),(
    4.,5.),.PIECEWISE_BEZIER_KNOTS.);
#496 = CARTESIAN_POINT('',(-1.003098510343,1.228441379921E-16,
    0.159058238597));
#497 = CARTESIAN_POINT('',(0.546709494194,-6.695260321287E-17,
    -3.913476816242));
#498 = CARTESIAN_POINT('',(2.268599613653,-2.778233255408E-16,
    -8.013296426277));
#499 = CARTESIAN_POINT('',(3.843531777579,-4.706968888833E-16,
    -11.30204383806));
#500 = CARTESIAN_POINT('',(4.909136507032,-6.011958309914E-16,
    -12.93437297091));
#501 = CARTESIAN_POINT('',(5.160198604022,-6.31942070338E-16,
    -12.32218664553));
#502 = CARTESIAN_POINT('',(4.46614068825,-5.469444898407E-16,
    -9.39954304176));
#503 = CARTESIAN_POINT('',(2.952975050946,-3.616351444103E-16,
    -4.752986372622));
#504 = CARTESIAN_POINT('',(0.979848153117,-1.199967904366E-16,
    0.540279580401));
#505 = CARTESIAN_POINT('',(-1.007300275338,1.233587057973E-16,
    5.332845386279));
#506 = CARTESIAN_POINT('',(-2.62132354848,3.210195493175E-16,
    8.755647381766));
#507 = CARTESIAN_POINT('',(-3.624706454989,4.438985157951E-16,
    10.391500446698));
#508 = CARTESIAN_POINT('',(-3.950394052511,4.837837431779E-16,
    10.266176836091));
#509 = PCURVE('',#154,#510);
#510 = DEFINITIONAL_REPRESENTATION('',(#511),#525);
#511 = B_SPLINE_CURVE_WITH_KNOTS('',12,(#512,#513,#514,#515,#516,#517,
    #518,#519,#520,#521,#522,#523,#524),.UNSPECIFIED.,.F.,.F.,(13,13),(
    4.,5.),.PIECEWISE_BEZIER_KNOTS.);
#512 = CARTESIAN_POINT('',(10.492389762127,-0.866114563031));
#513 = CARTESIAN_POINT('',(14.84983520703,-0.87687646449));
#514 = CARTESIAN_POINT('',(19.294358193887,-0.736727124104));
#515 = CARTESIAN_POINT('',(22.928950520622,-0.443453398803));
#516 = CARTESIAN_POINT('',(24.834566985625,-3.279815935561E-02));
#517 = CARTESIAN_POINT('',(24.352823507066,0.420773769224));
#518 = CARTESIAN_POINT('',(21.375404709597,0.818943744983));
#519 = CARTESIAN_POINT('',(16.495094453539,1.069405179218));
#520 = CARTESIAN_POINT('',(10.846276938975,1.121892239683));
#521 = CARTESIAN_POINT('',(5.659959392438,0.982048802705));
#522 = CARTESIAN_POINT('',(1.886202483038,0.700262686463));
#523 = CARTESIAN_POINT('',(-4.305272966842E-04,0.348967381286));
#524 = CARTESIAN_POINT('',(5.329070518201E-15,-4.884981308351E-15));
#525 = ( GEOMETRIC_REPRESENTATION_CONTEXT(2) 
PARAMETRIC_REPRESENTATION_CONTEXT() REPRESENTATION_CONTEXT('2D SPACE',''
  ) );
#526 = PCURVE('',#376,#527);
#527 = DEFINITIONAL_REPRESENTATION('',(#528),#532);
#528 = LINE('',#529,#530);
#529 = CARTESIAN_POINT('',(0.,0.));
#530 = VECTOR('',#531,1.);
#531 = DIRECTION('',(1.,0.));
#532 = ( GEOMETRIC_REPRESENTATION_CONTEXT(2) 
PARAMETRIC_REPRESENTATION_CONTEXT() REPRESENTATION_CONTEXT('2D SPACE',''
  ) );
#533 = ORIENTED_EDGE('',*,*,#21,.T.);
#534 = ORIENTED_EDGE('',*,*,#535,.T.);
#535 = EDGE_CURVE('',#24,#536,#538,.T.);
#536 = VERTEX_POINT('',#537);
#537 = CARTESIAN_POINT('',(-1.091538427804,1.336749041756E-16,
    0.392095754339));
#538 = SURFACE_CURVE('',#539,(#553,#570),.PCURVE_S1.);
#539 = B_SPLINE_CURVE_WITH_KNOTS('',12,(#540,#541,#542,#543,#544,#545,
    #546,#547,#548,#549,#550,#551,#552),.UNSPECIFIED.,.F.,.F.,(13,13),(
    1.,2.),.PIECEWISE_BEZIER_KNOTS.);
#540 = CARTESIAN_POINT('',(-1.253618010632,1.535239284074E-16,
    0.822544868188));
#541 = CARTESIAN_POINT('',(-1.240199500889,1.518806349068E-16,
    0.786723992191));
#542 = CARTESIAN_POINT('',(-1.226764247418,1.502352908909E-16,
    0.750892130273));
#543 = CARTESIAN_POINT('',(-1.213312466676,1.48587922868E-16,
    0.715049857293));
#544 = CARTESIAN_POINT('',(-1.199844375116,1.46938557346E-16,
    0.679197748109));
#545 = CARTESIAN_POINT('',(-1.186360189193,1.452872208331E-16,
    0.643336377581));
#546 = CARTESIAN_POINT('',(-1.172860125363,1.436339398374E-16,
    0.607466320566));
#547 = CARTESIAN_POINT('',(-1.159344400081,1.419787408669E-16,
    0.571588151923));
#548 = CARTESIAN_POINT('',(-1.145813229801,1.403216504297E-16,
    0.535702446511));
#549 = CARTESIAN_POINT('',(-1.132266830978,1.386626950338E-16,
    0.499809779188));
#550 = CARTESIAN_POINT('',(-1.118705420068,1.370019011875E-16,
    0.463910724812));
#551 = CARTESIAN_POINT('',(-1.105129213525,1.353392953988E-16,
    0.428005858243));
#552 = CARTESIAN_POINT('',(-1.091538427804,1.336749041756E-16,
    0.392095754339));
#553 = PCURVE('',#154,#554);
#554 = DEFINITIONAL_REPRESENTATION('',(#555),#569);
#555 = B_SPLINE_CURVE_WITH_KNOTS('',12,(#556,#557,#558,#559,#560,#561,
    #562,#563,#564,#565,#566,#567,#568),.UNSPECIFIED.,.F.,.F.,(13,13),(
    1.,2.),.PIECEWISE_BEZIER_KNOTS.);
#556 = CARTESIAN_POINT('',(9.783191896706,-0.862520769297));
#557 = CARTESIAN_POINT('',(9.821442456203,-0.862814468393));
#558 = CARTESIAN_POINT('',(9.859709267432,-0.863096466035));
#559 = CARTESIAN_POINT('',(9.897991716145,-0.863366758548));
#560 = CARTESIAN_POINT('',(9.936289188093,-0.863625342259));
#561 = CARTESIAN_POINT('',(9.974601069028,-0.863872213492));
#562 = CARTESIAN_POINT('',(10.012926744701,-0.864107368574));
#563 = CARTESIAN_POINT('',(10.051265600862,-0.86433080383));
#564 = CARTESIAN_POINT('',(10.089617023263,-0.864542515586));
#565 = CARTESIAN_POINT('',(10.127980397656,-0.864742500168));
#566 = CARTESIAN_POINT('',(10.166355109791,-0.864930753901));
#567 = CARTESIAN_POINT('',(10.20474054542,-0.865107273111));
#568 = CARTESIAN_POINT('',(10.243136090294,-0.865272054123));
#569 = ( GEOMETRIC_REPRESENTATION_CONTEXT(2) 
PARAMETRIC_REPRESENTATION_CONTEXT() REPRESENTATION_CONTEXT('2D SPACE',''
  ) );
#570 = PCURVE('',#197,#571);
#571 = DEFINITIONAL_REPRESENTATION('',(#572),#576);
#572 = LINE('',#573,#574);
#573 = CARTESIAN_POINT('',(0.,0.));
#574 = VECTOR('',#575,1.);
#575 = DIRECTION('',(1.,0.));
#576 = ( GEOMETRIC_REPRESENTATION_CONTEXT(2) 
PARAMETRIC_REPRESENTATION_CONTEXT() REPRESENTATION_CONTEXT('2D SPACE',''
  ) );
#577 = ORIENTED_EDGE('',*,*,#578,.T.);
#578 = EDGE_CURVE('',#536,#579,#581,.T.);
#579 = VERTEX_POINT('',#580);
#580 = CARTESIAN_POINT('',(-1.034041021626,1.266335027321E-16,
    0.240445752599));
#581 = SURFACE_CURVE('',#582,(#596,#613),.PCURVE_S1.);
#582 = B_SPLINE_CURVE_WITH_KNOTS('',12,(#583,#584,#585,#586,#587,#588,
    #589,#590,#591,#592,#593,#594,#595),.UNSPECIFIED.,.F.,.F.,(13,13),(
    2.,3.),.PIECEWISE_BEZIER_KNOTS.);
#583 = CARTESIAN_POINT('',(-1.091538427804,1.336749041756E-16,
    0.392095754339));
#584 = CARTESIAN_POINT('',(-1.086756727594,1.3308931479E-16,
    0.379461359618));
#585 = CARTESIAN_POINT('',(-1.081973222919,1.325035044211E-16,
    0.36682631671));
#586 = CARTESIAN_POINT('',(-1.077187923282,1.319174742328E-16,
    0.354190650684));
#587 = CARTESIAN_POINT('',(-1.072400838189,1.313312253892E-16,
    0.341554386609));
#588 = CARTESIAN_POINT('',(-1.067611977145,1.307447590543E-16,
    0.328917549555));
#589 = CARTESIAN_POINT('',(-1.062821349655,1.301580763921E-16,
    0.316280164591));
#590 = CARTESIAN_POINT('',(-1.058028965224,1.295711785667E-16,
    0.303642256787));
#591 = CARTESIAN_POINT('',(-1.053234833357,1.289840667421E-16,
    0.291003851213));
#592 = CARTESIAN_POINT('',(-1.048438963558,1.283967420823E-16,
    0.278364972937));
#593 = CARTESIAN_POINT('',(-1.043641365334,1.278092057513E-16,
    0.26572564703));
#594 = CARTESIAN_POINT('',(-1.038842048188,1.272214589133E-16,
    0.253085898561));
#595 = CARTESIAN_POINT('',(-1.034041021626,1.266335027321E-16,
    0.240445752599));
#596 = PCURVE('',#154,#597);
#597 = DEFINITIONAL_REPRESENTATION('',(#598),#612);
#598 = B_SPLINE_CURVE_WITH_KNOTS('',12,(#599,#600,#601,#602,#603,#604,
    #605,#606,#607,#608,#609,#610,#611),.UNSPECIFIED.,.F.,.F.,(13,13),(
    2.,3.),.PIECEWISE_BEZIER_KNOTS.);
#599 = CARTESIAN_POINT('',(10.243136090294,-0.865272054123));
#600 = CARTESIAN_POINT('',(10.256644947599,-0.865330029683));
#601 = CARTESIAN_POINT('',(10.27015505609,-0.865386552391));
#602 = CARTESIAN_POINT('',(10.283666388958,-0.865441622148));
#603 = CARTESIAN_POINT('',(10.297178919391,-0.865495238857));
#604 = CARTESIAN_POINT('',(10.310692620579,-0.865547402416));
#605 = CARTESIAN_POINT('',(10.324207465711,-0.865598112728));
#606 = CARTESIAN_POINT('',(10.337723427976,-0.865647369693));
#607 = CARTESIAN_POINT('',(10.351240480563,-0.865695173211));
#608 = CARTESIAN_POINT('',(10.364758596662,-0.865741523185));
#609 = CARTESIAN_POINT('',(10.378277749462,-0.865786419514));
#610 = CARTESIAN_POINT('',(10.391797912153,-0.865829862099));
#611 = CARTESIAN_POINT('',(10.405319057922,-0.865871850841));
#612 = ( GEOMETRIC_REPRESENTATION_CONTEXT(2) 
PARAMETRIC_REPRESENTATION_CONTEXT() REPRESENTATION_CONTEXT('2D SPACE',''
  ) );
#613 = PCURVE('',#614,#719);
#614 = ( BOUNDED_SURFACE() B_SPLINE_SURFACE(12,7,(
    (#615,#616,#617,#618,#619,#620,#621,#622)
    ,(#623,#624,#625,#626,#627,#628,#629,#630)
    ,(#631,#632,#633,#634,#635,#636,#637,#638)
    ,(#639,#640,#641,#642,#643,#644,#645,#646)
    ,(#647,#648,#649,#650,#651,#652,#653,#654)
    ,(#655,#656,#657,#658,#659,#660,#661,#662)
    ,(#663,#664,#665,#666,#667,#668,#669,#670)
    ,(#671,#672,#673,#674,#675,#676,#677,#678)
    ,(#679,#680,#681,#682,#683,#684,#685,#686)
    ,(#687,#688,#689,#690,#691,#692,#693,#694)
    ,(#695,#696,#697,#698,#699,#700,#701,#702)
    ,(#703,#704,#705,#706,#707,#708,#709,#710)
    ,(#711,#712,#713,#714,#715,#716,#717,#718
)),.UNSPECIFIED.,.F.,.F.,.F.) B_SPLINE_SURFACE_WITH_KNOTS((13,13),(8,8),
  (2.,3.),(0.,1.),.PIECEWISE_BEZIER_KNOTS.) 
GEOMETRIC_REPRESENTATION_ITEM() RATIONAL_B_SPLINE_SURFACE((
    (1.,1.,1.,1.,1.,1.,1.,1.)
    ,(1.,1.,1.,1.,1.,1.,1.,1.)
    ,(1.,1.,1.,1.,1.,1.,1.,1.)
    ,(1.,1.,1.,1.,1.,1.,1.,1.)
    ,(1.,1.,1.,1.,1.,1.,1.,1.)
    ,(1.,1.,1.,1.,1.,1.,1.,1.)
    ,(1.,1.,1.,1.,1.,1.,1.,1.)
    ,(1.,1.,1.,1.,1.,1.,1.,1.)
    ,(1.,1.,1.,1.,1.,1.,1.,1.)
    ,(1.,1.,1.,1.,1.,1.,1.,1.)
    ,(1.,1.,1.,1.,1.,1.,1.,1.)
    ,(1.,1.,1.,1.,1.,1.,1.,1.)
,(1.,1.,1.,1.,1.,1.,1.,1.))) REPRESENTATION_ITEM('') SURFACE() );
#615 = CARTESIAN_POINT('',(-1.091538427804,1.336749041756E-16,
    0.392095754339));
#616 = CARTESIAN_POINT('',(-0.416241205529,-19.57207579811,0.5772738656)
  );
#617 = CARTESIAN_POINT('',(-5.599359076112,-29.90633993933,
    -0.837320800182));
#618 = CARTESIAN_POINT('',(6.054293371661,-59.68186201217,2.048014057131
    ));
#619 = CARTESIAN_POINT('',(-19.30119762381,-66.66822926581,
    -0.69015991924));
#620 = CARTESIAN_POINT('',(-4.443209119388,-92.7784438658,4.097905470597
    ));
#621 = CARTESIAN_POINT('',(-7.014518738722,-107.783209905,
    -0.668652731187));
#622 = CARTESIAN_POINT('',(-5.985735955813,-127.,0.413479222319));
#623 = CARTESIAN_POINT('',(-1.086756727594,1.3308931479E-16,
    0.379461359618));
#624 = CARTESIAN_POINT('',(-0.172377139243,-19.57207579812,
    0.487210389307));
#625 = CARTESIAN_POINT('',(-7.456852023608,-29.90633993932,
    -0.27903997389));
#626 = CARTESIAN_POINT('',(11.534485072677,-59.6818620122,0.635197319025
    ));
#627 = CARTESIAN_POINT('',(-28.81099070536,-66.66822926578,
    1.726937391659));
#628 = CARTESIAN_POINT('',(2.971943592082,-92.77844386583,2.292764372176
    ));
#629 = CARTESIAN_POINT('',(-9.648136213593,-107.783209905,
    3.949446239318E-02));
#630 = CARTESIAN_POINT('',(-5.982239892689,-127.,0.464090013898));
#631 = CARTESIAN_POINT('',(-1.081973222919,1.325035044211E-16,
    0.36682631671));
#632 = CARTESIAN_POINT('',(5.211078232381E-02,-19.57207579812,
    0.399920100966));
#633 = CARTESIAN_POINT('',(-9.164605647832,-29.90633993932,
    0.257878563709));
#634 = CARTESIAN_POINT('',(16.592806681935,-59.68186201219,
    -0.718233593787));
#635 = CARTESIAN_POINT('',(-37.71972892961,-66.66822926578,
    4.062603964168));
#636 = CARTESIAN_POINT('',(9.998514665788,-92.77844386582,0.53321840172)
  );
#637 = CARTESIAN_POINT('',(-12.07624914451,-107.783209905,0.724437110735
    ));
#638 = CARTESIAN_POINT('',(-5.932060904087,-127.,0.511476064893));
#639 = CARTESIAN_POINT('',(-1.077187923282,1.319174742328E-16,
    0.354190650684));
#640 = CARTESIAN_POINT('',(0.255229916517,-19.57207579812,0.315995391354
    ));
#641 = CARTESIAN_POINT('',(-10.70713508803,-29.90633993931,
    0.768833098994));
#642 = CARTESIAN_POINT('',(21.184684314655,-59.68186201222,
    -1.999048923269));
#643 = CARTESIAN_POINT('',(-45.96042140485,-66.66822926574,
    6.297009998016));
#644 = CARTESIAN_POINT('',(16.587166459749,-92.77844386585,
    -1.166163855622));
#645 = CARTESIAN_POINT('',(-14.28173190709,-107.783209905,1.380501316406
    ));
#646 = CARTESIAN_POINT('',(-5.835232030244,-127.,0.555163756066));
#647 = CARTESIAN_POINT('',(-1.072400838189,1.313312253892E-16,
    0.341554386609));
#648 = CARTESIAN_POINT('',(0.435137666657,-19.57207579812,0.236007808532
    ));
#649 = CARTESIAN_POINT('',(-12.07011869916,-29.9063399393,1.249382891036
    ));
#650 = CARTESIAN_POINT('',(25.268865128312,-59.68186201225,-3.1944718709
    ));
#651 = CARTESIAN_POINT('',(-53.47101807481,-66.66822926571,8.41097453796
    ));
#652 = CARTESIAN_POINT('',(22.692365099108,-92.77844386588,
    -2.791264732198));
#653 = CARTESIAN_POINT('',(-16.2495626964,-107.783209905,2.002261702452)
  );
#654 = CARTESIAN_POINT('',(-5.692319620166,-127.,0.594716276222));
#655 = CARTESIAN_POINT('',(-1.067611977145,1.307447590543E-16,
    0.328917549555));
#656 = CARTESIAN_POINT('',(0.590157615391,-19.57207579811,0.160502955044
    ));
#657 = CARTESIAN_POINT('',(-13.2405232787,-29.90633993933,1.695287795565
    ));
#658 = CARTESIAN_POINT('',(28.807776334401,-59.68186201217,
    -4.292292387625));
#659 = CARTESIAN_POINT('',(-60.19494591412,-66.66822926582,
    10.386136437179));
#660 = CARTESIAN_POINT('',(28.272776720652,-92.7784438658,
    -4.328547524195));
#661 = CARTESIAN_POINT('',(-17.96696198179,-107.783209905,2.584594511209
    ));
#662 = CARTESIAN_POINT('',(-5.504423855459,-127.,0.629740506256));
#663 = CARTESIAN_POINT('',(-1.062821349655,1.301580763921E-16,
    0.316280164591));
#664 = CARTESIAN_POINT('',(0.718793228257,-19.57207579811,
    8.999579247817E-02));
#665 = CARTESIAN_POINT('',(-14.20671033777,-29.90633993933,
    2.102544725272));
#666 = CARTESIAN_POINT('',(31.767828796687,-59.68186201216,
    -5.280971869575));
#667 = CARTESIAN_POINT('',(-66.0815578497,-66.66822926582,12.20511157385
    ));
#668 = CARTESIAN_POINT('',(33.291587518256,-92.77844386579,
    -5.765175640728));
#669 = CARTESIAN_POINT('',(-19.42349024225,-107.783209905,3.122725124288
    ));
#670 = CARTESIAN_POINT('',(-5.273168393894,-127.,0.659893110999));
#671 = CARTESIAN_POINT('',(-1.058028965224,1.295711785667E-16,
    0.303642256787));
#672 = CARTESIAN_POINT('',(0.819739197827,-19.57207579812,
    2.49663570386E-02));
#673 = CARTESIAN_POINT('',(-14.9585239777,-29.90633993932,2.467420917137
    ));
#674 = CARTESIAN_POINT('',(34.119666989114,-59.68186201219,
    -6.14973866763));
#675 = CARTESIAN_POINT('',(-71.08649769611,-66.66822926579,
    13.851636153249));
#676 = CARTESIAN_POINT('',(37.716751417312,-92.77844386582,
    -7.089120668765));
#677 = CARTESIAN_POINT('',(-20.61110730377,-107.783209905,3.612269910986
    ));
#678 = CARTESIAN_POINT('',(-5.000679941711,-127.,0.684885750344));
#679 = CARTESIAN_POINT('',(-1.053234833357,1.289840667421E-16,
    0.291003851213));
#680 = CARTESIAN_POINT('',(0.891890498851,-19.57207579811,
    -3.414411016809E-02));
#681 = CARTESIAN_POINT('',(-15.48736093351,-29.90633993933,
    2.786483977551));
#682 = CARTESIAN_POINT('',(35.838367086722,-59.68186201217,
    -6.888674319035));
#683 = CARTESIAN_POINT('',(-75.17198439308,-66.66822926581,
    15.31069592783));
#684 = CARTESIAN_POINT('',(41.521169206364,-92.7784438658,
    -8.289259167075));
#685 = CARTESIAN_POINT('',(-21.52419559963,-107.783209905,4.049272312427
    ));
#686 = CARTESIAN_POINT('',(-4.689558563614,-127.,0.704489321051));
#687 = CARTESIAN_POINT('',(-1.048438963558,1.283967420823E-16,
    0.278364972937));
#688 = CARTESIAN_POINT('',(0.934349224776,-19.57207579812,
    -8.693661447308E-02));
#689 = CARTESIAN_POINT('',(-15.78622334567,-29.9063399393,3.056628675941
    ));
#690 = CARTESIAN_POINT('',(36.903584962951,-59.68186201223,
    -7.488790409202));
#691 = CARTESIAN_POINT('',(-78.30701883347,-66.66822926573,
    16.568641167695));
#692 = CARTESIAN_POINT('',(44.682802954206,-92.77844386586,
    -9.355458002337));
#693 = CARTESIAN_POINT('',(-22.15954967497,-107.783209905,4.430233068707
    ));
#694 = CARTESIAN_POINT('',(-4.34283953947,-127.,0.718537140702));
#695 = CARTESIAN_POINT('',(-1.043641365334,1.278092057513E-16,
    0.26572564703));
#696 = CARTESIAN_POINT('',(0.94642927605,-19.57207579811,-0.133057436924
    ));
#697 = CARTESIAN_POINT('',(-15.84975482148,-29.90633993933,3.27510045762
    ));
#698 = CARTESIAN_POINT('',(37.29965586645,-59.68186201217,
    -7.942095971816));
#699 = CARTESIAN_POINT('',(-80.4675165697,-66.66822926581,
    17.613287213808));
#700 = CARTESIAN_POINT('',(47.184729540463,-92.7784438658,
    -10.27864804051));
#701 = CARTESIAN_POINT('',(-22.51633425684,-107.783209905,4.752134496332
    ));
#702 = CARTESIAN_POINT('',(-3.96394757667,-127.,0.726926985236));
#703 = CARTESIAN_POINT('',(-1.038842048188,1.272214589133E-16,
    0.253085898561));
#704 = CARTESIAN_POINT('',(0.927658970593,-19.57207579811,
    -0.172200737828));
#705 = CARTESIAN_POINT('',(-15.67426034733,-29.90633993933,
    3.439515646608));
#706 = CARTESIAN_POINT('',(37.015647550888,-59.68186201217,
    -8.241655335444));
#707 = CARTESIAN_POINT('',(-81.63636968702,-66.66822926581,
    18.434000446427));
#708 = CARTESIAN_POINT('',(49.015137128013,-92.7784438658,
    -11.05088600671));
#709 = CARTESIAN_POINT('',(-22.59601321081,-107.783209905,5.012458723221
    ));
#710 = CARTESIAN_POINT('',(-3.556644187139,-127.,0.729621891488));
#711 = CARTESIAN_POINT('',(-1.034041021626,1.266335027321E-16,
    0.240445752599));
#712 = CARTESIAN_POINT('',(0.877781646831,-19.57207579811,
    -0.204110730886));
#713 = CARTESIAN_POINT('',(-15.25771061341,-29.90633993933,
    3.547878309138));
#714 = CARTESIAN_POINT('',(36.045368630797,-59.68186201217,
    -8.38163632476));
#715 = CARTESIAN_POINT('',(-81.80344113145,-66.66822926581,
    19.021769501116));
#716 = CARTESIAN_POINT('',(50.167268405181,-92.7784438658,
    -11.66540432658));
#717 = CARTESIAN_POINT('',(-22.40225170543,-107.783209905,5.209199788576
    ));
#718 = CARTESIAN_POINT('',(-3.124969037993,-127.,0.726649636209));
#719 = DEFINITIONAL_REPRESENTATION('',(#720),#724);
#720 = LINE('',#721,#722);
#721 = CARTESIAN_POINT('',(0.,0.));
#722 = VECTOR('',#723,1.);
#723 = DIRECTION('',(1.,0.));
#724 = ( GEOMETRIC_REPRESENTATION_CONTEXT(2) 
PARAMETRIC_REPRESENTATION_CONTEXT() REPRESENTATION_CONTEXT('2D SPACE',''
  ) );
#725 = ORIENTED_EDGE('',*,*,#726,.T.);
#726 = EDGE_CURVE('',#579,#727,#729,.T.);
#727 = VERTEX_POINT('',#728);
#728 = CARTESIAN_POINT('',(-1.003098510343,1.228441379921E-16,
    0.159058238597));
#729 = SURFACE_CURVE('',#730,(#744,#761),.PCURVE_S1.);
#730 = B_SPLINE_CURVE_WITH_KNOTS('',12,(#731,#732,#733,#734,#735,#736,
    #737,#738,#739,#740,#741,#742,#743),.UNSPECIFIED.,.F.,.F.,(13,13),(
    3.,4.),.PIECEWISE_BEZIER_KNOTS.);
#731 = CARTESIAN_POINT('',(-1.034041021626,1.266335027321E-16,
    0.240445752599));
#732 = CARTESIAN_POINT('',(-1.031465158362,1.26318050462E-16,
    0.233664018067));
#733 = CARTESIAN_POINT('',(-1.028888803038,1.260025379319E-16,
    0.226882169116));
#734 = CARTESIAN_POINT('',(-1.026311957124,1.256869653218E-16,
    0.220100209619));
#735 = CARTESIAN_POINT('',(-1.023734622093,1.253713328123E-16,
    0.213318143448));
#736 = CARTESIAN_POINT('',(-1.021156799419,1.250556405836E-16,
    0.206535974478));
#737 = CARTESIAN_POINT('',(-1.018578490572,1.24739888816E-16,
    0.199753706579));
#738 = CARTESIAN_POINT('',(-1.015999697027,1.244240776898E-16,
    0.192971343627));
#739 = CARTESIAN_POINT('',(-1.013420420254,1.241082073855E-16,
    0.186188889492));
#740 = CARTESIAN_POINT('',(-1.010840661727,1.237922780832E-16,
    0.179406348049));
#741 = CARTESIAN_POINT('',(-1.008260422918,1.234762899633E-16,
    0.17262372317));
#742 = CARTESIAN_POINT('',(-1.005679705299,1.231602432062E-16,
    0.165841018728));
#743 = CARTESIAN_POINT('',(-1.003098510343,1.228441379921E-16,
    0.159058238597));
#744 = PCURVE('',#154,#745);
#745 = DEFINITIONAL_REPRESENTATION('',(#746),#760);
#746 = B_SPLINE_CURVE_WITH_KNOTS('',12,(#747,#748,#749,#750,#751,#752,
    #753,#754,#755,#756,#757,#758,#759),.UNSPECIFIED.,.F.,.F.,(13,13),(
    3.,4.),.PIECEWISE_BEZIER_KNOTS.);
#747 = CARTESIAN_POINT('',(10.405319057922,-0.865871850841));
#748 = CARTESIAN_POINT('',(10.412573469498,-0.865894378786));
#749 = CARTESIAN_POINT('',(10.419828164056,-0.865916488236));
#750 = CARTESIAN_POINT('',(10.427083137452,-0.865938179181));
#751 = CARTESIAN_POINT('',(10.434338385545,-0.865959451609));
#752 = CARTESIAN_POINT('',(10.44159390419,-0.865980305508));
#753 = CARTESIAN_POINT('',(10.448849689244,-0.866000740867));
#754 = CARTESIAN_POINT('',(10.456105736563,-0.866020757675));
#755 = CARTESIAN_POINT('',(10.463362042005,-0.866040355919));
#756 = CARTESIAN_POINT('',(10.470618601425,-0.866059535588));
#757 = CARTESIAN_POINT('',(10.477875410682,-0.866078296671));
#758 = CARTESIAN_POINT('',(10.48513246563,-0.866096639156));
#759 = CARTESIAN_POINT('',(10.492389762127,-0.866114563031));
#760 = ( GEOMETRIC_REPRESENTATION_CONTEXT(2) 
PARAMETRIC_REPRESENTATION_CONTEXT() REPRESENTATION_CONTEXT('2D SPACE',''
  ) );
#761 = PCURVE('',#762,#867);
#762 = ( BOUNDED_SURFACE() B_SPLINE_SURFACE(12,7,(
    (#763,#764,#765,#766,#767,#768,#769,#770)
    ,(#771,#772,#773,#774,#775,#776,#777,#778)
    ,(#779,#780,#781,#782,#783,#784,#785,#786)
    ,(#787,#788,#789,#790,#791,#792,#793,#794)
    ,(#795,#796,#797,#798,#799,#800,#801,#802)
    ,(#803,#804,#805,#806,#807,#808,#809,#810)
    ,(#811,#812,#813,#814,#815,#816,#817,#818)
    ,(#819,#820,#821,#822,#823,#824,#825,#826)
    ,(#827,#828,#829,#830,#831,#832,#833,#834)
    ,(#835,#836,#837,#838,#839,#840,#841,#842)
    ,(#843,#844,#845,#846,#847,#848,#849,#850)
    ,(#851,#852,#853,#854,#855,#856,#857,#858)
    ,(#859,#860,#861,#862,#863,#864,#865,#866
)),.UNSPECIFIED.,.F.,.F.,.F.) B_SPLINE_SURFACE_WITH_KNOTS((13,13),(8,8),
  (3.,4.),(0.,1.),.PIECEWISE_BEZIER_KNOTS.) 
GEOMETRIC_REPRESENTATION_ITEM() RATIONAL_B_SPLINE_SURFACE((
    (1.,1.,1.,1.,1.,1.,1.,1.)
    ,(1.,1.,1.,1.,1.,1.,1.,1.)
    ,(1.,1.,1.,1.,1.,1.,1.,1.)
    ,(1.,1.,1.,1.,1.,1.,1.,1.)
    ,(1.,1.,1.,1.,1.,1.,1.,1.)
    ,(1.,1.,1.,1.,1.,1.,1.,1.)
    ,(1.,1.,1.,1.,1.,1.,1.,1.)
    ,(1.,1.,1.,1.,1.,1.,1.,1.)
    ,(1.,1.,1.,1.,1.,1.,1.,1.)
    ,(1.,1.,1.,1.,1.,1.,1.,1.)
    ,(1.,1.,1.,1.,1.,1.,1.,1.)
    ,(1.,1.,1.,1.,1.,1.,1.,1.)
,(1.,1.,1.,1.,1.,1.,1.,1.))) REPRESENTATION_ITEM('') SURFACE() );
#763 = CARTESIAN_POINT('',(-1.034041021626,1.266335027321E-16,
    0.240445752599));
#764 = CARTESIAN_POINT('',(0.877781646831,-19.57207579811,
    -0.204110730886));
#765 = CARTESIAN_POINT('',(-15.25771061341,-29.90633993933,
    3.547878309138));
#766 = CARTESIAN_POINT('',(36.045368630797,-59.68186201217,
    -8.38163632476));
#767 = CARTESIAN_POINT('',(-81.80344113145,-66.66822926581,
    19.021769501116));
#768 = CARTESIAN_POINT('',(50.167268405181,-92.7784438658,
    -11.66540432658));
#769 = CARTESIAN_POINT('',(-22.40225170543,-107.783209905,5.209199788576
    ));
#770 = CARTESIAN_POINT('',(-3.124969037993,-127.,0.726649636209));
#771 = CARTESIAN_POINT('',(-1.031465158362,1.26318050462E-16,
    0.233664018067));
#772 = CARTESIAN_POINT('',(1.419469411743E-02,-19.57207579812,
    6.247542243535E-02));
#773 = CARTESIAN_POINT('',(-8.685047376269,-29.9063399393,1.433474537409
    ));
#774 = CARTESIAN_POINT('',(18.939892555691,-59.68186201223,
    -2.618856530118));
#775 = CARTESIAN_POINT('',(-63.22401057789,-66.66822926573,
    12.901814942241));
#776 = CARTESIAN_POINT('',(39.335820410475,-92.77844386586,
    -8.006866454942));
#777 = CARTESIAN_POINT('',(-18.80919456961,-107.783209905,4.040929442644
    ));
#778 = CARTESIAN_POINT('',(-3.032803522535,-127.,0.726015039938));
#779 = CARTESIAN_POINT('',(-1.028888803038,1.260025379319E-16,
    0.226882169116));
#780 = CARTESIAN_POINT('',(-0.851803719974,-19.57207579812,0.32962230151
    ));
#781 = CARTESIAN_POINT('',(-2.076305646264,-29.90633993932,
    -0.689318491556));
#782 = CARTESIAN_POINT('',(1.555512329584,-59.68186201218,3.208776761823
    ));
#783 = CARTESIAN_POINT('',(-43.78058605441,-66.66822926579,
    6.580955758884));
#784 = CARTESIAN_POINT('',(27.773489719807,-92.77844386581,
    -4.178376259483));
#785 = CARTESIAN_POINT('',(-14.94588050261,-107.783209905,2.809816178701
    ));
#786 = CARTESIAN_POINT('',(-2.939527023244,-127.,0.725122106442));
#787 = CARTESIAN_POINT('',(-1.026311957124,1.256869653218E-16,
    0.220100209619));
#788 = CARTESIAN_POINT('',(-1.710786349236,-19.57207579811,
    0.593949915498));
#789 = CARTESIAN_POINT('',(4.497835321907,-29.90633993935,
    -2.795303884169));
#790 = CARTESIAN_POINT('',(-15.93041919655,-59.68186201213,
    9.039546458423));
#791 = CARTESIAN_POINT('',(-23.67254118857,-66.66822926586,
    0.124163973416));
#792 = CARTESIAN_POINT('',(15.605338098115,-92.77844386576,
    -0.219319951353));
#793 = CARTESIAN_POINT('',(-10.85302172133,-107.783209905,1.528433725303
    ));
#794 = CARTESIAN_POINT('',(-2.845178857484,-127.,0.723971105771));
#795 = CARTESIAN_POINT('',(-1.023734622093,1.253713328123E-16,
    0.213318143448));
#796 = CARTESIAN_POINT('',(-2.553266724082,-19.57207579812,
    0.852064443739));
#797 = CARTESIAN_POINT('',(10.966046297315,-29.9063399393,
    -4.859133181913));
#798 = CARTESIAN_POINT('',(-33.33676303917,-59.68186201224,
    14.810854145154));
#799 = CARTESIAN_POINT('',(-3.109803581562,-66.66822926572,
    -6.401133564676));
#800 = CARTESIAN_POINT('',(2.965555884617,-92.77844386586,3.828793321664
    ));
#801 = CARTESIAN_POINT('',(-6.574697739153,-107.783209905,0.210138865281
    ));
#802 = CARTESIAN_POINT('',(-2.749798924453,-127.,0.722562443354));
#803 = CARTESIAN_POINT('',(-1.021156799419,1.250556405836E-16,
    0.206535974478));
#804 = CARTESIAN_POINT('',(-3.369825137027,-19.57207579811,1.10060293924
    ));
#805 = CARTESIAN_POINT('',(17.257292879366,-29.90633993933,
    -6.855639491975));
#806 = CARTESIAN_POINT('',(-50.4809678814,-59.68186201217,
    20.460034944549));
#807 = CARTESIAN_POINT('',(17.689828800887,-66.66822926581,
    -12.92591203509));
#808 = CARTESIAN_POINT('',(-10.0042426751,-92.7784438658,7.922851401487)
  );
#809 = CARTESIAN_POINT('',(-2.157798421727,-107.783209905,
    -1.131094574456));
#810 = CARTESIAN_POINT('',(-2.653427678019,-127.,0.720896659428));
#811 = CARTESIAN_POINT('',(-1.018578490572,1.24739888816E-16,
    0.199753706579));
#812 = CARTESIAN_POINT('',(-4.151235284323,-19.57207579812,
    1.336278108325));
#813 = CARTESIAN_POINT('',(23.301789117387,-29.90633993933,
    -8.760172104818));
#814 = CARTESIAN_POINT('',(-67.18150674722,-59.68186201218,
    25.925185694765));
#815 = CARTESIAN_POINT('',(38.503561329573,-66.6682292658,
    -19.38044856176));
#816 = CARTESIAN_POINT('',(-23.15689259837,-92.77844386581,
    12.018697629066));
#817 = CARTESIAN_POINT('',(2.348595618674,-107.783209905,-2.480856128466
    ));
#818 = CARTESIAN_POINT('',(-2.556106099572,-127.,0.718974428473));
#819 = CARTESIAN_POINT('',(-1.015999697027,1.244240776898E-16,
    0.192971343627));
#820 = CARTESIAN_POINT('',(-4.888588995131,-19.57207579812,
    1.555922269281));
#821 = CARTESIAN_POINT('',(29.03194040381,-29.9063399393,-10.54892584832
    ));
#822 = CARTESIAN_POINT('',(-83.26032456244,-59.68186201224,
    31.145989254425));
#823 = CARTESIAN_POINT('',(59.106599248431,-66.66822926572,
    -25.6952450601));
#824 = CARTESIAN_POINT('',(-36.34167359514,-92.77844386586,
    16.071714834924));
#825 = CARTESIAN_POINT('',(6.893879619429,-107.783209905,-3.824489161667
    ));
#826 = CARTESIAN_POINT('',(-2.457875670861,-127.,0.716796558638));
#827 = CARTESIAN_POINT('',(-1.013420420254,1.241082073855E-16,
    0.186188889492));
#828 = CARTESIAN_POINT('',(-5.573416479657,-19.57207579812,
    1.756529592817));
#829 = CARTESIAN_POINT('',(34.383256101737,-29.9063399393,-12.1992584281
    ));
#830 = CARTESIAN_POINT('',(-98.54524461482,-59.68186201224,36.0645177403
    ));
#831 = CARTESIAN_POINT('',(79.275199790386,-66.66822926572,
    -31.8019538898));
#832 = CARTESIAN_POINT('',(-49.40638151783,-92.77844386586,
    20.037421709095));
#833 = CARTESIAN_POINT('',(11.426622583656,-107.783209905,
    -5.147287069555));
#834 = CARTESIAN_POINT('',(-2.358778346838,-127.,0.714363991175));
#835 = CARTESIAN_POINT('',(-1.010840661727,1.237922780832E-16,
    0.179406348049));
#836 = CARTESIAN_POINT('',(-6.197799527655,-19.57207579812,
    1.935295727186));
#837 = CARTESIAN_POINT('',(39.295212367472,-29.90633993933,
    -13.68998900352));
#838 = CARTESIAN_POINT('',(-112.8722819253,-59.68186201218,
    40.625997504541));
#839 = CARTESIAN_POINT('',(98.789712615822,-66.6682292658,
    -37.63428618678));
#840 = CARTESIAN_POINT('',(-62.1994295903,-92.77844386581,
    23.872068448724));
#841 = CARTESIAN_POINT('',(15.895280845286,-107.783209905,
    -6.434690877752));
#842 = CARTESIAN_POINT('',(-2.258856528505,-127.,0.711677799867));
#843 = CARTESIAN_POINT('',(-1.008260422918,1.234762899633E-16,
    0.17262372317));
#844 = CARTESIAN_POINT('',(-6.754475088704,-19.57207579812,
    2.089653910796));
#845 = CARTESIAN_POINT('',(43.712045628753,-29.90633993932,
    -15.00167124917));
#846 = CARTESIAN_POINT('',(-126.0878115425,-59.6818620122,
    44.779518658024));
#847 = CARTESIAN_POINT('',(117.43754131735,-66.66822926578,
    -43.12888274761));
#848 = CARTESIAN_POINT('',(-74.57193317551,-92.77844386582,
    27.533218581501));
#849 = CARTESIAN_POINT('',(20.248911612353,-107.783209905,
    -7.672483908879));
#850 = CARTESIAN_POINT('',(-2.158153035754,-127.,0.708739190461));
#851 = CARTESIAN_POINT('',(-1.005679705299,1.231602432062E-16,
    0.165841018728));
#852 = CARTESIAN_POINT('',(-7.236926665663,-19.57207579812,
    2.217306675139));
#853 = CARTESIAN_POINT('',(47.583457179344,-29.90633993932,
    -16.11683415126));
#854 = CARTESIAN_POINT('',(-138.0505397724,-59.68186201219,
    48.478671946495));
#855 = CARTESIAN_POINT('',(135.01595873439,-66.66822926578,
    -48.2261273399));
#856 = CARTESIAN_POINT('',(-86.37973184115,-92.77844386582,
    30.980303863188));
#857 = CARTESIAN_POINT('',(24.437870817678,-107.783209905,-8.84697918474
    ));
#858 = CARTESIAN_POINT('',(-2.056711080209,-127.,0.705549500095));
#859 = CARTESIAN_POINT('',(-1.003098510343,1.228441379921E-16,
    0.159058238597));
#860 = CARTESIAN_POINT('',(-7.639460952721,-19.57207579811,
    2.316252240868));
#861 = CARTESIAN_POINT('',(50.865209350649,-29.90633993933,
    -17.0201837886));
#862 = CARTESIAN_POINT('',(-148.6332263559,-59.68186201217,
    51.682095786081));
#863 = CARTESIAN_POINT('',(151.33470882107,-66.66822926581,
    -52.87088231209));
#864 = CARTESIAN_POINT('',(-97.48530248252,-92.7784438658,
    34.175139147403));
#865 = CARTESIAN_POINT('',(28.41447960614,-107.783209905,-9.945195231804
    ));
#866 = CARTESIAN_POINT('',(-1.954574238074,-127.,0.702110196735));
#867 = DEFINITIONAL_REPRESENTATION('',(#868),#872);
#868 = LINE('',#869,#870);
#869 = CARTESIAN_POINT('',(0.,0.));
#870 = VECTOR('',#871,1.);
#871 = DIRECTION('',(1.,0.));
#872 = ( GEOMETRIC_REPRESENTATION_CONTEXT(2) 
PARAMETRIC_REPRESENTATION_CONTEXT() REPRESENTATION_CONTEXT('2D SPACE',''
  ) );
#873 = ORIENTED_EDGE('',*,*,#874,.T.);
#874 = EDGE_CURVE('',#727,#875,#877,.T.);
#875 = VERTEX_POINT('',#876);
#876 = CARTESIAN_POINT('',(-0.942455681506,5.770876687438E-17,
    1.128074543499E-08));
#877 = SURFACE_CURVE('',#878,(#892,#909),.PCURVE_S1.);
#878 = B_SPLINE_CURVE_WITH_KNOTS('',12,(#879,#880,#881,#882,#883,#884,
    #885,#886,#887,#888,#889,#890,#891),.UNSPECIFIED.,.F.,.F.,(13,13),(
    4.,5.),.PIECEWISE_BEZIER_KNOTS.);
#879 = CARTESIAN_POINT('',(-1.003098510343,1.228441379921E-16,
    0.159058238597));
#880 = CARTESIAN_POINT('',(0.546709494194,-6.695260321287E-17,
    -3.913476816242));
#881 = CARTESIAN_POINT('',(2.268599613653,-2.778233255408E-16,
    -8.013296426277));
#882 = CARTESIAN_POINT('',(3.843531777579,-4.706968888833E-16,
    -11.30204383806));
#883 = CARTESIAN_POINT('',(4.909136507032,-6.011958309914E-16,
    -12.93437297091));
#884 = CARTESIAN_POINT('',(5.160198604022,-6.31942070338E-16,
    -12.32218664553));
#885 = CARTESIAN_POINT('',(4.46614068825,-5.469444898407E-16,
    -9.39954304176));
#886 = CARTESIAN_POINT('',(2.952975050946,-3.616351444103E-16,
    -4.752986372622));
#887 = CARTESIAN_POINT('',(0.979848153117,-1.199967904366E-16,
    0.540279580401));
#888 = CARTESIAN_POINT('',(-1.007300275338,1.233587057973E-16,
    5.332845386279));
#889 = CARTESIAN_POINT('',(-2.62132354848,3.210195493175E-16,
    8.755647381766));
#890 = CARTESIAN_POINT('',(-3.624706454989,4.438985157951E-16,
    10.391500446698));
#891 = CARTESIAN_POINT('',(-3.950394052511,4.837837431779E-16,
    10.266176836091));
#892 = PCURVE('',#154,#893);
#893 = DEFINITIONAL_REPRESENTATION('',(#894),#908);
#894 = B_SPLINE_CURVE_WITH_KNOTS('',12,(#895,#896,#897,#898,#899,#900,
    #901,#902,#903,#904,#905,#906,#907),.UNSPECIFIED.,.F.,.F.,(13,13),(
    4.,5.),.PIECEWISE_BEZIER_KNOTS.);
#895 = CARTESIAN_POINT('',(10.492389762127,-0.866114563031));
#896 = CARTESIAN_POINT('',(14.84983520703,-0.87687646449));
#897 = CARTESIAN_POINT('',(19.294358193887,-0.736727124104));
#898 = CARTESIAN_POINT('',(22.928950520622,-0.443453398803));
#899 = CARTESIAN_POINT('',(24.834566985625,-3.279815935561E-02));
#900 = CARTESIAN_POINT('',(24.352823507066,0.420773769224));
#901 = CARTESIAN_POINT('',(21.375404709597,0.818943744983));
#902 = CARTESIAN_POINT('',(16.495094453539,1.069405179218));
#903 = CARTESIAN_POINT('',(10.846276938975,1.121892239683));
#904 = CARTESIAN_POINT('',(5.659959392438,0.982048802705));
#905 = CARTESIAN_POINT('',(1.886202483038,0.700262686463));
#906 = CARTESIAN_POINT('',(-4.305272966842E-04,0.348967381286));
#907 = CARTESIAN_POINT('',(5.329070518201E-15,-4.884981308351E-15));
#908 = ( GEOMETRIC_REPRESENTATION_CONTEXT(2) 
PARAMETRIC_REPRESENTATION_CONTEXT() REPRESENTATION_CONTEXT('2D SPACE',''
  ) );
#909 = PCURVE('',#376,#910);
#910 = DEFINITIONAL_REPRESENTATION('',(#911),#915);
#911 = LINE('',#912,#913);
#912 = CARTESIAN_POINT('',(0.,0.));
#913 = VECTOR('',#914,1.);
#914 = DIRECTION('',(1.,0.));
#915 = ( GEOMETRIC_REPRESENTATION_CONTEXT(2) 
PARAMETRIC_REPRESENTATION_CONTEXT() REPRESENTATION_CONTEXT('2D SPACE',''
  ) );
#916 = ORIENTED_EDGE('',*,*,#917,.T.);
#917 = EDGE_CURVE('',#875,#492,#918,.T.);
#918 = SURFACE_CURVE('',#919,(#933,#950),.PCURVE_S1.);
#919 = B_SPLINE_CURVE_WITH_KNOTS('',12,(#920,#921,#922,#923,#924,#925,
    #926,#927,#928,#929,#930,#931,#932),.UNSPECIFIED.,.F.,.F.,(13,13),(
    4.,5.),.PIECEWISE_BEZIER_KNOTS.);
#920 = CARTESIAN_POINT('',(1.003098510343,0.,0.159058238597));
#921 = CARTESIAN_POINT('',(-0.546709494194,0.,-3.913476816242));
#922 = CARTESIAN_POINT('',(-2.268599613653,0.,-8.013296426277));
#923 = CARTESIAN_POINT('',(-3.843531777579,0.,-11.30204383806));
#924 = CARTESIAN_POINT('',(-4.909136507032,0.,-12.93437297091));
#925 = CARTESIAN_POINT('',(-5.160198604022,0.,-12.32218664553));
#926 = CARTESIAN_POINT('',(-4.46614068825,0.,-9.39954304176));
#927 = CARTESIAN_POINT('',(-2.952975050946,0.,-4.752986372622));
#928 = CARTESIAN_POINT('',(-0.979848153117,0.,0.540279580401));
#929 = CARTESIAN_POINT('',(1.007300275338,0.,5.332845386279));
#930 = CARTESIAN_POINT('',(2.62132354848,0.,8.755647381766));
#931 = CARTESIAN_POINT('',(3.624706454989,0.,10.391500446698));
#932 = CARTESIAN_POINT('',(3.950394052511,0.,10.266176836091));
#933 = PCURVE('',#154,#934);
#934 = DEFINITIONAL_REPRESENTATION('',(#935),#949);
#935 = B_SPLINE_CURVE_WITH_KNOTS('',12,(#936,#937,#938,#939,#940,#941,
    #942,#943,#944,#945,#946,#947,#948),.UNSPECIFIED.,.F.,.F.,(13,13),(
    4.,5.),.PIECEWISE_BEZIER_KNOTS.);
#936 = CARTESIAN_POINT('',(11.210558229956,1.00713409575));
#937 = CARTESIAN_POINT('',(14.458418495964,-1.897835838054));
#938 = CARTESIAN_POINT('',(17.670154098421,-4.973251393426));
#939 = CARTESIAN_POINT('',(20.177173602111,-7.621104121135));
#940 = CARTESIAN_POINT('',(21.319870266146,-9.20042554864));
#941 = CARTESIAN_POINT('',(20.658378856885,-9.215702623034));
#942 = CARTESIAN_POINT('',(18.177870886034,-7.521405650344));
#943 = CARTESIAN_POINT('',(14.380911702785,-4.44516442343));
#944 = CARTESIAN_POINT('',(10.144754566473,-0.707937253343));
#945 = CARTESIAN_POINT('',(6.381136114289,2.863144099239));
#946 = CARTESIAN_POINT('',(3.76293931106,5.595485609028));
#947 = CARTESIAN_POINT('',(2.594678382015,7.117970061753));
#948 = CARTESIAN_POINT('',(2.828284973767,7.377211992862));
#949 = ( GEOMETRIC_REPRESENTATION_CONTEXT(2) 
PARAMETRIC_REPRESENTATION_CONTEXT() REPRESENTATION_CONTEXT('2D SPACE',''
  ) );
#950 = PCURVE('',#951,#1056);
#951 = ( BOUNDED_SURFACE() B_SPLINE_SURFACE(12,7,(
    (#952,#953,#954,#955,#956,#957,#958,#959)
    ,(#960,#961,#962,#963,#964,#965,#966,#967)
    ,(#968,#969,#970,#971,#972,#973,#974,#975)
    ,(#976,#977,#978,#979,#980,#981,#982,#983)
    ,(#984,#985,#986,#987,#988,#989,#990,#991)
    ,(#992,#993,#994,#995,#996,#997,#998,#999)
    ,(#1000,#1001,#1002,#1003,#1004,#1005,#1006,#1007)
    ,(#1008,#1009,#1010,#1011,#1012,#1013,#1014,#1015)
    ,(#1016,#1017,#1018,#1019,#1020,#1021,#1022,#1023)
    ,(#1024,#1025,#1026,#1027,#1028,#1029,#1030,#1031)
    ,(#1032,#1033,#1034,#1035,#1036,#1037,#1038,#1039)
    ,(#1040,#1041,#1042,#1043,#1044,#1045,#1046,#1047)
    ,(#1048,#1049,#1050,#1051,#1052,#1053,#1054,#1055
)),.UNSPECIFIED.,.F.,.F.,.F.) B_SPLINE_SURFACE_WITH_KNOTS((13,13),(8,8),
  (4.,5.),(0.,1.),.PIECEWISE_BEZIER_KNOTS.) 
GEOMETRIC_REPRESENTATION_ITEM() RATIONAL_B_SPLINE_SURFACE((
    (1.,1.,1.,1.,1.,1.,1.,1.)
    ,(1.,1.,1.,1.,1.,1.,1.,1.)
    ,(1.,1.,1.,1.,1.,1.,1.,1.)
    ,(1.,1.,1.,1.,1.,1.,1.,1.)
    ,(1.,1.,1.,1.,1.,1.,1.,1.)
    ,(1.,1.,1.,1.,1.,1.,1.,1.)
    ,(1.,1.,1.,1.,1.,1.,1.,1.)
    ,(1.,1.,1.,1.,1.,1.,1.,1.)
    ,(1.,1.,1.,1.,1.,1.,1.,1.)
    ,(1.,1.,1.,1.,1.,1.,1.,1.)
    ,(1.,1.,1.,1.,1.,1.,1.,1.)
    ,(1.,1.,1.,1.,1.,1.,1.,1.)
,(1.,1.,1.,1.,1.,1.,1.,1.))) REPRESENTATION_ITEM('') SURFACE() );
#952 = CARTESIAN_POINT('',(1.003098510343,0.,0.159058238597));
#953 = CARTESIAN_POINT('',(7.639460952721,19.572075798119,2.316252240868
    ));
#954 = CARTESIAN_POINT('',(-50.86520935064,29.906339939337,
    -17.0201837886));
#955 = CARTESIAN_POINT('',(148.63322635599,59.681862012172,
    51.682095786081));
#956 = CARTESIAN_POINT('',(-151.334708821,66.668229265818,
    -52.87088231209));
#957 = CARTESIAN_POINT('',(97.485302482523,92.778443865803,
    34.175139147403));
#958 = CARTESIAN_POINT('',(-28.41447960614,107.78320990507,
    -9.945195231804));
#959 = CARTESIAN_POINT('',(1.954574238074,127.,0.702110196735));
#960 = CARTESIAN_POINT('',(-0.546709494194,0.,-3.913476816242));
#961 = CARTESIAN_POINT('',(2.709707575139,19.572075798116,
    -7.418400499125));
#962 = CARTESIAN_POINT('',(-30.17586876454,29.90633993934,
    15.553225518402));
#963 = CARTESIAN_POINT('',(118.42823639476,59.681862012172,
    6.066767108749));
#964 = CARTESIAN_POINT('',(-125.7632472708,66.668229265812,
    -13.11079546936));
#965 = CARTESIAN_POINT('',(83.112856029734,92.778443865809,
    11.72192912115));
#966 = CARTESIAN_POINT('',(-24.12514751029,107.78320990507,
    -2.995019011422));
#967 = CARTESIAN_POINT('',(1.877569922576,127.,0.699517193118));
#968 = CARTESIAN_POINT('',(-2.268599613653,0.,-8.013296426277));
#969 = CARTESIAN_POINT('',(-2.699259605986,19.572075798134,
    -17.25177463835));
#970 = CARTESIAN_POINT('',(-7.516835942371,29.906339939295,
    48.619501917226));
#971 = CARTESIAN_POINT('',(84.060811130622,59.68186201224,
    -40.75056735961));
#972 = CARTESIAN_POINT('',(-95.73615683583,66.668229265747,
    27.994081406138));
#973 = CARTESIAN_POINT('',(65.960261216913,92.778443865849,
    -11.58533597577));
#974 = CARTESIAN_POINT('',(-18.9346477233,107.78320990505,4.233975698875
    ));
#975 = CARTESIAN_POINT('',(1.800170580264,127.,0.696782303862));
#976 = CARTESIAN_POINT('',(-3.843531777579,0.,-11.30204383806));
#977 = CARTESIAN_POINT('',(-7.883006681503,19.572075798092,
    -25.38550659312));
#978 = CARTESIAN_POINT('',(14.949292154819,29.906339939383,
    76.859361576117));
#979 = CARTESIAN_POINT('',(48.544324733197,59.681862012135,
    -81.48276939152));
#980 = CARTESIAN_POINT('',(-63.9049730545,66.66822926583,64.081446549931
    ));
#981 = CARTESIAN_POINT('',(47.53318339446,92.778443865806,
    -32.14755073308));
#982 = CARTESIAN_POINT('',(-13.31122835501,107.78320990507,
    10.624325414402));
#983 = CARTESIAN_POINT('',(1.722394935326,127.,0.693906159821));
#984 = CARTESIAN_POINT('',(-4.909136507032,0.,-12.93437297091));
#985 = CARTESIAN_POINT('',(-12.04291874319,19.572075798166,
    -30.00563551567));
#986 = CARTESIAN_POINT('',(34.774258130295,29.906339939241,
    94.904226178254));
#987 = CARTESIAN_POINT('',(15.308859153385,59.681862012276,
    -108.7658409483));
#988 = CARTESIAN_POINT('',(-33.30021387671,66.668229265746,
    88.71638701206));
#989 = CARTESIAN_POINT('',(29.556534769245,92.778443865834,
    -46.32277624565));
#990 = CARTESIAN_POINT('',(-7.79194303202,107.78320990506,
    15.045002856312));
#991 = CARTESIAN_POINT('',(1.644261800945,127.,0.690889432812));
#992 = CARTESIAN_POINT('',(-5.160198604022,0.,-12.32218664553));
#993 = CARTESIAN_POINT('',(-14.50041061784,19.572075798062,
    -29.84477778191));
#994 = CARTESIAN_POINT('',(49.852683253378,29.906339939453,
    98.981297930632));
#995 = CARTESIAN_POINT('',(-12.65850077605,59.681862012042,
    -117.4061952514));
#996 = CARTESIAN_POINT('',(-6.581001616845,66.668229265909,
    97.351620450189));
#997 = CARTESIAN_POINT('',(13.550002632006,92.778443865762,
    -51.53474897783));
#998 = CARTESIAN_POINT('',(-2.850857314907,107.78320990508,
    16.695545036514));
#999 = CARTESIAN_POINT('',(1.565790079298,127.,0.687732835616));
#1000 = CARTESIAN_POINT('',(-4.46614068825,0.,-9.39954304176));
#1001 = CARTESIAN_POINT('',(-14.9473586022,19.572075798174,
    -24.74575083343));
#1002 = CARTESIAN_POINT('',(59.156882287213,29.90633993921,
    88.563010842161));
#1003 = CARTESIAN_POINT('',(-33.81940346932,59.681862012339,
    -106.6342290549));
#1004 = CARTESIAN_POINT('',(14.843200790609,66.668229265673,
    89.293421767705));
#1005 = CARTESIAN_POINT('',(0.331096801598,92.778443865886,
    -47.3846643486));
#1006 = CARTESIAN_POINT('',(1.255270398077,107.78320990504,
    15.451206974915));
#1007 = CARTESIAN_POINT('',(1.486998761558,127.,0.684437121975));
#1008 = CARTESIAN_POINT('',(-2.952975050946,0.,-4.752986372622));
#1009 = CARTESIAN_POINT('',(-13.62102233542,19.572075798087,
    -15.93906396676));
#1010 = CARTESIAN_POINT('',(63.251109271755,29.906339939387,
    67.17989922068));
#1011 = CARTESIAN_POINT('',(-48.78943951433,59.681862012144,
    -81.21555963732));
#1012 = CARTESIAN_POINT('',(31.429159815188,66.668229265809,
    68.671339471632));
#1013 = CARTESIAN_POINT('',(-10.33395825365,92.778443865825,
    -36.19967162388));
#1014 = CARTESIAN_POINT('',(4.595432045751,107.78320990506,
    12.033256063316));
#1015 = CARTESIAN_POINT('',(1.407906927891,127.,0.681003086594));
#1016 = CARTESIAN_POINT('',(-0.979848153117,0.,0.540279580401));
#1017 = CARTESIAN_POINT('',(-11.25485252494,19.572075798144,
    -5.699201478916));
#1018 = CARTESIAN_POINT('',(64.150591101873,29.906339939262,
    41.417069352194));
#1019 = CARTESIAN_POINT('',(-60.14904521224,59.681862012299,
    -50.08164905304));
#1020 = CARTESIAN_POINT('',(45.336764393588,66.668229265681,
    43.244400248715));
#1021 = CARTESIAN_POINT('',(-19.63855221882,92.778443865894,
    -22.35798293313));
#1022 = CARTESIAN_POINT('',(7.535995211106,107.78320990504,
    7.799485610408));
#1023 = CARTESIAN_POINT('',(1.328533747459,127.,0.677431565141));
#1024 = CARTESIAN_POINT('',(1.007300275338,0.,5.332845386279));
#1025 = CARTESIAN_POINT('',(-8.767995493214,19.572075798112,
    3.54902327989));
#1026 = CARTESIAN_POINT('',(64.416498225594,29.906339939345,
    18.302633151367));
#1027 = CARTESIAN_POINT('',(-71.21129748148,59.681862012169,
    -22.76434039795));
#1028 = CARTESIAN_POINT('',(59.356379828343,66.668229265813,
    21.291945547018));
#1029 = CARTESIAN_POINT('',(-29.12978129701,92.778443865809,
    -10.53091003832));
#1030 = CARTESIAN_POINT('',(10.552703141671,107.78320990507,
    4.198505372465));
#1031 = CARTESIAN_POINT('',(1.248898478419,127.,0.673723434246));
#1032 = CARTESIAN_POINT('',(2.62132354848,0.,8.755647381766));
#1033 = CARTESIAN_POINT('',(-6.956362810062,19.572075798119,
    9.971263925726));
#1034 = CARTESIAN_POINT('',(66.255376997533,29.906339939343,
    3.142958283906));
#1035 = CARTESIAN_POINT('',(-84.79611875924,59.681862012151,
    -6.440764785417));
#1036 = CARTESIAN_POINT('',(75.84200665705,66.668229265846,
    9.036931152694));
#1037 = CARTESIAN_POINT('',(-40.10589430985,92.778443865782,
    -4.226028684946));
#1038 = CARTESIAN_POINT('',(14.04372676825,107.78320990508,
    2.317518443208));
#1039 = CARTESIAN_POINT('',(1.169020467921,127.,0.669879611501));
#1040 = CARTESIAN_POINT('',(3.624706454989,0.,10.391500446698));
#1041 = CARTESIAN_POINT('',(-6.300052384686,19.572075798119,
    12.692344823045));
#1042 = CARTESIAN_POINT('',(70.958600167257,29.906339939331,
    -1.55424462254));
#1043 = CARTESIAN_POINT('',(-102.4690768449,59.681862012186,
    -4.464081539291));
#1044 = CARTESIAN_POINT('',(96.049819141083,66.668229265798,
    9.365267147458));
#1045 = CARTESIAN_POINT('',(-53.24302511157,92.778443865817,
    -5.063254463579));
#1046 = CARTESIAN_POINT('',(18.213904130556,107.78320990506,
    2.657626417268));
#1047 = CARTESIAN_POINT('',(1.088919152111,127.,0.665901055463));
#1048 = CARTESIAN_POINT('',(3.950394052511,0.,10.266176836091));
#1049 = CARTESIAN_POINT('',(-6.919558945947,19.572075798119,
    11.777069355762));
#1050 = CARTESIAN_POINT('',(78.776626216725,29.906339939337,
    3.977184826801));
#1051 = CARTESIAN_POINT('',(-124.3741391763,59.681862012172,
    -16.44309530244));
#1052 = CARTESIAN_POINT('',(119.9948538281,66.668229265818,
    21.896169124756));
#1053 = CARTESIAN_POINT('',(-68.51496225491,92.778443865803,
    -12.81490995699));
#1054 = CARTESIAN_POINT('',(23.049955198911,107.78320990507,
    5.14631042715));
#1055 = CARTESIAN_POINT('',(1.008614056129,127.,0.661788765648));
#1056 = DEFINITIONAL_REPRESENTATION('',(#1057),#1061);
#1057 = LINE('',#1058,#1059);
#1058 = CARTESIAN_POINT('',(0.,0.));
#1059 = VECTOR('',#1060,1.);
#1060 = DIRECTION('',(1.,0.));
#1061 = ( GEOMETRIC_REPRESENTATION_CONTEXT(2) 
PARAMETRIC_REPRESENTATION_CONTEXT() REPRESENTATION_CONTEXT('2D SPACE',''
  ) );
#1062 = ADVANCED_FACE('',(#1063),#197,.F.);
#1063 = FACE_BOUND('',#1064,.F.);
#1064 = EDGE_LOOP('',(#1065,#1066,#1094,#1135));
#1065 = ORIENTED_EDGE('',*,*,#535,.T.);
#1066 = ORIENTED_EDGE('',*,*,#1067,.T.);
#1067 = EDGE_CURVE('',#536,#1068,#1070,.T.);
#1068 = VERTEX_POINT('',#1069);
#1069 = CARTESIAN_POINT('',(-5.985735955813,-127.,0.413479222319));
#1070 = SURFACE_CURVE('',#1071,(#1080,#1087),.PCURVE_S1.);
#1071 = ( BOUNDED_CURVE() B_SPLINE_CURVE(7,(#1072,#1073,#1074,#1075,
    #1076,#1077,#1078,#1079),.UNSPECIFIED.,.F.,.F.) 
B_SPLINE_CURVE_WITH_KNOTS((8,8),(0.,1.),.PIECEWISE_BEZIER_KNOTS.) CURVE(
) GEOMETRIC_REPRESENTATION_ITEM() RATIONAL_B_SPLINE_CURVE((1.,1.,1.,1.,
1.,1.,1.,1.)) REPRESENTATION_ITEM('') );
#1072 = CARTESIAN_POINT('',(-1.091538427804,1.336749041756E-16,
    0.392095754339));
#1073 = CARTESIAN_POINT('',(-0.416241205529,-19.57207579811,0.5772738656
    ));
#1074 = CARTESIAN_POINT('',(-5.599359076112,-29.90633993933,
    -0.837320800182));
#1075 = CARTESIAN_POINT('',(6.054293371661,-59.68186201217,
    2.048014057131));
#1076 = CARTESIAN_POINT('',(-19.30119762381,-66.66822926581,
    -0.69015991924));
#1077 = CARTESIAN_POINT('',(-4.443209119388,-92.7784438658,
    4.097905470597));
#1078 = CARTESIAN_POINT('',(-7.014518738722,-107.783209905,
    -0.668652731187));
#1079 = CARTESIAN_POINT('',(-5.985735955813,-127.,0.413479222319));
#1080 = PCURVE('',#197,#1081);
#1081 = DEFINITIONAL_REPRESENTATION('',(#1082),#1086);
#1082 = LINE('',#1083,#1084);
#1083 = CARTESIAN_POINT('',(2.,0.));
#1084 = VECTOR('',#1085,1.);
#1085 = DIRECTION('',(0.,1.));
#1086 = ( GEOMETRIC_REPRESENTATION_CONTEXT(2) 
PARAMETRIC_REPRESENTATION_CONTEXT() REPRESENTATION_CONTEXT('2D SPACE',''
  ) );
#1087 = PCURVE('',#614,#1088);
#1088 = DEFINITIONAL_REPRESENTATION('',(#1089),#1093);
#1089 = LINE('',#1090,#1091);
#1090 = CARTESIAN_POINT('',(2.,0.));
#1091 = VECTOR('',#1092,1.);
#1092 = DIRECTION('',(0.,1.));
#1093 = ( GEOMETRIC_REPRESENTATION_CONTEXT(2) 
PARAMETRIC_REPRESENTATION_CONTEXT() REPRESENTATION_CONTEXT('2D SPACE',''
  ) );
#1094 = ORIENTED_EDGE('',*,*,#1095,.F.);
#1095 = EDGE_CURVE('',#177,#1068,#1096,.T.);
#1096 = SURFACE_CURVE('',#1097,(#1111,#1118),.PCURVE_S1.);
#1097 = B_SPLINE_CURVE_WITH_KNOTS('',12,(#1098,#1099,#1100,#1101,#1102,
    #1103,#1104,#1105,#1106,#1107,#1108,#1109,#1110),.UNSPECIFIED.,.F.,
  .F.,(13,13),(1.,2.),.PIECEWISE_BEZIER_KNOTS.);
#1098 = CARTESIAN_POINT('',(-0.237489892119,-127.,0.617182285327));
#1099 = CARTESIAN_POINT('',(2.134531793961,-127.,0.464438316407));
#1100 = CARTESIAN_POINT('',(4.54729965939,-126.9999999999,0.205801176388
    ));
#1101 = CARTESIAN_POINT('',(6.512449673516,-127.0000000001,
    -0.127279872639));
#1102 = CARTESIAN_POINT('',(7.531294155833,-126.9999999997,
    -0.476713433718));
#1103 = CARTESIAN_POINT('',(7.248757719766,-127.0000000004,
    -0.767632207869));
#1104 = CARTESIAN_POINT('',(5.610276244553,-126.9999999994,
    -0.929147666146));
#1105 = CARTESIAN_POINT('',(2.942692804026,-127.0000000005,
    -0.920228078528));
#1106 = CARTESIAN_POINT('',(-0.134199019882,-126.9999999995,
    -0.74835880555));
#1107 = CARTESIAN_POINT('',(-2.950555019525,-127.0000000002,
    -0.462624431637));
#1108 = CARTESIAN_POINT('',(-4.991527036665,-126.9999999998,
    -0.132230319473));
#1109 = CARTESIAN_POINT('',(-6.002133790804,-127.,0.176095805678));
#1110 = CARTESIAN_POINT('',(-5.985735955813,-127.,0.413479222319));
#1111 = PCURVE('',#197,#1112);
#1112 = DEFINITIONAL_REPRESENTATION('',(#1113),#1117);
#1113 = LINE('',#1114,#1115);
#1114 = CARTESIAN_POINT('',(0.,1.));
#1115 = VECTOR('',#1116,1.);
#1116 = DIRECTION('',(1.,0.));
#1117 = ( GEOMETRIC_REPRESENTATION_CONTEXT(2) 
PARAMETRIC_REPRESENTATION_CONTEXT() REPRESENTATION_CONTEXT('2D SPACE',''
  ) );
#1118 = PCURVE('',#335,#1119);
#1119 = DEFINITIONAL_REPRESENTATION('',(#1120),#1134);
#1120 = B_SPLINE_CURVE_WITH_KNOTS('',12,(#1121,#1122,#1123,#1124,#1125,
    #1126,#1127,#1128,#1129,#1130,#1131,#1132,#1133),.UNSPECIFIED.,.F.,
  .F.,(13,13),(1.,2.),.PIECEWISE_BEZIER_KNOTS.);
#1121 = CARTESIAN_POINT('',(0.769134875495,-7.108978622041E-02));
#1122 = CARTESIAN_POINT('',(3.137357657865,-0.274408384326));
#1123 = CARTESIAN_POINT('',(5.561688436634,-0.379108994434));
#1124 = CARTESIAN_POINT('',(7.554545087776,-0.343332867742));
#1125 = CARTESIAN_POINT('',(8.614157698853,-0.150022218268));
#1126 = CARTESIAN_POINT('',(8.378251057804,0.179839309601));
#1127 = CARTESIAN_POINT('',(6.782283509722,0.584309794737));
#1128 = CARTESIAN_POINT('',(4.143300974253,0.973991907113));
#1129 = CARTESIAN_POINT('',(1.075260445749,1.263698065987));
#1130 = CARTESIAN_POINT('',(-1.752177708938,1.401896222924));
#1131 = CARTESIAN_POINT('',(-3.819604159718,1.380103684918));
#1132 = CARTESIAN_POINT('',(-4.86493057334,1.226208590955));
#1133 = CARTESIAN_POINT('',(-4.884178677382,0.989039271735));
#1134 = ( GEOMETRIC_REPRESENTATION_CONTEXT(2) 
PARAMETRIC_REPRESENTATION_CONTEXT() REPRESENTATION_CONTEXT('2D SPACE',''
  ) );
#1135 = ORIENTED_EDGE('',*,*,#176,.F.);
#1136 = ADVANCED_FACE('',(#1137),#335,.F.);
#1137 = FACE_BOUND('',#1138,.F.);
#1138 = EDGE_LOOP('',(#1139,#1140,#1141,#1184,#1227));
#1139 = ORIENTED_EDGE('',*,*,#309,.T.);
#1140 = ORIENTED_EDGE('',*,*,#1095,.T.);
#1141 = ORIENTED_EDGE('',*,*,#1142,.T.);
#1142 = EDGE_CURVE('',#1068,#1143,#1145,.T.);
#1143 = VERTEX_POINT('',#1144);
#1144 = CARTESIAN_POINT('',(-3.124969037993,-127.,0.726649636209));
#1145 = SURFACE_CURVE('',#1146,(#1160,#1177),.PCURVE_S1.);
#1146 = B_SPLINE_CURVE_WITH_KNOTS('',12,(#1147,#1148,#1149,#1150,#1151,
    #1152,#1153,#1154,#1155,#1156,#1157,#1158,#1159),.UNSPECIFIED.,.F.,
  .F.,(13,13),(2.,3.),.PIECEWISE_BEZIER_KNOTS.);
#1147 = CARTESIAN_POINT('',(-5.985735955813,-127.,0.413479222319));
#1148 = CARTESIAN_POINT('',(-5.982239892689,-127.,0.464090013898));
#1149 = CARTESIAN_POINT('',(-5.932060904087,-127.,0.511476064893));
#1150 = CARTESIAN_POINT('',(-5.835232030244,-127.,0.555163756066));
#1151 = CARTESIAN_POINT('',(-5.692319620166,-127.,0.594716276222));
#1152 = CARTESIAN_POINT('',(-5.504423855459,-127.,0.629740506256));
#1153 = CARTESIAN_POINT('',(-5.273168393894,-127.,0.659893110999));
#1154 = CARTESIAN_POINT('',(-5.000679941711,-127.,0.684885750344));
#1155 = CARTESIAN_POINT('',(-4.689558563614,-127.,0.704489321051));
#1156 = CARTESIAN_POINT('',(-4.34283953947,-127.,0.718537140702));
#1157 = CARTESIAN_POINT('',(-3.96394757667,-127.,0.726926985236));
#1158 = CARTESIAN_POINT('',(-3.556644187139,-127.,0.729621891488));
#1159 = CARTESIAN_POINT('',(-3.124969037993,-127.,0.726649636209));
#1160 = PCURVE('',#335,#1161);
#1161 = DEFINITIONAL_REPRESENTATION('',(#1162),#1176);
#1162 = B_SPLINE_CURVE_WITH_KNOTS('',12,(#1163,#1164,#1165,#1166,#1167,
    #1168,#1169,#1170,#1171,#1172,#1173,#1174,#1175),.UNSPECIFIED.,.F.,
  .F.,(13,13),(2.,3.),.PIECEWISE_BEZIER_KNOTS.);
#1163 = CARTESIAN_POINT('',(-4.884178677382,0.989039271735));
#1164 = CARTESIAN_POINT('',(-4.888282425637,0.93847412631));
#1165 = CARTESIAN_POINT('',(-4.845745351356,0.884123725781));
#1166 = CARTESIAN_POINT('',(-4.75652937159,0.826461310604));
#1167 = CARTESIAN_POINT('',(-4.621129226449,0.766003395482));
#1168 = CARTESIAN_POINT('',(-4.440574025445,0.703303040821));
#1169 = CARTESIAN_POINT('',(-4.216417917306,0.638942282122));
#1170 = CARTESIAN_POINT('',(-3.950720669975,0.573523925711));
#1171 = CARTESIAN_POINT('',(-3.646018947435,0.507662919232));
#1172 = CARTESIAN_POINT('',(-3.305289070056,0.441977505315));
#1173 = CARTESIAN_POINT('',(-2.931902045127,0.37708036685));
#1174 = CARTESIAN_POINT('',(-2.529571654252,0.313569972256));
#1175 = CARTESIAN_POINT('',(-2.102296384284,0.252022329202));
#1176 = ( GEOMETRIC_REPRESENTATION_CONTEXT(2) 
PARAMETRIC_REPRESENTATION_CONTEXT() REPRESENTATION_CONTEXT('2D SPACE',''
  ) );
#1177 = PCURVE('',#614,#1178);
#1178 = DEFINITIONAL_REPRESENTATION('',(#1179),#1183);
#1179 = LINE('',#1180,#1181);
#1180 = CARTESIAN_POINT('',(0.,1.));
#1181 = VECTOR('',#1182,1.);
#1182 = DIRECTION('',(1.,0.));
#1183 = ( GEOMETRIC_REPRESENTATION_CONTEXT(2) 
PARAMETRIC_REPRESENTATION_CONTEXT() REPRESENTATION_CONTEXT('2D SPACE',''
  ) );
#1184 = ORIENTED_EDGE('',*,*,#1185,.T.);
#1185 = EDGE_CURVE('',#1143,#1186,#1188,.T.);
#1186 = VERTEX_POINT('',#1187);
#1187 = CARTESIAN_POINT('',(-1.954574238074,-127.,0.702110196735));
#1188 = SURFACE_CURVE('',#1189,(#1203,#1220),.PCURVE_S1.);
#1189 = B_SPLINE_CURVE_WITH_KNOTS('',12,(#1190,#1191,#1192,#1193,#1194,
    #1195,#1196,#1197,#1198,#1199,#1200,#1201,#1202),.UNSPECIFIED.,.F.,
  .F.,(13,13),(3.,4.),.PIECEWISE_BEZIER_KNOTS.);
#1190 = CARTESIAN_POINT('',(-3.124969037993,-127.,0.726649636209));
#1191 = CARTESIAN_POINT('',(-3.032803522535,-127.,0.726015039938));
#1192 = CARTESIAN_POINT('',(-2.939527023244,-127.,0.725122106442));
#1193 = CARTESIAN_POINT('',(-2.845178857484,-127.,0.723971105771));
#1194 = CARTESIAN_POINT('',(-2.749798924453,-127.,0.722562443354));
#1195 = CARTESIAN_POINT('',(-2.653427678019,-127.,0.720896659428));
#1196 = CARTESIAN_POINT('',(-2.556106099572,-127.,0.718974428473));
#1197 = CARTESIAN_POINT('',(-2.457875670861,-127.,0.716796558638));
#1198 = CARTESIAN_POINT('',(-2.358778346838,-127.,0.714363991175));
#1199 = CARTESIAN_POINT('',(-2.258856528505,-127.,0.711677799867));
#1200 = CARTESIAN_POINT('',(-2.158153035754,-127.,0.708739190461));
#1201 = CARTESIAN_POINT('',(-2.056711080209,-127.,0.705549500095));
#1202 = CARTESIAN_POINT('',(-1.954574238074,-127.,0.702110196735));
#1203 = PCURVE('',#335,#1204);
#1204 = DEFINITIONAL_REPRESENTATION('',(#1205),#1219);
#1205 = B_SPLINE_CURVE_WITH_KNOTS('',12,(#1206,#1207,#1208,#1209,#1210,
    #1211,#1212,#1213,#1214,#1215,#1216,#1217,#1218),.UNSPECIFIED.,.F.,
  .F.,(13,13),(3.,4.),.PIECEWISE_BEZIER_KNOTS.);
#1206 = CARTESIAN_POINT('',(-2.102296384284,0.252022329202));
#1207 = CARTESIAN_POINT('',(-2.011070272295,0.238881498051));
#1208 = CARTESIAN_POINT('',(-1.918707050839,0.225830139021));
#1209 = CARTESIAN_POINT('',(-1.825245636437,0.212873858587));
#1210 = CARTESIAN_POINT('',(-1.730725541135,0.20001821628));
#1211 = CARTESIAN_POINT('',(-1.63518684557,0.187268721196));
#1212 = CARTESIAN_POINT('',(-1.538670172028,0.174630828501));
#1213 = CARTESIAN_POINT('',(-1.441216657514,0.162109935938));
#1214 = CARTESIAN_POINT('',(-1.342867926806,0.14971138033));
#1215 = CARTESIAN_POINT('',(-1.243666065528,0.137440434092));
#1216 = CARTESIAN_POINT('',(-1.143653593204,0.12530230173));
#1217 = CARTESIAN_POINT('',(-1.042873436327,0.113302116354));
#1218 = CARTESIAN_POINT('',(-0.941368901417,0.10144493618));
#1219 = ( GEOMETRIC_REPRESENTATION_CONTEXT(2) 
PARAMETRIC_REPRESENTATION_CONTEXT() REPRESENTATION_CONTEXT('2D SPACE',''
  ) );
#1220 = PCURVE('',#762,#1221);
#1221 = DEFINITIONAL_REPRESENTATION('',(#1222),#1226);
#1222 = LINE('',#1223,#1224);
#1223 = CARTESIAN_POINT('',(0.,1.));
#1224 = VECTOR('',#1225,1.);
#1225 = DIRECTION('',(1.,0.));
#1226 = ( GEOMETRIC_REPRESENTATION_CONTEXT(2) 
PARAMETRIC_REPRESENTATION_CONTEXT() REPRESENTATION_CONTEXT('2D SPACE',''
  ) );
#1227 = ORIENTED_EDGE('',*,*,#1228,.T.);
#1228 = EDGE_CURVE('',#1186,#310,#1229,.T.);
#1229 = SURFACE_CURVE('',#1230,(#1244,#1261),.PCURVE_S1.);
#1230 = B_SPLINE_CURVE_WITH_KNOTS('',12,(#1231,#1232,#1233,#1234,#1235,
    #1236,#1237,#1238,#1239,#1240,#1241,#1242,#1243),.UNSPECIFIED.,.F.,
  .F.,(13,13),(4.,5.),.PIECEWISE_BEZIER_KNOTS.);
#1231 = CARTESIAN_POINT('',(-1.954574238074,-127.,0.702110196735));
#1232 = CARTESIAN_POINT('',(-1.877569922576,-127.,0.699517193118));
#1233 = CARTESIAN_POINT('',(-1.800170580264,-127.,0.696782303862));
#1234 = CARTESIAN_POINT('',(-1.722394935326,-127.,0.693906159821));
#1235 = CARTESIAN_POINT('',(-1.644261800945,-127.,0.690889432812));
#1236 = CARTESIAN_POINT('',(-1.565790079298,-127.,0.687732835616));
#1237 = CARTESIAN_POINT('',(-1.486998761558,-127.,0.684437121975));
#1238 = CARTESIAN_POINT('',(-1.407906927891,-127.,0.681003086594));
#1239 = CARTESIAN_POINT('',(-1.328533747459,-127.,0.677431565141));
#1240 = CARTESIAN_POINT('',(-1.248898478419,-127.,0.673723434246));
#1241 = CARTESIAN_POINT('',(-1.169020467921,-127.,0.669879611501));
#1242 = CARTESIAN_POINT('',(-1.088919152111,-127.,0.665901055463));
#1243 = CARTESIAN_POINT('',(-1.008614056129,-127.,0.661788765648));
#1244 = PCURVE('',#335,#1245);
#1245 = DEFINITIONAL_REPRESENTATION('',(#1246),#1260);
#1246 = B_SPLINE_CURVE_WITH_KNOTS('',12,(#1247,#1248,#1249,#1250,#1251,
    #1252,#1253,#1254,#1255,#1256,#1257,#1258,#1259),.UNSPECIFIED.,.F.,
  .F.,(13,13),(4.,5.),.PIECEWISE_BEZIER_KNOTS.);
#1247 = CARTESIAN_POINT('',(-0.941368901417,0.10144493618));
#1248 = CARTESIAN_POINT('',(-0.864841303076,9.250541911611E-02));
#1249 = CARTESIAN_POINT('',(-0.787901914746,8.364718380054E-02));
#1250 = CARTESIAN_POINT('',(-0.710569344748,7.487240360255E-02));
#1251 = CARTESIAN_POINT('',(-0.632862295519,6.618322468347E-02));
#1252 = CARTESIAN_POINT('',(-0.554799563614,5.758176599637E-02));
#1253 = CARTESIAN_POINT('',(-0.4764000397,4.907011928604E-02));
#1254 = CARTESIAN_POINT('',(-0.397682708561,4.065034908896E-02));
#1255 = CARTESIAN_POINT('',(-0.318666649097,3.232449273336E-02));
#1256 = CARTESIAN_POINT('',(-0.239371034321,2.409456033915E-02));
#1257 = CARTESIAN_POINT('',(-0.159815131364,1.596253481799E-02));
#1258 = CARTESIAN_POINT('',(-8.001830146987E-02,7.930371873251E-03));
#1259 = CARTESIAN_POINT('',(0.,0.));
#1260 = ( GEOMETRIC_REPRESENTATION_CONTEXT(2) 
PARAMETRIC_REPRESENTATION_CONTEXT() REPRESENTATION_CONTEXT('2D SPACE',''
  ) );
#1261 = PCURVE('',#376,#1262);
#1262 = DEFINITIONAL_REPRESENTATION('',(#1263),#1267);
#1263 = LINE('',#1264,#1265);
#1264 = CARTESIAN_POINT('',(0.,1.));
#1265 = VECTOR('',#1266,1.);
#1266 = DIRECTION('',(1.,0.));
#1267 = ( GEOMETRIC_REPRESENTATION_CONTEXT(2) 
PARAMETRIC_REPRESENTATION_CONTEXT() REPRESENTATION_CONTEXT('2D SPACE',''
  ) );
#1268 = ADVANCED_FACE('',(#1269),#376,.F.);
#1269 = FACE_BOUND('',#1270,.F.);
#1270 = EDGE_LOOP('',(#1271,#1272,#1320,#1368,#1414,#1415,#1416,#1417));
#1271 = ORIENTED_EDGE('',*,*,#874,.T.);
#1272 = ORIENTED_EDGE('',*,*,#1273,.T.);
#1273 = EDGE_CURVE('',#875,#1274,#1276,.T.);
#1274 = VERTEX_POINT('',#1275);
#1275 = CARTESIAN_POINT('',(-2.431860192387E-09,-7.636516216291E-25,
    -2.399088842602));
#1276 = SURFACE_CURVE('',#1277,(#1291,#1298),.PCURVE_S1.);
#1277 = B_SPLINE_CURVE_WITH_KNOTS('',12,(#1278,#1279,#1280,#1281,#1282,
    #1283,#1284,#1285,#1286,#1287,#1288,#1289,#1290),.UNSPECIFIED.,.F.,
  .F.,(13,13),(4.,5.),.PIECEWISE_BEZIER_KNOTS.);
#1278 = CARTESIAN_POINT('',(-1.003098510343,1.228441379921E-16,
    0.159058238597));
#1279 = CARTESIAN_POINT('',(0.546709494194,-6.695260321287E-17,
    -3.913476816242));
#1280 = CARTESIAN_POINT('',(2.268599613653,-2.778233255408E-16,
    -8.013296426277));
#1281 = CARTESIAN_POINT('',(3.843531777579,-4.706968888833E-16,
    -11.30204383806));
#1282 = CARTESIAN_POINT('',(4.909136507032,-6.011958309914E-16,
    -12.93437297091));
#1283 = CARTESIAN_POINT('',(5.160198604022,-6.31942070338E-16,
    -12.32218664553));
#1284 = CARTESIAN_POINT('',(4.46614068825,-5.469444898407E-16,
    -9.39954304176));
#1285 = CARTESIAN_POINT('',(2.952975050946,-3.616351444103E-16,
    -4.752986372622));
#1286 = CARTESIAN_POINT('',(0.979848153117,-1.199967904366E-16,
    0.540279580401));
#1287 = CARTESIAN_POINT('',(-1.007300275338,1.233587057973E-16,
    5.332845386279));
#1288 = CARTESIAN_POINT('',(-2.62132354848,3.210195493175E-16,
    8.755647381766));
#1289 = CARTESIAN_POINT('',(-3.624706454989,4.438985157951E-16,
    10.391500446698));
#1290 = CARTESIAN_POINT('',(-3.950394052511,4.837837431779E-16,
    10.266176836091));
#1291 = PCURVE('',#376,#1292);
#1292 = DEFINITIONAL_REPRESENTATION('',(#1293),#1297);
#1293 = LINE('',#1294,#1295);
#1294 = CARTESIAN_POINT('',(0.,0.));
#1295 = VECTOR('',#1296,1.);
#1296 = DIRECTION('',(1.,0.));
#1297 = ( GEOMETRIC_REPRESENTATION_CONTEXT(2) 
PARAMETRIC_REPRESENTATION_CONTEXT() REPRESENTATION_CONTEXT('2D SPACE',''
  ) );
#1298 = PCURVE('',#1299,#1304);
#1299 = PLANE('',#1300);
#1300 = AXIS2_PLACEMENT_3D('',#1301,#1302,#1303);
#1301 = CARTESIAN_POINT('',(3.950394052511,0.,10.266176836091));
#1302 = DIRECTION('',(0.,1.,0.));
#1303 = DIRECTION('',(-0.357975044536,0.,-0.933731153753));
#1304 = DEFINITIONAL_REPRESENTATION('',(#1305),#1319);
#1305 = B_SPLINE_CURVE_WITH_KNOTS('',12,(#1306,#1307,#1308,#1309,#1310,
    #1311,#1312,#1313,#1314,#1315,#1316,#1317,#1318),.UNSPECIFIED.,.F.,
  .F.,(13,13),(4.,5.),.PIECEWISE_BEZIER_KNOTS.);
#1306 = CARTESIAN_POINT('',(11.210558229956,1.00713409575));
#1307 = CARTESIAN_POINT('',(14.458418495964,-1.897835838054));
#1308 = CARTESIAN_POINT('',(17.670154098421,-4.973251393426));
#1309 = CARTESIAN_POINT('',(20.177173602111,-7.621104121135));
#1310 = CARTESIAN_POINT('',(21.319870266146,-9.20042554864));
#1311 = CARTESIAN_POINT('',(20.658378856885,-9.215702623034));
#1312 = CARTESIAN_POINT('',(18.177870886034,-7.521405650344));
#1313 = CARTESIAN_POINT('',(14.380911702785,-4.44516442343));
#1314 = CARTESIAN_POINT('',(10.144754566473,-0.707937253343));
#1315 = CARTESIAN_POINT('',(6.381136114289,2.863144099239));
#1316 = CARTESIAN_POINT('',(3.76293931106,5.595485609028));
#1317 = CARTESIAN_POINT('',(2.594678382015,7.117970061753));
#1318 = CARTESIAN_POINT('',(2.828284973767,7.377211992862));
#1319 = ( GEOMETRIC_REPRESENTATION_CONTEXT(2) 
PARAMETRIC_REPRESENTATION_CONTEXT() REPRESENTATION_CONTEXT('2D SPACE',''
  ) );
#1320 = ORIENTED_EDGE('',*,*,#1321,.T.);
#1321 = EDGE_CURVE('',#1274,#1322,#1324,.T.);
#1322 = VERTEX_POINT('',#1323);
#1323 = CARTESIAN_POINT('',(0.94245568241,-5.770876655023E-17,
    1.128849458874E-08));
#1324 = SURFACE_CURVE('',#1325,(#1339,#1346),.PCURVE_S1.);
#1325 = B_SPLINE_CURVE_WITH_KNOTS('',12,(#1326,#1327,#1328,#1329,#1330,
    #1331,#1332,#1333,#1334,#1335,#1336,#1337,#1338),.UNSPECIFIED.,.F.,
  .F.,(13,13),(4.,5.),.PIECEWISE_BEZIER_KNOTS.);
#1326 = CARTESIAN_POINT('',(-1.003098510343,1.228441379921E-16,
    0.159058238597));
#1327 = CARTESIAN_POINT('',(0.546709494194,-6.695260321287E-17,
    -3.913476816242));
#1328 = CARTESIAN_POINT('',(2.268599613653,-2.778233255408E-16,
    -8.013296426277));
#1329 = CARTESIAN_POINT('',(3.843531777579,-4.706968888833E-16,
    -11.30204383806));
#1330 = CARTESIAN_POINT('',(4.909136507032,-6.011958309914E-16,
    -12.93437297091));
#1331 = CARTESIAN_POINT('',(5.160198604022,-6.31942070338E-16,
    -12.32218664553));
#1332 = CARTESIAN_POINT('',(4.46614068825,-5.469444898407E-16,
    -9.39954304176));
#1333 = CARTESIAN_POINT('',(2.952975050946,-3.616351444103E-16,
    -4.752986372622));
#1334 = CARTESIAN_POINT('',(0.979848153117,-1.199967904366E-16,
    0.540279580401));
#1335 = CARTESIAN_POINT('',(-1.007300275338,1.233587057973E-16,
    5.332845386279));
#1336 = CARTESIAN_POINT('',(-2.62132354848,3.210195493175E-16,
    8.755647381766));
#1337 = CARTESIAN_POINT('',(-3.624706454989,4.438985157951E-16,
    10.391500446698));
#1338 = CARTESIAN_POINT('',(-3.950394052511,4.837837431779E-16,
    10.266176836091));
#1339 = PCURVE('',#376,#1340);
#1340 = DEFINITIONAL_REPRESENTATION('',(#1341),#1345);
#1341 = LINE('',#1342,#1343);
#1342 = CARTESIAN_POINT('',(0.,0.));
#1343 = VECTOR('',#1344,1.);
#1344 = DIRECTION('',(1.,0.));
#1345 = ( GEOMETRIC_REPRESENTATION_CONTEXT(2) 
PARAMETRIC_REPRESENTATION_CONTEXT() REPRESENTATION_CONTEXT('2D SPACE',''
  ) );
#1346 = PCURVE('',#1347,#1352);
#1347 = PLANE('',#1348);
#1348 = AXIS2_PLACEMENT_3D('',#1349,#1350,#1351);
#1349 = CARTESIAN_POINT('',(-3.950394052511,4.837837431779E-16,
    10.266176836091));
#1350 = DIRECTION('',(-1.224646799147E-16,-1.,0.));
#1351 = DIRECTION('',(0.357975044536,-4.38392992466E-17,-0.933731153753)
  );
#1352 = DEFINITIONAL_REPRESENTATION('',(#1353),#1367);
#1353 = B_SPLINE_CURVE_WITH_KNOTS('',12,(#1354,#1355,#1356,#1357,#1358,
    #1359,#1360,#1361,#1362,#1363,#1364,#1365,#1366),.UNSPECIFIED.,.F.,
  .F.,(13,13),(4.,5.),.PIECEWISE_BEZIER_KNOTS.);
#1354 = CARTESIAN_POINT('',(10.492389762127,-0.866114563031));
#1355 = CARTESIAN_POINT('',(14.84983520703,-0.87687646449));
#1356 = CARTESIAN_POINT('',(19.294358193887,-0.736727124104));
#1357 = CARTESIAN_POINT('',(22.928950520622,-0.443453398803));
#1358 = CARTESIAN_POINT('',(24.834566985625,-3.279815935561E-02));
#1359 = CARTESIAN_POINT('',(24.352823507066,0.420773769224));
#1360 = CARTESIAN_POINT('',(21.375404709597,0.818943744983));
#1361 = CARTESIAN_POINT('',(16.495094453539,1.069405179218));
#1362 = CARTESIAN_POINT('',(10.846276938975,1.121892239683));
#1363 = CARTESIAN_POINT('',(5.659959392438,0.982048802705));
#1364 = CARTESIAN_POINT('',(1.886202483038,0.700262686463));
#1365 = CARTESIAN_POINT('',(-4.305272966842E-04,0.348967381286));
#1366 = CARTESIAN_POINT('',(5.329070518201E-15,-4.884981308351E-15));
#1367 = ( GEOMETRIC_REPRESENTATION_CONTEXT(2) 
PARAMETRIC_REPRESENTATION_CONTEXT() REPRESENTATION_CONTEXT('2D SPACE',''
  ) );
#1368 = ORIENTED_EDGE('',*,*,#1369,.T.);
#1369 = EDGE_CURVE('',#1322,#492,#1370,.T.);
#1370 = SURFACE_CURVE('',#1371,(#1385,#1392),.PCURVE_S1.);
#1371 = B_SPLINE_CURVE_WITH_KNOTS('',12,(#1372,#1373,#1374,#1375,#1376,
    #1377,#1378,#1379,#1380,#1381,#1382,#1383,#1384),.UNSPECIFIED.,.F.,
  .F.,(13,13),(4.,5.),.PIECEWISE_BEZIER_KNOTS.);
#1372 = CARTESIAN_POINT('',(-1.003098510343,1.228441379921E-16,
    0.159058238597));
#1373 = CARTESIAN_POINT('',(0.546709494194,-6.695260321287E-17,
    -3.913476816242));
#1374 = CARTESIAN_POINT('',(2.268599613653,-2.778233255408E-16,
    -8.013296426277));
#1375 = CARTESIAN_POINT('',(3.843531777579,-4.706968888833E-16,
    -11.30204383806));
#1376 = CARTESIAN_POINT('',(4.909136507032,-6.011958309914E-16,
    -12.93437297091));
#1377 = CARTESIAN_POINT('',(5.160198604022,-6.31942070338E-16,
    -12.32218664553));
#1378 = CARTESIAN_POINT('',(4.46614068825,-5.469444898407E-16,
    -9.39954304176));
#1379 = CARTESIAN_POINT('',(2.952975050946,-3.616351444103E-16,
    -4.752986372622));
#1380 = CARTESIAN_POINT('',(0.979848153117,-1.199967904366E-16,
    0.540279580401));
#1381 = CARTESIAN_POINT('',(-1.007300275338,1.233587057973E-16,
    5.332845386279));
#1382 = CARTESIAN_POINT('',(-2.62132354848,3.210195493175E-16,
    8.755647381766));
#1383 = CARTESIAN_POINT('',(-3.624706454989,4.438985157951E-16,
    10.391500446698));
#1384 = CARTESIAN_POINT('',(-3.950394052511,4.837837431779E-16,
    10.266176836091));
#1385 = PCURVE('',#376,#1386);
#1386 = DEFINITIONAL_REPRESENTATION('',(#1387),#1391);
#1387 = LINE('',#1388,#1389);
#1388 = CARTESIAN_POINT('',(0.,0.));
#1389 = VECTOR('',#1390,1.);
#1390 = DIRECTION('',(1.,0.));
#1391 = ( GEOMETRIC_REPRESENTATION_CONTEXT(2) 
PARAMETRIC_REPRESENTATION_CONTEXT() REPRESENTATION_CONTEXT('2D SPACE',''
  ) );
#1392 = PCURVE('',#1393,#1398);
#1393 = PLANE('',#1394);
#1394 = AXIS2_PLACEMENT_3D('',#1395,#1396,#1397);
#1395 = CARTESIAN_POINT('',(3.950394052511,0.,10.266176836091));
#1396 = DIRECTION('',(0.,1.,0.));
#1397 = DIRECTION('',(-0.357975044536,0.,-0.933731153753));
#1398 = DEFINITIONAL_REPRESENTATION('',(#1399),#1413);
#1399 = B_SPLINE_CURVE_WITH_KNOTS('',12,(#1400,#1401,#1402,#1403,#1404,
    #1405,#1406,#1407,#1408,#1409,#1410,#1411,#1412),.UNSPECIFIED.,.F.,
  .F.,(13,13),(4.,5.),.PIECEWISE_BEZIER_KNOTS.);
#1400 = CARTESIAN_POINT('',(11.210558229956,1.00713409575));
#1401 = CARTESIAN_POINT('',(14.458418495964,-1.897835838054));
#1402 = CARTESIAN_POINT('',(17.670154098421,-4.973251393426));
#1403 = CARTESIAN_POINT('',(20.177173602111,-7.621104121135));
#1404 = CARTESIAN_POINT('',(21.319870266146,-9.20042554864));
#1405 = CARTESIAN_POINT('',(20.658378856885,-9.215702623034));
#1406 = CARTESIAN_POINT('',(18.177870886034,-7.521405650344));
#1407 = CARTESIAN_POINT('',(14.380911702785,-4.44516442343));
#1408 = CARTESIAN_POINT('',(10.144754566473,-0.707937253343));
#1409 = CARTESIAN_POINT('',(6.381136114289,2.863144099239));
#1410 = CARTESIAN_POINT('',(3.76293931106,5.595485609028));
#1411 = CARTESIAN_POINT('',(2.594678382015,7.117970061753));
#1412 = CARTESIAN_POINT('',(2.828284973767,7.377211992862));
#1413 = ( GEOMETRIC_REPRESENTATION_CONTEXT(2) 
PARAMETRIC_REPRESENTATION_CONTEXT() REPRESENTATION_CONTEXT('2D SPACE',''
  ) );
#1414 = ORIENTED_EDGE('',*,*,#491,.T.);
#1415 = ORIENTED_EDGE('',*,*,#357,.T.);
#1416 = ORIENTED_EDGE('',*,*,#1228,.F.);
#1417 = ORIENTED_EDGE('',*,*,#1418,.F.);
#1418 = EDGE_CURVE('',#727,#1186,#1419,.T.);
#1419 = SURFACE_CURVE('',#1420,(#1429,#1436),.PCURVE_S1.);
#1420 = ( BOUNDED_CURVE() B_SPLINE_CURVE(7,(#1421,#1422,#1423,#1424,
    #1425,#1426,#1427,#1428),.UNSPECIFIED.,.F.,.F.) 
B_SPLINE_CURVE_WITH_KNOTS((8,8),(0.,1.),.PIECEWISE_BEZIER_KNOTS.) CURVE(
) GEOMETRIC_REPRESENTATION_ITEM() RATIONAL_B_SPLINE_CURVE((1.,1.,1.,1.,
1.,1.,1.,1.)) REPRESENTATION_ITEM('') );
#1421 = CARTESIAN_POINT('',(-1.003098510343,1.228441379921E-16,
    0.159058238597));
#1422 = CARTESIAN_POINT('',(-7.639460952721,-19.57207579811,
    2.316252240868));
#1423 = CARTESIAN_POINT('',(50.865209350649,-29.90633993933,
    -17.0201837886));
#1424 = CARTESIAN_POINT('',(-148.6332263559,-59.68186201217,
    51.682095786081));
#1425 = CARTESIAN_POINT('',(151.33470882107,-66.66822926581,
    -52.87088231209));
#1426 = CARTESIAN_POINT('',(-97.48530248252,-92.7784438658,
    34.175139147403));
#1427 = CARTESIAN_POINT('',(28.41447960614,-107.783209905,
    -9.945195231804));
#1428 = CARTESIAN_POINT('',(-1.954574238074,-127.,0.702110196735));
#1429 = PCURVE('',#376,#1430);
#1430 = DEFINITIONAL_REPRESENTATION('',(#1431),#1435);
#1431 = LINE('',#1432,#1433);
#1432 = CARTESIAN_POINT('',(4.,0.));
#1433 = VECTOR('',#1434,1.);
#1434 = DIRECTION('',(0.,1.));
#1435 = ( GEOMETRIC_REPRESENTATION_CONTEXT(2) 
PARAMETRIC_REPRESENTATION_CONTEXT() REPRESENTATION_CONTEXT('2D SPACE',''
  ) );
#1436 = PCURVE('',#762,#1437);
#1437 = DEFINITIONAL_REPRESENTATION('',(#1438),#1442);
#1438 = LINE('',#1439,#1440);
#1439 = CARTESIAN_POINT('',(4.,0.));
#1440 = VECTOR('',#1441,1.);
#1441 = DIRECTION('',(0.,1.));
#1442 = ( GEOMETRIC_REPRESENTATION_CONTEXT(2) 
PARAMETRIC_REPRESENTATION_CONTEXT() REPRESENTATION_CONTEXT('2D SPACE',''
  ) );
#1443 = ADVANCED_FACE('',(#1444),#951,.F.);
#1444 = FACE_BOUND('',#1445,.F.);
#1445 = EDGE_LOOP('',(#1446,#1581,#1622,#1663,#1706,#1785,#1870,#1967,
    #2100,#2141,#2142,#2185,#2318,#2366,#2499,#2543,#2671));
#1446 = ORIENTED_EDGE('',*,*,#1447,.F.);
#1447 = EDGE_CURVE('',#1448,#1450,#1452,.T.);
#1448 = VERTEX_POINT('',#1449);
#1449 = CARTESIAN_POINT('',(1.003098510343,0.,0.159058238597));
#1450 = VERTEX_POINT('',#1451);
#1451 = CARTESIAN_POINT('',(1.360223362872,1.466217038196,0.274545787298
    ));
#1452 = SURFACE_CURVE('',#1453,(#1462,#1469),.PCURVE_S1.);
#1453 = ( BOUNDED_CURVE() B_SPLINE_CURVE(7,(#1454,#1455,#1456,#1457,
    #1458,#1459,#1460,#1461),.UNSPECIFIED.,.F.,.F.) 
B_SPLINE_CURVE_WITH_KNOTS((8,8),(0.,1.),.PIECEWISE_BEZIER_KNOTS.) CURVE(
) GEOMETRIC_REPRESENTATION_ITEM() RATIONAL_B_SPLINE_CURVE((1.,1.,1.,1.,
1.,1.,1.,1.)) REPRESENTATION_ITEM('') );
#1454 = CARTESIAN_POINT('',(1.003098510343,0.,0.159058238597));
#1455 = CARTESIAN_POINT('',(7.639460952721,19.572075798119,
    2.316252240868));
#1456 = CARTESIAN_POINT('',(-50.86520935064,29.906339939337,
    -17.0201837886));
#1457 = CARTESIAN_POINT('',(148.63322635599,59.681862012172,
    51.682095786081));
#1458 = CARTESIAN_POINT('',(-151.334708821,66.668229265818,
    -52.87088231209));
#1459 = CARTESIAN_POINT('',(97.485302482523,92.778443865803,
    34.175139147403));
#1460 = CARTESIAN_POINT('',(-28.41447960614,107.78320990507,
    -9.945195231804));
#1461 = CARTESIAN_POINT('',(1.954574238074,127.,0.702110196735));
#1462 = PCURVE('',#951,#1463);
#1463 = DEFINITIONAL_REPRESENTATION('',(#1464),#1468);
#1464 = LINE('',#1465,#1466);
#1465 = CARTESIAN_POINT('',(4.,0.));
#1466 = VECTOR('',#1467,1.);
#1467 = DIRECTION('',(0.,1.));
#1468 = ( GEOMETRIC_REPRESENTATION_CONTEXT(2) 
PARAMETRIC_REPRESENTATION_CONTEXT() REPRESENTATION_CONTEXT('2D SPACE',''
  ) );
#1469 = PCURVE('',#1470,#1575);
#1470 = ( BOUNDED_SURFACE() B_SPLINE_SURFACE(12,7,(
    (#1471,#1472,#1473,#1474,#1475,#1476,#1477,#1478)
    ,(#1479,#1480,#1481,#1482,#1483,#1484,#1485,#1486)
    ,(#1487,#1488,#1489,#1490,#1491,#1492,#1493,#1494)
    ,(#1495,#1496,#1497,#1498,#1499,#1500,#1501,#1502)
    ,(#1503,#1504,#1505,#1506,#1507,#1508,#1509,#1510)
    ,(#1511,#1512,#1513,#1514,#1515,#1516,#1517,#1518)
    ,(#1519,#1520,#1521,#1522,#1523,#1524,#1525,#1526)
    ,(#1527,#1528,#1529,#1530,#1531,#1532,#1533,#1534)
    ,(#1535,#1536,#1537,#1538,#1539,#1540,#1541,#1542)
    ,(#1543,#1544,#1545,#1546,#1547,#1548,#1549,#1550)
    ,(#1551,#1552,#1553,#1554,#1555,#1556,#1557,#1558)
    ,(#1559,#1560,#1561,#1562,#1563,#1564,#1565,#1566)
    ,(#1567,#1568,#1569,#1570,#1571,#1572,#1573,#1574
)),.UNSPECIFIED.,.F.,.F.,.F.) B_SPLINE_SURFACE_WITH_KNOTS((13,13),(8,8),
  (3.,4.),(0.,1.),.PIECEWISE_BEZIER_KNOTS.) 
GEOMETRIC_REPRESENTATION_ITEM() RATIONAL_B_SPLINE_SURFACE((
    (1.,1.,1.,1.,1.,1.,1.,1.)
    ,(1.,1.,1.,1.,1.,1.,1.,1.)
    ,(1.,1.,1.,1.,1.,1.,1.,1.)
    ,(1.,1.,1.,1.,1.,1.,1.,1.)
    ,(1.,1.,1.,1.,1.,1.,1.,1.)
    ,(1.,1.,1.,1.,1.,1.,1.,1.)
    ,(1.,1.,1.,1.,1.,1.,1.,1.)
    ,(1.,1.,1.,1.,1.,1.,1.,1.)
    ,(1.,1.,1.,1.,1.,1.,1.,1.)
    ,(1.,1.,1.,1.,1.,1.,1.,1.)
    ,(1.,1.,1.,1.,1.,1.,1.,1.)
    ,(1.,1.,1.,1.,1.,1.,1.,1.)
,(1.,1.,1.,1.,1.,1.,1.,1.))) REPRESENTATION_ITEM('') SURFACE() );
#1471 = CARTESIAN_POINT('',(1.034041021626,0.,0.240445752599));
#1472 = CARTESIAN_POINT('',(-0.877781646831,19.572075798119,
    -0.204110730886));
#1473 = CARTESIAN_POINT('',(15.257710613417,29.906339939337,
    3.547878309138));
#1474 = CARTESIAN_POINT('',(-36.04536863079,59.681862012172,
    -8.38163632476));
#1475 = CARTESIAN_POINT('',(81.803441131455,66.668229265818,
    19.021769501116));
#1476 = CARTESIAN_POINT('',(-50.16726840518,92.778443865803,
    -11.66540432658));
#1477 = CARTESIAN_POINT('',(22.402251705436,107.78320990507,
    5.209199788576));
#1478 = CARTESIAN_POINT('',(3.124969037993,127.,0.726649636209));
#1479 = CARTESIAN_POINT('',(1.031465158362,0.,0.233664018067));
#1480 = CARTESIAN_POINT('',(-1.419469411744E-02,19.572075798124,
    6.247542243535E-02));
#1481 = CARTESIAN_POINT('',(8.685047376269,29.906339939308,
    1.433474537409));
#1482 = CARTESIAN_POINT('',(-18.93989255569,59.681862012236,
    -2.618856530118));
#1483 = CARTESIAN_POINT('',(63.224010577894,66.668229265737,
    12.901814942241));
#1484 = CARTESIAN_POINT('',(-39.33582041047,92.778443865861,
    -8.006866454942));
#1485 = CARTESIAN_POINT('',(18.809194569611,107.78320990505,
    4.040929442644));
#1486 = CARTESIAN_POINT('',(3.032803522535,127.,0.726015039938));
#1487 = CARTESIAN_POINT('',(1.028888803038,0.,0.226882169116));
#1488 = CARTESIAN_POINT('',(0.851803719974,19.57207579812,0.32962230151)
  );
#1489 = CARTESIAN_POINT('',(2.076305646264,29.906339939329,
    -0.689318491556));
#1490 = CARTESIAN_POINT('',(-1.555512329584,59.681862012189,
    3.208776761823));
#1491 = CARTESIAN_POINT('',(43.780586054411,66.668229265797,
    6.580955758884));
#1492 = CARTESIAN_POINT('',(-27.7734897198,92.778443865817,
    -4.178376259483));
#1493 = CARTESIAN_POINT('',(14.945880502618,107.78320990506,
    2.809816178701));
#1494 = CARTESIAN_POINT('',(2.939527023244,127.,0.725122106442));
#1495 = CARTESIAN_POINT('',(1.026311957124,0.,0.220100209619));
#1496 = CARTESIAN_POINT('',(1.710786349236,19.572075798117,
    0.593949915498));
#1497 = CARTESIAN_POINT('',(-4.497835321907,29.90633993935,
    -2.795303884169));
#1498 = CARTESIAN_POINT('',(15.930419196552,59.681862012137,
    9.039546458423));
#1499 = CARTESIAN_POINT('',(23.672541188579,66.668229265864,
    0.124163973416));
#1500 = CARTESIAN_POINT('',(-15.60533809811,92.778443865768,
    -0.219319951353));
#1501 = CARTESIAN_POINT('',(10.853021721338,107.78320990508,
    1.528433725303));
#1502 = CARTESIAN_POINT('',(2.845178857484,127.,0.723971105771));
#1503 = CARTESIAN_POINT('',(1.023734622093,0.,0.213318143448));
#1504 = CARTESIAN_POINT('',(2.553266724082,19.572075798124,
    0.852064443739));
#1505 = CARTESIAN_POINT('',(-10.96604629731,29.906339939305,
    -4.859133181913));
#1506 = CARTESIAN_POINT('',(33.336763039171,59.681862012245,
    14.810854145154));
#1507 = CARTESIAN_POINT('',(3.109803581562,66.668229265726,
    -6.401133564676));
#1508 = CARTESIAN_POINT('',(-2.965555884617,92.778443865869,
    3.828793321664));
#1509 = CARTESIAN_POINT('',(6.574697739153,107.78320990505,
    0.210138865281));
#1510 = CARTESIAN_POINT('',(2.749798924453,127.,0.722562443354));
#1511 = CARTESIAN_POINT('',(1.021156799419,0.,0.206535974478));
#1512 = CARTESIAN_POINT('',(3.369825137027,19.572075798119,1.10060293924
    ));
#1513 = CARTESIAN_POINT('',(-17.25729287936,29.906339939335,
    -6.855639491975));
#1514 = CARTESIAN_POINT('',(50.4809678814,59.681862012174,
    20.460034944549));
#1515 = CARTESIAN_POINT('',(-17.68982880088,66.668229265816,
    -12.92591203509));
#1516 = CARTESIAN_POINT('',(10.004242675106,92.778443865804,
    7.922851401487));
#1517 = CARTESIAN_POINT('',(2.157798421727,107.78320990507,
    -1.131094574456));
#1518 = CARTESIAN_POINT('',(2.653427678019,127.,0.720896659428));
#1519 = CARTESIAN_POINT('',(1.018578490572,0.,0.199753706579));
#1520 = CARTESIAN_POINT('',(4.151235284323,19.57207579812,1.336278108325
    ));
#1521 = CARTESIAN_POINT('',(-23.30178911738,29.906339939332,
    -8.760172104818));
#1522 = CARTESIAN_POINT('',(67.18150674722,59.681862012181,
    25.925185694765));
#1523 = CARTESIAN_POINT('',(-38.50356132957,66.668229265807,
    -19.38044856176));
#1524 = CARTESIAN_POINT('',(23.156892598372,92.778443865811,
    12.018697629066));
#1525 = CARTESIAN_POINT('',(-2.348595618674,107.78320990507,
    -2.480856128466));
#1526 = CARTESIAN_POINT('',(2.556106099572,127.,0.718974428473));
#1527 = CARTESIAN_POINT('',(1.015999697027,0.,0.192971343627));
#1528 = CARTESIAN_POINT('',(4.888588995131,19.572075798124,
    1.555922269281));
#1529 = CARTESIAN_POINT('',(-29.03194040381,29.906339939306,
    -10.54892584832));
#1530 = CARTESIAN_POINT('',(83.26032456244,59.681862012244,
    31.145989254425));
#1531 = CARTESIAN_POINT('',(-59.10659924843,66.668229265726,
    -25.6952450601));
#1532 = CARTESIAN_POINT('',(36.341673595147,92.778443865869,
    16.071714834924));
#1533 = CARTESIAN_POINT('',(-6.893879619429,107.78320990505,
    -3.824489161667));
#1534 = CARTESIAN_POINT('',(2.457875670861,127.,0.716796558638));
#1535 = CARTESIAN_POINT('',(1.013420420254,0.,0.186188889492));
#1536 = CARTESIAN_POINT('',(5.573416479657,19.572075798124,
    1.756529592817));
#1537 = CARTESIAN_POINT('',(-34.38325610173,29.906339939304,
    -12.1992584281));
#1538 = CARTESIAN_POINT('',(98.545244614829,59.681862012248,
    36.0645177403));
#1539 = CARTESIAN_POINT('',(-79.27519979038,66.668229265724,
    -31.8019538898));
#1540 = CARTESIAN_POINT('',(49.406381517839,92.778443865869,
    20.037421709095));
#1541 = CARTESIAN_POINT('',(-11.42662258365,107.78320990505,
    -5.147287069555));
#1542 = CARTESIAN_POINT('',(2.358778346838,127.,0.714363991175));
#1543 = CARTESIAN_POINT('',(1.010840661727,0.,0.179406348049));
#1544 = CARTESIAN_POINT('',(6.197799527655,19.57207579812,1.935295727186
    ));
#1545 = CARTESIAN_POINT('',(-39.29521236747,29.906339939331,
    -13.68998900352));
#1546 = CARTESIAN_POINT('',(112.87228192532,59.681862012183,
    40.625997504541));
#1547 = CARTESIAN_POINT('',(-98.78971261582,66.668229265806,
    -37.63428618678));
#1548 = CARTESIAN_POINT('',(62.199429590307,92.778443865811,
    23.872068448724));
#1549 = CARTESIAN_POINT('',(-15.89528084528,107.78320990507,
    -6.434690877752));
#1550 = CARTESIAN_POINT('',(2.258856528505,127.,0.711677799867));
#1551 = CARTESIAN_POINT('',(1.008260422918,0.,0.17262372317));
#1552 = CARTESIAN_POINT('',(6.754475088704,19.572075798122,
    2.089653910796));
#1553 = CARTESIAN_POINT('',(-43.71204562875,29.906339939322,
    -15.00167124917));
#1554 = CARTESIAN_POINT('',(126.0878115425,59.681862012201,
    44.779518658024));
#1555 = CARTESIAN_POINT('',(-117.4375413173,66.668229265785,
    -43.12888274761));
#1556 = CARTESIAN_POINT('',(74.571933175515,92.778443865825,
    27.533218581501));
#1557 = CARTESIAN_POINT('',(-20.24891161235,107.78320990506,
    -7.672483908879));
#1558 = CARTESIAN_POINT('',(2.158153035754,127.,0.708739190461));
#1559 = CARTESIAN_POINT('',(1.005679705299,0.,0.165841018728));
#1560 = CARTESIAN_POINT('',(7.236926665663,19.572075798121,
    2.217306675139));
#1561 = CARTESIAN_POINT('',(-47.58345717934,29.906339939324,
    -16.11683415126));
#1562 = CARTESIAN_POINT('',(138.05053977244,59.681862012199,
    48.478671946495));
#1563 = CARTESIAN_POINT('',(-135.0159587343,66.668229265785,
    -48.2261273399));
#1564 = CARTESIAN_POINT('',(86.379731841152,92.778443865825,
    30.980303863188));
#1565 = CARTESIAN_POINT('',(-24.43787081767,107.78320990506,
    -8.84697918474));
#1566 = CARTESIAN_POINT('',(2.056711080209,127.,0.705549500095));
#1567 = CARTESIAN_POINT('',(1.003098510343,0.,0.159058238597));
#1568 = CARTESIAN_POINT('',(7.639460952721,19.572075798119,
    2.316252240868));
#1569 = CARTESIAN_POINT('',(-50.86520935064,29.906339939337,
    -17.0201837886));
#1570 = CARTESIAN_POINT('',(148.63322635599,59.681862012172,
    51.682095786081));
#1571 = CARTESIAN_POINT('',(-151.334708821,66.668229265818,
    -52.87088231209));
#1572 = CARTESIAN_POINT('',(97.485302482523,92.778443865803,
    34.175139147403));
#1573 = CARTESIAN_POINT('',(-28.41447960614,107.78320990507,
    -9.945195231804));
#1574 = CARTESIAN_POINT('',(1.954574238074,127.,0.702110196735));
#1575 = DEFINITIONAL_REPRESENTATION('',(#1576),#1580);
#1576 = LINE('',#1577,#1578);
#1577 = CARTESIAN_POINT('',(4.,0.));
#1578 = VECTOR('',#1579,1.);
#1579 = DIRECTION('',(0.,1.));
#1580 = ( GEOMETRIC_REPRESENTATION_CONTEXT(2) 
PARAMETRIC_REPRESENTATION_CONTEXT() REPRESENTATION_CONTEXT('2D SPACE',''
  ) );
#1581 = ORIENTED_EDGE('',*,*,#1582,.T.);
#1582 = EDGE_CURVE('',#1448,#1322,#1583,.T.);
#1583 = SURFACE_CURVE('',#1584,(#1598,#1605),.PCURVE_S1.);
#1584 = B_SPLINE_CURVE_WITH_KNOTS('',12,(#1585,#1586,#1587,#1588,#1589,
    #1590,#1591,#1592,#1593,#1594,#1595,#1596,#1597),.UNSPECIFIED.,.F.,
  .F.,(13,13),(4.,5.),.PIECEWISE_BEZIER_KNOTS.);
#1585 = CARTESIAN_POINT('',(1.003098510343,0.,0.159058238597));
#1586 = CARTESIAN_POINT('',(-0.546709494194,0.,-3.913476816242));
#1587 = CARTESIAN_POINT('',(-2.268599613653,0.,-8.013296426277));
#1588 = CARTESIAN_POINT('',(-3.843531777579,0.,-11.30204383806));
#1589 = CARTESIAN_POINT('',(-4.909136507032,0.,-12.93437297091));
#1590 = CARTESIAN_POINT('',(-5.160198604022,0.,-12.32218664553));
#1591 = CARTESIAN_POINT('',(-4.46614068825,0.,-9.39954304176));
#1592 = CARTESIAN_POINT('',(-2.952975050946,0.,-4.752986372622));
#1593 = CARTESIAN_POINT('',(-0.979848153117,0.,0.540279580401));
#1594 = CARTESIAN_POINT('',(1.007300275338,0.,5.332845386279));
#1595 = CARTESIAN_POINT('',(2.62132354848,0.,8.755647381766));
#1596 = CARTESIAN_POINT('',(3.624706454989,0.,10.391500446698));
#1597 = CARTESIAN_POINT('',(3.950394052511,0.,10.266176836091));
#1598 = PCURVE('',#951,#1599);
#1599 = DEFINITIONAL_REPRESENTATION('',(#1600),#1604);
#1600 = LINE('',#1601,#1602);
#1601 = CARTESIAN_POINT('',(0.,0.));
#1602 = VECTOR('',#1603,1.);
#1603 = DIRECTION('',(1.,0.));
#1604 = ( GEOMETRIC_REPRESENTATION_CONTEXT(2) 
PARAMETRIC_REPRESENTATION_CONTEXT() REPRESENTATION_CONTEXT('2D SPACE',''
  ) );
#1605 = PCURVE('',#1393,#1606);
#1606 = DEFINITIONAL_REPRESENTATION('',(#1607),#1621);
#1607 = B_SPLINE_CURVE_WITH_KNOTS('',12,(#1608,#1609,#1610,#1611,#1612,
    #1613,#1614,#1615,#1616,#1617,#1618,#1619,#1620),.UNSPECIFIED.,.F.,
  .F.,(13,13),(4.,5.),.PIECEWISE_BEZIER_KNOTS.);
#1608 = CARTESIAN_POINT('',(10.492389762127,-0.866114563031));
#1609 = CARTESIAN_POINT('',(14.84983520703,-0.87687646449));
#1610 = CARTESIAN_POINT('',(19.294358193887,-0.736727124104));
#1611 = CARTESIAN_POINT('',(22.928950520622,-0.443453398803));
#1612 = CARTESIAN_POINT('',(24.834566985625,-3.279815935561E-02));
#1613 = CARTESIAN_POINT('',(24.352823507066,0.420773769224));
#1614 = CARTESIAN_POINT('',(21.375404709597,0.818943744983));
#1615 = CARTESIAN_POINT('',(16.495094453539,1.069405179218));
#1616 = CARTESIAN_POINT('',(10.846276938975,1.121892239683));
#1617 = CARTESIAN_POINT('',(5.659959392438,0.982048802705));
#1618 = CARTESIAN_POINT('',(1.886202483038,0.700262686463));
#1619 = CARTESIAN_POINT('',(-4.305272966842E-04,0.348967381286));
#1620 = CARTESIAN_POINT('',(5.329070518201E-15,-4.884981308351E-15));
#1621 = ( GEOMETRIC_REPRESENTATION_CONTEXT(2) 
PARAMETRIC_REPRESENTATION_CONTEXT() REPRESENTATION_CONTEXT('2D SPACE',''
  ) );
#1622 = ORIENTED_EDGE('',*,*,#1623,.T.);
#1623 = EDGE_CURVE('',#1322,#1274,#1624,.T.);
#1624 = SURFACE_CURVE('',#1625,(#1639,#1646),.PCURVE_S1.);
#1625 = B_SPLINE_CURVE_WITH_KNOTS('',12,(#1626,#1627,#1628,#1629,#1630,
    #1631,#1632,#1633,#1634,#1635,#1636,#1637,#1638),.UNSPECIFIED.,.F.,
  .F.,(13,13),(4.,5.),.PIECEWISE_BEZIER_KNOTS.);
#1626 = CARTESIAN_POINT('',(1.003098510343,0.,0.159058238597));
#1627 = CARTESIAN_POINT('',(-0.546709494194,0.,-3.913476816242));
#1628 = CARTESIAN_POINT('',(-2.268599613653,0.,-8.013296426277));
#1629 = CARTESIAN_POINT('',(-3.843531777579,0.,-11.30204383806));
#1630 = CARTESIAN_POINT('',(-4.909136507032,0.,-12.93437297091));
#1631 = CARTESIAN_POINT('',(-5.160198604022,0.,-12.32218664553));
#1632 = CARTESIAN_POINT('',(-4.46614068825,0.,-9.39954304176));
#1633 = CARTESIAN_POINT('',(-2.952975050946,0.,-4.752986372622));
#1634 = CARTESIAN_POINT('',(-0.979848153117,0.,0.540279580401));
#1635 = CARTESIAN_POINT('',(1.007300275338,0.,5.332845386279));
#1636 = CARTESIAN_POINT('',(2.62132354848,0.,8.755647381766));
#1637 = CARTESIAN_POINT('',(3.624706454989,0.,10.391500446698));
#1638 = CARTESIAN_POINT('',(3.950394052511,0.,10.266176836091));
#1639 = PCURVE('',#951,#1640);
#1640 = DEFINITIONAL_REPRESENTATION('',(#1641),#1645);
#1641 = LINE('',#1642,#1643);
#1642 = CARTESIAN_POINT('',(0.,0.));
#1643 = VECTOR('',#1644,1.);
#1644 = DIRECTION('',(1.,0.));
#1645 = ( GEOMETRIC_REPRESENTATION_CONTEXT(2) 
PARAMETRIC_REPRESENTATION_CONTEXT() REPRESENTATION_CONTEXT('2D SPACE',''
  ) );
#1646 = PCURVE('',#1347,#1647);
#1647 = DEFINITIONAL_REPRESENTATION('',(#1648),#1662);
#1648 = B_SPLINE_CURVE_WITH_KNOTS('',12,(#1649,#1650,#1651,#1652,#1653,
    #1654,#1655,#1656,#1657,#1658,#1659,#1660,#1661),.UNSPECIFIED.,.F.,
  .F.,(13,13),(4.,5.),.PIECEWISE_BEZIER_KNOTS.);
#1649 = CARTESIAN_POINT('',(11.210558229956,1.00713409575));
#1650 = CARTESIAN_POINT('',(14.458418495964,-1.897835838054));
#1651 = CARTESIAN_POINT('',(17.670154098421,-4.973251393426));
#1652 = CARTESIAN_POINT('',(20.177173602111,-7.621104121135));
#1653 = CARTESIAN_POINT('',(21.319870266146,-9.20042554864));
#1654 = CARTESIAN_POINT('',(20.658378856885,-9.215702623034));
#1655 = CARTESIAN_POINT('',(18.177870886034,-7.521405650344));
#1656 = CARTESIAN_POINT('',(14.380911702785,-4.44516442343));
#1657 = CARTESIAN_POINT('',(10.144754566473,-0.707937253343));
#1658 = CARTESIAN_POINT('',(6.381136114289,2.863144099239));
#1659 = CARTESIAN_POINT('',(3.76293931106,5.595485609028));
#1660 = CARTESIAN_POINT('',(2.594678382015,7.117970061753));
#1661 = CARTESIAN_POINT('',(2.828284973767,7.377211992862));
#1662 = ( GEOMETRIC_REPRESENTATION_CONTEXT(2) 
PARAMETRIC_REPRESENTATION_CONTEXT() REPRESENTATION_CONTEXT('2D SPACE',''
  ) );
#1663 = ORIENTED_EDGE('',*,*,#1664,.T.);
#1664 = EDGE_CURVE('',#1274,#1665,#1667,.T.);
#1665 = VERTEX_POINT('',#1666);
#1666 = CARTESIAN_POINT('',(-2.22295181028,0.,-3.5));
#1667 = SURFACE_CURVE('',#1668,(#1682,#1689),.PCURVE_S1.);
#1668 = B_SPLINE_CURVE_WITH_KNOTS('',12,(#1669,#1670,#1671,#1672,#1673,
    #1674,#1675,#1676,#1677,#1678,#1679,#1680,#1681),.UNSPECIFIED.,.F.,
  .F.,(13,13),(4.,5.),.PIECEWISE_BEZIER_KNOTS.);
#1669 = CARTESIAN_POINT('',(1.003098510343,0.,0.159058238597));
#1670 = CARTESIAN_POINT('',(-0.546709494194,0.,-3.913476816242));
#1671 = CARTESIAN_POINT('',(-2.268599613653,0.,-8.013296426277));
#1672 = CARTESIAN_POINT('',(-3.843531777579,0.,-11.30204383806));
#1673 = CARTESIAN_POINT('',(-4.909136507032,0.,-12.93437297091));
#1674 = CARTESIAN_POINT('',(-5.160198604022,0.,-12.32218664553));
#1675 = CARTESIAN_POINT('',(-4.46614068825,0.,-9.39954304176));
#1676 = CARTESIAN_POINT('',(-2.952975050946,0.,-4.752986372622));
#1677 = CARTESIAN_POINT('',(-0.979848153117,0.,0.540279580401));
#1678 = CARTESIAN_POINT('',(1.007300275338,0.,5.332845386279));
#1679 = CARTESIAN_POINT('',(2.62132354848,0.,8.755647381766));
#1680 = CARTESIAN_POINT('',(3.624706454989,0.,10.391500446698));
#1681 = CARTESIAN_POINT('',(3.950394052511,0.,10.266176836091));
#1682 = PCURVE('',#951,#1683);
#1683 = DEFINITIONAL_REPRESENTATION('',(#1684),#1688);
#1684 = LINE('',#1685,#1686);
#1685 = CARTESIAN_POINT('',(0.,0.));
#1686 = VECTOR('',#1687,1.);
#1687 = DIRECTION('',(1.,0.));
#1688 = ( GEOMETRIC_REPRESENTATION_CONTEXT(2) 
PARAMETRIC_REPRESENTATION_CONTEXT() REPRESENTATION_CONTEXT('2D SPACE',''
  ) );
#1689 = PCURVE('',#1299,#1690);
#1690 = DEFINITIONAL_REPRESENTATION('',(#1691),#1705);
#1691 = B_SPLINE_CURVE_WITH_KNOTS('',12,(#1692,#1693,#1694,#1695,#1696,
    #1697,#1698,#1699,#1700,#1701,#1702,#1703,#1704),.UNSPECIFIED.,.F.,
  .F.,(13,13),(4.,5.),.PIECEWISE_BEZIER_KNOTS.);
#1692 = CARTESIAN_POINT('',(10.492389762127,-0.866114563031));
#1693 = CARTESIAN_POINT('',(14.84983520703,-0.87687646449));
#1694 = CARTESIAN_POINT('',(19.294358193887,-0.736727124104));
#1695 = CARTESIAN_POINT('',(22.928950520622,-0.443453398803));
#1696 = CARTESIAN_POINT('',(24.834566985625,-3.279815935561E-02));
#1697 = CARTESIAN_POINT('',(24.352823507066,0.420773769224));
#1698 = CARTESIAN_POINT('',(21.375404709597,0.818943744983));
#1699 = CARTESIAN_POINT('',(16.495094453539,1.069405179218));
#1700 = CARTESIAN_POINT('',(10.846276938975,1.121892239683));
#1701 = CARTESIAN_POINT('',(5.659959392438,0.982048802705));
#1702 = CARTESIAN_POINT('',(1.886202483038,0.700262686463));
#1703 = CARTESIAN_POINT('',(-4.305272966842E-04,0.348967381286));
#1704 = CARTESIAN_POINT('',(5.329070518201E-15,-4.884981308351E-15));
#1705 = ( GEOMETRIC_REPRESENTATION_CONTEXT(2) 
PARAMETRIC_REPRESENTATION_CONTEXT() REPRESENTATION_CONTEXT('2D SPACE',''
  ) );
#1706 = ORIENTED_EDGE('',*,*,#1707,.F.);
#1707 = EDGE_CURVE('',#1708,#1665,#1710,.T.);
#1708 = VERTEX_POINT('',#1709);
#1709 = CARTESIAN_POINT('',(-2.013237123872,7.742536811864,-3.5));
#1710 = SURFACE_CURVE('',#1711,(#1732,#1756),.PCURVE_S1.);
#1711 = B_SPLINE_CURVE_WITH_KNOTS('',7,(#1712,#1713,#1714,#1715,#1716,
    #1717,#1718,#1719,#1720,#1721,#1722,#1723,#1724,#1725,#1726,#1727,
    #1728,#1729,#1730,#1731),.UNSPECIFIED.,.F.,.F.,(8,6,6,8),(0.,
    0.508579023637,0.744359719201,1.),.UNSPECIFIED.);
#1712 = CARTESIAN_POINT('',(-1.935518596512,8.,-3.5));
#1713 = CARTESIAN_POINT('',(-2.108919447259,7.433801339085,-3.5));
#1714 = CARTESIAN_POINT('',(-2.271026513453,6.864308346479,-3.5));
#1715 = CARTESIAN_POINT('',(-2.417773188148,6.290181444075,-3.5));
#1716 = CARTESIAN_POINT('',(-2.544445220942,5.71080031422,-3.5));
#1717 = CARTESIAN_POINT('',(-2.645656177657,5.126244518021,-3.5));
#1718 = CARTESIAN_POINT('',(-2.715745448982,4.537363417391,-3.5));
#1719 = CARTESIAN_POINT('',(-2.766380304104,3.671965058362,-3.5));
#1720 = CARTESIAN_POINT('',(-2.774787771821,3.397376721376,-3.5));
#1721 = CARTESIAN_POINT('',(-2.77512923494,3.122581948291,-3.5));
#1722 = CARTESIAN_POINT('',(-2.767042213146,2.847871372741,-3.5));
#1723 = CARTESIAN_POINT('',(-2.750268786422,2.573563847445,-3.5));
#1724 = CARTESIAN_POINT('',(-2.724688077131,2.300005472707,-3.5));
#1725 = CARTESIAN_POINT('',(-2.653117016485,1.732184678783,-3.5));
#1726 = CARTESIAN_POINT('',(-2.605581729319,1.438058720489,-3.5));
#1727 = CARTESIAN_POINT('',(-2.547799212024,1.145695025981,-3.5));
#1728 = CARTESIAN_POINT('',(-2.48005148309,0.855482964415,-3.5));
#1729 = CARTESIAN_POINT('',(-2.402828405458,0.567702039585,-3.5));
#1730 = CARTESIAN_POINT('',(-2.316824700738,0.2825222832,-3.5));
#1731 = CARTESIAN_POINT('',(-2.22295181028,7.105427357601E-15,-3.5));
#1732 = PCURVE('',#951,#1733);
#1733 = DEFINITIONAL_REPRESENTATION('',(#1734),#1755);
#1734 = B_SPLINE_CURVE_WITH_KNOTS('',7,(#1735,#1736,#1737,#1738,#1739,
    #1740,#1741,#1742,#1743,#1744,#1745,#1746,#1747,#1748,#1749,#1750,
    #1751,#1752,#1753,#1754),.UNSPECIFIED.,.F.,.F.,(8,6,6,8),(0.,
    0.508579023637,0.744359719201,1.),.UNSPECIFIED.);
#1735 = CARTESIAN_POINT('',(4.581018922556,6.237606329554E-02));
#1736 = CARTESIAN_POINT('',(4.586979881918,5.774816758839E-02));
#1737 = CARTESIAN_POINT('',(4.592062347643,5.311649707376E-02));
#1738 = CARTESIAN_POINT('',(4.596343988961,4.847414702975E-02));
#1739 = CARTESIAN_POINT('',(4.599844552491,4.382074093855E-02));
#1740 = CARTESIAN_POINT('',(4.602552046148,3.916211927844E-02));
#1741 = CARTESIAN_POINT('',(4.60442126048,3.451049953005E-02));
#1742 = CARTESIAN_POINT('',(4.60581502643,2.774145792552E-02));
#1743 = CARTESIAN_POINT('',(4.606059360227,2.560343236042E-02));
#1744 = CARTESIAN_POINT('',(4.606098694104,2.347401869115E-02));
#1745 = CARTESIAN_POINT('',(4.605924010013,2.135588601408E-02));
#1746 = CARTESIAN_POINT('',(4.605524951962,1.925184139142E-02));
#1747 = CARTESIAN_POINT('',(4.604889656653,1.716479901688E-02));
#1748 = CARTESIAN_POINT('',(4.603044962792,1.28565941079E-02));
#1749 = CARTESIAN_POINT('',(4.601791495243,1.063848299362E-02));
#1750 = CARTESIAN_POINT('',(4.600226875792,8.447463353906E-03));
#1751 = CARTESIAN_POINT('',(4.598330766737,6.28653435897E-03));
#1752 = CARTESIAN_POINT('',(4.596078743726,4.157723163437E-03));
#1753 = CARTESIAN_POINT('',(4.593439034817,2.062138251848E-03));
#1754 = CARTESIAN_POINT('',(4.59036705324,0.));
#1755 = ( GEOMETRIC_REPRESENTATION_CONTEXT(2) 
PARAMETRIC_REPRESENTATION_CONTEXT() REPRESENTATION_CONTEXT('2D SPACE',''
  ) );
#1756 = PCURVE('',#1757,#1762);
#1757 = PLANE('',#1758);
#1758 = AXIS2_PLACEMENT_3D('',#1759,#1760,#1761);
#1759 = CARTESIAN_POINT('',(0.,0.,-3.5));
#1760 = DIRECTION('',(0.,0.,1.));
#1761 = DIRECTION('',(1.,0.,-0.));
#1762 = DEFINITIONAL_REPRESENTATION('',(#1763),#1784);
#1763 = B_SPLINE_CURVE_WITH_KNOTS('',7,(#1764,#1765,#1766,#1767,#1768,
    #1769,#1770,#1771,#1772,#1773,#1774,#1775,#1776,#1777,#1778,#1779,
    #1780,#1781,#1782,#1783),.UNSPECIFIED.,.F.,.F.,(8,6,6,8),(0.,
    0.508579023637,0.744359719201,1.),.UNSPECIFIED.);
#1764 = CARTESIAN_POINT('',(-1.935518596512,8.));
#1765 = CARTESIAN_POINT('',(-2.108919447259,7.433801339085));
#1766 = CARTESIAN_POINT('',(-2.271026513453,6.864308346479));
#1767 = CARTESIAN_POINT('',(-2.417773188148,6.290181444075));
#1768 = CARTESIAN_POINT('',(-2.544445220942,5.71080031422));
#1769 = CARTESIAN_POINT('',(-2.645656177657,5.126244518021));
#1770 = CARTESIAN_POINT('',(-2.715745448982,4.537363417391));
#1771 = CARTESIAN_POINT('',(-2.766380304104,3.671965058362));
#1772 = CARTESIAN_POINT('',(-2.774787771821,3.397376721376));
#1773 = CARTESIAN_POINT('',(-2.77512923494,3.122581948291));
#1774 = CARTESIAN_POINT('',(-2.767042213146,2.847871372741));
#1775 = CARTESIAN_POINT('',(-2.750268786422,2.573563847445));
#1776 = CARTESIAN_POINT('',(-2.724688077131,2.300005472707));
#1777 = CARTESIAN_POINT('',(-2.653117016485,1.732184678783));
#1778 = CARTESIAN_POINT('',(-2.605581729319,1.438058720489));
#1779 = CARTESIAN_POINT('',(-2.547799212024,1.145695025981));
#1780 = CARTESIAN_POINT('',(-2.48005148309,0.855482964415));
#1781 = CARTESIAN_POINT('',(-2.402828405458,0.567702039585));
#1782 = CARTESIAN_POINT('',(-2.316824700738,0.2825222832));
#1783 = CARTESIAN_POINT('',(-2.22295181028,7.105427357601E-15));
#1784 = ( GEOMETRIC_REPRESENTATION_CONTEXT(2) 
PARAMETRIC_REPRESENTATION_CONTEXT() REPRESENTATION_CONTEXT('2D SPACE',''
  ) );
#1785 = ORIENTED_EDGE('',*,*,#1786,.F.);
#1786 = EDGE_CURVE('',#1787,#1708,#1789,.T.);
#1787 = VERTEX_POINT('',#1788);
#1788 = CARTESIAN_POINT('',(0.793239434848,7.960576059495,3.5));
#1789 = SURFACE_CURVE('',#1790,(#1813,#1839),.PCURVE_S1.);
#1790 = B_SPLINE_CURVE_WITH_KNOTS('',5,(#1791,#1792,#1793,#1794,#1795,
    #1796,#1797,#1798,#1799,#1800,#1801,#1802,#1803,#1804,#1805,#1806,
    #1807,#1808,#1809,#1810,#1811,#1812),.UNSPECIFIED.,.F.,.F.,(6,4,4,4,
    4,6),(0.,0.243278129171,0.493698061453,0.748385384285,0.980486326281
    ,1.),.UNSPECIFIED.);
#1791 = CARTESIAN_POINT('',(0.793239680798,7.960576034987,3.5000006));
#1792 = CARTESIAN_POINT('',(0.65383337677,7.974467317744,3.159915738423)
  );
#1793 = CARTESIAN_POINT('',(0.514679790348,7.985251526008,2.819712560155
    ));
#1794 = CARTESIAN_POINT('',(0.375755057258,7.992980095198,2.479416534458
    ));
#1795 = CARTESIAN_POINT('',(0.23706380149,7.997685152874,2.139045873113)
  );
#1796 = CARTESIAN_POINT('',(-4.386934922271E-02,8.001148942831,
    1.448187839764));
#1797 = CARTESIAN_POINT('',(-0.186095883334,7.999729030517,
    1.097696924705));
#1798 = CARTESIAN_POINT('',(-0.32802451971,7.995159629295,0.747155533147
    ));
#1799 = CARTESIAN_POINT('',(-0.469607666635,7.987459809408,
    0.396573193202));
#1800 = CARTESIAN_POINT('',(-0.754351588244,7.965656800317,
    -0.31063882021));
#1801 = CARTESIAN_POINT('',(-0.897498125268,7.951446705244,
    -0.667269702882));
#1802 = CARTESIAN_POINT('',(-1.040143849968,7.934042174043,
    -1.023933051193));
#1803 = CARTESIAN_POINT('',(-1.182193850292,7.913466607691,
    -1.380628760386));
#1804 = CARTESIAN_POINT('',(-1.4523189557,7.868152567274,-2.062461983326
    ));
#1805 = CARTESIAN_POINT('',(-1.580516241291,7.843945070029,
    -2.387592886005));
#1806 = CARTESIAN_POINT('',(-1.708019872886,7.817165238253,
    -2.712761299474));
#1807 = CARTESIAN_POINT('',(-1.834714505645,7.787852223373,
    -3.037976927103));
#1808 = CARTESIAN_POINT('',(-1.971021514617,7.753398808086,
    -3.390605218114));
#1809 = CARTESIAN_POINT('',(-1.981585866034,7.750709366758,
    -3.417953347336));
#1810 = CARTESIAN_POINT('',(-1.992143350967,7.748002516663,
    -3.445301946608));
#1811 = CARTESIAN_POINT('',(-2.002693878346,7.745278297854,
    -3.472651026985));
#1812 = CARTESIAN_POINT('',(-2.013237355177,7.742536751719,-3.5000006));
#1813 = PCURVE('',#951,#1814);
#1814 = DEFINITIONAL_REPRESENTATION('',(#1815),#1838);
#1815 = B_SPLINE_CURVE_WITH_KNOTS('',5,(#1816,#1817,#1818,#1819,#1820,
    #1821,#1822,#1823,#1824,#1825,#1826,#1827,#1828,#1829,#1830,#1831,
    #1832,#1833,#1834,#1835,#1836,#1837),.UNSPECIFIED.,.F.,.F.,(6,4,4,4,
    4,6),(0.,0.243278129171,0.493698061453,0.748385384285,0.980486326281
    ,1.),.UNSPECIFIED.);
#1816 = CARTESIAN_POINT('',(4.733509868608,6.205387465214E-02));
#1817 = CARTESIAN_POINT('',(4.725813160081,6.216738276267E-02));
#1818 = CARTESIAN_POINT('',(4.718234396829,6.225551800625E-02));
#1819 = CARTESIAN_POINT('',(4.710750463,6.23186854739E-02));
#1820 = CARTESIAN_POINT('',(4.703344092986,6.235714267816E-02));
#1821 = CARTESIAN_POINT('',(4.688440299263,6.238545426906E-02));
#1822 = CARTESIAN_POINT('',(4.680946595743,6.237384872815E-02));
#1823 = CARTESIAN_POINT('',(4.673502307116,6.233649908592E-02));
#1824 = CARTESIAN_POINT('',(4.666093295896,6.227356571719E-02));
#1825 = CARTESIAN_POINT('',(4.651191705116,6.209538767492E-02));
#1826 = CARTESIAN_POINT('',(4.643699859815,6.197926966347E-02));
#1827 = CARTESIAN_POINT('',(4.636215065187,6.183706656713E-02));
#1828 = CARTESIAN_POINT('',(4.628722649926,6.166898708362E-02));
#1829 = CARTESIAN_POINT('',(4.614354918177,6.129891963384E-02));
#1830 = CARTESIAN_POINT('',(4.607483806188,6.110126048433E-02));
#1831 = CARTESIAN_POINT('',(4.600579066836,6.088264866568E-02));
#1832 = CARTESIAN_POINT('',(4.593626068772,6.064342630449E-02));
#1833 = CARTESIAN_POINT('',(4.58601522931,6.036234957073E-02));
#1834 = CARTESIAN_POINT('',(4.585424502878,6.03404095322E-02));
#1835 = CARTESIAN_POINT('',(4.584833285453,6.0318327611E-02));
#1836 = CARTESIAN_POINT('',(4.584241565529,6.029610422846E-02));
#1837 = CARTESIAN_POINT('',(4.5836493343,6.02737406448E-02));
#1838 = ( GEOMETRIC_REPRESENTATION_CONTEXT(2) 
PARAMETRIC_REPRESENTATION_CONTEXT() REPRESENTATION_CONTEXT('2D SPACE',''
  ) );
#1839 = PCURVE('',#1840,#1845);
#1840 = CYLINDRICAL_SURFACE('',#1841,8.);
#1841 = AXIS2_PLACEMENT_3D('',#1842,#1843,#1844);
#1842 = CARTESIAN_POINT('',(0.,0.,-3.5));
#1843 = DIRECTION('',(0.,0.,1.));
#1844 = DIRECTION('',(1.,0.,-0.));
#1845 = DEFINITIONAL_REPRESENTATION('',(#1846),#1869);
#1846 = B_SPLINE_CURVE_WITH_KNOTS('',5,(#1847,#1848,#1849,#1850,#1851,
    #1852,#1853,#1854,#1855,#1856,#1857,#1858,#1859,#1860,#1861,#1862,
    #1863,#1864,#1865,#1866,#1867,#1868),.UNSPECIFIED.,.F.,.F.,(6,4,4,4,
    4,6),(0.,0.243278129171,0.493698061453,0.748385384285,0.980486326281
    ,1.),.UNSPECIFIED.);
#1847 = CARTESIAN_POINT('',(1.471478166547,7.0000006));
#1848 = CARTESIAN_POINT('',(1.488990254042,6.659915738423));
#1849 = CARTESIAN_POINT('',(1.506432398751,6.319712560155));
#1850 = CARTESIAN_POINT('',(1.523819385401,5.979416534458));
#1851 = CARTESIAN_POINT('',(1.54116172403,5.639045873113));
#1852 = CARTESIAN_POINT('',(1.576281036961,4.948187839764));
#1853 = CARTESIAN_POINT('',(1.594055815652,4.597696924705));
#1854 = CARTESIAN_POINT('',(1.611800275896,4.247155533147));
#1855 = CARTESIAN_POINT('',(1.629519995481,3.896573193202));
#1856 = CARTESIAN_POINT('',(1.665217175013,3.18936117979));
#1857 = CARTESIAN_POINT('',(1.683193881049,2.832730297118));
#1858 = CARTESIAN_POINT('',(1.701150793833,2.476066948807));
#1859 = CARTESIAN_POINT('',(1.719087861213,2.119371239614));
#1860 = CARTESIAN_POINT('',(1.753325298423,1.437538016674));
#1861 = CARTESIAN_POINT('',(1.769629749737,1.112407113995));
#1862 = CARTESIAN_POINT('',(1.785910939972,0.787238700526));
#1863 = CARTESIAN_POINT('',(1.802162801951,0.462023072897));
#1864 = CARTESIAN_POINT('',(1.819737036696,0.109394781886));
#1865 = CARTESIAN_POINT('',(1.821099698787,8.204665266388E-02));
#1866 = CARTESIAN_POINT('',(1.82246206728,5.469805339189E-02));
#1867 = CARTESIAN_POINT('',(1.823824135172,2.734897301513E-02));
#1868 = CARTESIAN_POINT('',(1.825185895171,-6.E-07));
#1869 = ( GEOMETRIC_REPRESENTATION_CONTEXT(2) 
PARAMETRIC_REPRESENTATION_CONTEXT() REPRESENTATION_CONTEXT('2D SPACE',''
  ) );
#1870 = ORIENTED_EDGE('',*,*,#1871,.F.);
#1871 = EDGE_CURVE('',#1872,#1787,#1874,.T.);
#1872 = VERTEX_POINT('',#1873);
#1873 = CARTESIAN_POINT('',(-0.134062185011,1.995501774129,3.5));
#1874 = SURFACE_CURVE('',#1875,(#1902,#1932),.PCURVE_S1.);
#1875 = B_SPLINE_CURVE_WITH_KNOTS('',7,(#1876,#1877,#1878,#1879,#1880,
    #1881,#1882,#1883,#1884,#1885,#1886,#1887,#1888,#1889,#1890,#1891,
    #1892,#1893,#1894,#1895,#1896,#1897,#1898,#1899,#1900,#1901),
  .UNSPECIFIED.,.F.,.F.,(8,6,6,6,8),(0.,0.219789574359,0.630875425516,
    0.951116386265,1.),.UNSPECIFIED.);
#1876 = CARTESIAN_POINT('',(0.450854481136,0.,3.5));
#1877 = CARTESIAN_POINT('',(0.347803686121,0.237170885139,3.5));
#1878 = CARTESIAN_POINT('',(0.252735748985,0.477839243579,3.5));
#1879 = CARTESIAN_POINT('',(0.166197968399,0.721815114637,3.5));
#1880 = CARTESIAN_POINT('',(8.866347521651E-02,0.968846779903,3.5));
#1881 = CARTESIAN_POINT('',(2.050463369429E-02,1.218612299221,3.5));
#1882 = CARTESIAN_POINT('',(-3.803355730022E-02,1.470711046656,3.5));
#1883 = CARTESIAN_POINT('',(-0.178183255918,2.19962257754,3.5));
#1884 = CARTESIAN_POINT('',(-0.235578986853,2.681289902817,3.5));
#1885 = CARTESIAN_POINT('',(-0.258322928726,3.166182508364,3.5));
#1886 = CARTESIAN_POINT('',(-0.248009569769,3.651448419554,3.5));
#1887 = CARTESIAN_POINT('',(-0.207764581645,4.134830773046,3.5));
#1888 = CARTESIAN_POINT('',(-0.141243305884,4.614662400007,3.5));
#1889 = CARTESIAN_POINT('',(1.729075107233E-02,5.460047079674,3.5));
#1890 = CARTESIAN_POINT('',(0.100455448143,5.827599494724,3.5));
#1891 = CARTESIAN_POINT('',(0.195699723768,6.192287741549,3.5));
#1892 = CARTESIAN_POINT('',(0.301405896498,6.55404316545,3.5));
#1893 = CARTESIAN_POINT('',(0.416095560142,6.912934077006,3.5));
#1894 = CARTESIAN_POINT('',(0.538473965675,7.269153734613,3.5));
#1895 = CARTESIAN_POINT('',(0.687110531797,7.67703808972,3.5));
#1896 = CARTESIAN_POINT('',(0.706947507606,7.730998998735,3.5));
#1897 = CARTESIAN_POINT('',(0.72693328154,7.784905093859,3.5));
#1898 = CARTESIAN_POINT('',(0.747063874186,7.838757292129,3.5));
#1899 = CARTESIAN_POINT('',(0.767335384222,7.892556532167,3.5));
#1900 = CARTESIAN_POINT('',(0.787743988417,7.946303774189,3.5));
#1901 = CARTESIAN_POINT('',(0.808285941629,8.,3.5));
#1902 = PCURVE('',#951,#1903);
#1903 = DEFINITIONAL_REPRESENTATION('',(#1904),#1931);
#1904 = B_SPLINE_CURVE_WITH_KNOTS('',7,(#1905,#1906,#1907,#1908,#1909,
    #1910,#1911,#1912,#1913,#1914,#1915,#1916,#1917,#1918,#1919,#1920,
    #1921,#1922,#1923,#1924,#1925,#1926,#1927,#1928,#1929,#1930),
  .UNSPECIFIED.,.F.,.F.,(8,6,6,6,8),(0.,0.219789574359,0.630875425516,
    0.951116386265,1.),.UNSPECIFIED.);
#1905 = CARTESIAN_POINT('',(4.736513277014,0.));
#1906 = CARTESIAN_POINT('',(4.737464250373,1.731117096079E-03));
#1907 = CARTESIAN_POINT('',(4.738311218437,3.497663474856E-03));
#1908 = CARTESIAN_POINT('',(4.739058403869,5.298609421338E-03));
#1909 = CARTESIAN_POINT('',(4.739709533728,7.132404791058E-03));
#1910 = CARTESIAN_POINT('',(4.740268047218,8.996884616333E-03));
#1911 = CARTESIAN_POINT('',(4.740737303441,1.088917471254E-02));
#1912 = CARTESIAN_POINT('',(4.741838045866,1.6389999349E-02));
#1913 = CARTESIAN_POINT('',(4.742255613088,2.006066535289E-02));
#1914 = CARTESIAN_POINT('',(4.742395274642,2.379146359889E-02));
#1915 = CARTESIAN_POINT('',(4.742283868237,2.755905092685E-02));
#1916 = CARTESIAN_POINT('',(4.741946590228,3.134332555027E-02));
#1917 = CARTESIAN_POINT('',(4.741406405226,3.512819434977E-02));
#1918 = CARTESIAN_POINT('',(4.740118936915,4.184186445027E-02));
#1919 = CARTESIAN_POINT('',(4.739443529641,4.477642422984E-02));
#1920 = CARTESIAN_POINT('',(4.738665041646,4.770244362776E-02));
#1921 = CARTESIAN_POINT('',(4.737790313165,5.061796024034E-02));
#1922 = CARTESIAN_POINT('',(4.736824551866,5.352218719296E-02));
#1923 = CARTESIAN_POINT('',(4.735771329051,5.64154667148E-02));
#1924 = CARTESIAN_POINT('',(4.734458648411,5.973949290953E-02));
#1925 = CARTESIAN_POINT('',(4.734282816452,6.017946994377E-02));
#1926 = CARTESIAN_POINT('',(4.734104999854,6.061922253252E-02));
#1927 = CARTESIAN_POINT('',(4.733925205323,6.105875424125E-02));
#1928 = CARTESIAN_POINT('',(4.733743438837,6.149806887233E-02));
#1929 = CARTESIAN_POINT('',(4.733559705642,6.193717046504E-02));
#1930 = CARTESIAN_POINT('',(4.733374010254,6.237606329554E-02));
#1931 = ( GEOMETRIC_REPRESENTATION_CONTEXT(2) 
PARAMETRIC_REPRESENTATION_CONTEXT() REPRESENTATION_CONTEXT('2D SPACE',''
  ) );
#1932 = PCURVE('',#1933,#1938);
#1933 = PLANE('',#1934);
#1934 = AXIS2_PLACEMENT_3D('',#1935,#1936,#1937);
#1935 = CARTESIAN_POINT('',(0.,0.,3.5));
#1936 = DIRECTION('',(0.,0.,1.));
#1937 = DIRECTION('',(1.,0.,-0.));
#1938 = DEFINITIONAL_REPRESENTATION('',(#1939),#1966);
#1939 = B_SPLINE_CURVE_WITH_KNOTS('',7,(#1940,#1941,#1942,#1943,#1944,
    #1945,#1946,#1947,#1948,#1949,#1950,#1951,#1952,#1953,#1954,#1955,
    #1956,#1957,#1958,#1959,#1960,#1961,#1962,#1963,#1964,#1965),
  .UNSPECIFIED.,.F.,.F.,(8,6,6,6,8),(0.,0.219789574359,0.630875425516,
    0.951116386265,1.),.UNSPECIFIED.);
#1940 = CARTESIAN_POINT('',(0.450854481136,0.));
#1941 = CARTESIAN_POINT('',(0.347803686121,0.237170885139));
#1942 = CARTESIAN_POINT('',(0.252735748985,0.477839243579));
#1943 = CARTESIAN_POINT('',(0.166197968399,0.721815114637));
#1944 = CARTESIAN_POINT('',(8.866347521651E-02,0.968846779903));
#1945 = CARTESIAN_POINT('',(2.050463369429E-02,1.218612299221));
#1946 = CARTESIAN_POINT('',(-3.803355730022E-02,1.470711046656));
#1947 = CARTESIAN_POINT('',(-0.178183255918,2.19962257754));
#1948 = CARTESIAN_POINT('',(-0.235578986853,2.681289902817));
#1949 = CARTESIAN_POINT('',(-0.258322928726,3.166182508364));
#1950 = CARTESIAN_POINT('',(-0.248009569769,3.651448419554));
#1951 = CARTESIAN_POINT('',(-0.207764581645,4.134830773046));
#1952 = CARTESIAN_POINT('',(-0.141243305884,4.614662400007));
#1953 = CARTESIAN_POINT('',(1.729075107233E-02,5.460047079674));
#1954 = CARTESIAN_POINT('',(0.100455448143,5.827599494724));
#1955 = CARTESIAN_POINT('',(0.195699723768,6.192287741549));
#1956 = CARTESIAN_POINT('',(0.301405896498,6.55404316545));
#1957 = CARTESIAN_POINT('',(0.416095560142,6.912934077006));
#1958 = CARTESIAN_POINT('',(0.538473965675,7.269153734613));
#1959 = CARTESIAN_POINT('',(0.687110531797,7.67703808972));
#1960 = CARTESIAN_POINT('',(0.706947507606,7.730998998735));
#1961 = CARTESIAN_POINT('',(0.72693328154,7.784905093859));
#1962 = CARTESIAN_POINT('',(0.747063874186,7.838757292129));
#1963 = CARTESIAN_POINT('',(0.767335384222,7.892556532167));
#1964 = CARTESIAN_POINT('',(0.787743988417,7.946303774189));
#1965 = CARTESIAN_POINT('',(0.808285941629,8.));
#1966 = ( GEOMETRIC_REPRESENTATION_CONTEXT(2) 
PARAMETRIC_REPRESENTATION_CONTEXT() REPRESENTATION_CONTEXT('2D SPACE',''
  ) );
#1967 = ORIENTED_EDGE('',*,*,#1968,.F.);
#1968 = EDGE_CURVE('',#1969,#1872,#1971,.T.);
#1969 = VERTEX_POINT('',#1970);
#1970 = CARTESIAN_POINT('',(-2.,0.,-2.866691328251));
#1971 = SURFACE_CURVE('',#1972,(#2011,#2053),.PCURVE_S1.);
#1972 = B_SPLINE_CURVE_WITH_KNOTS('',7,(#1973,#1974,#1975,#1976,#1977,
    #1978,#1979,#1980,#1981,#1982,#1983,#1984,#1985,#1986,#1987,#1988,
    #1989,#1990,#1991,#1992,#1993,#1994,#1995,#1996,#1997,#1998,#1999,
    #2000,#2001,#2002,#2003,#2004,#2005,#2006,#2007,#2008,#2009,#2010),
  .UNSPECIFIED.,.F.,.F.,(8,6,6,6,6,6,8),(0.,5.95483165369E-02,
    0.160654043661,0.26922282331,0.54285129962,0.82280020615,1.),
  .UNSPECIFIED.);
#1973 = CARTESIAN_POINT('',(-2.,7.105427357601E-15,-2.86669132825));
#1974 = CARTESIAN_POINT('',(-2.,4.664649220181E-02,-2.821886206578));
#1975 = CARTESIAN_POINT('',(-1.998730852341,9.142533754147E-02,
    -2.775879378571));
#1976 = CARTESIAN_POINT('',(-1.996374798628,0.134550086503,
    -2.728904570256));
#1977 = CARTESIAN_POINT('',(-1.993065641018,0.176176107232,
    -2.681134043926));
#1978 = CARTESIAN_POINT('',(-1.988908647694,0.216431768569,
    -2.632696715903));
#1979 = CARTESIAN_POINT('',(-1.983990399086,0.255434055904,
    -2.583687097574));
#1980 = CARTESIAN_POINT('',(-1.968850386633,0.357561019703,
    -2.450082722225));
#1981 = CARTESIAN_POINT('',(-1.957327880249,0.418493165715,
    -2.364565559139));
#1982 = CARTESIAN_POINT('',(-1.944151802461,0.476584244663,
    -2.27794609483));
#1983 = CARTESIAN_POINT('',(-1.929543725945,0.532146333929,-2.1904477003
    ));
#1984 = CARTESIAN_POINT('',(-1.913678806922,0.585435028754,
    -2.102235168122));
#1985 = CARTESIAN_POINT('',(-1.896688641742,0.636655591449,
    -2.013416661452));
#1986 = CARTESIAN_POINT('',(-1.859332254688,0.738961380493,
    -1.828095135149));
#1987 = CARTESIAN_POINT('',(-1.838814075388,0.789744736255,
    -1.731532006192));
#1988 = CARTESIAN_POINT('',(-1.817252187982,0.838547546194,
    -1.634465384924));
#1989 = CARTESIAN_POINT('',(-1.794746923249,0.885525812386,
    -1.536972386843));
#1990 = CARTESIAN_POINT('',(-1.771379115899,0.930804906346,
    -1.439112683175));
#1991 = CARTESIAN_POINT('',(-1.747216368687,0.974492055254,
    -1.340931823055));
#1992 = CARTESIAN_POINT('',(-1.659551800546,1.123001094276,
    -0.994285059862));
#1993 = CARTESIAN_POINT('',(-1.592106041727,1.219767150492,
    -0.744327166709));
#1994 = CARTESIAN_POINT('',(-1.520866450862,1.308441539414,
    -0.493101772206));
#1995 = CARTESIAN_POINT('',(-1.446356052423,1.389774592627,
    -0.24093657747));
#1996 = CARTESIAN_POINT('',(-1.368992779991,1.464365339932,
    1.19297708445E-02));
#1997 = CARTESIAN_POINT('',(-1.289071105017,1.532624244842,
    0.265355685135));
#1998 = CARTESIAN_POINT('',(-1.122648832519,1.658553064639,
    0.779062953325));
#1999 = CARTESIAN_POINT('',(-1.036055423654,1.715928983576,
    1.039316012849));
#2000 = CARTESIAN_POINT('',(-0.947279690014,1.767325554418,
    1.299917687914));
#2001 = CARTESIAN_POINT('',(-0.856507444961,1.812945259786,
    1.560765698943));
#2002 = CARTESIAN_POINT('',(-0.763880286019,1.852910338041,
    1.821770070044));
#2003 = CARTESIAN_POINT('',(-0.669503312024,1.887278441456,
    2.082851088662));
#2004 = CARTESIAN_POINT('',(-0.51263575853,1.934226716104,2.509200058142
    ));
#2005 = CARTESIAN_POINT('',(-0.451156881178,1.950173766674,
    2.674460340226));
#2006 = CARTESIAN_POINT('',(-0.389020915803,1.963864078074,
    2.839700127411));
#2007 = CARTESIAN_POINT('',(-0.326239981481,1.975280697898,
    3.004898239518));
#2008 = CARTESIAN_POINT('',(-0.262820720973,1.984393126265,
    3.170031599672));
#2009 = CARTESIAN_POINT('',(-0.198763557185,1.991155002187,
    3.335074955444));
#2010 = CARTESIAN_POINT('',(-0.134061949626,1.995501789942,3.5000006));
#2011 = PCURVE('',#951,#2012);
#2012 = DEFINITIONAL_REPRESENTATION('',(#2013),#2052);
#2013 = B_SPLINE_CURVE_WITH_KNOTS('',7,(#2014,#2015,#2016,#2017,#2018,
    #2019,#2020,#2021,#2022,#2023,#2024,#2025,#2026,#2027,#2028,#2029,
    #2030,#2031,#2032,#2033,#2034,#2035,#2036,#2037,#2038,#2039,#2040,
    #2041,#2042,#2043,#2044,#2045,#2046,#2047,#2048,#2049,#2050,#2051),
  .UNSPECIFIED.,.F.,.F.,(8,6,6,6,6,6,8),(0.,5.95483165369E-02,
    0.160654043661,0.26922282331,0.54285129962,0.82280020615,1.),
  .UNSPECIFIED.);
#2014 = CARTESIAN_POINT('',(4.603998680558,0.));
#2015 = CARTESIAN_POINT('',(4.605422172631,3.404740850685E-04));
#2016 = CARTESIAN_POINT('',(4.606833452396,6.676991284214E-04));
#2017 = CARTESIAN_POINT('',(4.608231999111,9.831775425516E-04));
#2018 = CARTESIAN_POINT('',(4.609617551093,1.288000686035E-03));
#2019 = CARTESIAN_POINT('',(4.610990193113,1.583071186744E-03));
#2020 = CARTESIAN_POINT('',(4.612350399268,1.869214264097E-03));
#2021 = CARTESIAN_POINT('',(4.615988842852,2.619126416949E-03));
#2022 = CARTESIAN_POINT('',(4.618244145268,3.06726338888E-03));
#2023 = CARTESIAN_POINT('',(4.620468269495,3.495117191982E-03));
#2024 = CARTESIAN_POINT('',(4.622663513296,3.904886567036E-03));
#2025 = CARTESIAN_POINT('',(4.624832164992,4.298373231267E-03));
#2026 = CARTESIAN_POINT('',(4.62697657159,4.677025506727E-03));
#2027 = CARTESIAN_POINT('',(4.631378804487,5.434153287389E-03));
#2028 = CARTESIAN_POINT('',(4.633632768163,5.810457888017E-03));
#2029 = CARTESIAN_POINT('',(4.635863900393,6.172508001124E-03));
#2030 = CARTESIAN_POINT('',(4.638074337714,6.521401308929E-03));
#2031 = CARTESIAN_POINT('',(4.6402659454,6.858018707188E-03));
#2032 = CARTESIAN_POINT('',(4.64244046455,7.183113373707E-03));
#2033 = CARTESIAN_POINT('',(4.650041134946,8.289237048555E-03));
#2034 = CARTESIAN_POINT('',(4.655383459378,9.011846113649E-03));
#2035 = CARTESIAN_POINT('',(4.660653027535,9.675440492486E-03));
#2036 = CARTESIAN_POINT('',(4.665866182143,1.028522767273E-02));
#2037 = CARTESIAN_POINT('',(4.671037088716,1.084535907142E-02));
#2038 = CARTESIAN_POINT('',(4.676177767928,1.135865763495E-02));
#2039 = CARTESIAN_POINT('',(4.686540270561,1.230676827681E-02));
#2040 = CARTESIAN_POINT('',(4.691760183526,1.273939591324E-02));
#2041 = CARTESIAN_POINT('',(4.696971004128,1.312741855836E-02));
#2042 = CARTESIAN_POINT('',(4.702182141866,1.347218224014E-02));
#2043 = CARTESIAN_POINT('',(4.707402002687,1.377446523723E-02));
#2044 = CARTESIAN_POINT('',(4.712638634426,1.403458544094E-02));
#2045 = CARTESIAN_POINT('',(4.721230342586,1.439009686387E-02));
#2046 = CARTESIAN_POINT('',(4.724570507074,1.451090554276E-02));
#2047 = CARTESIAN_POINT('',(4.727922513492,1.461465487832E-02));
#2048 = CARTESIAN_POINT('',(4.731288293828,1.470119689261E-02));
#2049 = CARTESIAN_POINT('',(4.73466975471,1.477028452624E-02));
#2050 = CARTESIAN_POINT('',(4.738068811925,1.482155570632E-02));
#2051 = CARTESIAN_POINT('',(4.741487424944,1.485451741432E-02));
#2052 = ( GEOMETRIC_REPRESENTATION_CONTEXT(2) 
PARAMETRIC_REPRESENTATION_CONTEXT() REPRESENTATION_CONTEXT('2D SPACE',''
  ) );
#2053 = PCURVE('',#2054,#2059);
#2054 = CYLINDRICAL_SURFACE('',#2055,2.);
#2055 = AXIS2_PLACEMENT_3D('',#2056,#2057,#2058);
#2056 = CARTESIAN_POINT('',(0.,0.,0.));
#2057 = DIRECTION('',(0.,0.,1.));
#2058 = DIRECTION('',(1.,0.,0.));
#2059 = DEFINITIONAL_REPRESENTATION('',(#2060),#2099);
#2060 = B_SPLINE_CURVE_WITH_KNOTS('',7,(#2061,#2062,#2063,#2064,#2065,
    #2066,#2067,#2068,#2069,#2070,#2071,#2072,#2073,#2074,#2075,#2076,
    #2077,#2078,#2079,#2080,#2081,#2082,#2083,#2084,#2085,#2086,#2087,
    #2088,#2089,#2090,#2091,#2092,#2093,#2094,#2095,#2096,#2097,#2098),
  .UNSPECIFIED.,.F.,.F.,(8,6,6,6,6,6,8),(0.,5.95483165369E-02,
    0.160654043661,0.26922282331,0.54285129962,0.82280020615,1.),
  .UNSPECIFIED.);
#2061 = CARTESIAN_POINT('',(3.14159265359,-2.86669132825));
#2062 = CARTESIAN_POINT('',(3.118269407489,-2.821886206578));
#2063 = CARTESIAN_POINT('',(3.095879967735,-2.775879378571));
#2064 = CARTESIAN_POINT('',(3.074296936388,-2.728904570256));
#2065 = CARTESIAN_POINT('',(3.053429107904,-2.681134043926));
#2066 = CARTESIAN_POINT('',(3.033202700205,-2.632696715903));
#2067 = CARTESIAN_POINT('',(3.013551740339,-2.583687097574));
#2068 = CARTESIAN_POINT('',(2.961930192726,-2.450082722225));
#2069 = CARTESIAN_POINT('',(2.930948610924,-2.364565559139));
#2070 = CARTESIAN_POINT('',(2.901195052618,-2.27794609483));
#2071 = CARTESIAN_POINT('',(2.872498329455,-2.1904477003));
#2072 = CARTESIAN_POINT('',(2.844719842012,-2.102235168122));
#2073 = CARTESIAN_POINT('',(2.817749397022,-2.013416661452));
#2074 = CARTESIAN_POINT('',(2.763293051832,-1.828095135149));
#2075 = CARTESIAN_POINT('',(2.735922870274,-1.731532006192));
#2076 = CARTESIAN_POINT('',(2.709267363875,-1.634465384924));
#2077 = CARTESIAN_POINT('',(2.683243247702,-1.536972386843));
#2078 = CARTESIAN_POINT('',(2.657783726859,-1.439112683175));
#2079 = CARTESIAN_POINT('',(2.632831524219,-1.340931823055));
#2080 = CARTESIAN_POINT('',(2.546605061955,-0.994285059862));
#2081 = CARTESIAN_POINT('',(2.487796850407,-0.744327166709));
#2082 = CARTESIAN_POINT('',(2.431125393565,-0.493101772206));
#2083 = CARTESIAN_POINT('',(2.376174475579,-0.24093657747));
#2084 = CARTESIAN_POINT('',(2.322598909574,1.192977084449E-02));
#2085 = CARTESIAN_POINT('',(2.270139085748,0.265355685135));
#2086 = CARTESIAN_POINT('',(2.165790582598,0.779062953325));
#2087 = CARTESIAN_POINT('',(2.11395369655,1.039316012849));
#2088 = CARTESIAN_POINT('',(2.06281123775,1.299917687914));
#2089 = CARTESIAN_POINT('',(2.012172581145,1.560765698943));
#2090 = CARTESIAN_POINT('',(1.961868733679,1.821770070044));
#2091 = CARTESIAN_POINT('',(1.91173433232,2.082851088662));
#2092 = CARTESIAN_POINT('',(1.829863138009,2.509200058142));
#2093 = CARTESIAN_POINT('',(1.798128185612,2.674460340226));
#2094 = CARTESIAN_POINT('',(1.766349698051,2.839700127411));
#2095 = CARTESIAN_POINT('',(1.734483858456,3.004898239518));
#2096 = CARTESIAN_POINT('',(1.70248453622,3.170031599672));
#2097 = CARTESIAN_POINT('',(1.67030132823,3.335074955444));
#2098 = CARTESIAN_POINT('',(1.637877600096,3.5000006));
#2099 = ( GEOMETRIC_REPRESENTATION_CONTEXT(2) 
PARAMETRIC_REPRESENTATION_CONTEXT() REPRESENTATION_CONTEXT('2D SPACE',''
  ) );
#2100 = ORIENTED_EDGE('',*,*,#2101,.T.);
#2101 = EDGE_CURVE('',#1969,#875,#2102,.T.);
#2102 = SURFACE_CURVE('',#2103,(#2117,#2124),.PCURVE_S1.);
#2103 = B_SPLINE_CURVE_WITH_KNOTS('',12,(#2104,#2105,#2106,#2107,#2108,
    #2109,#2110,#2111,#2112,#2113,#2114,#2115,#2116),.UNSPECIFIED.,.F.,
  .F.,(13,13),(4.,5.),.PIECEWISE_BEZIER_KNOTS.);
#2104 = CARTESIAN_POINT('',(1.003098510343,0.,0.159058238597));
#2105 = CARTESIAN_POINT('',(-0.546709494194,0.,-3.913476816242));
#2106 = CARTESIAN_POINT('',(-2.268599613653,0.,-8.013296426277));
#2107 = CARTESIAN_POINT('',(-3.843531777579,0.,-11.30204383806));
#2108 = CARTESIAN_POINT('',(-4.909136507032,0.,-12.93437297091));
#2109 = CARTESIAN_POINT('',(-5.160198604022,0.,-12.32218664553));
#2110 = CARTESIAN_POINT('',(-4.46614068825,0.,-9.39954304176));
#2111 = CARTESIAN_POINT('',(-2.952975050946,0.,-4.752986372622));
#2112 = CARTESIAN_POINT('',(-0.979848153117,0.,0.540279580401));
#2113 = CARTESIAN_POINT('',(1.007300275338,0.,5.332845386279));
#2114 = CARTESIAN_POINT('',(2.62132354848,0.,8.755647381766));
#2115 = CARTESIAN_POINT('',(3.624706454989,0.,10.391500446698));
#2116 = CARTESIAN_POINT('',(3.950394052511,0.,10.266176836091));
#2117 = PCURVE('',#951,#2118);
#2118 = DEFINITIONAL_REPRESENTATION('',(#2119),#2123);
#2119 = LINE('',#2120,#2121);
#2120 = CARTESIAN_POINT('',(0.,0.));
#2121 = VECTOR('',#2122,1.);
#2122 = DIRECTION('',(1.,0.));
#2123 = ( GEOMETRIC_REPRESENTATION_CONTEXT(2) 
PARAMETRIC_REPRESENTATION_CONTEXT() REPRESENTATION_CONTEXT('2D SPACE',''
  ) );
#2124 = PCURVE('',#1299,#2125);
#2125 = DEFINITIONAL_REPRESENTATION('',(#2126),#2140);
#2126 = B_SPLINE_CURVE_WITH_KNOTS('',12,(#2127,#2128,#2129,#2130,#2131,
    #2132,#2133,#2134,#2135,#2136,#2137,#2138,#2139),.UNSPECIFIED.,.F.,
  .F.,(13,13),(4.,5.),.PIECEWISE_BEZIER_KNOTS.);
#2127 = CARTESIAN_POINT('',(10.492389762127,-0.866114563031));
#2128 = CARTESIAN_POINT('',(14.84983520703,-0.87687646449));
#2129 = CARTESIAN_POINT('',(19.294358193887,-0.736727124104));
#2130 = CARTESIAN_POINT('',(22.928950520622,-0.443453398803));
#2131 = CARTESIAN_POINT('',(24.834566985625,-3.279815935561E-02));
#2132 = CARTESIAN_POINT('',(24.352823507066,0.420773769224));
#2133 = CARTESIAN_POINT('',(21.375404709597,0.818943744983));
#2134 = CARTESIAN_POINT('',(16.495094453539,1.069405179218));
#2135 = CARTESIAN_POINT('',(10.846276938975,1.121892239683));
#2136 = CARTESIAN_POINT('',(5.659959392438,0.982048802705));
#2137 = CARTESIAN_POINT('',(1.886202483038,0.700262686463));
#2138 = CARTESIAN_POINT('',(-4.305272966842E-04,0.348967381286));
#2139 = CARTESIAN_POINT('',(5.329070518201E-15,-4.884981308351E-15));
#2140 = ( GEOMETRIC_REPRESENTATION_CONTEXT(2) 
PARAMETRIC_REPRESENTATION_CONTEXT() REPRESENTATION_CONTEXT('2D SPACE',''
  ) );
#2141 = ORIENTED_EDGE('',*,*,#917,.T.);
#2142 = ORIENTED_EDGE('',*,*,#2143,.T.);
#2143 = EDGE_CURVE('',#492,#2144,#2146,.T.);
#2144 = VERTEX_POINT('',#2145);
#2145 = CARTESIAN_POINT('',(3.950394052511,0.,10.266176836091));
#2146 = SURFACE_CURVE('',#2147,(#2161,#2168),.PCURVE_S1.);
#2147 = B_SPLINE_CURVE_WITH_KNOTS('',12,(#2148,#2149,#2150,#2151,#2152,
    #2153,#2154,#2155,#2156,#2157,#2158,#2159,#2160),.UNSPECIFIED.,.F.,
  .F.,(13,13),(4.,5.),.PIECEWISE_BEZIER_KNOTS.);
#2148 = CARTESIAN_POINT('',(1.003098510343,0.,0.159058238597));
#2149 = CARTESIAN_POINT('',(-0.546709494194,0.,-3.913476816242));
#2150 = CARTESIAN_POINT('',(-2.268599613653,0.,-8.013296426277));
#2151 = CARTESIAN_POINT('',(-3.843531777579,0.,-11.30204383806));
#2152 = CARTESIAN_POINT('',(-4.909136507032,0.,-12.93437297091));
#2153 = CARTESIAN_POINT('',(-5.160198604022,0.,-12.32218664553));
#2154 = CARTESIAN_POINT('',(-4.46614068825,0.,-9.39954304176));
#2155 = CARTESIAN_POINT('',(-2.952975050946,0.,-4.752986372622));
#2156 = CARTESIAN_POINT('',(-0.979848153117,0.,0.540279580401));
#2157 = CARTESIAN_POINT('',(1.007300275338,0.,5.332845386279));
#2158 = CARTESIAN_POINT('',(2.62132354848,0.,8.755647381766));
#2159 = CARTESIAN_POINT('',(3.624706454989,0.,10.391500446698));
#2160 = CARTESIAN_POINT('',(3.950394052511,0.,10.266176836091));
#2161 = PCURVE('',#951,#2162);
#2162 = DEFINITIONAL_REPRESENTATION('',(#2163),#2167);
#2163 = LINE('',#2164,#2165);
#2164 = CARTESIAN_POINT('',(0.,0.));
#2165 = VECTOR('',#2166,1.);
#2166 = DIRECTION('',(1.,0.));
#2167 = ( GEOMETRIC_REPRESENTATION_CONTEXT(2) 
PARAMETRIC_REPRESENTATION_CONTEXT() REPRESENTATION_CONTEXT('2D SPACE',''
  ) );
#2168 = PCURVE('',#1393,#2169);
#2169 = DEFINITIONAL_REPRESENTATION('',(#2170),#2184);
#2170 = B_SPLINE_CURVE_WITH_KNOTS('',12,(#2171,#2172,#2173,#2174,#2175,
    #2176,#2177,#2178,#2179,#2180,#2181,#2182,#2183),.UNSPECIFIED.,.F.,
  .F.,(13,13),(4.,5.),.PIECEWISE_BEZIER_KNOTS.);
#2171 = CARTESIAN_POINT('',(10.492389762127,-0.866114563031));
#2172 = CARTESIAN_POINT('',(14.84983520703,-0.87687646449));
#2173 = CARTESIAN_POINT('',(19.294358193887,-0.736727124104));
#2174 = CARTESIAN_POINT('',(22.928950520622,-0.443453398803));
#2175 = CARTESIAN_POINT('',(24.834566985625,-3.279815935561E-02));
#2176 = CARTESIAN_POINT('',(24.352823507066,0.420773769224));
#2177 = CARTESIAN_POINT('',(21.375404709597,0.818943744983));
#2178 = CARTESIAN_POINT('',(16.495094453539,1.069405179218));
#2179 = CARTESIAN_POINT('',(10.846276938975,1.121892239683));
#2180 = CARTESIAN_POINT('',(5.659959392438,0.982048802705));
#2181 = CARTESIAN_POINT('',(1.886202483038,0.700262686463));
#2182 = CARTESIAN_POINT('',(-4.305272966842E-04,0.348967381286));
#2183 = CARTESIAN_POINT('',(5.329070518201E-15,-4.884981308351E-15));
#2184 = ( GEOMETRIC_REPRESENTATION_CONTEXT(2) 
PARAMETRIC_REPRESENTATION_CONTEXT() REPRESENTATION_CONTEXT('2D SPACE',''
  ) );
#2185 = ORIENTED_EDGE('',*,*,#2186,.T.);
#2186 = EDGE_CURVE('',#2144,#2187,#2189,.T.);
#2187 = VERTEX_POINT('',#2188);
#2188 = CARTESIAN_POINT('',(1.008614056129,127.,0.661788765648));
#2189 = SURFACE_CURVE('',#2190,(#2199,#2206),.PCURVE_S1.);
#2190 = ( BOUNDED_CURVE() B_SPLINE_CURVE(7,(#2191,#2192,#2193,#2194,
    #2195,#2196,#2197,#2198),.UNSPECIFIED.,.F.,.F.) 
B_SPLINE_CURVE_WITH_KNOTS((8,8),(0.,1.),.PIECEWISE_BEZIER_KNOTS.) CURVE(
) GEOMETRIC_REPRESENTATION_ITEM() RATIONAL_B_SPLINE_CURVE((1.,1.,1.,1.,
1.,1.,1.,1.)) REPRESENTATION_ITEM('') );
#2191 = CARTESIAN_POINT('',(3.950394052511,0.,10.266176836091));
#2192 = CARTESIAN_POINT('',(-6.919558945947,19.572075798119,
    11.777069355762));
#2193 = CARTESIAN_POINT('',(78.776626216725,29.906339939337,3.9771848268
    ));
#2194 = CARTESIAN_POINT('',(-124.3741391763,59.681862012172,
    -16.44309530244));
#2195 = CARTESIAN_POINT('',(119.9948538281,66.668229265818,
    21.896169124754));
#2196 = CARTESIAN_POINT('',(-68.51496225491,92.778443865803,
    -12.81490995699));
#2197 = CARTESIAN_POINT('',(23.049955198911,107.78320990507,
    5.146310427149));
#2198 = CARTESIAN_POINT('',(1.008614056129,127.,0.661788765648));
#2199 = PCURVE('',#951,#2200);
#2200 = DEFINITIONAL_REPRESENTATION('',(#2201),#2205);
#2201 = LINE('',#2202,#2203);
#2202 = CARTESIAN_POINT('',(5.,0.));
#2203 = VECTOR('',#2204,1.);
#2204 = DIRECTION('',(0.,1.));
#2205 = ( GEOMETRIC_REPRESENTATION_CONTEXT(2) 
PARAMETRIC_REPRESENTATION_CONTEXT() REPRESENTATION_CONTEXT('2D SPACE',''
  ) );
#2206 = PCURVE('',#2207,#2312);
#2207 = ( BOUNDED_SURFACE() B_SPLINE_SURFACE(12,7,(
    (#2208,#2209,#2210,#2211,#2212,#2213,#2214,#2215)
    ,(#2216,#2217,#2218,#2219,#2220,#2221,#2222,#2223)
    ,(#2224,#2225,#2226,#2227,#2228,#2229,#2230,#2231)
    ,(#2232,#2233,#2234,#2235,#2236,#2237,#2238,#2239)
    ,(#2240,#2241,#2242,#2243,#2244,#2245,#2246,#2247)
    ,(#2248,#2249,#2250,#2251,#2252,#2253,#2254,#2255)
    ,(#2256,#2257,#2258,#2259,#2260,#2261,#2262,#2263)
    ,(#2264,#2265,#2266,#2267,#2268,#2269,#2270,#2271)
    ,(#2272,#2273,#2274,#2275,#2276,#2277,#2278,#2279)
    ,(#2280,#2281,#2282,#2283,#2284,#2285,#2286,#2287)
    ,(#2288,#2289,#2290,#2291,#2292,#2293,#2294,#2295)
    ,(#2296,#2297,#2298,#2299,#2300,#2301,#2302,#2303)
    ,(#2304,#2305,#2306,#2307,#2308,#2309,#2310,#2311
)),.UNSPECIFIED.,.F.,.F.,.F.) B_SPLINE_SURFACE_WITH_KNOTS((13,13),(8,8),
  (0.,1.),(0.,1.),.PIECEWISE_BEZIER_KNOTS.) 
GEOMETRIC_REPRESENTATION_ITEM() RATIONAL_B_SPLINE_SURFACE((
    (1.,1.,1.,1.,1.,1.,1.,1.)
    ,(1.,1.,1.,1.,1.,1.,1.,1.)
    ,(1.,1.,1.,1.,1.,1.,1.,1.)
    ,(1.,1.,1.,1.,1.,1.,1.,1.)
    ,(1.,1.,1.,1.,1.,1.,1.,1.)
    ,(1.,1.,1.,1.,1.,1.,1.,1.)
    ,(1.,1.,1.,1.,1.,1.,1.,1.)
    ,(1.,1.,1.,1.,1.,1.,1.,1.)
    ,(1.,1.,1.,1.,1.,1.,1.,1.)
    ,(1.,1.,1.,1.,1.,1.,1.,1.)
    ,(1.,1.,1.,1.,1.,1.,1.,1.)
    ,(1.,1.,1.,1.,1.,1.,1.,1.)
,(1.,1.,1.,1.,1.,1.,1.,1.))) REPRESENTATION_ITEM('') SURFACE() );
#2208 = CARTESIAN_POINT('',(3.950394052511,0.,10.266176836091));
#2209 = CARTESIAN_POINT('',(-6.919558945947,19.572075798119,
    11.777069355762));
#2210 = CARTESIAN_POINT('',(78.776626216725,29.906339939337,3.9771848268
    ));
#2211 = CARTESIAN_POINT('',(-124.3741391763,59.681862012172,
    -16.44309530244));
#2212 = CARTESIAN_POINT('',(119.9948538281,66.668229265818,
    21.896169124754));
#2213 = CARTESIAN_POINT('',(-68.51496225491,92.778443865803,
    -12.81490995699));
#2214 = CARTESIAN_POINT('',(23.049955198911,107.78320990507,
    5.146310427149));
#2215 = CARTESIAN_POINT('',(1.008614056129,127.,0.661788765648));
#2216 = CARTESIAN_POINT('',(4.050308081529,0.,10.227730217423));
#2217 = CARTESIAN_POINT('',(-6.824820488883,19.572075798119,
    11.425795444579));
#2218 = CARTESIAN_POINT('',(79.091828368728,29.906339939335,
    6.116443009139));
#2219 = CARTESIAN_POINT('',(-126.3207855959,59.681862012174,
    -20.46428418107));
#2220 = CARTESIAN_POINT('',(122.04423541406,66.668229265816,
    25.828240449746));
#2221 = CARTESIAN_POINT('',(-69.94112427704,92.778443865804,
    -15.18532839186));
#2222 = CARTESIAN_POINT('',(23.422188076607,107.78320990507,
    5.892394007678));
#2223 = CARTESIAN_POINT('',(0.944880498506,127.,0.65852507663));
#2224 = CARTESIAN_POINT('',(4.086442084027,0.,10.023533762255));
#2225 = CARTESIAN_POINT('',(-6.566297195459,19.57207579812,
    10.918540935197));
#2226 = CARTESIAN_POINT('',(77.749861258015,29.906339939329,
    7.938678182475));
#2227 = CARTESIAN_POINT('',(-125.3446235185,59.681862012188,
    -23.61978954607));
#2228 = CARTESIAN_POINT('',(121.26518262344,66.668229265798,
    28.822117794098));
#2229 = CARTESIAN_POINT('',(-69.69026960722,92.778443865817,
    -16.97430764268));
#2230 = CARTESIAN_POINT('',(23.262548226319,107.78320990506,
    6.450587520012));
#2231 = CARTESIAN_POINT('',(0.881018545505,127.,0.655177150914));
#2232 = CARTESIAN_POINT('',(4.056860454558,0.,9.654332919001));
#2233 = CARTESIAN_POINT('',(-6.15024520032,19.572075798122,
    10.260469400564));
#2234 = CARTESIAN_POINT('',(74.77734822229,29.906339939317,
    9.414658457637));
#2235 = CARTESIAN_POINT('',(-121.4858042446,59.681862012218,
    -25.86130345764));
#2236 = CARTESIAN_POINT('',(117.69428248762,66.668229265759,
    30.832080149993));
#2237 = CARTESIAN_POINT('',(-67.78349057985,92.778443865846,
    -18.15498211743));
#2238 = CARTESIAN_POINT('',(22.577655183931,107.78320990505,
    6.812407647232));
#2239 = CARTESIAN_POINT('',(0.817037948402,127.,0.651745487931));
#2240 = CARTESIAN_POINT('',(3.961137464211,0.,9.124796492189));
#2241 = CARTESIAN_POINT('',(-5.586843284485,19.57207579812,
    9.460405794909));
#2242 = CARTESIAN_POINT('',(70.240481888486,29.906339939331,
    10.522885077805));
#2243 = CARTESIAN_POINT('',(-114.854509291,59.681862012186,
    -27.16157047742));
#2244 = CARTESIAN_POINT('',(111.4359782176,66.668229265798,
    31.835214451839));
#2245 = CARTESIAN_POINT('',(-64.28214431858,92.778443865817,
    -18.71462615628));
#2246 = CARTESIAN_POINT('',(21.386898595998,107.78320990506,
    6.973938072182));
#2247 = CARTESIAN_POINT('',(0.752948473303,127.,0.648230602331));
#2248 = CARTESIAN_POINT('',(3.80041532963,0.,8.443497546989));
#2249 = CARTESIAN_POINT('',(-4.890006744243,19.572075798118,
    8.530688793949));
#2250 = CARTESIAN_POINT('',(64.244233190315,29.906339939343,
    11.250445965613));
#2251 = CARTESIAN_POINT('',(-105.6297306911,59.681862012157,
    -27.51579392174));
#2252 = CARTESIAN_POINT('',(102.66144650576,66.668229265838,
    31.832744146868));
#2253 = CARTESIAN_POINT('',(-59.28720145201,92.778443865789,
    -18.65543383901));
#2254 = CARTESIAN_POINT('',(19.722233693241,107.78320990507,
    6.936075633824));
#2255 = CARTESIAN_POINT('',(0.688759901149,127.,0.644633023993));
#2256 = CARTESIAN_POINT('',(3.577403732794,0.,7.622740673057));
#2257 = CARTESIAN_POINT('',(-4.07704610561,19.572075798121,7.48687864705
    ));
#2258 = CARTESIAN_POINT('',(56.930005055881,29.90633993932,
    11.593574005255));
#2259 = CARTESIAN_POINT('',(-94.0552998908,59.681862012208,
    -26.94223025226));
#2260 = CARTESIAN_POINT('',(91.604809179403,66.668229265774,
    30.850476461508));
#2261 = CARTESIAN_POINT('',(-52.93701315114,92.778443865833,
    -17.99475202313));
#2262 = CARTESIAN_POINT('',(17.627475140025,107.78320990506,
    6.704599833204));
#2263 = CARTESIAN_POINT('',(0.62448202771,127.,0.640953298013));
#2264 = CARTESIAN_POINT('',(3.296318939809,0.,6.678241289928));
#2265 = CARTESIAN_POINT('',(-3.168186690562,19.572075798118,
    6.347333854687));
#2266 = CARTESIAN_POINT('',(48.471825112418,29.906339939341,
    11.557866280331));
#2267 = CARTESIAN_POINT('',(-80.43332116419,59.681862012162,
    -25.48190904874));
#2268 = CARTESIAN_POINT('',(78.556826678736,66.668229265829,
    28.938312630919));
#2269 = CARTESIAN_POINT('',(-45.40358308847,92.778443865796,
    -16.76473476956));
#2270 = CARTESIAN_POINT('',(15.157116601693,107.78320990507,
    6.290055756976));
#2271 = CARTESIAN_POINT('',(0.56012466359,127.,0.637191984714));
#2272 = CARTESIAN_POINT('',(2.962764216634,0.,5.628670239842));
#2273 = CARTESIAN_POINT('',(-2.185970973687,19.57207579812,
    5.132675773727));
#2274 = CARTESIAN_POINT('',(39.071242206186,29.906339939328,
    11.158144110632));
#2275 = CARTESIAN_POINT('',(-65.11529192728,59.681862012194,
    -23.19747135605));
#2276 = CARTESIAN_POINT('',(63.856343940394,66.668229265788,
    26.168823418329));
#2277 = CARTESIAN_POINT('',(-36.88750411587,92.778443865825,
    -15.01142287911));
#2278 = CARTESIAN_POINT('',(12.374726606313,107.78320990506,
    5.707451918092));
#2279 = CARTESIAN_POINT('',(0.495697634224,127.,0.633349659642));
#2280 = CARTESIAN_POINT('',(2.583556789382,0.,4.495084477596));
#2281 = CARTESIAN_POINT('',(-1.154571600436,19.572075798119,
    3.865166042235));
#2282 = CARTESIAN_POINT('',(28.951161986607,29.906339939337,
    10.417957353546));
#2283 = CARTESIAN_POINT('',(-48.49131877838,59.681862012172,
    -20.1711745449));
#2284 = CARTESIAN_POINT('',(47.879882374927,66.668229265818,
    22.634950309893));
#2285 = CARTESIAN_POINT('',(-27.61179265499,92.778443865803,
    -12.79328782944));
#2286 = CARTESIAN_POINT('',(9.350994511944,107.78320990507,
    4.975785944918));
#2287 = CARTESIAN_POINT('',(0.431210779879,127.,0.629426913565));
#2288 = CARTESIAN_POINT('',(2.166510146477,0.,3.300272230678));
#2289 = CARTESIAN_POINT('',(-9.904887057812E-02,19.57207579812,
    2.568027504704));
#2290 = CARTESIAN_POINT('',(18.348927254694,29.906339939329,
    9.368760058198));
#2291 = CARTESIAN_POINT('',(-30.977964548,59.681862012188,
    -16.50216717311));
#2292 = CARTESIAN_POINT('',(31.029894734946,66.668229265798,
    18.446950830026));
#2293 = CARTESIAN_POINT('',(-17.81492699132,92.778443865817,
    -10.17931496814));
#2294 = CARTESIAN_POINT('',(6.161523625142,107.78320990506,4.11742248169
    ));
#2295 = CARTESIAN_POINT('',(0.366673955654,127.,0.625424352473));
#2296 = CARTESIAN_POINT('',(1.720184029677,0.,2.068048566618));
#2297 = CARTESIAN_POINT('',(0.955407577009,19.572075798117,
    1.264745107773));
#2298 = CARTESIAN_POINT('',(7.509019226825,29.906339939346,
    8.048808182915));
#2299 = CARTESIAN_POINT('',(-13.00538809263,59.681862012152,
    -12.30319268136));
#2300 = CARTESIAN_POINT('',(13.722322778221,66.66822926584,
    13.728764481207));
#2301 = CARTESIAN_POINT('',(-7.743468859449,92.778443865788,
    -7.246736384119));
#2302 = CARTESIAN_POINT('',(2.884491751034,107.78320990507,
    3.157359094878));
#2303 = CARTESIAN_POINT('',(0.30209703148,127.,0.621342597581));
#2304 = CARTESIAN_POINT('',(1.253618010632,0.,0.822544868188));
#2305 = CARTESIAN_POINT('',(1.984207209637,19.572075798119,
    -2.161097430858E-02));
#2306 = CARTESIAN_POINT('',(-3.324173684077,29.906339939332,
    6.501853709071));
#2307 = CARTESIAN_POINT('',(4.99543498036,59.681862012181,
    -7.696936104938));
#2308 = CARTESIAN_POINT('',(-3.625779262004,66.668229265807,
    8.614033871538));
#2309 = CARTESIAN_POINT('',(2.355279095576,92.778443865811,
    -4.078559445575));
#2310 = CARTESIAN_POINT('',(-0.401677310147,107.78320990507,
    2.122427411691));
#2311 = CARTESIAN_POINT('',(0.237489892119,127.,0.617182285327));
#2312 = DEFINITIONAL_REPRESENTATION('',(#2313),#2317);
#2313 = LINE('',#2314,#2315);
#2314 = CARTESIAN_POINT('',(0.,0.));
#2315 = VECTOR('',#2316,1.);
#2316 = DIRECTION('',(0.,1.));
#2317 = ( GEOMETRIC_REPRESENTATION_CONTEXT(2) 
PARAMETRIC_REPRESENTATION_CONTEXT() REPRESENTATION_CONTEXT('2D SPACE',''
  ) );
#2318 = ORIENTED_EDGE('',*,*,#2319,.F.);
#2319 = EDGE_CURVE('',#2320,#2187,#2322,.T.);
#2320 = VERTEX_POINT('',#2321);
#2321 = CARTESIAN_POINT('',(1.954574238074,127.,0.702110196735));
#2322 = SURFACE_CURVE('',#2323,(#2337,#2344),.PCURVE_S1.);
#2323 = B_SPLINE_CURVE_WITH_KNOTS('',12,(#2324,#2325,#2326,#2327,#2328,
    #2329,#2330,#2331,#2332,#2333,#2334,#2335,#2336),.UNSPECIFIED.,.F.,
  .F.,(13,13),(4.,5.),.PIECEWISE_BEZIER_KNOTS.);
#2324 = CARTESIAN_POINT('',(1.954574238074,127.,0.702110196735));
#2325 = CARTESIAN_POINT('',(1.877569922576,127.,0.699517193118));
#2326 = CARTESIAN_POINT('',(1.800170580264,127.,0.696782303862));
#2327 = CARTESIAN_POINT('',(1.722394935326,127.,0.693906159821));
#2328 = CARTESIAN_POINT('',(1.644261800945,127.,0.690889432812));
#2329 = CARTESIAN_POINT('',(1.565790079298,127.,0.687732835616));
#2330 = CARTESIAN_POINT('',(1.486998761558,127.,0.684437121975));
#2331 = CARTESIAN_POINT('',(1.407906927891,127.,0.681003086594));
#2332 = CARTESIAN_POINT('',(1.328533747459,127.,0.677431565141));
#2333 = CARTESIAN_POINT('',(1.248898478419,127.,0.673723434246));
#2334 = CARTESIAN_POINT('',(1.169020467921,127.,0.669879611501));
#2335 = CARTESIAN_POINT('',(1.088919152111,127.,0.665901055463));
#2336 = CARTESIAN_POINT('',(1.008614056129,127.,0.661788765648));
#2337 = PCURVE('',#951,#2338);
#2338 = DEFINITIONAL_REPRESENTATION('',(#2339),#2343);
#2339 = LINE('',#2340,#2341);
#2340 = CARTESIAN_POINT('',(0.,1.));
#2341 = VECTOR('',#2342,1.);
#2342 = DIRECTION('',(1.,0.));
#2343 = ( GEOMETRIC_REPRESENTATION_CONTEXT(2) 
PARAMETRIC_REPRESENTATION_CONTEXT() REPRESENTATION_CONTEXT('2D SPACE',''
  ) );
#2344 = PCURVE('',#2345,#2350);
#2345 = PLANE('',#2346);
#2346 = AXIS2_PLACEMENT_3D('',#2347,#2348,#2349);
#2347 = CARTESIAN_POINT('',(1.008614056129,127.,0.661788765648));
#2348 = DIRECTION('',(-3.342241986262E-15,-1.,2.212203046801E-14));
#2349 = DIRECTION('',(-0.988778842761,3.944304526105E-31,-0.149386746763
    ));
#2350 = DEFINITIONAL_REPRESENTATION('',(#2351),#2365);
#2351 = B_SPLINE_CURVE_WITH_KNOTS('',12,(#2352,#2353,#2354,#2355,#2356,
    #2357,#2358,#2359,#2360,#2361,#2362,#2363,#2364),.UNSPECIFIED.,.F.,
  .F.,(13,13),(4.,5.),.PIECEWISE_BEZIER_KNOTS.);
#2352 = CARTESIAN_POINT('',(-0.941368901417,0.10144493618));
#2353 = CARTESIAN_POINT('',(-0.864841303076,9.250541911611E-02));
#2354 = CARTESIAN_POINT('',(-0.787901914746,8.364718380054E-02));
#2355 = CARTESIAN_POINT('',(-0.710569344748,7.487240360255E-02));
#2356 = CARTESIAN_POINT('',(-0.632862295519,6.618322468347E-02));
#2357 = CARTESIAN_POINT('',(-0.554799563614,5.758176599637E-02));
#2358 = CARTESIAN_POINT('',(-0.4764000397,4.907011928604E-02));
#2359 = CARTESIAN_POINT('',(-0.397682708561,4.065034908896E-02));
#2360 = CARTESIAN_POINT('',(-0.318666649097,3.232449273336E-02));
#2361 = CARTESIAN_POINT('',(-0.239371034321,2.409456033915E-02));
#2362 = CARTESIAN_POINT('',(-0.159815131364,1.596253481799E-02));
#2363 = CARTESIAN_POINT('',(-8.001830146987E-02,7.930371873251E-03));
#2364 = CARTESIAN_POINT('',(0.,0.));
#2365 = ( GEOMETRIC_REPRESENTATION_CONTEXT(2) 
PARAMETRIC_REPRESENTATION_CONTEXT() REPRESENTATION_CONTEXT('2D SPACE',''
  ) );
#2366 = ORIENTED_EDGE('',*,*,#2367,.F.);
#2367 = EDGE_CURVE('',#2368,#2320,#2370,.T.);
#2368 = VERTEX_POINT('',#2369);
#2369 = CARTESIAN_POINT('',(0.813487990042,7.958532357794,0.100106911118
    ));
#2370 = SURFACE_CURVE('',#2371,(#2380,#2387),.PCURVE_S1.);
#2371 = ( BOUNDED_CURVE() B_SPLINE_CURVE(7,(#2372,#2373,#2374,#2375,
    #2376,#2377,#2378,#2379),.UNSPECIFIED.,.F.,.F.) 
B_SPLINE_CURVE_WITH_KNOTS((8,8),(0.,1.),.PIECEWISE_BEZIER_KNOTS.) CURVE(
) GEOMETRIC_REPRESENTATION_ITEM() RATIONAL_B_SPLINE_CURVE((1.,1.,1.,1.,
1.,1.,1.,1.)) REPRESENTATION_ITEM('') );
#2372 = CARTESIAN_POINT('',(1.003098510343,0.,0.159058238597));
#2373 = CARTESIAN_POINT('',(7.639460952721,19.572075798119,
    2.316252240868));
#2374 = CARTESIAN_POINT('',(-50.86520935064,29.906339939337,
    -17.0201837886));
#2375 = CARTESIAN_POINT('',(148.63322635599,59.681862012172,
    51.682095786081));
#2376 = CARTESIAN_POINT('',(-151.334708821,66.668229265818,
    -52.87088231209));
#2377 = CARTESIAN_POINT('',(97.485302482523,92.778443865803,
    34.175139147403));
#2378 = CARTESIAN_POINT('',(-28.41447960614,107.78320990507,
    -9.945195231804));
#2379 = CARTESIAN_POINT('',(1.954574238074,127.,0.702110196735));
#2380 = PCURVE('',#951,#2381);
#2381 = DEFINITIONAL_REPRESENTATION('',(#2382),#2386);
#2382 = LINE('',#2383,#2384);
#2383 = CARTESIAN_POINT('',(4.,0.));
#2384 = VECTOR('',#2385,1.);
#2385 = DIRECTION('',(0.,1.));
#2386 = ( GEOMETRIC_REPRESENTATION_CONTEXT(2) 
PARAMETRIC_REPRESENTATION_CONTEXT() REPRESENTATION_CONTEXT('2D SPACE',''
  ) );
#2387 = PCURVE('',#2388,#2493);
#2388 = ( BOUNDED_SURFACE() B_SPLINE_SURFACE(12,7,(
    (#2389,#2390,#2391,#2392,#2393,#2394,#2395,#2396)
    ,(#2397,#2398,#2399,#2400,#2401,#2402,#2403,#2404)
    ,(#2405,#2406,#2407,#2408,#2409,#2410,#2411,#2412)
    ,(#2413,#2414,#2415,#2416,#2417,#2418,#2419,#2420)
    ,(#2421,#2422,#2423,#2424,#2425,#2426,#2427,#2428)
    ,(#2429,#2430,#2431,#2432,#2433,#2434,#2435,#2436)
    ,(#2437,#2438,#2439,#2440,#2441,#2442,#2443,#2444)
    ,(#2445,#2446,#2447,#2448,#2449,#2450,#2451,#2452)
    ,(#2453,#2454,#2455,#2456,#2457,#2458,#2459,#2460)
    ,(#2461,#2462,#2463,#2464,#2465,#2466,#2467,#2468)
    ,(#2469,#2470,#2471,#2472,#2473,#2474,#2475,#2476)
    ,(#2477,#2478,#2479,#2480,#2481,#2482,#2483,#2484)
    ,(#2485,#2486,#2487,#2488,#2489,#2490,#2491,#2492
)),.UNSPECIFIED.,.F.,.F.,.F.) B_SPLINE_SURFACE_WITH_KNOTS((13,13),(8,8),
  (3.,4.),(0.,1.),.PIECEWISE_BEZIER_KNOTS.) 
GEOMETRIC_REPRESENTATION_ITEM() RATIONAL_B_SPLINE_SURFACE((
    (1.,1.,1.,1.,1.,1.,1.,1.)
    ,(1.,1.,1.,1.,1.,1.,1.,1.)
    ,(1.,1.,1.,1.,1.,1.,1.,1.)
    ,(1.,1.,1.,1.,1.,1.,1.,1.)
    ,(1.,1.,1.,1.,1.,1.,1.,1.)
    ,(1.,1.,1.,1.,1.,1.,1.,1.)
    ,(1.,1.,1.,1.,1.,1.,1.,1.)
    ,(1.,1.,1.,1.,1.,1.,1.,1.)
    ,(1.,1.,1.,1.,1.,1.,1.,1.)
    ,(1.,1.,1.,1.,1.,1.,1.,1.)
    ,(1.,1.,1.,1.,1.,1.,1.,1.)
    ,(1.,1.,1.,1.,1.,1.,1.,1.)
,(1.,1.,1.,1.,1.,1.,1.,1.))) REPRESENTATION_ITEM('') SURFACE() );
#2389 = CARTESIAN_POINT('',(1.034041021626,0.,0.240445752599));
#2390 = CARTESIAN_POINT('',(-0.877781646831,19.572075798119,
    -0.204110730886));
#2391 = CARTESIAN_POINT('',(15.257710613417,29.906339939337,
    3.547878309138));
#2392 = CARTESIAN_POINT('',(-36.04536863079,59.681862012172,
    -8.38163632476));
#2393 = CARTESIAN_POINT('',(81.803441131455,66.668229265818,
    19.021769501116));
#2394 = CARTESIAN_POINT('',(-50.16726840518,92.778443865803,
    -11.66540432658));
#2395 = CARTESIAN_POINT('',(22.402251705436,107.78320990507,
    5.209199788576));
#2396 = CARTESIAN_POINT('',(3.124969037993,127.,0.726649636209));
#2397 = CARTESIAN_POINT('',(1.031465158362,0.,0.233664018067));
#2398 = CARTESIAN_POINT('',(-1.419469411744E-02,19.572075798124,
    6.247542243535E-02));
#2399 = CARTESIAN_POINT('',(8.685047376269,29.906339939308,
    1.433474537409));
#2400 = CARTESIAN_POINT('',(-18.93989255569,59.681862012236,
    -2.618856530118));
#2401 = CARTESIAN_POINT('',(63.224010577894,66.668229265737,
    12.901814942241));
#2402 = CARTESIAN_POINT('',(-39.33582041047,92.778443865861,
    -8.006866454942));
#2403 = CARTESIAN_POINT('',(18.809194569611,107.78320990505,
    4.040929442644));
#2404 = CARTESIAN_POINT('',(3.032803522535,127.,0.726015039938));
#2405 = CARTESIAN_POINT('',(1.028888803038,0.,0.226882169116));
#2406 = CARTESIAN_POINT('',(0.851803719974,19.57207579812,0.32962230151)
  );
#2407 = CARTESIAN_POINT('',(2.076305646264,29.906339939329,
    -0.689318491556));
#2408 = CARTESIAN_POINT('',(-1.555512329584,59.681862012189,
    3.208776761823));
#2409 = CARTESIAN_POINT('',(43.780586054411,66.668229265797,
    6.580955758884));
#2410 = CARTESIAN_POINT('',(-27.7734897198,92.778443865817,
    -4.178376259483));
#2411 = CARTESIAN_POINT('',(14.945880502618,107.78320990506,
    2.809816178701));
#2412 = CARTESIAN_POINT('',(2.939527023244,127.,0.725122106442));
#2413 = CARTESIAN_POINT('',(1.026311957124,0.,0.220100209619));
#2414 = CARTESIAN_POINT('',(1.710786349236,19.572075798117,
    0.593949915498));
#2415 = CARTESIAN_POINT('',(-4.497835321907,29.90633993935,
    -2.795303884169));
#2416 = CARTESIAN_POINT('',(15.930419196552,59.681862012137,
    9.039546458423));
#2417 = CARTESIAN_POINT('',(23.672541188579,66.668229265864,
    0.124163973416));
#2418 = CARTESIAN_POINT('',(-15.60533809811,92.778443865768,
    -0.219319951353));
#2419 = CARTESIAN_POINT('',(10.853021721338,107.78320990508,
    1.528433725303));
#2420 = CARTESIAN_POINT('',(2.845178857484,127.,0.723971105771));
#2421 = CARTESIAN_POINT('',(1.023734622093,0.,0.213318143448));
#2422 = CARTESIAN_POINT('',(2.553266724082,19.572075798124,
    0.852064443739));
#2423 = CARTESIAN_POINT('',(-10.96604629731,29.906339939305,
    -4.859133181913));
#2424 = CARTESIAN_POINT('',(33.336763039171,59.681862012245,
    14.810854145154));
#2425 = CARTESIAN_POINT('',(3.109803581562,66.668229265726,
    -6.401133564676));
#2426 = CARTESIAN_POINT('',(-2.965555884617,92.778443865869,
    3.828793321664));
#2427 = CARTESIAN_POINT('',(6.574697739153,107.78320990505,
    0.210138865281));
#2428 = CARTESIAN_POINT('',(2.749798924453,127.,0.722562443354));
#2429 = CARTESIAN_POINT('',(1.021156799419,0.,0.206535974478));
#2430 = CARTESIAN_POINT('',(3.369825137027,19.572075798119,1.10060293924
    ));
#2431 = CARTESIAN_POINT('',(-17.25729287936,29.906339939335,
    -6.855639491975));
#2432 = CARTESIAN_POINT('',(50.4809678814,59.681862012174,
    20.460034944549));
#2433 = CARTESIAN_POINT('',(-17.68982880088,66.668229265816,
    -12.92591203509));
#2434 = CARTESIAN_POINT('',(10.004242675106,92.778443865804,
    7.922851401487));
#2435 = CARTESIAN_POINT('',(2.157798421727,107.78320990507,
    -1.131094574456));
#2436 = CARTESIAN_POINT('',(2.653427678019,127.,0.720896659428));
#2437 = CARTESIAN_POINT('',(1.018578490572,0.,0.199753706579));
#2438 = CARTESIAN_POINT('',(4.151235284323,19.57207579812,1.336278108325
    ));
#2439 = CARTESIAN_POINT('',(-23.30178911738,29.906339939332,
    -8.760172104818));
#2440 = CARTESIAN_POINT('',(67.18150674722,59.681862012181,
    25.925185694765));
#2441 = CARTESIAN_POINT('',(-38.50356132957,66.668229265807,
    -19.38044856176));
#2442 = CARTESIAN_POINT('',(23.156892598372,92.778443865811,
    12.018697629066));
#2443 = CARTESIAN_POINT('',(-2.348595618674,107.78320990507,
    -2.480856128466));
#2444 = CARTESIAN_POINT('',(2.556106099572,127.,0.718974428473));
#2445 = CARTESIAN_POINT('',(1.015999697027,0.,0.192971343627));
#2446 = CARTESIAN_POINT('',(4.888588995131,19.572075798124,
    1.555922269281));
#2447 = CARTESIAN_POINT('',(-29.03194040381,29.906339939306,
    -10.54892584832));
#2448 = CARTESIAN_POINT('',(83.26032456244,59.681862012244,
    31.145989254425));
#2449 = CARTESIAN_POINT('',(-59.10659924843,66.668229265726,
    -25.6952450601));
#2450 = CARTESIAN_POINT('',(36.341673595147,92.778443865869,
    16.071714834924));
#2451 = CARTESIAN_POINT('',(-6.893879619429,107.78320990505,
    -3.824489161667));
#2452 = CARTESIAN_POINT('',(2.457875670861,127.,0.716796558638));
#2453 = CARTESIAN_POINT('',(1.013420420254,0.,0.186188889492));
#2454 = CARTESIAN_POINT('',(5.573416479657,19.572075798124,
    1.756529592817));
#2455 = CARTESIAN_POINT('',(-34.38325610173,29.906339939304,
    -12.1992584281));
#2456 = CARTESIAN_POINT('',(98.545244614829,59.681862012248,
    36.0645177403));
#2457 = CARTESIAN_POINT('',(-79.27519979038,66.668229265724,
    -31.8019538898));
#2458 = CARTESIAN_POINT('',(49.406381517839,92.778443865869,
    20.037421709095));
#2459 = CARTESIAN_POINT('',(-11.42662258365,107.78320990505,
    -5.147287069555));
#2460 = CARTESIAN_POINT('',(2.358778346838,127.,0.714363991175));
#2461 = CARTESIAN_POINT('',(1.010840661727,0.,0.179406348049));
#2462 = CARTESIAN_POINT('',(6.197799527655,19.57207579812,1.935295727186
    ));
#2463 = CARTESIAN_POINT('',(-39.29521236747,29.906339939331,
    -13.68998900352));
#2464 = CARTESIAN_POINT('',(112.87228192532,59.681862012183,
    40.625997504541));
#2465 = CARTESIAN_POINT('',(-98.78971261582,66.668229265806,
    -37.63428618678));
#2466 = CARTESIAN_POINT('',(62.199429590307,92.778443865811,
    23.872068448724));
#2467 = CARTESIAN_POINT('',(-15.89528084528,107.78320990507,
    -6.434690877752));
#2468 = CARTESIAN_POINT('',(2.258856528505,127.,0.711677799867));
#2469 = CARTESIAN_POINT('',(1.008260422918,0.,0.17262372317));
#2470 = CARTESIAN_POINT('',(6.754475088704,19.572075798122,
    2.089653910796));
#2471 = CARTESIAN_POINT('',(-43.71204562875,29.906339939322,
    -15.00167124917));
#2472 = CARTESIAN_POINT('',(126.0878115425,59.681862012201,
    44.779518658024));
#2473 = CARTESIAN_POINT('',(-117.4375413173,66.668229265785,
    -43.12888274761));
#2474 = CARTESIAN_POINT('',(74.571933175515,92.778443865825,
    27.533218581501));
#2475 = CARTESIAN_POINT('',(-20.24891161235,107.78320990506,
    -7.672483908879));
#2476 = CARTESIAN_POINT('',(2.158153035754,127.,0.708739190461));
#2477 = CARTESIAN_POINT('',(1.005679705299,0.,0.165841018728));
#2478 = CARTESIAN_POINT('',(7.236926665663,19.572075798121,
    2.217306675139));
#2479 = CARTESIAN_POINT('',(-47.58345717934,29.906339939324,
    -16.11683415126));
#2480 = CARTESIAN_POINT('',(138.05053977244,59.681862012199,
    48.478671946495));
#2481 = CARTESIAN_POINT('',(-135.0159587343,66.668229265785,
    -48.2261273399));
#2482 = CARTESIAN_POINT('',(86.379731841152,92.778443865825,
    30.980303863188));
#2483 = CARTESIAN_POINT('',(-24.43787081767,107.78320990506,
    -8.84697918474));
#2484 = CARTESIAN_POINT('',(2.056711080209,127.,0.705549500095));
#2485 = CARTESIAN_POINT('',(1.003098510343,0.,0.159058238597));
#2486 = CARTESIAN_POINT('',(7.639460952721,19.572075798119,
    2.316252240868));
#2487 = CARTESIAN_POINT('',(-50.86520935064,29.906339939337,
    -17.0201837886));
#2488 = CARTESIAN_POINT('',(148.63322635599,59.681862012172,
    51.682095786081));
#2489 = CARTESIAN_POINT('',(-151.334708821,66.668229265818,
    -52.87088231209));
#2490 = CARTESIAN_POINT('',(97.485302482523,92.778443865803,
    34.175139147403));
#2491 = CARTESIAN_POINT('',(-28.41447960614,107.78320990507,
    -9.945195231804));
#2492 = CARTESIAN_POINT('',(1.954574238074,127.,0.702110196735));
#2493 = DEFINITIONAL_REPRESENTATION('',(#2494),#2498);
#2494 = LINE('',#2495,#2496);
#2495 = CARTESIAN_POINT('',(4.,0.));
#2496 = VECTOR('',#2497,1.);
#2497 = DIRECTION('',(0.,1.));
#2498 = ( GEOMETRIC_REPRESENTATION_CONTEXT(2) 
PARAMETRIC_REPRESENTATION_CONTEXT() REPRESENTATION_CONTEXT('2D SPACE',''
  ) );
#2499 = ORIENTED_EDGE('',*,*,#2500,.F.);
#2500 = EDGE_CURVE('',#2501,#2368,#2503,.T.);
#2501 = VERTEX_POINT('',#2502);
#2502 = CARTESIAN_POINT('',(-0.578426654746,7.979061511549,-3.5));
#2503 = SURFACE_CURVE('',#2504,(#2515,#2529),.PCURVE_S1.);
#2504 = B_SPLINE_CURVE_WITH_KNOTS('',5,(#2505,#2506,#2507,#2508,#2509,
    #2510,#2511,#2512,#2513,#2514),.UNSPECIFIED.,.F.,.F.,(6,4,6),(0.,
    0.492610508994,1.),.UNSPECIFIED.);
#2505 = CARTESIAN_POINT('',(-0.578426894767,7.979061494149,-3.5000006));
#2506 = CARTESIAN_POINT('',(-0.436904566413,7.989320886533,
    -3.146224931539));
#2507 = CARTESIAN_POINT('',(-0.296683909312,7.996331812009,
    -2.792135898492));
#2508 = CARTESIAN_POINT('',(-0.157624628925,8.000240364137,
    -2.437787387434));
#2509 = CARTESIAN_POINT('',(-1.962461522853E-02,8.001149563683,
    -2.083221158386));
#2510 = CARTESIAN_POINT('',(0.25853314344,7.997067200013,-1.363077503658
    ));
#2511 = CARTESIAN_POINT('',(0.398631205361,7.991897750161,
    -0.997489300212));
#2512 = CARTESIAN_POINT('',(0.537782417276,7.983716141161,-0.63174313583
    ));
#2513 = CARTESIAN_POINT('',(0.676052297159,7.972580461205,
    -0.265869426731));
#2514 = CARTESIAN_POINT('',(0.813487990042,7.958532357794,0.100106911118
    ));
#2515 = PCURVE('',#951,#2516);
#2516 = DEFINITIONAL_REPRESENTATION('',(#2517),#2528);
#2517 = B_SPLINE_CURVE_WITH_KNOTS('',5,(#2518,#2519,#2520,#2521,#2522,
    #2523,#2524,#2525,#2526,#2527),.UNSPECIFIED.,.F.,.F.,(6,4,6),(0.,
    0.492610508994,1.),.UNSPECIFIED.);
#2518 = CARTESIAN_POINT('',(4.079760836988,6.22049330814E-02));
#2519 = CARTESIAN_POINT('',(4.071583671184,6.228877618626E-02));
#2520 = CARTESIAN_POINT('',(4.063525462889,6.234608099493E-02));
#2521 = CARTESIAN_POINT('',(4.05556189081,6.237802777169E-02));
#2522 = CARTESIAN_POINT('',(4.047674590581,6.238545931409E-02));
#2523 = CARTESIAN_POINT('',(4.031784719453,6.235209182077E-02));
#2524 = CARTESIAN_POINT('',(4.023785806963,6.230983927673E-02));
#2525 = CARTESIAN_POINT('',(4.015832425161,6.224296898281E-02));
#2526 = CARTESIAN_POINT('',(4.007909054766,6.215196341836E-02));
#2527 = CARTESIAN_POINT('',(4.,6.203717568984E-02));
#2528 = ( GEOMETRIC_REPRESENTATION_CONTEXT(2) 
PARAMETRIC_REPRESENTATION_CONTEXT() REPRESENTATION_CONTEXT('2D SPACE',''
  ) );
#2529 = PCURVE('',#1840,#2530);
#2530 = DEFINITIONAL_REPRESENTATION('',(#2531),#2542);
#2531 = B_SPLINE_CURVE_WITH_KNOTS('',5,(#2532,#2533,#2534,#2535,#2536,
    #2537,#2538,#2539,#2540,#2541),.UNSPECIFIED.,.F.,.F.,(6,4,6),(0.,
    0.492610508994,1.),.UNSPECIFIED.);
#2532 = CARTESIAN_POINT('',(1.643162834937,-6.E-07));
#2533 = CARTESIAN_POINT('',(1.625426121356,0.353775068461));
#2534 = CARTESIAN_POINT('',(1.60788104759,0.707864101508));
#2535 = CARTESIAN_POINT('',(1.590497194982,1.062212612566));
#2536 = CARTESIAN_POINT('',(1.573250721498,1.416778841614));
#2537 = CARTESIAN_POINT('',(1.538477257208,2.136922496342));
#2538 = CARTESIAN_POINT('',(1.520957400973,2.502510699788));
#2539 = CARTESIAN_POINT('',(1.503538929195,2.86825686417));
#2540 = CARTESIAN_POINT('',(1.486203242571,3.234130573269));
#2541 = CARTESIAN_POINT('',(1.468934268004,3.600106911118));
#2542 = ( GEOMETRIC_REPRESENTATION_CONTEXT(2) 
PARAMETRIC_REPRESENTATION_CONTEXT() REPRESENTATION_CONTEXT('2D SPACE',''
  ) );
#2543 = ORIENTED_EDGE('',*,*,#2544,.F.);
#2544 = EDGE_CURVE('',#2545,#2501,#2547,.T.);
#2545 = VERTEX_POINT('',#2546);
#2546 = CARTESIAN_POINT('',(-0.150348697407,1.994340810691,-3.5));
#2547 = SURFACE_CURVE('',#2548,(#2587,#2629),.PCURVE_S1.);
#2548 = B_SPLINE_CURVE_WITH_KNOTS('',7,(#2549,#2550,#2551,#2552,#2553,
    #2554,#2555,#2556,#2557,#2558,#2559,#2560,#2561,#2562,#2563,#2564,
    #2565,#2566,#2567,#2568,#2569,#2570,#2571,#2572,#2573,#2574,#2575,
    #2576,#2577,#2578,#2579,#2580,#2581,#2582,#2583,#2584,#2585,#2586),
  .UNSPECIFIED.,.F.,.F.,(8,6,6,6,6,6,8),(0.,0.650518094568,
    0.828345550516,0.891769150452,0.91952627774,0.951842241192,1.),
  .UNSPECIFIED.);
#2549 = CARTESIAN_POINT('',(-0.450854481375,7.105427357601E-15,-3.5));
#2550 = CARTESIAN_POINT('',(-0.276380690749,0.727935751143,-3.5));
#2551 = CARTESIAN_POINT('',(-0.157594259376,1.469162135669,-3.5));
#2552 = CARTESIAN_POINT('',(-9.548239755464E-02,2.217426202453,-3.5));
#2553 = CARTESIAN_POINT('',(-8.288435709875E-02,2.967873810936,-3.5));
#2554 = CARTESIAN_POINT('',(-0.109406208546,3.717239547059,-3.5));
#2555 = CARTESIAN_POINT('',(-0.164561187402,4.463952827021,-3.5));
#2556 = CARTESIAN_POINT('',(-0.258832485583,5.411700891068,-3.5));
#2557 = CARTESIAN_POINT('',(-0.280485198124,5.615019480803,-3.5));
#2558 = CARTESIAN_POINT('',(-0.303354457636,5.818205897663,-3.5));
#2559 = CARTESIAN_POINT('',(-0.327245954988,6.021273421471,-3.5));
#2560 = CARTESIAN_POINT('',(-0.351969276266,6.224238841618,-3.5));
#2561 = CARTESIAN_POINT('',(-0.377337902777,6.427122457059,-3.5));
#2562 = CARTESIAN_POINT('',(-0.412382155995,6.702287473311,-3.5));
#2563 = CARTESIAN_POINT('',(-0.421653947326,6.774619351537,-3.5));
#2564 = CARTESIAN_POINT('',(-0.430976298192,6.846944716684,-3.5));
#2565 = CARTESIAN_POINT('',(-0.440340977212,6.919264587008,-3.5));
#2566 = CARTESIAN_POINT('',(-0.449739808477,6.991579993335,-3.5));
#2567 = CARTESIAN_POINT('',(-0.45916467155,7.063891979055,-3.5));
#2568 = CARTESIAN_POINT('',(-0.472740124527,7.167847664974,-3.5));
#2569 = CARTESIAN_POINT('',(-0.476876188509,7.199493275831,-3.5));
#2570 = CARTESIAN_POINT('',(-0.481015017133,7.231138520606,-3.5));
#2571 = CARTESIAN_POINT('',(-0.485155935907,7.262783487137,-3.5));
#2572 = CARTESIAN_POINT('',(-0.489298272123,7.294428263197,-3.5));
#2573 = CARTESIAN_POINT('',(-0.493441354861,7.326072936494,-3.5));
#2574 = CARTESIAN_POINT('',(-0.502408148555,7.394559577861,-3.5));
#2575 = CARTESIAN_POINT('',(-0.507231886901,7.43140154029,-3.5));
#2576 = CARTESIAN_POINT('',(-0.512054674123,7.468243620325,-3.5));
#2577 = CARTESIAN_POINT('',(-0.516875457248,7.50508595562,-3.5));
#2578 = CARTESIAN_POINT('',(-0.521693186223,7.541928683106,-3.5));
#2579 = CARTESIAN_POINT('',(-0.526506813922,7.578771939,-3.5));
#2580 = CARTESIAN_POINT('',(-0.538480972232,7.670521249625,-3.5));
#2581 = CARTESIAN_POINT('',(-0.545635220763,7.725428113326,-3.5));
#2582 = CARTESIAN_POINT('',(-0.552774586833,7.780336899339,-3.5));
#2583 = CARTESIAN_POINT('',(-0.559895627324,7.835248049808,-3.5));
#2584 = CARTESIAN_POINT('',(-0.566994910901,7.890161999585,-3.5));
#2585 = CARTESIAN_POINT('',(-0.574069018006,7.945079176228,-3.5));
#2586 = CARTESIAN_POINT('',(-0.581114540866,8.,-3.5));
#2587 = PCURVE('',#951,#2588);
#2588 = DEFINITIONAL_REPRESENTATION('',(#2589),#2628);
#2589 = B_SPLINE_CURVE_WITH_KNOTS('',7,(#2590,#2591,#2592,#2593,#2594,
    #2595,#2596,#2597,#2598,#2599,#2600,#2601,#2602,#2603,#2604,#2605,
    #2606,#2607,#2608,#2609,#2610,#2611,#2612,#2613,#2614,#2615,#2616,
    #2617,#2618,#2619,#2620,#2621,#2622,#2623,#2624,#2625,#2626,#2627),
  .UNSPECIFIED.,.F.,.F.,(8,6,6,6,6,6,8),(0.,0.650518094568,
    0.828345550516,0.891769150452,0.91952627774,0.951842241192,1.),
  .UNSPECIFIED.);
#2590 = CARTESIAN_POINT('',(4.076327545508,0.));
#2591 = CARTESIAN_POINT('',(4.073929360712,5.313223935185E-03));
#2592 = CARTESIAN_POINT('',(4.072410555744,1.081672658145E-02));
#2593 = CARTESIAN_POINT('',(4.071474283161,1.646612972632E-02));
#2594 = CARTESIAN_POINT('',(4.071043899996,2.222072545676E-02));
#2595 = CARTESIAN_POINT('',(4.071068535356,2.804703219758E-02));
#2596 = CARTESIAN_POINT('',(4.07155351717,3.392346203624E-02));
#2597 = CARTESIAN_POINT('',(4.072820660391,4.146093758233E-02));
#2598 = CARTESIAN_POINT('',(4.073130896366,4.308258715059E-02));
#2599 = CARTESIAN_POINT('',(4.073480391466,4.470765295438E-02));
#2600 = CARTESIAN_POINT('',(4.073870528056,4.633606151241E-02));
#2601 = CARTESIAN_POINT('',(4.074303020112,4.796777002181E-02));
#2602 = CARTESIAN_POINT('',(4.07477991322,4.960276635813E-02));
#2603 = CARTESIAN_POINT('',(4.075490356202,5.182538298547E-02));
#2604 = CARTESIAN_POINT('',(4.075683080555,5.241011640202E-02));
#2605 = CARTESIAN_POINT('',(4.075881867075,5.299526960999E-02));
#2606 = CARTESIAN_POINT('',(4.076086832043,5.358084305374E-02));
#2607 = CARTESIAN_POINT('',(4.076298098584,5.416683733706E-02));
#2608 = CARTESIAN_POINT('',(4.076515796671,5.475325322311E-02));
#2609 = CARTESIAN_POINT('',(4.076838212584,5.55969195108E-02));
#2610 = CARTESIAN_POINT('',(4.076937620153,5.585382830675E-02));
#2611 = CARTESIAN_POINT('',(4.077038297324,5.61108180948E-02));
#2612 = CARTESIAN_POINT('',(4.077140255875,5.636788894906E-02));
#2613 = CARTESIAN_POINT('',(4.077243507868,5.66250409453E-02));
#2614 = CARTESIAN_POINT('',(4.077348065643,5.68822741609E-02));
#2615 = CARTESIAN_POINT('',(4.077577207135,5.743916457638E-02));
#2616 = CARTESIAN_POINT('',(4.077702259499,5.773885067202E-02));
#2617 = CARTESIAN_POINT('',(4.077829118833,5.803864708707E-02));
#2618 = CARTESIAN_POINT('',(4.077957805616,5.833855394494E-02));
#2619 = CARTESIAN_POINT('',(4.078088340886,5.863857136715E-02));
#2620 = CARTESIAN_POINT('',(4.078220746248,5.893869947339E-02));
#2621 = CARTESIAN_POINT('',(4.078555176297,5.968635914122E-02));
#2622 = CARTESIAN_POINT('',(4.078759511034,6.013402595117E-02));
#2623 = CARTESIAN_POINT('',(4.078968121325,6.058193920974E-02));
#2624 = CARTESIAN_POINT('',(4.079181083535,6.10300992753E-02));
#2625 = CARTESIAN_POINT('',(4.079398477156,6.147850646606E-02));
#2626 = CARTESIAN_POINT('',(4.079620384799,6.192716106014E-02));
#2627 = CARTESIAN_POINT('',(4.079846892196,6.237606329554E-02));
#2628 = ( GEOMETRIC_REPRESENTATION_CONTEXT(2) 
PARAMETRIC_REPRESENTATION_CONTEXT() REPRESENTATION_CONTEXT('2D SPACE',''
  ) );
#2629 = PCURVE('',#1757,#2630);
#2630 = DEFINITIONAL_REPRESENTATION('',(#2631),#2670);
#2631 = B_SPLINE_CURVE_WITH_KNOTS('',7,(#2632,#2633,#2634,#2635,#2636,
    #2637,#2638,#2639,#2640,#2641,#2642,#2643,#2644,#2645,#2646,#2647,
    #2648,#2649,#2650,#2651,#2652,#2653,#2654,#2655,#2656,#2657,#2658,
    #2659,#2660,#2661,#2662,#2663,#2664,#2665,#2666,#2667,#2668,#2669),
  .UNSPECIFIED.,.F.,.F.,(8,6,6,6,6,6,8),(0.,0.650518094568,
    0.828345550516,0.891769150452,0.91952627774,0.951842241192,1.),
  .UNSPECIFIED.);
#2632 = CARTESIAN_POINT('',(-0.450854481375,7.105427357601E-15));
#2633 = CARTESIAN_POINT('',(-0.276380690749,0.727935751143));
#2634 = CARTESIAN_POINT('',(-0.157594259376,1.469162135669));
#2635 = CARTESIAN_POINT('',(-9.548239755464E-02,2.217426202453));
#2636 = CARTESIAN_POINT('',(-8.288435709875E-02,2.967873810936));
#2637 = CARTESIAN_POINT('',(-0.109406208546,3.717239547059));
#2638 = CARTESIAN_POINT('',(-0.164561187402,4.463952827021));
#2639 = CARTESIAN_POINT('',(-0.258832485583,5.411700891068));
#2640 = CARTESIAN_POINT('',(-0.280485198124,5.615019480803));
#2641 = CARTESIAN_POINT('',(-0.303354457636,5.818205897663));
#2642 = CARTESIAN_POINT('',(-0.327245954988,6.021273421471));
#2643 = CARTESIAN_POINT('',(-0.351969276266,6.224238841618));
#2644 = CARTESIAN_POINT('',(-0.377337902777,6.427122457059));
#2645 = CARTESIAN_POINT('',(-0.412382155995,6.702287473311));
#2646 = CARTESIAN_POINT('',(-0.421653947326,6.774619351537));
#2647 = CARTESIAN_POINT('',(-0.430976298192,6.846944716684));
#2648 = CARTESIAN_POINT('',(-0.440340977212,6.919264587008));
#2649 = CARTESIAN_POINT('',(-0.449739808477,6.991579993335));
#2650 = CARTESIAN_POINT('',(-0.45916467155,7.063891979055));
#2651 = CARTESIAN_POINT('',(-0.472740124527,7.167847664974));
#2652 = CARTESIAN_POINT('',(-0.476876188509,7.199493275831));
#2653 = CARTESIAN_POINT('',(-0.481015017133,7.231138520606));
#2654 = CARTESIAN_POINT('',(-0.485155935907,7.262783487137));
#2655 = CARTESIAN_POINT('',(-0.489298272123,7.294428263197));
#2656 = CARTESIAN_POINT('',(-0.493441354861,7.326072936494));
#2657 = CARTESIAN_POINT('',(-0.502408148555,7.394559577861));
#2658 = CARTESIAN_POINT('',(-0.507231886901,7.43140154029));
#2659 = CARTESIAN_POINT('',(-0.512054674123,7.468243620325));
#2660 = CARTESIAN_POINT('',(-0.516875457248,7.50508595562));
#2661 = CARTESIAN_POINT('',(-0.521693186223,7.541928683106));
#2662 = CARTESIAN_POINT('',(-0.526506813922,7.578771939));
#2663 = CARTESIAN_POINT('',(-0.538480972232,7.670521249625));
#2664 = CARTESIAN_POINT('',(-0.545635220763,7.725428113326));
#2665 = CARTESIAN_POINT('',(-0.552774586833,7.780336899339));
#2666 = CARTESIAN_POINT('',(-0.559895627324,7.835248049808));
#2667 = CARTESIAN_POINT('',(-0.566994910901,7.890161999585));
#2668 = CARTESIAN_POINT('',(-0.574069018006,7.945079176228));
#2669 = CARTESIAN_POINT('',(-0.581114540866,8.));
#2670 = ( GEOMETRIC_REPRESENTATION_CONTEXT(2) 
PARAMETRIC_REPRESENTATION_CONTEXT() REPRESENTATION_CONTEXT('2D SPACE',''
  ) );
#2671 = ORIENTED_EDGE('',*,*,#2672,.T.);
#2672 = EDGE_CURVE('',#2545,#1450,#2673,.T.);
#2673 = SURFACE_CURVE('',#2674,(#2692,#2713),.PCURVE_S1.);
#2674 = B_SPLINE_CURVE_WITH_KNOTS('',6,(#2675,#2676,#2677,#2678,#2679,
    #2680,#2681,#2682,#2683,#2684,#2685,#2686,#2687,#2688,#2689,#2690,
    #2691),.UNSPECIFIED.,.F.,.F.,(7,5,5,7),(0.,0.331846631868,
    0.665316953038,1.),.UNSPECIFIED.);
#2675 = CARTESIAN_POINT('',(-0.150348958631,1.994340790998,-3.5000006));
#2676 = CARTESIAN_POINT('',(-5.94641927298E-02,2.001192393277,
    -3.291249488816));
#2677 = CARTESIAN_POINT('',(3.067487922431E-02,2.002989491743,
    -3.082194155687));
#2678 = CARTESIAN_POINT('',(0.120052090785,1.999961594866,-2.87292665239
    ));
#2679 = CARTESIAN_POINT('',(0.208635410404,1.992240019335,
    -2.663526527066));
#2680 = CARTESIAN_POINT('',(0.296379974045,1.979896009149,
    -2.454063422135));
#2681 = CARTESIAN_POINT('',(0.470492456392,1.945904146599,
    -2.034105634335));
#2682 = CARTESIAN_POINT('',(0.556849686485,1.924211817632,
    -1.823615770728));
#2683 = CARTESIAN_POINT('',(0.642231469509,1.897875937096,
    -1.613188871572));
#2684 = CARTESIAN_POINT('',(0.726552472673,1.866854434147,
    -1.402890892155));
#2685 = CARTESIAN_POINT('',(0.809698022815,1.831049778263,
    -1.192792049253));
#2686 = CARTESIAN_POINT('',(0.973631766447,1.749415969824,
    -0.772378108751));
#2687 = CARTESIAN_POINT('',(1.05440727634,1.703551829056,-0.562072163213
    ));
#2688 = CARTESIAN_POINT('',(1.133690535027,1.652556330581,
    -0.352118829744));
#2689 = CARTESIAN_POINT('',(1.211279182575,1.596209598597,
    -0.142613482818));
#2690 = CARTESIAN_POINT('',(1.286911761728,1.534228901412,
    6.632384401233E-02));
#2691 = CARTESIAN_POINT('',(1.360223362872,1.466217038196,0.274545787298
    ));
#2692 = PCURVE('',#951,#2693);
#2693 = DEFINITIONAL_REPRESENTATION('',(#2694),#2712);
#2694 = B_SPLINE_CURVE_WITH_KNOTS('',6,(#2695,#2696,#2697,#2698,#2699,
    #2700,#2701,#2702,#2703,#2704,#2705,#2706,#2707,#2708,#2709,#2710,
    #2711),.UNSPECIFIED.,.F.,.F.,(7,5,5,7),(0.,0.331846631868,
    0.665316953038,1.),.UNSPECIFIED.);
#2695 = CARTESIAN_POINT('',(4.072145551246,1.484571438523E-02));
#2696 = CARTESIAN_POINT('',(4.068021705587,1.489766905376E-02));
#2697 = CARTESIAN_POINT('',(4.063931430211,1.491130366107E-02));
#2698 = CARTESIAN_POINT('',(4.059870171865,1.488833787865E-02));
#2699 = CARTESIAN_POINT('',(4.055834114917,1.482977366391E-02));
#2700 = CARTESIAN_POINT('',(4.051819636322,1.473617650837E-02));
#2701 = CARTESIAN_POINT('',(4.043806852552,1.447856340594E-02));
#2702 = CARTESIAN_POINT('',(4.039808816262,1.431421069238E-02));
#2703 = CARTESIAN_POINT('',(4.035825149585,1.41147606251E-02));
#2704 = CARTESIAN_POINT('',(4.031852275122,1.387996245755E-02));
#2705 = CARTESIAN_POINT('',(4.027886405394,1.360917114313E-02));
#2706 = CARTESIAN_POINT('',(4.019945474864,1.299238584854E-02));
#2707 = CARTESIAN_POINT('',(4.015970564392,1.264612964764E-02));
#2708 = CARTESIAN_POINT('',(4.011993874255,1.226149885722E-02));
#2709 = CARTESIAN_POINT('',(4.008010566487,1.183699118694E-02));
#2710 = CARTESIAN_POINT('',(4.004015103771,1.137067207624E-02));
#2711 = CARTESIAN_POINT('',(4.,1.08598182274E-02));
#2712 = ( GEOMETRIC_REPRESENTATION_CONTEXT(2) 
PARAMETRIC_REPRESENTATION_CONTEXT() REPRESENTATION_CONTEXT('2D SPACE',''
  ) );
#2713 = PCURVE('',#2054,#2714);
#2714 = DEFINITIONAL_REPRESENTATION('',(#2715),#2733);
#2715 = B_SPLINE_CURVE_WITH_KNOTS('',6,(#2716,#2717,#2718,#2719,#2720,
    #2721,#2722,#2723,#2724,#2725,#2726,#2727,#2728,#2729,#2730,#2731,
    #2732),.UNSPECIFIED.,.F.,.F.,(7,5,5,7),(0.,0.331846631868,
    0.665316953038,1.),.UNSPECIFIED.);
#2716 = CARTESIAN_POINT('',(1.646041791142,-3.5000006));
#2717 = CARTESIAN_POINT('',(1.600470459346,-3.291249488816));
#2718 = CARTESIAN_POINT('',(1.555460881702,-3.082194155687));
#2719 = CARTESIAN_POINT('',(1.510842300479,-2.87292665239));
#2720 = CARTESIAN_POINT('',(1.466475805632,-2.663526527066));
#2721 = CARTESIAN_POINT('',(1.422233788437,-2.454063422135));
#2722 = CARTESIAN_POINT('',(1.333534009366,-2.034105634335));
#2723 = CARTESIAN_POINT('',(1.289077272704,-1.823615770728));
#2724 = CARTESIAN_POINT('',(1.24449595403,-1.613188871572));
#2725 = CARTESIAN_POINT('',(1.199670164822,-1.402890892155));
#2726 = CARTESIAN_POINT('',(1.154475992361,-1.192792049253));
#2727 = CARTESIAN_POINT('',(1.062908597807,-0.772378108751));
#2728 = CARTESIAN_POINT('',(1.016533154971,-0.562072163213));
#2729 = CARTESIAN_POINT('',(0.969508524741,-0.352118829744));
#2730 = CARTESIAN_POINT('',(0.921682260566,-0.142613482818));
#2731 = CARTESIAN_POINT('',(0.872881874327,6.632384401233E-02));
#2732 = CARTESIAN_POINT('',(0.822881363328,0.274545787298));
#2733 = ( GEOMETRIC_REPRESENTATION_CONTEXT(2) 
PARAMETRIC_REPRESENTATION_CONTEXT() REPRESENTATION_CONTEXT('2D SPACE',''
  ) );
#2734 = ADVANCED_FACE('',(#2735),#762,.F.);
#2735 = FACE_BOUND('',#2736,.F.);
#2736 = EDGE_LOOP('',(#2737,#2738,#2739,#2740));
#2737 = ORIENTED_EDGE('',*,*,#726,.T.);
#2738 = ORIENTED_EDGE('',*,*,#1418,.T.);
#2739 = ORIENTED_EDGE('',*,*,#1185,.F.);
#2740 = ORIENTED_EDGE('',*,*,#2741,.F.);
#2741 = EDGE_CURVE('',#579,#1143,#2742,.T.);
#2742 = SURFACE_CURVE('',#2743,(#2752,#2759),.PCURVE_S1.);
#2743 = ( BOUNDED_CURVE() B_SPLINE_CURVE(7,(#2744,#2745,#2746,#2747,
    #2748,#2749,#2750,#2751),.UNSPECIFIED.,.F.,.F.) 
B_SPLINE_CURVE_WITH_KNOTS((8,8),(0.,1.),.PIECEWISE_BEZIER_KNOTS.) CURVE(
) GEOMETRIC_REPRESENTATION_ITEM() RATIONAL_B_SPLINE_CURVE((1.,1.,1.,1.,
1.,1.,1.,1.)) REPRESENTATION_ITEM('') );
#2744 = CARTESIAN_POINT('',(-1.034041021626,1.266335027321E-16,
    0.240445752599));
#2745 = CARTESIAN_POINT('',(0.877781646831,-19.57207579811,
    -0.204110730886));
#2746 = CARTESIAN_POINT('',(-15.25771061341,-29.90633993933,
    3.547878309138));
#2747 = CARTESIAN_POINT('',(36.045368630797,-59.68186201217,
    -8.38163632476));
#2748 = CARTESIAN_POINT('',(-81.80344113145,-66.66822926581,
    19.021769501116));
#2749 = CARTESIAN_POINT('',(50.167268405181,-92.7784438658,
    -11.66540432658));
#2750 = CARTESIAN_POINT('',(-22.40225170543,-107.783209905,
    5.209199788576));
#2751 = CARTESIAN_POINT('',(-3.124969037993,-127.,0.726649636209));
#2752 = PCURVE('',#762,#2753);
#2753 = DEFINITIONAL_REPRESENTATION('',(#2754),#2758);
#2754 = LINE('',#2755,#2756);
#2755 = CARTESIAN_POINT('',(3.,0.));
#2756 = VECTOR('',#2757,1.);
#2757 = DIRECTION('',(0.,1.));
#2758 = ( GEOMETRIC_REPRESENTATION_CONTEXT(2) 
PARAMETRIC_REPRESENTATION_CONTEXT() REPRESENTATION_CONTEXT('2D SPACE',''
  ) );
#2759 = PCURVE('',#614,#2760);
#2760 = DEFINITIONAL_REPRESENTATION('',(#2761),#2765);
#2761 = LINE('',#2762,#2763);
#2762 = CARTESIAN_POINT('',(3.,0.));
#2763 = VECTOR('',#2764,1.);
#2764 = DIRECTION('',(0.,1.));
#2765 = ( GEOMETRIC_REPRESENTATION_CONTEXT(2) 
PARAMETRIC_REPRESENTATION_CONTEXT() REPRESENTATION_CONTEXT('2D SPACE',''
  ) );
#2766 = ADVANCED_FACE('',(#2767),#614,.F.);
#2767 = FACE_BOUND('',#2768,.F.);
#2768 = EDGE_LOOP('',(#2769,#2770,#2771,#2772));
#2769 = ORIENTED_EDGE('',*,*,#578,.T.);
#2770 = ORIENTED_EDGE('',*,*,#2741,.T.);
#2771 = ORIENTED_EDGE('',*,*,#1142,.F.);
#2772 = ORIENTED_EDGE('',*,*,#1067,.F.);
#2773 = ADVANCED_FACE('',(#2774),#1299,.T.);
#2774 = FACE_BOUND('',#2775,.T.);
#2775 = EDGE_LOOP('',(#2776,#2777,#2778,#2779,#2800));
#2776 = ORIENTED_EDGE('',*,*,#2101,.T.);
#2777 = ORIENTED_EDGE('',*,*,#1273,.T.);
#2778 = ORIENTED_EDGE('',*,*,#1664,.T.);
#2779 = ORIENTED_EDGE('',*,*,#2780,.F.);
#2780 = EDGE_CURVE('',#2781,#1665,#2783,.T.);
#2781 = VERTEX_POINT('',#2782);
#2782 = CARTESIAN_POINT('',(-2.,2.449293598295E-16,-3.5));
#2783 = SURFACE_CURVE('',#2784,(#2788,#2794),.PCURVE_S1.);
#2784 = LINE('',#2785,#2786);
#2785 = CARTESIAN_POINT('',(1.975197026256,0.,-3.5));
#2786 = VECTOR('',#2787,1.);
#2787 = DIRECTION('',(-1.,0.,0.));
#2788 = PCURVE('',#1299,#2789);
#2789 = DEFINITIONAL_REPRESENTATION('',(#2790),#2793);
#2790 = B_SPLINE_CURVE_WITH_KNOTS('',1,(#2791,#2792),.UNSPECIFIED.,.F.,
  .F.,(2,2),(2.36338724955,4.504012734884),.PIECEWISE_BEZIER_KNOTS.);
#2791 = CARTESIAN_POINT('',(14.407013079289,-0.87687646449));
#2792 = CARTESIAN_POINT('',(15.173303582737,1.121892239683));
#2793 = ( GEOMETRIC_REPRESENTATION_CONTEXT(2) 
PARAMETRIC_REPRESENTATION_CONTEXT() REPRESENTATION_CONTEXT('2D SPACE',''
  ) );
#2794 = PCURVE('',#1757,#2795);
#2795 = DEFINITIONAL_REPRESENTATION('',(#2796),#2799);
#2796 = B_SPLINE_CURVE_WITH_KNOTS('',1,(#2797,#2798),.UNSPECIFIED.,.F.,
  .F.,(2,2),(2.36338724955,4.504012734884),.PIECEWISE_BEZIER_KNOTS.);
#2797 = CARTESIAN_POINT('',(-0.388190223295,0.));
#2798 = CARTESIAN_POINT('',(-2.528815708628,0.));
#2799 = ( GEOMETRIC_REPRESENTATION_CONTEXT(2) 
PARAMETRIC_REPRESENTATION_CONTEXT() REPRESENTATION_CONTEXT('2D SPACE',''
  ) );
#2800 = ORIENTED_EDGE('',*,*,#2801,.T.);
#2801 = EDGE_CURVE('',#2781,#1969,#2802,.T.);
#2802 = SURFACE_CURVE('',#2803,(#2807,#2813),.PCURVE_S1.);
#2803 = LINE('',#2804,#2805);
#2804 = CARTESIAN_POINT('',(-2.,0.,0.));
#2805 = VECTOR('',#2806,1.);
#2806 = DIRECTION('',(0.,0.,1.));
#2807 = PCURVE('',#1299,#2808);
#2808 = DEFINITIONAL_REPRESENTATION('',(#2809),#2812);
#2809 = B_SPLINE_CURVE_WITH_KNOTS('',1,(#2810,#2811),.UNSPECIFIED.,.F.,
  .F.,(2,2),(-3.5000006,-1.562299082731),.PIECEWISE_BEZIER_KNOTS.);
#2810 = CARTESIAN_POINT('',(14.984001316128,0.628120323158));
#2811 = CARTESIAN_POINT('',(13.174709042779,1.321769110101));
#2812 = ( GEOMETRIC_REPRESENTATION_CONTEXT(2) 
PARAMETRIC_REPRESENTATION_CONTEXT() REPRESENTATION_CONTEXT('2D SPACE',''
  ) );
#2813 = PCURVE('',#2054,#2814);
#2814 = DEFINITIONAL_REPRESENTATION('',(#2815),#2818);
#2815 = B_SPLINE_CURVE_WITH_KNOTS('',1,(#2816,#2817),.UNSPECIFIED.,.F.,
  .F.,(2,2),(-3.5000006,-1.562299082731),.PIECEWISE_BEZIER_KNOTS.);
#2816 = CARTESIAN_POINT('',(3.14159265359,-3.5000006));
#2817 = CARTESIAN_POINT('',(3.14159265359,-1.562299082731));
#2818 = ( GEOMETRIC_REPRESENTATION_CONTEXT(2) 
PARAMETRIC_REPRESENTATION_CONTEXT() REPRESENTATION_CONTEXT('2D SPACE',''
  ) );
#2819 = ADVANCED_FACE('',(#2820),#1347,.T.);
#2820 = FACE_BOUND('',#2821,.T.);
#2821 = EDGE_LOOP('',(#2822,#2823));
#2822 = ORIENTED_EDGE('',*,*,#1321,.T.);
#2823 = ORIENTED_EDGE('',*,*,#1623,.T.);
#2824 = ADVANCED_FACE('',(#2825),#1393,.T.);
#2825 = FACE_BOUND('',#2826,.T.);
#2826 = EDGE_LOOP('',(#2827,#2852,#3000,#3148,#3296,#3337,#3338,#3339,
    #3340,#3383));
#2827 = ORIENTED_EDGE('',*,*,#2828,.F.);
#2828 = EDGE_CURVE('',#2829,#2831,#2833,.T.);
#2829 = VERTEX_POINT('',#2830);
#2830 = CARTESIAN_POINT('',(2.,0.,2.866691327831));
#2831 = VERTEX_POINT('',#2832);
#2832 = CARTESIAN_POINT('',(2.,0.,3.5));
#2833 = SURFACE_CURVE('',#2834,(#2838,#2845),.PCURVE_S1.);
#2834 = LINE('',#2835,#2836);
#2835 = CARTESIAN_POINT('',(2.,0.,-7.));
#2836 = VECTOR('',#2837,1.);
#2837 = DIRECTION('',(0.,0.,1.));
#2838 = PCURVE('',#1393,#2839);
#2839 = DEFINITIONAL_REPRESENTATION('',(#2840),#2844);
#2840 = LINE('',#2841,#2842);
#2841 = CARTESIAN_POINT('',(16.82015961588,-4.359716732947));
#2842 = VECTOR('',#2843,1.);
#2843 = DIRECTION('',(-0.933731153753,0.357975044536));
#2844 = ( GEOMETRIC_REPRESENTATION_CONTEXT(2) 
PARAMETRIC_REPRESENTATION_CONTEXT() REPRESENTATION_CONTEXT('2D SPACE',''
  ) );
#2845 = PCURVE('',#2054,#2846);
#2846 = DEFINITIONAL_REPRESENTATION('',(#2847),#2851);
#2847 = LINE('',#2848,#2849);
#2848 = CARTESIAN_POINT('',(0.,-7.));
#2849 = VECTOR('',#2850,1.);
#2850 = DIRECTION('',(-0.,1.));
#2851 = ( GEOMETRIC_REPRESENTATION_CONTEXT(2) 
PARAMETRIC_REPRESENTATION_CONTEXT() REPRESENTATION_CONTEXT('2D SPACE',''
  ) );
#2852 = ORIENTED_EDGE('',*,*,#2853,.T.);
#2853 = EDGE_CURVE('',#2829,#2854,#2856,.T.);
#2854 = VERTEX_POINT('',#2855);
#2855 = CARTESIAN_POINT('',(1.253618010632,0.,0.822544868188));
#2856 = SURFACE_CURVE('',#2857,(#2871,#2888),.PCURVE_S1.);
#2857 = B_SPLINE_CURVE_WITH_KNOTS('',12,(#2858,#2859,#2860,#2861,#2862,
    #2863,#2864,#2865,#2866,#2867,#2868,#2869,#2870),.UNSPECIFIED.,.F.,
  .F.,(13,13),(0.,1.),.PIECEWISE_BEZIER_KNOTS.);
#2858 = CARTESIAN_POINT('',(3.950394052511,0.,10.266176836091));
#2859 = CARTESIAN_POINT('',(4.050308081529,0.,10.227730217423));
#2860 = CARTESIAN_POINT('',(4.086442084027,0.,10.023533762255));
#2861 = CARTESIAN_POINT('',(4.056860454558,0.,9.654332919001));
#2862 = CARTESIAN_POINT('',(3.961137464211,0.,9.124796492189));
#2863 = CARTESIAN_POINT('',(3.80041532963,0.,8.443497546989));
#2864 = CARTESIAN_POINT('',(3.577403732794,0.,7.622740673057));
#2865 = CARTESIAN_POINT('',(3.296318939809,0.,6.678241289928));
#2866 = CARTESIAN_POINT('',(2.962764216634,0.,5.628670239842));
#2867 = CARTESIAN_POINT('',(2.583556789382,0.,4.495084477596));
#2868 = CARTESIAN_POINT('',(2.166510146477,0.,3.300272230678));
#2869 = CARTESIAN_POINT('',(1.720184029677,0.,2.068048566618));
#2870 = CARTESIAN_POINT('',(1.253618010632,0.,0.822544868188));
#2871 = PCURVE('',#1393,#2872);
#2872 = DEFINITIONAL_REPRESENTATION('',(#2873),#2887);
#2873 = B_SPLINE_CURVE_WITH_KNOTS('',12,(#2874,#2875,#2876,#2877,#2878,
    #2879,#2880,#2881,#2882,#2883,#2884,#2885,#2886),.UNSPECIFIED.,.F.,
  .F.,(13,13),(0.,1.),.PIECEWISE_BEZIER_KNOTS.);
#2874 = CARTESIAN_POINT('',(0.,0.));
#2875 = CARTESIAN_POINT('',(1.320766192254E-04,-0.107055771621));
#2876 = CARTESIAN_POINT('',(0.177861597142,-0.213892450596));
#2877 = CARTESIAN_POINT('',(0.533185411607,-0.318435849888));
#2878 = CARTESIAN_POINT('',(1.061896512101,-0.418617137642));
#2879 = CARTESIAN_POINT('',(1.755581075538,-0.512433893737));
#2880 = CARTESIAN_POINT('',(2.601779924694,-0.598011496623));
#2881 = CARTESIAN_POINT('',(3.58430976471,-0.673661077306));
#2882 = CARTESIAN_POINT('',(4.683731219137,-0.737930884195));
#2883 = CARTESIAN_POINT('',(5.877942356456,-0.789648509361));
#2884 = CARTESIAN_POINT('',(7.142868064857,-0.827952033615));
#2885 = CARTESIAN_POINT('',(8.45320729992,-0.852308754646));
#2886 = CARTESIAN_POINT('',(9.783191896706,-0.862520769297));
#2887 = ( GEOMETRIC_REPRESENTATION_CONTEXT(2) 
PARAMETRIC_REPRESENTATION_CONTEXT() REPRESENTATION_CONTEXT('2D SPACE',''
  ) );
#2888 = PCURVE('',#2889,#2994);
#2889 = ( BOUNDED_SURFACE() B_SPLINE_SURFACE(12,7,(
    (#2890,#2891,#2892,#2893,#2894,#2895,#2896,#2897)
    ,(#2898,#2899,#2900,#2901,#2902,#2903,#2904,#2905)
    ,(#2906,#2907,#2908,#2909,#2910,#2911,#2912,#2913)
    ,(#2914,#2915,#2916,#2917,#2918,#2919,#2920,#2921)
    ,(#2922,#2923,#2924,#2925,#2926,#2927,#2928,#2929)
    ,(#2930,#2931,#2932,#2933,#2934,#2935,#2936,#2937)
    ,(#2938,#2939,#2940,#2941,#2942,#2943,#2944,#2945)
    ,(#2946,#2947,#2948,#2949,#2950,#2951,#2952,#2953)
    ,(#2954,#2955,#2956,#2957,#2958,#2959,#2960,#2961)
    ,(#2962,#2963,#2964,#2965,#2966,#2967,#2968,#2969)
    ,(#2970,#2971,#2972,#2973,#2974,#2975,#2976,#2977)
    ,(#2978,#2979,#2980,#2981,#2982,#2983,#2984,#2985)
    ,(#2986,#2987,#2988,#2989,#2990,#2991,#2992,#2993
)),.UNSPECIFIED.,.F.,.F.,.F.) B_SPLINE_SURFACE_WITH_KNOTS((13,13),(8,8),
  (0.,1.),(0.,1.),.PIECEWISE_BEZIER_KNOTS.) 
GEOMETRIC_REPRESENTATION_ITEM() RATIONAL_B_SPLINE_SURFACE((
    (1.,1.,1.,1.,1.,1.,1.,1.)
    ,(1.,1.,1.,1.,1.,1.,1.,1.)
    ,(1.,1.,1.,1.,1.,1.,1.,1.)
    ,(1.,1.,1.,1.,1.,1.,1.,1.)
    ,(1.,1.,1.,1.,1.,1.,1.,1.)
    ,(1.,1.,1.,1.,1.,1.,1.,1.)
    ,(1.,1.,1.,1.,1.,1.,1.,1.)
    ,(1.,1.,1.,1.,1.,1.,1.,1.)
    ,(1.,1.,1.,1.,1.,1.,1.,1.)
    ,(1.,1.,1.,1.,1.,1.,1.,1.)
    ,(1.,1.,1.,1.,1.,1.,1.,1.)
    ,(1.,1.,1.,1.,1.,1.,1.,1.)
,(1.,1.,1.,1.,1.,1.,1.,1.))) REPRESENTATION_ITEM('') SURFACE() );
#2890 = CARTESIAN_POINT('',(3.950394052511,0.,10.266176836091));
#2891 = CARTESIAN_POINT('',(-6.919558945947,19.572075798119,
    11.777069355762));
#2892 = CARTESIAN_POINT('',(78.776626216725,29.906339939337,3.9771848268
    ));
#2893 = CARTESIAN_POINT('',(-124.3741391763,59.681862012172,
    -16.44309530244));
#2894 = CARTESIAN_POINT('',(119.9948538281,66.668229265818,
    21.896169124754));
#2895 = CARTESIAN_POINT('',(-68.51496225491,92.778443865803,
    -12.81490995699));
#2896 = CARTESIAN_POINT('',(23.049955198911,107.78320990507,
    5.146310427149));
#2897 = CARTESIAN_POINT('',(1.008614056129,127.,0.661788765648));
#2898 = CARTESIAN_POINT('',(4.050308081529,0.,10.227730217423));
#2899 = CARTESIAN_POINT('',(-6.824820488883,19.572075798119,
    11.425795444579));
#2900 = CARTESIAN_POINT('',(79.091828368728,29.906339939335,
    6.116443009139));
#2901 = CARTESIAN_POINT('',(-126.3207855959,59.681862012174,
    -20.46428418107));
#2902 = CARTESIAN_POINT('',(122.04423541406,66.668229265816,
    25.828240449746));
#2903 = CARTESIAN_POINT('',(-69.94112427704,92.778443865804,
    -15.18532839186));
#2904 = CARTESIAN_POINT('',(23.422188076607,107.78320990507,
    5.892394007678));
#2905 = CARTESIAN_POINT('',(0.944880498506,127.,0.65852507663));
#2906 = CARTESIAN_POINT('',(4.086442084027,0.,10.023533762255));
#2907 = CARTESIAN_POINT('',(-6.566297195459,19.57207579812,
    10.918540935197));
#2908 = CARTESIAN_POINT('',(77.749861258015,29.906339939329,
    7.938678182475));
#2909 = CARTESIAN_POINT('',(-125.3446235185,59.681862012188,
    -23.61978954607));
#2910 = CARTESIAN_POINT('',(121.26518262344,66.668229265798,
    28.822117794098));
#2911 = CARTESIAN_POINT('',(-69.69026960722,92.778443865817,
    -16.97430764268));
#2912 = CARTESIAN_POINT('',(23.262548226319,107.78320990506,
    6.450587520012));
#2913 = CARTESIAN_POINT('',(0.881018545505,127.,0.655177150914));
#2914 = CARTESIAN_POINT('',(4.056860454558,0.,9.654332919001));
#2915 = CARTESIAN_POINT('',(-6.15024520032,19.572075798122,
    10.260469400564));
#2916 = CARTESIAN_POINT('',(74.77734822229,29.906339939317,
    9.414658457637));
#2917 = CARTESIAN_POINT('',(-121.4858042446,59.681862012218,
    -25.86130345764));
#2918 = CARTESIAN_POINT('',(117.69428248762,66.668229265759,
    30.832080149993));
#2919 = CARTESIAN_POINT('',(-67.78349057985,92.778443865846,
    -18.15498211743));
#2920 = CARTESIAN_POINT('',(22.577655183931,107.78320990505,
    6.812407647232));
#2921 = CARTESIAN_POINT('',(0.817037948402,127.,0.651745487931));
#2922 = CARTESIAN_POINT('',(3.961137464211,0.,9.124796492189));
#2923 = CARTESIAN_POINT('',(-5.586843284485,19.57207579812,
    9.460405794909));
#2924 = CARTESIAN_POINT('',(70.240481888486,29.906339939331,
    10.522885077805));
#2925 = CARTESIAN_POINT('',(-114.854509291,59.681862012186,
    -27.16157047742));
#2926 = CARTESIAN_POINT('',(111.4359782176,66.668229265798,
    31.835214451839));
#2927 = CARTESIAN_POINT('',(-64.28214431858,92.778443865817,
    -18.71462615628));
#2928 = CARTESIAN_POINT('',(21.386898595998,107.78320990506,
    6.973938072182));
#2929 = CARTESIAN_POINT('',(0.752948473303,127.,0.648230602331));
#2930 = CARTESIAN_POINT('',(3.80041532963,0.,8.443497546989));
#2931 = CARTESIAN_POINT('',(-4.890006744243,19.572075798118,
    8.530688793949));
#2932 = CARTESIAN_POINT('',(64.244233190315,29.906339939343,
    11.250445965613));
#2933 = CARTESIAN_POINT('',(-105.6297306911,59.681862012157,
    -27.51579392174));
#2934 = CARTESIAN_POINT('',(102.66144650576,66.668229265838,
    31.832744146868));
#2935 = CARTESIAN_POINT('',(-59.28720145201,92.778443865789,
    -18.65543383901));
#2936 = CARTESIAN_POINT('',(19.722233693241,107.78320990507,
    6.936075633824));
#2937 = CARTESIAN_POINT('',(0.688759901149,127.,0.644633023993));
#2938 = CARTESIAN_POINT('',(3.577403732794,0.,7.622740673057));
#2939 = CARTESIAN_POINT('',(-4.07704610561,19.572075798121,7.48687864705
    ));
#2940 = CARTESIAN_POINT('',(56.930005055881,29.90633993932,
    11.593574005255));
#2941 = CARTESIAN_POINT('',(-94.0552998908,59.681862012208,
    -26.94223025226));
#2942 = CARTESIAN_POINT('',(91.604809179403,66.668229265774,
    30.850476461508));
#2943 = CARTESIAN_POINT('',(-52.93701315114,92.778443865833,
    -17.99475202313));
#2944 = CARTESIAN_POINT('',(17.627475140025,107.78320990506,
    6.704599833204));
#2945 = CARTESIAN_POINT('',(0.62448202771,127.,0.640953298013));
#2946 = CARTESIAN_POINT('',(3.296318939809,0.,6.678241289928));
#2947 = CARTESIAN_POINT('',(-3.168186690562,19.572075798118,
    6.347333854687));
#2948 = CARTESIAN_POINT('',(48.471825112418,29.906339939341,
    11.557866280331));
#2949 = CARTESIAN_POINT('',(-80.43332116419,59.681862012162,
    -25.48190904874));
#2950 = CARTESIAN_POINT('',(78.556826678736,66.668229265829,
    28.938312630919));
#2951 = CARTESIAN_POINT('',(-45.40358308847,92.778443865796,
    -16.76473476956));
#2952 = CARTESIAN_POINT('',(15.157116601693,107.78320990507,
    6.290055756976));
#2953 = CARTESIAN_POINT('',(0.56012466359,127.,0.637191984714));
#2954 = CARTESIAN_POINT('',(2.962764216634,0.,5.628670239842));
#2955 = CARTESIAN_POINT('',(-2.185970973687,19.57207579812,
    5.132675773727));
#2956 = CARTESIAN_POINT('',(39.071242206186,29.906339939328,
    11.158144110632));
#2957 = CARTESIAN_POINT('',(-65.11529192728,59.681862012194,
    -23.19747135605));
#2958 = CARTESIAN_POINT('',(63.856343940394,66.668229265788,
    26.168823418329));
#2959 = CARTESIAN_POINT('',(-36.88750411587,92.778443865825,
    -15.01142287911));
#2960 = CARTESIAN_POINT('',(12.374726606313,107.78320990506,
    5.707451918092));
#2961 = CARTESIAN_POINT('',(0.495697634224,127.,0.633349659642));
#2962 = CARTESIAN_POINT('',(2.583556789382,0.,4.495084477596));
#2963 = CARTESIAN_POINT('',(-1.154571600436,19.572075798119,
    3.865166042235));
#2964 = CARTESIAN_POINT('',(28.951161986607,29.906339939337,
    10.417957353546));
#2965 = CARTESIAN_POINT('',(-48.49131877838,59.681862012172,
    -20.1711745449));
#2966 = CARTESIAN_POINT('',(47.879882374927,66.668229265818,
    22.634950309893));
#2967 = CARTESIAN_POINT('',(-27.61179265499,92.778443865803,
    -12.79328782944));
#2968 = CARTESIAN_POINT('',(9.350994511944,107.78320990507,
    4.975785944918));
#2969 = CARTESIAN_POINT('',(0.431210779879,127.,0.629426913565));
#2970 = CARTESIAN_POINT('',(2.166510146477,0.,3.300272230678));
#2971 = CARTESIAN_POINT('',(-9.904887057812E-02,19.57207579812,
    2.568027504704));
#2972 = CARTESIAN_POINT('',(18.348927254694,29.906339939329,
    9.368760058198));
#2973 = CARTESIAN_POINT('',(-30.977964548,59.681862012188,
    -16.50216717311));
#2974 = CARTESIAN_POINT('',(31.029894734946,66.668229265798,
    18.446950830026));
#2975 = CARTESIAN_POINT('',(-17.81492699132,92.778443865817,
    -10.17931496814));
#2976 = CARTESIAN_POINT('',(6.161523625142,107.78320990506,4.11742248169
    ));
#2977 = CARTESIAN_POINT('',(0.366673955654,127.,0.625424352473));
#2978 = CARTESIAN_POINT('',(1.720184029677,0.,2.068048566618));
#2979 = CARTESIAN_POINT('',(0.955407577009,19.572075798117,
    1.264745107773));
#2980 = CARTESIAN_POINT('',(7.509019226825,29.906339939346,
    8.048808182915));
#2981 = CARTESIAN_POINT('',(-13.00538809263,59.681862012152,
    -12.30319268136));
#2982 = CARTESIAN_POINT('',(13.722322778221,66.66822926584,
    13.728764481207));
#2983 = CARTESIAN_POINT('',(-7.743468859449,92.778443865788,
    -7.246736384119));
#2984 = CARTESIAN_POINT('',(2.884491751034,107.78320990507,
    3.157359094878));
#2985 = CARTESIAN_POINT('',(0.30209703148,127.,0.621342597581));
#2986 = CARTESIAN_POINT('',(1.253618010632,0.,0.822544868188));
#2987 = CARTESIAN_POINT('',(1.984207209637,19.572075798119,
    -2.161097430858E-02));
#2988 = CARTESIAN_POINT('',(-3.324173684077,29.906339939332,
    6.501853709071));
#2989 = CARTESIAN_POINT('',(4.99543498036,59.681862012181,
    -7.696936104938));
#2990 = CARTESIAN_POINT('',(-3.625779262004,66.668229265807,
    8.614033871538));
#2991 = CARTESIAN_POINT('',(2.355279095576,92.778443865811,
    -4.078559445575));
#2992 = CARTESIAN_POINT('',(-0.401677310147,107.78320990507,
    2.122427411691));
#2993 = CARTESIAN_POINT('',(0.237489892119,127.,0.617182285327));
#2994 = DEFINITIONAL_REPRESENTATION('',(#2995),#2999);
#2995 = LINE('',#2996,#2997);
#2996 = CARTESIAN_POINT('',(0.,0.));
#2997 = VECTOR('',#2998,1.);
#2998 = DIRECTION('',(1.,0.));
#2999 = ( GEOMETRIC_REPRESENTATION_CONTEXT(2) 
PARAMETRIC_REPRESENTATION_CONTEXT() REPRESENTATION_CONTEXT('2D SPACE',''
  ) );
#3000 = ORIENTED_EDGE('',*,*,#3001,.T.);
#3001 = EDGE_CURVE('',#2854,#3002,#3004,.T.);
#3002 = VERTEX_POINT('',#3003);
#3003 = CARTESIAN_POINT('',(1.091538427804,0.,0.392095754339));
#3004 = SURFACE_CURVE('',#3005,(#3019,#3036),.PCURVE_S1.);
#3005 = B_SPLINE_CURVE_WITH_KNOTS('',12,(#3006,#3007,#3008,#3009,#3010,
    #3011,#3012,#3013,#3014,#3015,#3016,#3017,#3018),.UNSPECIFIED.,.F.,
  .F.,(13,13),(1.,2.),.PIECEWISE_BEZIER_KNOTS.);
#3006 = CARTESIAN_POINT('',(1.253618010632,0.,0.822544868188));
#3007 = CARTESIAN_POINT('',(1.240199500889,0.,0.786723992191));
#3008 = CARTESIAN_POINT('',(1.226764247418,0.,0.750892130273));
#3009 = CARTESIAN_POINT('',(1.213312466676,0.,0.715049857293));
#3010 = CARTESIAN_POINT('',(1.199844375116,0.,0.679197748109));
#3011 = CARTESIAN_POINT('',(1.186360189193,0.,0.643336377581));
#3012 = CARTESIAN_POINT('',(1.172860125363,0.,0.607466320566));
#3013 = CARTESIAN_POINT('',(1.159344400081,0.,0.571588151923));
#3014 = CARTESIAN_POINT('',(1.145813229801,0.,0.535702446511));
#3015 = CARTESIAN_POINT('',(1.132266830978,0.,0.499809779188));
#3016 = CARTESIAN_POINT('',(1.118705420068,0.,0.463910724812));
#3017 = CARTESIAN_POINT('',(1.105129213525,0.,0.428005858243));
#3018 = CARTESIAN_POINT('',(1.091538427804,0.,0.392095754339));
#3019 = PCURVE('',#1393,#3020);
#3020 = DEFINITIONAL_REPRESENTATION('',(#3021),#3035);
#3021 = B_SPLINE_CURVE_WITH_KNOTS('',12,(#3022,#3023,#3024,#3025,#3026,
    #3027,#3028,#3029,#3030,#3031,#3032,#3033,#3034),.UNSPECIFIED.,.F.,
  .F.,(13,13),(1.,2.),.PIECEWISE_BEZIER_KNOTS.);
#3022 = CARTESIAN_POINT('',(9.783191896706,-0.862520769297));
#3023 = CARTESIAN_POINT('',(9.821442456203,-0.862814468393));
#3024 = CARTESIAN_POINT('',(9.859709267432,-0.863096466035));
#3025 = CARTESIAN_POINT('',(9.897991716145,-0.863366758548));
#3026 = CARTESIAN_POINT('',(9.936289188093,-0.863625342259));
#3027 = CARTESIAN_POINT('',(9.974601069028,-0.863872213492));
#3028 = CARTESIAN_POINT('',(10.012926744701,-0.864107368574));
#3029 = CARTESIAN_POINT('',(10.051265600862,-0.86433080383));
#3030 = CARTESIAN_POINT('',(10.089617023263,-0.864542515586));
#3031 = CARTESIAN_POINT('',(10.127980397656,-0.864742500168));
#3032 = CARTESIAN_POINT('',(10.166355109791,-0.864930753901));
#3033 = CARTESIAN_POINT('',(10.20474054542,-0.865107273111));
#3034 = CARTESIAN_POINT('',(10.243136090294,-0.865272054123));
#3035 = ( GEOMETRIC_REPRESENTATION_CONTEXT(2) 
PARAMETRIC_REPRESENTATION_CONTEXT() REPRESENTATION_CONTEXT('2D SPACE',''
  ) );
#3036 = PCURVE('',#3037,#3142);
#3037 = ( BOUNDED_SURFACE() B_SPLINE_SURFACE(12,7,(
    (#3038,#3039,#3040,#3041,#3042,#3043,#3044,#3045)
    ,(#3046,#3047,#3048,#3049,#3050,#3051,#3052,#3053)
    ,(#3054,#3055,#3056,#3057,#3058,#3059,#3060,#3061)
    ,(#3062,#3063,#3064,#3065,#3066,#3067,#3068,#3069)
    ,(#3070,#3071,#3072,#3073,#3074,#3075,#3076,#3077)
    ,(#3078,#3079,#3080,#3081,#3082,#3083,#3084,#3085)
    ,(#3086,#3087,#3088,#3089,#3090,#3091,#3092,#3093)
    ,(#3094,#3095,#3096,#3097,#3098,#3099,#3100,#3101)
    ,(#3102,#3103,#3104,#3105,#3106,#3107,#3108,#3109)
    ,(#3110,#3111,#3112,#3113,#3114,#3115,#3116,#3117)
    ,(#3118,#3119,#3120,#3121,#3122,#3123,#3124,#3125)
    ,(#3126,#3127,#3128,#3129,#3130,#3131,#3132,#3133)
    ,(#3134,#3135,#3136,#3137,#3138,#3139,#3140,#3141
)),.UNSPECIFIED.,.F.,.F.,.F.) B_SPLINE_SURFACE_WITH_KNOTS((13,13),(8,8),
  (1.,2.),(0.,1.),.PIECEWISE_BEZIER_KNOTS.) 
GEOMETRIC_REPRESENTATION_ITEM() RATIONAL_B_SPLINE_SURFACE((
    (1.,1.,1.,1.,1.,1.,1.,1.)
    ,(1.,1.,1.,1.,1.,1.,1.,1.)
    ,(1.,1.,1.,1.,1.,1.,1.,1.)
    ,(1.,1.,1.,1.,1.,1.,1.,1.)
    ,(1.,1.,1.,1.,1.,1.,1.,1.)
    ,(1.,1.,1.,1.,1.,1.,1.,1.)
    ,(1.,1.,1.,1.,1.,1.,1.,1.)
    ,(1.,1.,1.,1.,1.,1.,1.,1.)
    ,(1.,1.,1.,1.,1.,1.,1.,1.)
    ,(1.,1.,1.,1.,1.,1.,1.,1.)
    ,(1.,1.,1.,1.,1.,1.,1.,1.)
    ,(1.,1.,1.,1.,1.,1.,1.,1.)
,(1.,1.,1.,1.,1.,1.,1.,1.))) REPRESENTATION_ITEM('') SURFACE() );
#3038 = CARTESIAN_POINT('',(1.253618010632,0.,0.822544868188));
#3039 = CARTESIAN_POINT('',(1.984207209637,19.572075798119,
    -2.161097430858E-02));
#3040 = CARTESIAN_POINT('',(-3.324173684077,29.906339939332,
    6.501853709071));
#3041 = CARTESIAN_POINT('',(4.99543498036,59.681862012181,
    -7.696936104938));
#3042 = CARTESIAN_POINT('',(-3.625779262004,66.668229265807,
    8.614033871538));
#3043 = CARTESIAN_POINT('',(2.355279095576,92.778443865811,
    -4.078559445575));
#3044 = CARTESIAN_POINT('',(-0.401677310147,107.78320990507,
    2.122427411691));
#3045 = CARTESIAN_POINT('',(0.237489892119,127.,0.617182285327));
#3046 = CARTESIAN_POINT('',(1.240199500889,0.,0.786723992191));
#3047 = CARTESIAN_POINT('',(4.447757710962,19.572075798134,
    2.134488604641));
#3048 = CARTESIAN_POINT('',(-18.95118140147,29.906339939229,
    -7.958184793645));
#3049 = CARTESIAN_POINT('',(18.547936176357,59.681862012464,
    10.856239243297));
#3050 = CARTESIAN_POINT('',(-18.46038448313,66.668229265383,
    -8.77816087891));
#3051 = CARTESIAN_POINT('',(4.19627234543,92.778443866175,4.849968396422
    ));
#3052 = CARTESIAN_POINT('',(-4.252765553206,107.78320990493,
    -0.976891520308));
#3053 = CARTESIAN_POINT('',(-2.134531793961,127.00000000001,
    0.464438316407));
#3054 = CARTESIAN_POINT('',(1.226764247418,0.,0.750892130273));
#3055 = CARTESIAN_POINT('',(6.968974728176,19.572075798076,
    4.440530337313));
#3056 = CARTESIAN_POINT('',(-34.95365242404,29.906339939671,
    -23.3942526643));
#3057 = CARTESIAN_POINT('',(32.544090519455,59.681862011203,
    30.562875666946));
#3058 = CARTESIAN_POINT('',(-33.71073657903,66.668229267356,
    -27.2513390924));
#3059 = CARTESIAN_POINT('',(6.169940687845,92.778443864411,
    14.123631359241));
#3060 = CARTESIAN_POINT('',(-8.192674957454,107.78320990562,
    -4.307153267272));
#3061 = CARTESIAN_POINT('',(-4.54729965939,126.99999999994,
    0.205801176388));
#3062 = CARTESIAN_POINT('',(1.213312466676,0.,0.715049857293));
#3063 = CARTESIAN_POINT('',(9.328860392792,19.572075798227,6.66771396071
    ));
#3064 = CARTESIAN_POINT('',(-50.02105729847,29.906339938496,
    -38.31042778003));
#3065 = CARTESIAN_POINT('',(46.601167265478,59.681862014621,
    49.593966940363));
#3066 = CARTESIAN_POINT('',(-49.62748574218,66.668229261864,
    -45.171072363));
#3067 = CARTESIAN_POINT('',(10.385691131499,92.778443869441,
    23.117944453524));
#3068 = CARTESIAN_POINT('',(-12.31074579415,107.78320990361,
    -7.627304474137));
#3069 = CARTESIAN_POINT('',(-6.512449673516,127.00000000014,
    -0.127279872639));
#3070 = CARTESIAN_POINT('',(1.199844375116,0.,0.679197748109));
#3071 = CARTESIAN_POINT('',(11.301691729762,19.572075797934,
    8.570156308827));
#3072 = CARTESIAN_POINT('',(-62.80017556749,29.906339940785,
    -51.10286537123));
#3073 = CARTESIAN_POINT('',(60.297527752407,59.681862007867,
    66.027667998723));
#3074 = CARTESIAN_POINT('',(-66.44044833124,66.66822927295,
    -60.86000832461));
#3075 = CARTESIAN_POINT('',(18.97719363332,92.778443859073,
    31.278698342831));
#3076 = CARTESIAN_POINT('',(-16.69353715848,107.78320990781,
    -10.69177647362));
#3077 = CARTESIAN_POINT('',(-7.531294155833,126.9999999997,
    -0.476713433718));
#3078 = CARTESIAN_POINT('',(1.186360189193,0.,0.643336377581));
#3079 = CARTESIAN_POINT('',(12.671045296392,19.572075798362,
    9.919128649883));
#3080 = CARTESIAN_POINT('',(-71.95343097929,29.90633993742,
    -60.27977351935));
#3081 = CARTESIAN_POINT('',(72.760565279077,59.681862017986,
    78.077353538231));
#3082 = CARTESIAN_POINT('',(-83.48071900573,66.668229255937,
    -72.74854226101));
#3083 = CARTESIAN_POINT('',(32.825229829918,92.778443875378,
    38.082493393448));
#3084 = CARTESIAN_POINT('',(-21.17860644183,107.78320990113,
    -13.24772812025));
#3085 = CARTESIAN_POINT('',(-7.248757719766,127.00000000047,
    -0.767632207869));
#3086 = CARTESIAN_POINT('',(1.172860125363,0.,0.607466320566));
#3087 = CARTESIAN_POINT('',(13.244923512492,19.572075797867,
    10.538917018253));
#3088 = CARTESIAN_POINT('',(-76.20856926485,29.906339941338,
    -64.68902859453));
#3089 = CARTESIAN_POINT('',(82.215073317895,59.681862005981,
    84.297629163945));
#3090 = CARTESIAN_POINT('',(-98.23764367076,66.668229276585,
    -79.46549722563));
#3091 = CARTESIAN_POINT('',(50.223269780036,92.778443855079,
    42.91389882884));
#3092 = CARTESIAN_POINT('',(-25.0915015263,107.78320990953,
    -15.01518517447));
#3093 = CARTESIAN_POINT('',(-5.610276244553,126.9999999994,
    -0.929147666146));
#3094 = CARTESIAN_POINT('',(1.159344400081,0.,0.571588151923));
#3095 = CARTESIAN_POINT('',(12.88381911687,19.572075798334,
    10.338646611407));
#3096 = CARTESIAN_POINT('',(-74.52637900796,29.906339937632,
    -63.72151537336));
#3097 = CARTESIAN_POINT('',(86.028447527783,59.681862017464,
    83.783156473933));
#3098 = CARTESIAN_POINT('',(-106.2970873956,66.668229256502,
    -79.95408277742));
#3099 = CARTESIAN_POINT('',(66.514692263403,92.778443875311,
    44.994894585706));
#3100 = CARTESIAN_POINT('',(-27.22419443213,107.78320990109,
    -15.6902389596));
#3101 = CARTESIAN_POINT('',(-2.942692804026,127.00000000059,
    -0.920228078528));
#3102 = CARTESIAN_POINT('',(1.145813229801,0.,0.535702446511));
#3103 = CARTESIAN_POINT('',(11.545770444388,19.572075797969,
    9.330256623265));
#3104 = CARTESIAN_POINT('',(-66.44085376298,29.906339940516,
    -57.43052331337));
#3105 = CARTESIAN_POINT('',(81.61498753063,59.681862008567,
    76.335204996629));
#3106 = CARTESIAN_POINT('',(-102.8829429595,66.668229272151,
    -73.65927489523));
#3107 = CARTESIAN_POINT('',(75.628101258155,92.778443859208,
    43.504618277957));
#3108 = CARTESIAN_POINT('',(-26.26014688666,107.78320990784,
    -15.0048133871));
#3109 = CARTESIAN_POINT('',(0.134199019882,126.99999999954,
    -0.74835880555));
#3110 = CARTESIAN_POINT('',(1.132266830978,0.,0.499809779188));
#3111 = CARTESIAN_POINT('',(9.339091843643,19.572075798201,
    7.630862527267));
#3112 = CARTESIAN_POINT('',(-52.50498345108,29.906339938696,
    -46.56180672907));
#3113 = CARTESIAN_POINT('',(68.052198372432,59.681862014066,
    62.654115524435));
#3114 = CARTESIAN_POINT('',(-85.73776000783,66.668229262541,
    -60.92065108234));
#3115 = CARTESIAN_POINT('',(73.239010541591,92.778443869271,
    38.044168037375));
#3116 = CARTESIAN_POINT('',(-21.56969306909,107.78320990361,
    -12.87742723762));
#3117 = CARTESIAN_POINT('',(2.950555019525,127.00000000026,
    -0.462624431637));
#3118 = CARTESIAN_POINT('',(1.118705420068,0.,0.463910724812));
#3119 = CARTESIAN_POINT('',(6.515346859738,19.572075798089,
    5.440454783783));
#3120 = CARTESIAN_POINT('',(-34.2981529063,29.906339939574,
    -32.4173499746));
#3121 = CARTESIAN_POINT('',(46.648551216881,59.68186201149,
    44.274466879616));
#3122 = CARTESIAN_POINT('',(-56.27911845535,66.668229266989,
    -43.05604151959));
#3123 = CARTESIAN_POINT('',(58.457353253985,92.778443864531,
    28.909315477113));
#3124 = CARTESIAN_POINT('',(-13.53376988558,107.7832099056,
    -9.482527966234));
#3125 = CARTESIAN_POINT('',(4.991527036665,126.99999999989,
    -0.132230319473));
#3126 = CARTESIAN_POINT('',(1.105129213525,0.,0.428005858243));
#3127 = CARTESIAN_POINT('',(3.41944214435,19.57207579813,3.005426107499)
  );
#3128 = CARTESIAN_POINT('',(-14.10483162905,29.906339939258,
    -16.61973188855));
#3129 = CARTESIAN_POINT('',(20.591881625729,59.681862012379,
    23.306432477661));
#3130 = CARTESIAN_POINT('',(-19.1671914013,66.668229265492,
    -22.16312982938));
#3131 = CARTESIAN_POINT('',(33.899953736317,92.778443866136,
    17.104303850721));
#3132 = CARTESIAN_POINT('',(-3.428794882746,107.78320990493,
    -5.230650289159));
#3133 = CARTESIAN_POINT('',(6.002133790804,127.00000000002,
    0.176095805678));
#3134 = CARTESIAN_POINT('',(1.091538427804,0.,0.392095754339));
#3135 = CARTESIAN_POINT('',(0.416241205529,19.572075798119,0.5772738656)
  );
#3136 = CARTESIAN_POINT('',(5.599359076112,29.906339939337,
    -0.837320800182));
#3137 = CARTESIAN_POINT('',(-6.054293371661,59.681862012172,
    2.048014057131));
#3138 = CARTESIAN_POINT('',(19.301197623814,66.668229265818,
    -0.69015991924));
#3139 = CARTESIAN_POINT('',(4.443209119388,92.778443865803,
    4.097905470597));
#3140 = CARTESIAN_POINT('',(7.014518738722,107.78320990507,
    -0.668652731187));
#3141 = CARTESIAN_POINT('',(5.985735955813,127.,0.413479222319));
#3142 = DEFINITIONAL_REPRESENTATION('',(#3143),#3147);
#3143 = LINE('',#3144,#3145);
#3144 = CARTESIAN_POINT('',(0.,0.));
#3145 = VECTOR('',#3146,1.);
#3146 = DIRECTION('',(1.,0.));
#3147 = ( GEOMETRIC_REPRESENTATION_CONTEXT(2) 
PARAMETRIC_REPRESENTATION_CONTEXT() REPRESENTATION_CONTEXT('2D SPACE',''
  ) );
#3148 = ORIENTED_EDGE('',*,*,#3149,.T.);
#3149 = EDGE_CURVE('',#3002,#3150,#3152,.T.);
#3150 = VERTEX_POINT('',#3151);
#3151 = CARTESIAN_POINT('',(1.034041021626,0.,0.240445752599));
#3152 = SURFACE_CURVE('',#3153,(#3167,#3184),.PCURVE_S1.);
#3153 = B_SPLINE_CURVE_WITH_KNOTS('',12,(#3154,#3155,#3156,#3157,#3158,
    #3159,#3160,#3161,#3162,#3163,#3164,#3165,#3166),.UNSPECIFIED.,.F.,
  .F.,(13,13),(2.,3.),.PIECEWISE_BEZIER_KNOTS.);
#3154 = CARTESIAN_POINT('',(1.091538427804,0.,0.392095754339));
#3155 = CARTESIAN_POINT('',(1.086756727594,0.,0.379461359618));
#3156 = CARTESIAN_POINT('',(1.081973222919,0.,0.36682631671));
#3157 = CARTESIAN_POINT('',(1.077187923282,0.,0.354190650684));
#3158 = CARTESIAN_POINT('',(1.072400838189,0.,0.341554386609));
#3159 = CARTESIAN_POINT('',(1.067611977145,0.,0.328917549555));
#3160 = CARTESIAN_POINT('',(1.062821349655,0.,0.316280164591));
#3161 = CARTESIAN_POINT('',(1.058028965224,0.,0.303642256787));
#3162 = CARTESIAN_POINT('',(1.053234833357,0.,0.291003851213));
#3163 = CARTESIAN_POINT('',(1.048438963558,0.,0.278364972937));
#3164 = CARTESIAN_POINT('',(1.043641365334,0.,0.26572564703));
#3165 = CARTESIAN_POINT('',(1.038842048188,0.,0.253085898561));
#3166 = CARTESIAN_POINT('',(1.034041021626,0.,0.240445752599));
#3167 = PCURVE('',#1393,#3168);
#3168 = DEFINITIONAL_REPRESENTATION('',(#3169),#3183);
#3169 = B_SPLINE_CURVE_WITH_KNOTS('',12,(#3170,#3171,#3172,#3173,#3174,
    #3175,#3176,#3177,#3178,#3179,#3180,#3181,#3182),.UNSPECIFIED.,.F.,
  .F.,(13,13),(2.,3.),.PIECEWISE_BEZIER_KNOTS.);
#3170 = CARTESIAN_POINT('',(10.243136090294,-0.865272054123));
#3171 = CARTESIAN_POINT('',(10.256644947599,-0.865330029683));
#3172 = CARTESIAN_POINT('',(10.27015505609,-0.865386552391));
#3173 = CARTESIAN_POINT('',(10.283666388958,-0.865441622148));
#3174 = CARTESIAN_POINT('',(10.297178919391,-0.865495238857));
#3175 = CARTESIAN_POINT('',(10.310692620579,-0.865547402416));
#3176 = CARTESIAN_POINT('',(10.324207465711,-0.865598112728));
#3177 = CARTESIAN_POINT('',(10.337723427976,-0.865647369693));
#3178 = CARTESIAN_POINT('',(10.351240480563,-0.865695173211));
#3179 = CARTESIAN_POINT('',(10.364758596662,-0.865741523185));
#3180 = CARTESIAN_POINT('',(10.378277749462,-0.865786419514));
#3181 = CARTESIAN_POINT('',(10.391797912153,-0.865829862099));
#3182 = CARTESIAN_POINT('',(10.405319057922,-0.865871850841));
#3183 = ( GEOMETRIC_REPRESENTATION_CONTEXT(2) 
PARAMETRIC_REPRESENTATION_CONTEXT() REPRESENTATION_CONTEXT('2D SPACE',''
  ) );
#3184 = PCURVE('',#3185,#3290);
#3185 = ( BOUNDED_SURFACE() B_SPLINE_SURFACE(12,7,(
    (#3186,#3187,#3188,#3189,#3190,#3191,#3192,#3193)
    ,(#3194,#3195,#3196,#3197,#3198,#3199,#3200,#3201)
    ,(#3202,#3203,#3204,#3205,#3206,#3207,#3208,#3209)
    ,(#3210,#3211,#3212,#3213,#3214,#3215,#3216,#3217)
    ,(#3218,#3219,#3220,#3221,#3222,#3223,#3224,#3225)
    ,(#3226,#3227,#3228,#3229,#3230,#3231,#3232,#3233)
    ,(#3234,#3235,#3236,#3237,#3238,#3239,#3240,#3241)
    ,(#3242,#3243,#3244,#3245,#3246,#3247,#3248,#3249)
    ,(#3250,#3251,#3252,#3253,#3254,#3255,#3256,#3257)
    ,(#3258,#3259,#3260,#3261,#3262,#3263,#3264,#3265)
    ,(#3266,#3267,#3268,#3269,#3270,#3271,#3272,#3273)
    ,(#3274,#3275,#3276,#3277,#3278,#3279,#3280,#3281)
    ,(#3282,#3283,#3284,#3285,#3286,#3287,#3288,#3289
)),.UNSPECIFIED.,.F.,.F.,.F.) B_SPLINE_SURFACE_WITH_KNOTS((13,13),(8,8),
  (2.,3.),(0.,1.),.PIECEWISE_BEZIER_KNOTS.) 
GEOMETRIC_REPRESENTATION_ITEM() RATIONAL_B_SPLINE_SURFACE((
    (1.,1.,1.,1.,1.,1.,1.,1.)
    ,(1.,1.,1.,1.,1.,1.,1.,1.)
    ,(1.,1.,1.,1.,1.,1.,1.,1.)
    ,(1.,1.,1.,1.,1.,1.,1.,1.)
    ,(1.,1.,1.,1.,1.,1.,1.,1.)
    ,(1.,1.,1.,1.,1.,1.,1.,1.)
    ,(1.,1.,1.,1.,1.,1.,1.,1.)
    ,(1.,1.,1.,1.,1.,1.,1.,1.)
    ,(1.,1.,1.,1.,1.,1.,1.,1.)
    ,(1.,1.,1.,1.,1.,1.,1.,1.)
    ,(1.,1.,1.,1.,1.,1.,1.,1.)
    ,(1.,1.,1.,1.,1.,1.,1.,1.)
,(1.,1.,1.,1.,1.,1.,1.,1.))) REPRESENTATION_ITEM('') SURFACE() );
#3186 = CARTESIAN_POINT('',(1.091538427804,0.,0.392095754339));
#3187 = CARTESIAN_POINT('',(0.416241205529,19.572075798119,0.5772738656)
  );
#3188 = CARTESIAN_POINT('',(5.599359076112,29.906339939337,
    -0.837320800182));
#3189 = CARTESIAN_POINT('',(-6.054293371661,59.681862012172,
    2.048014057131));
#3190 = CARTESIAN_POINT('',(19.301197623814,66.668229265818,
    -0.69015991924));
#3191 = CARTESIAN_POINT('',(4.443209119388,92.778443865803,
    4.097905470597));
#3192 = CARTESIAN_POINT('',(7.014518738722,107.78320990507,
    -0.668652731187));
#3193 = CARTESIAN_POINT('',(5.985735955813,127.,0.413479222319));
#3194 = CARTESIAN_POINT('',(1.086756727594,0.,0.379461359618));
#3195 = CARTESIAN_POINT('',(0.172377139243,19.572075798121,
    0.487210389307));
#3196 = CARTESIAN_POINT('',(7.456852023608,29.906339939323,
    -0.27903997389));
#3197 = CARTESIAN_POINT('',(-11.53448507267,59.681862012202,
    0.635197319025));
#3198 = CARTESIAN_POINT('',(28.810990705364,66.66822926578,
    1.726937391659));
#3199 = CARTESIAN_POINT('',(-2.971943592082,92.778443865831,
    2.292764372176));
#3200 = CARTESIAN_POINT('',(9.648136213593,107.78320990506,
    3.949446239318E-02));
#3201 = CARTESIAN_POINT('',(5.982239892689,127.,0.464090013898));
#3202 = CARTESIAN_POINT('',(1.081973222919,0.,0.36682631671));
#3203 = CARTESIAN_POINT('',(-5.211078232381E-02,19.572075798121,
    0.399920100966));
#3204 = CARTESIAN_POINT('',(9.164605647832,29.906339939325,
    0.257878563709));
#3205 = CARTESIAN_POINT('',(-16.59280668193,59.681862012199,
    -0.718233593787));
#3206 = CARTESIAN_POINT('',(37.719728929612,66.668229265784,
    4.062603964168));
#3207 = CARTESIAN_POINT('',(-9.998514665788,92.778443865827,
    0.53321840172));
#3208 = CARTESIAN_POINT('',(12.076249144515,107.78320990506,
    0.724437110735));
#3209 = CARTESIAN_POINT('',(5.932060904087,127.,0.511476064893));
#3210 = CARTESIAN_POINT('',(1.077187923282,0.,0.354190650684));
#3211 = CARTESIAN_POINT('',(-0.255229916517,19.572075798123,
    0.315995391354));
#3212 = CARTESIAN_POINT('',(10.707135088039,29.906339939313,
    0.768833098994));
#3213 = CARTESIAN_POINT('',(-21.18468431465,59.681862012228,
    -1.999048923269));
#3214 = CARTESIAN_POINT('',(45.960421404856,66.668229265747,
    6.297009998016));
#3215 = CARTESIAN_POINT('',(-16.58716645974,92.778443865854,
    -1.166163855622));
#3216 = CARTESIAN_POINT('',(14.281731907092,107.78320990505,
    1.380501316406));
#3217 = CARTESIAN_POINT('',(5.835232030244,127.,0.555163756066));
#3218 = CARTESIAN_POINT('',(1.072400838189,0.,0.341554386609));
#3219 = CARTESIAN_POINT('',(-0.435137666657,19.572075798125,
    0.236007808532));
#3220 = CARTESIAN_POINT('',(12.070118699166,29.906339939301,
    1.249382891036));
#3221 = CARTESIAN_POINT('',(-25.26886512831,59.681862012255,
    -3.1944718709));
#3222 = CARTESIAN_POINT('',(53.471018074818,66.668229265712,
    8.41097453796));
#3223 = CARTESIAN_POINT('',(-22.6923650991,92.778443865881,
    -2.791264732198));
#3224 = CARTESIAN_POINT('',(16.249562696409,107.78320990504,
    2.002261702452));
#3225 = CARTESIAN_POINT('',(5.692319620166,127.,0.594716276222));
#3226 = CARTESIAN_POINT('',(1.067611977145,0.,0.328917549555));
#3227 = CARTESIAN_POINT('',(-0.590157615391,19.572075798119,
    0.160502955044));
#3228 = CARTESIAN_POINT('',(13.240523278706,29.906339939337,
    1.695287795565));
#3229 = CARTESIAN_POINT('',(-28.8077763344,59.681862012171,
    -4.292292387625));
#3230 = CARTESIAN_POINT('',(60.194945914124,66.66822926582,
    10.386136437179));
#3231 = CARTESIAN_POINT('',(-28.27277672065,92.778443865802,
    -4.328547524195));
#3232 = CARTESIAN_POINT('',(17.966961981792,107.78320990507,
    2.584594511209));
#3233 = CARTESIAN_POINT('',(5.504423855459,127.,0.629740506256));
#3234 = CARTESIAN_POINT('',(1.062821349655,0.,0.316280164591));
#3235 = CARTESIAN_POINT('',(-0.718793228257,19.572075798118,
    8.999579247817E-02));
#3236 = CARTESIAN_POINT('',(14.206710337776,29.906339939338,
    2.102544725272));
#3237 = CARTESIAN_POINT('',(-31.76782879668,59.681862012168,
    -5.280971869575));
#3238 = CARTESIAN_POINT('',(66.081557849701,66.668229265824,
    12.20511157385));
#3239 = CARTESIAN_POINT('',(-33.29158751825,92.778443865798,
    -5.765175640728));
#3240 = CARTESIAN_POINT('',(19.423490242255,107.78320990507,
    3.122725124288));
#3241 = CARTESIAN_POINT('',(5.273168393894,127.,0.659893110999));
#3242 = CARTESIAN_POINT('',(1.058028965224,0.,0.303642256787));
#3243 = CARTESIAN_POINT('',(-0.819739197827,19.572075798121,
    2.49663570386E-02));
#3244 = CARTESIAN_POINT('',(14.958523977704,29.906339939326,
    2.467420917137));
#3245 = CARTESIAN_POINT('',(-34.11966698911,59.681862012196,
    -6.14973866763));
#3246 = CARTESIAN_POINT('',(71.086497696112,66.66822926579,
    13.851636153249));
#3247 = CARTESIAN_POINT('',(-37.71675141731,92.778443865821,
    -7.089120668765));
#3248 = CARTESIAN_POINT('',(20.611107303778,107.78320990506,
    3.612269910986));
#3249 = CARTESIAN_POINT('',(5.00067994171,127.,0.684885750344));
#3250 = CARTESIAN_POINT('',(1.053234833357,0.,0.291003851213));
#3251 = CARTESIAN_POINT('',(-0.891890498851,19.572075798119,
    -3.414411016809E-02));
#3252 = CARTESIAN_POINT('',(15.487360933512,29.906339939333,
    2.786483977551));
#3253 = CARTESIAN_POINT('',(-35.83836708672,59.681862012178,
    -6.888674319035));
#3254 = CARTESIAN_POINT('',(75.17198439308,66.668229265812,
    15.31069592783));
#3255 = CARTESIAN_POINT('',(-41.52116920636,92.778443865806,
    -8.289259167075));
#3256 = CARTESIAN_POINT('',(21.524195599634,107.78320990507,
    4.049272312427));
#3257 = CARTESIAN_POINT('',(4.689558563614,127.,0.704489321051));
#3258 = CARTESIAN_POINT('',(1.048438963558,0.,0.278364972937));
#3259 = CARTESIAN_POINT('',(-0.934349224776,19.572075798124,
    -8.693661447308E-02));
#3260 = CARTESIAN_POINT('',(15.786223345679,29.906339939308,
    3.056628675941));
#3261 = CARTESIAN_POINT('',(-36.90358496295,59.681862012237,
    -7.488790409202));
#3262 = CARTESIAN_POINT('',(78.30701883347,66.668229265737,
    16.568641167695));
#3263 = CARTESIAN_POINT('',(-44.6828029542,92.778443865861,
    -9.355458002337));
#3264 = CARTESIAN_POINT('',(22.159549674977,107.78320990505,
    4.430233068707));
#3265 = CARTESIAN_POINT('',(4.34283953947,127.,0.718537140702));
#3266 = CARTESIAN_POINT('',(1.043641365334,0.,0.26572564703));
#3267 = CARTESIAN_POINT('',(-0.94642927605,19.572075798119,
    -0.133057436924));
#3268 = CARTESIAN_POINT('',(15.849754821481,29.906339939336,
    3.27510045762));
#3269 = CARTESIAN_POINT('',(-37.29965586645,59.681862012174,
    -7.942095971816));
#3270 = CARTESIAN_POINT('',(80.467516569707,66.668229265814,
    17.613287213808));
#3271 = CARTESIAN_POINT('',(-47.18472954046,92.778443865807,
    -10.27864804051));
#3272 = CARTESIAN_POINT('',(22.516334256845,107.78320990507,
    4.752134496332));
#3273 = CARTESIAN_POINT('',(3.96394757667,127.,0.726926985236));
#3274 = CARTESIAN_POINT('',(1.038842048188,0.,0.253085898561));
#3275 = CARTESIAN_POINT('',(-0.927658970593,19.572075798119,
    -0.172200737828));
#3276 = CARTESIAN_POINT('',(15.674260347335,29.906339939334,
    3.439515646608));
#3277 = CARTESIAN_POINT('',(-37.01564755088,59.681862012176,
    -8.241655335444));
#3278 = CARTESIAN_POINT('',(81.636369687029,66.668229265813,
    18.434000446427));
#3279 = CARTESIAN_POINT('',(-49.01513712801,92.778443865805,
    -11.05088600671));
#3280 = CARTESIAN_POINT('',(22.596013210814,107.78320990507,
    5.012458723221));
#3281 = CARTESIAN_POINT('',(3.556644187139,127.,0.729621891488));
#3282 = CARTESIAN_POINT('',(1.034041021626,0.,0.240445752599));
#3283 = CARTESIAN_POINT('',(-0.877781646831,19.572075798119,
    -0.204110730886));
#3284 = CARTESIAN_POINT('',(15.257710613417,29.906339939337,
    3.547878309138));
#3285 = CARTESIAN_POINT('',(-36.04536863079,59.681862012172,
    -8.38163632476));
#3286 = CARTESIAN_POINT('',(81.803441131455,66.668229265818,
    19.021769501116));
#3287 = CARTESIAN_POINT('',(-50.16726840518,92.778443865803,
    -11.66540432658));
#3288 = CARTESIAN_POINT('',(22.402251705436,107.78320990507,
    5.209199788576));
#3289 = CARTESIAN_POINT('',(3.124969037993,127.,0.726649636209));
#3290 = DEFINITIONAL_REPRESENTATION('',(#3291),#3295);
#3291 = LINE('',#3292,#3293);
#3292 = CARTESIAN_POINT('',(0.,0.));
#3293 = VECTOR('',#3294,1.);
#3294 = DIRECTION('',(1.,0.));
#3295 = ( GEOMETRIC_REPRESENTATION_CONTEXT(2) 
PARAMETRIC_REPRESENTATION_CONTEXT() REPRESENTATION_CONTEXT('2D SPACE',''
  ) );
#3296 = ORIENTED_EDGE('',*,*,#3297,.T.);
#3297 = EDGE_CURVE('',#3150,#1448,#3298,.T.);
#3298 = SURFACE_CURVE('',#3299,(#3313,#3330),.PCURVE_S1.);
#3299 = B_SPLINE_CURVE_WITH_KNOTS('',12,(#3300,#3301,#3302,#3303,#3304,
    #3305,#3306,#3307,#3308,#3309,#3310,#3311,#3312),.UNSPECIFIED.,.F.,
  .F.,(13,13),(3.,4.),.PIECEWISE_BEZIER_KNOTS.);
#3300 = CARTESIAN_POINT('',(1.034041021626,0.,0.240445752599));
#3301 = CARTESIAN_POINT('',(1.031465158362,0.,0.233664018067));
#3302 = CARTESIAN_POINT('',(1.028888803038,0.,0.226882169116));
#3303 = CARTESIAN_POINT('',(1.026311957124,0.,0.220100209619));
#3304 = CARTESIAN_POINT('',(1.023734622093,0.,0.213318143448));
#3305 = CARTESIAN_POINT('',(1.021156799419,0.,0.206535974478));
#3306 = CARTESIAN_POINT('',(1.018578490572,0.,0.199753706579));
#3307 = CARTESIAN_POINT('',(1.015999697027,0.,0.192971343627));
#3308 = CARTESIAN_POINT('',(1.013420420254,0.,0.186188889492));
#3309 = CARTESIAN_POINT('',(1.010840661727,0.,0.179406348049));
#3310 = CARTESIAN_POINT('',(1.008260422918,0.,0.17262372317));
#3311 = CARTESIAN_POINT('',(1.005679705299,0.,0.165841018728));
#3312 = CARTESIAN_POINT('',(1.003098510343,0.,0.159058238597));
#3313 = PCURVE('',#1393,#3314);
#3314 = DEFINITIONAL_REPRESENTATION('',(#3315),#3329);
#3315 = B_SPLINE_CURVE_WITH_KNOTS('',12,(#3316,#3317,#3318,#3319,#3320,
    #3321,#3322,#3323,#3324,#3325,#3326,#3327,#3328),.UNSPECIFIED.,.F.,
  .F.,(13,13),(3.,4.),.PIECEWISE_BEZIER_KNOTS.);
#3316 = CARTESIAN_POINT('',(10.405319057922,-0.865871850841));
#3317 = CARTESIAN_POINT('',(10.412573469498,-0.865894378786));
#3318 = CARTESIAN_POINT('',(10.419828164056,-0.865916488236));
#3319 = CARTESIAN_POINT('',(10.427083137452,-0.865938179181));
#3320 = CARTESIAN_POINT('',(10.434338385545,-0.865959451609));
#3321 = CARTESIAN_POINT('',(10.44159390419,-0.865980305508));
#3322 = CARTESIAN_POINT('',(10.448849689244,-0.866000740867));
#3323 = CARTESIAN_POINT('',(10.456105736563,-0.866020757675));
#3324 = CARTESIAN_POINT('',(10.463362042005,-0.866040355919));
#3325 = CARTESIAN_POINT('',(10.470618601425,-0.866059535588));
#3326 = CARTESIAN_POINT('',(10.477875410682,-0.866078296671));
#3327 = CARTESIAN_POINT('',(10.48513246563,-0.866096639156));
#3328 = CARTESIAN_POINT('',(10.492389762127,-0.866114563031));
#3329 = ( GEOMETRIC_REPRESENTATION_CONTEXT(2) 
PARAMETRIC_REPRESENTATION_CONTEXT() REPRESENTATION_CONTEXT('2D SPACE',''
  ) );
#3330 = PCURVE('',#1470,#3331);
#3331 = DEFINITIONAL_REPRESENTATION('',(#3332),#3336);
#3332 = LINE('',#3333,#3334);
#3333 = CARTESIAN_POINT('',(0.,0.));
#3334 = VECTOR('',#3335,1.);
#3335 = DIRECTION('',(1.,0.));
#3336 = ( GEOMETRIC_REPRESENTATION_CONTEXT(2) 
PARAMETRIC_REPRESENTATION_CONTEXT() REPRESENTATION_CONTEXT('2D SPACE',''
  ) );
#3337 = ORIENTED_EDGE('',*,*,#1582,.T.);
#3338 = ORIENTED_EDGE('',*,*,#1369,.T.);
#3339 = ORIENTED_EDGE('',*,*,#2143,.T.);
#3340 = ORIENTED_EDGE('',*,*,#3341,.T.);
#3341 = EDGE_CURVE('',#2144,#3342,#3344,.T.);
#3342 = VERTEX_POINT('',#3343);
#3343 = CARTESIAN_POINT('',(2.222951811375,0.,3.5));
#3344 = SURFACE_CURVE('',#3345,(#3359,#3376),.PCURVE_S1.);
#3345 = B_SPLINE_CURVE_WITH_KNOTS('',12,(#3346,#3347,#3348,#3349,#3350,
    #3351,#3352,#3353,#3354,#3355,#3356,#3357,#3358),.UNSPECIFIED.,.F.,
  .F.,(13,13),(0.,1.),.PIECEWISE_BEZIER_KNOTS.);
#3346 = CARTESIAN_POINT('',(3.950394052511,0.,10.266176836091));
#3347 = CARTESIAN_POINT('',(4.050308081529,0.,10.227730217423));
#3348 = CARTESIAN_POINT('',(4.086442084027,0.,10.023533762255));
#3349 = CARTESIAN_POINT('',(4.056860454558,0.,9.654332919001));
#3350 = CARTESIAN_POINT('',(3.961137464211,0.,9.124796492189));
#3351 = CARTESIAN_POINT('',(3.80041532963,0.,8.443497546989));
#3352 = CARTESIAN_POINT('',(3.577403732794,0.,7.622740673057));
#3353 = CARTESIAN_POINT('',(3.296318939809,0.,6.678241289928));
#3354 = CARTESIAN_POINT('',(2.962764216634,0.,5.628670239842));
#3355 = CARTESIAN_POINT('',(2.583556789382,0.,4.495084477596));
#3356 = CARTESIAN_POINT('',(2.166510146477,0.,3.300272230678));
#3357 = CARTESIAN_POINT('',(1.720184029677,0.,2.068048566618));
#3358 = CARTESIAN_POINT('',(1.253618010632,0.,0.822544868188));
#3359 = PCURVE('',#1393,#3360);
#3360 = DEFINITIONAL_REPRESENTATION('',(#3361),#3375);
#3361 = B_SPLINE_CURVE_WITH_KNOTS('',12,(#3362,#3363,#3364,#3365,#3366,
    #3367,#3368,#3369,#3370,#3371,#3372,#3373,#3374),.UNSPECIFIED.,.F.,
  .F.,(13,13),(0.,1.),.PIECEWISE_BEZIER_KNOTS.);
#3362 = CARTESIAN_POINT('',(0.,0.));
#3363 = CARTESIAN_POINT('',(1.320766192254E-04,-0.107055771621));
#3364 = CARTESIAN_POINT('',(0.177861597142,-0.213892450596));
#3365 = CARTESIAN_POINT('',(0.533185411607,-0.318435849888));
#3366 = CARTESIAN_POINT('',(1.061896512101,-0.418617137642));
#3367 = CARTESIAN_POINT('',(1.755581075538,-0.512433893737));
#3368 = CARTESIAN_POINT('',(2.601779924694,-0.598011496623));
#3369 = CARTESIAN_POINT('',(3.58430976471,-0.673661077306));
#3370 = CARTESIAN_POINT('',(4.683731219137,-0.737930884195));
#3371 = CARTESIAN_POINT('',(5.877942356456,-0.789648509361));
#3372 = CARTESIAN_POINT('',(7.142868064857,-0.827952033615));
#3373 = CARTESIAN_POINT('',(8.45320729992,-0.852308754646));
#3374 = CARTESIAN_POINT('',(9.783191896706,-0.862520769297));
#3375 = ( GEOMETRIC_REPRESENTATION_CONTEXT(2) 
PARAMETRIC_REPRESENTATION_CONTEXT() REPRESENTATION_CONTEXT('2D SPACE',''
  ) );
#3376 = PCURVE('',#2207,#3377);
#3377 = DEFINITIONAL_REPRESENTATION('',(#3378),#3382);
#3378 = LINE('',#3379,#3380);
#3379 = CARTESIAN_POINT('',(0.,0.));
#3380 = VECTOR('',#3381,1.);
#3381 = DIRECTION('',(1.,0.));
#3382 = ( GEOMETRIC_REPRESENTATION_CONTEXT(2) 
PARAMETRIC_REPRESENTATION_CONTEXT() REPRESENTATION_CONTEXT('2D SPACE',''
  ) );
#3383 = ORIENTED_EDGE('',*,*,#3384,.T.);
#3384 = EDGE_CURVE('',#3342,#2831,#3385,.T.);
#3385 = SURFACE_CURVE('',#3386,(#3390,#3396),.PCURVE_S1.);
#3386 = LINE('',#3387,#3388);
#3387 = CARTESIAN_POINT('',(1.975197026256,0.,3.5));
#3388 = VECTOR('',#3389,1.);
#3389 = DIRECTION('',(-1.,0.,0.));
#3390 = PCURVE('',#1393,#3391);
#3391 = DEFINITIONAL_REPRESENTATION('',(#3392),#3395);
#3392 = B_SPLINE_CURVE_WITH_KNOTS('',1,(#3393,#3394),.UNSPECIFIED.,.F.,
  .F.,(2,2),(-0.32028170771,1.820343777623),.PIECEWISE_BEZIER_KNOTS.);
#3393 = CARTESIAN_POINT('',(6.910208488521,-0.87687646449));
#3394 = CARTESIAN_POINT('',(7.676498991969,1.121892239683));
#3395 = ( GEOMETRIC_REPRESENTATION_CONTEXT(2) 
PARAMETRIC_REPRESENTATION_CONTEXT() REPRESENTATION_CONTEXT('2D SPACE',''
  ) );
#3396 = PCURVE('',#1933,#3397);
#3397 = DEFINITIONAL_REPRESENTATION('',(#3398),#3401);
#3398 = B_SPLINE_CURVE_WITH_KNOTS('',1,(#3399,#3400),.UNSPECIFIED.,.F.,
  .F.,(2,2),(-0.32028170771,1.820343777623),.PIECEWISE_BEZIER_KNOTS.);
#3399 = CARTESIAN_POINT('',(2.295478733965,0.));
#3400 = CARTESIAN_POINT('',(0.154853248632,0.));
#3401 = ( GEOMETRIC_REPRESENTATION_CONTEXT(2) 
PARAMETRIC_REPRESENTATION_CONTEXT() REPRESENTATION_CONTEXT('2D SPACE',''
  ) );
#3402 = ADVANCED_FACE('',(#3403),#1470,.F.);
#3403 = FACE_BOUND('',#3404,.F.);
#3404 = EDGE_LOOP('',(#3405,#3433,#3434,#3435));
#3405 = ORIENTED_EDGE('',*,*,#3406,.F.);
#3406 = EDGE_CURVE('',#3150,#3407,#3409,.T.);
#3407 = VERTEX_POINT('',#3408);
#3408 = CARTESIAN_POINT('',(0.916856192367,1.77746300173,0.213196742284)
  );
#3409 = SURFACE_CURVE('',#3410,(#3419,#3426),.PCURVE_S1.);
#3410 = ( BOUNDED_CURVE() B_SPLINE_CURVE(7,(#3411,#3412,#3413,#3414,
    #3415,#3416,#3417,#3418),.UNSPECIFIED.,.F.,.F.) 
B_SPLINE_CURVE_WITH_KNOTS((8,8),(0.,1.),.PIECEWISE_BEZIER_KNOTS.) CURVE(
) GEOMETRIC_REPRESENTATION_ITEM() RATIONAL_B_SPLINE_CURVE((1.,1.,1.,1.,
1.,1.,1.,1.)) REPRESENTATION_ITEM('') );
#3411 = CARTESIAN_POINT('',(1.034041021626,0.,0.240445752599));
#3412 = CARTESIAN_POINT('',(-0.877781646831,19.572075798119,
    -0.204110730886));
#3413 = CARTESIAN_POINT('',(15.257710613417,29.906339939337,
    3.547878309138));
#3414 = CARTESIAN_POINT('',(-36.04536863079,59.681862012172,
    -8.38163632476));
#3415 = CARTESIAN_POINT('',(81.803441131455,66.668229265818,
    19.021769501116));
#3416 = CARTESIAN_POINT('',(-50.16726840518,92.778443865803,
    -11.66540432658));
#3417 = CARTESIAN_POINT('',(22.402251705436,107.78320990507,
    5.209199788576));
#3418 = CARTESIAN_POINT('',(3.124969037993,127.,0.726649636209));
#3419 = PCURVE('',#1470,#3420);
#3420 = DEFINITIONAL_REPRESENTATION('',(#3421),#3425);
#3421 = LINE('',#3422,#3423);
#3422 = CARTESIAN_POINT('',(3.,0.));
#3423 = VECTOR('',#3424,1.);
#3424 = DIRECTION('',(0.,1.));
#3425 = ( GEOMETRIC_REPRESENTATION_CONTEXT(2) 
PARAMETRIC_REPRESENTATION_CONTEXT() REPRESENTATION_CONTEXT('2D SPACE',''
  ) );
#3426 = PCURVE('',#3185,#3427);
#3427 = DEFINITIONAL_REPRESENTATION('',(#3428),#3432);
#3428 = LINE('',#3429,#3430);
#3429 = CARTESIAN_POINT('',(3.,0.));
#3430 = VECTOR('',#3431,1.);
#3431 = DIRECTION('',(0.,1.));
#3432 = ( GEOMETRIC_REPRESENTATION_CONTEXT(2) 
PARAMETRIC_REPRESENTATION_CONTEXT() REPRESENTATION_CONTEXT('2D SPACE',''
  ) );
#3433 = ORIENTED_EDGE('',*,*,#3297,.T.);
#3434 = ORIENTED_EDGE('',*,*,#1447,.T.);
#3435 = ORIENTED_EDGE('',*,*,#3436,.T.);
#3436 = EDGE_CURVE('',#1450,#3407,#3437,.T.);
#3437 = SURFACE_CURVE('',#3438,(#3461,#3487),.PCURVE_S1.);
#3438 = B_SPLINE_CURVE_WITH_KNOTS('',5,(#3439,#3440,#3441,#3442,#3443,
    #3444,#3445,#3446,#3447,#3448,#3449,#3450,#3451,#3452,#3453,#3454,
    #3455,#3456,#3457,#3458,#3459,#3460),.UNSPECIFIED.,.F.,.F.,(6,4,4,4,
    4,6),(0.,0.114298183223,0.232609298213,0.387249039367,0.649005093563
    ,1.),.UNSPECIFIED.);
#3439 = CARTESIAN_POINT('',(1.360223362872,1.466217038196,0.274545787298
    ));
#3440 = CARTESIAN_POINT('',(1.355068971075,1.470998816038,0.275161047618
    ));
#3441 = CARTESIAN_POINT('',(1.349491783105,1.476130739518,0.275608870433
    ));
#3442 = CARTESIAN_POINT('',(1.343508290807,1.481584137394,0.275894456158
    ));
#3443 = CARTESIAN_POINT('',(1.33713537094,1.487330025591,0.276023488784)
  );
#3444 = CARTESIAN_POINT('',(1.323408384023,1.499559163602,0.275980033284
    ));
#3445 = CARTESIAN_POINT('',(1.316027655213,1.506061379186,0.275796761998
    ));
#3446 = CARTESIAN_POINT('',(1.308267154662,1.512813418885,0.275459144838
    ));
#3447 = CARTESIAN_POINT('',(1.300145590665,1.51978431183,0.274974157578)
  );
#3448 = CARTESIAN_POINT('',(1.280618018272,1.536303184234,0.273531717534
    ));
#3449 = CARTESIAN_POINT('',(1.268969208723,1.545985356554,0.272474864404
    ));
#3450 = CARTESIAN_POINT('',(1.25677575047,1.555925092065,0.271194276407)
  );
#3451 = CARTESIAN_POINT('',(1.244076401462,1.566062915577,0.269705536383
    ));
#3452 = CARTESIAN_POINT('',(1.208617592984,1.5937513365,0.265177431266)
  );
#3453 = CARTESIAN_POINT('',(1.184983943046,1.611571787054,0.261778349985
    ));
#3454 = CARTESIAN_POINT('',(1.160181567726,1.629552342363,0.257899948868
    ));
#3455 = CARTESIAN_POINT('',(1.134373054502,1.647490166853,0.253611480557
    ));
#3456 = CARTESIAN_POINT('',(1.071938968741,1.689020962448,0.242762011743
    ));
#3457 = CARTESIAN_POINT('',(1.034630129379,1.712453617721,0.235925533352
    ));
#3458 = CARTESIAN_POINT('',(0.996124925419,1.735156968218,0.228621933871
    ));
#3459 = CARTESIAN_POINT('',(0.956754442916,1.756882568807,0.220995890585
    ));
#3460 = CARTESIAN_POINT('',(0.916856192367,1.77746300173,0.213196742284)
  );
#3461 = PCURVE('',#1470,#3462);
#3462 = DEFINITIONAL_REPRESENTATION('',(#3463),#3486);
#3463 = B_SPLINE_CURVE_WITH_KNOTS('',5,(#3464,#3465,#3466,#3467,#3468,
    #3469,#3470,#3471,#3472,#3473,#3474,#3475,#3476,#3477,#3478,#3479,
    #3480,#3481,#3482,#3483,#3484,#3485),.UNSPECIFIED.,.F.,.F.,(6,4,4,4,
    4,6),(0.,0.114298183223,0.232609298213,0.387249039367,0.649005093563
    ,1.),.UNSPECIFIED.);
#3464 = CARTESIAN_POINT('',(4.,1.08598182274E-02));
#3465 = CARTESIAN_POINT('',(3.974180708805,1.089573533802E-02));
#3466 = CARTESIAN_POINT('',(3.948540060328,1.093428642096E-02));
#3467 = CARTESIAN_POINT('',(3.923091434785,1.097525730035E-02));
#3468 = CARTESIAN_POINT('',(3.897843457725,1.101843136086E-02));
#3469 = CARTESIAN_POINT('',(3.84687728351,1.111033320789E-02));
#3470 = CARTESIAN_POINT('',(3.821173848304,1.115920395678E-02));
#3471 = CARTESIAN_POINT('',(3.795693797685,1.120996001678E-02));
#3472 = CARTESIAN_POINT('',(3.770437182278,1.126236965219E-02));
#3473 = CARTESIAN_POINT('',(3.71267489747,1.138658526937E-02));
#3474 = CARTESIAN_POINT('',(3.680325204758,1.145940657354E-02));
#3475 = CARTESIAN_POINT('',(3.648341443243,1.153418178153E-02));
#3476 = CARTESIAN_POINT('',(3.616707374447,1.161046500884E-02));
#3477 = CARTESIAN_POINT('',(3.53240654115,1.181885922254E-02));
#3478 = CARTESIAN_POINT('',(3.480352389997,1.19530350261E-02));
#3479 = CARTESIAN_POINT('',(3.429122948185,1.208847264051E-02));
#3480 = CARTESIAN_POINT('',(3.378587284806,1.222364424425E-02));
#3481 = CARTESIAN_POINT('',(3.261570863546,1.253672624559E-02));
#3482 = CARTESIAN_POINT('',(3.195536846337,1.271347089467E-02));
#3483 = CARTESIAN_POINT('',(3.130146878227,1.288480786685E-02));
#3484 = CARTESIAN_POINT('',(3.065079738568,1.304884667425E-02));
#3485 = CARTESIAN_POINT('',(3.,1.320430669931E-02));
#3486 = ( GEOMETRIC_REPRESENTATION_CONTEXT(2) 
PARAMETRIC_REPRESENTATION_CONTEXT() REPRESENTATION_CONTEXT('2D SPACE',''
  ) );
#3487 = PCURVE('',#2054,#3488);
#3488 = DEFINITIONAL_REPRESENTATION('',(#3489),#3512);
#3489 = B_SPLINE_CURVE_WITH_KNOTS('',5,(#3490,#3491,#3492,#3493,#3494,
    #3495,#3496,#3497,#3498,#3499,#3500,#3501,#3502,#3503,#3504,#3505,
    #3506,#3507,#3508,#3509,#3510,#3511),.UNSPECIFIED.,.F.,.F.,(6,4,4,4,
    4,6),(0.,0.114298183223,0.232609298213,0.387249039367,0.649005093563
    ,1.),.UNSPECIFIED.);
#3490 = CARTESIAN_POINT('',(0.822881363328,0.274545787298));
#3491 = CARTESIAN_POINT('',(0.826396799081,0.275161047618));
#3492 = CARTESIAN_POINT('',(0.830186283103,0.275608870433));
#3493 = CARTESIAN_POINT('',(0.834234104792,0.275894456158));
#3494 = CARTESIAN_POINT('',(0.8385244075,0.276023488784));
#3495 = CARTESIAN_POINT('',(0.847716550699,0.275980033284));
#3496 = CARTESIAN_POINT('',(0.852634654751,0.275796761998));
#3497 = CARTESIAN_POINT('',(0.857777843665,0.275459144838));
#3498 = CARTESIAN_POINT('',(0.863129181253,0.274974157578));
#3499 = CARTESIAN_POINT('',(0.875917840576,0.273531717534));
#3500 = CARTESIAN_POINT('',(0.883491177201,0.272474864404));
#3501 = CARTESIAN_POINT('',(0.891356404443,0.271194276407));
#3502 = CARTESIAN_POINT('',(0.899480721949,0.269705536383));
#3503 = CARTESIAN_POINT('',(0.921975030962,0.265177431266));
#3504 = CARTESIAN_POINT('',(0.936772566017,0.261778349985));
#3505 = CARTESIAN_POINT('',(0.952085830552,0.257899948868));
#3506 = CARTESIAN_POINT('',(0.967797557564,0.253611480557));
#3507 = CARTESIAN_POINT('',(1.00529029702,0.242762011743));
#3508 = CARTESIAN_POINT('',(1.027311352041,0.235925533352));
#3509 = CARTESIAN_POINT('',(1.049649183364,0.228621933871));
#3510 = CARTESIAN_POINT('',(1.072123901341,0.220995890585));
#3511 = CARTESIAN_POINT('',(1.094570641729,0.213196742284));
#3512 = ( GEOMETRIC_REPRESENTATION_CONTEXT(2) 
PARAMETRIC_REPRESENTATION_CONTEXT() REPRESENTATION_CONTEXT('2D SPACE',''
  ) );
#3513 = ADVANCED_FACE('',(#3514),#2054,.F.);
#3514 = FACE_BOUND('',#3515,.F.);
#3515 = EDGE_LOOP('',(#3516,#3517,#3539,#3540,#3541,#3563,#3564,#3773,
    #4123,#4177));
#3516 = ORIENTED_EDGE('',*,*,#2672,.F.);
#3517 = ORIENTED_EDGE('',*,*,#3518,.T.);
#3518 = EDGE_CURVE('',#2545,#2781,#3519,.T.);
#3519 = SURFACE_CURVE('',#3520,(#3525,#3532),.PCURVE_S1.);
#3520 = CIRCLE('',#3521,2.);
#3521 = AXIS2_PLACEMENT_3D('',#3522,#3523,#3524);
#3522 = CARTESIAN_POINT('',(0.,0.,-3.5));
#3523 = DIRECTION('',(0.,0.,1.));
#3524 = DIRECTION('',(1.,0.,-0.));
#3525 = PCURVE('',#2054,#3526);
#3526 = DEFINITIONAL_REPRESENTATION('',(#3527),#3531);
#3527 = LINE('',#3528,#3529);
#3528 = CARTESIAN_POINT('',(0.,-3.5));
#3529 = VECTOR('',#3530,1.);
#3530 = DIRECTION('',(1.,0.));
#3531 = ( GEOMETRIC_REPRESENTATION_CONTEXT(2) 
PARAMETRIC_REPRESENTATION_CONTEXT() REPRESENTATION_CONTEXT('2D SPACE',''
  ) );
#3532 = PCURVE('',#1757,#3533);
#3533 = DEFINITIONAL_REPRESENTATION('',(#3534),#3538);
#3534 = CIRCLE('',#3535,2.);
#3535 = AXIS2_PLACEMENT_2D('',#3536,#3537);
#3536 = CARTESIAN_POINT('',(0.,0.));
#3537 = DIRECTION('',(1.,0.));
#3538 = ( GEOMETRIC_REPRESENTATION_CONTEXT(2) 
PARAMETRIC_REPRESENTATION_CONTEXT() REPRESENTATION_CONTEXT('2D SPACE',''
  ) );
#3539 = ORIENTED_EDGE('',*,*,#2801,.T.);
#3540 = ORIENTED_EDGE('',*,*,#1968,.T.);
#3541 = ORIENTED_EDGE('',*,*,#3542,.F.);
#3542 = EDGE_CURVE('',#2831,#1872,#3543,.T.);
#3543 = SURFACE_CURVE('',#3544,(#3549,#3556),.PCURVE_S1.);
#3544 = CIRCLE('',#3545,2.);
#3545 = AXIS2_PLACEMENT_3D('',#3546,#3547,#3548);
#3546 = CARTESIAN_POINT('',(0.,0.,3.5));
#3547 = DIRECTION('',(0.,0.,1.));
#3548 = DIRECTION('',(1.,0.,-0.));
#3549 = PCURVE('',#2054,#3550);
#3550 = DEFINITIONAL_REPRESENTATION('',(#3551),#3555);
#3551 = LINE('',#3552,#3553);
#3552 = CARTESIAN_POINT('',(0.,3.5));
#3553 = VECTOR('',#3554,1.);
#3554 = DIRECTION('',(1.,0.));
#3555 = ( GEOMETRIC_REPRESENTATION_CONTEXT(2) 
PARAMETRIC_REPRESENTATION_CONTEXT() REPRESENTATION_CONTEXT('2D SPACE',''
  ) );
#3556 = PCURVE('',#1933,#3557);
#3557 = DEFINITIONAL_REPRESENTATION('',(#3558),#3562);
#3558 = CIRCLE('',#3559,2.);
#3559 = AXIS2_PLACEMENT_2D('',#3560,#3561);
#3560 = CARTESIAN_POINT('',(0.,0.));
#3561 = DIRECTION('',(1.,0.));
#3562 = ( GEOMETRIC_REPRESENTATION_CONTEXT(2) 
PARAMETRIC_REPRESENTATION_CONTEXT() REPRESENTATION_CONTEXT('2D SPACE',''
  ) );
#3563 = ORIENTED_EDGE('',*,*,#2828,.F.);
#3564 = ORIENTED_EDGE('',*,*,#3565,.T.);
#3565 = EDGE_CURVE('',#2829,#3566,#3568,.T.);
#3566 = VERTEX_POINT('',#3567);
#3567 = CARTESIAN_POINT('',(1.296148394505,1.523154404328,0.774188396842
    ));
#3568 = SURFACE_CURVE('',#3569,(#3635,#3704),.PCURVE_S1.);
#3569 = B_SPLINE_CURVE_WITH_KNOTS('',8,(#3570,#3571,#3572,#3573,#3574,
    #3575,#3576,#3577,#3578,#3579,#3580,#3581,#3582,#3583,#3584,#3585,
    #3586,#3587,#3588,#3589,#3590,#3591,#3592,#3593,#3594,#3595,#3596,
    #3597,#3598,#3599,#3600,#3601,#3602,#3603,#3604,#3605,#3606,#3607,
    #3608,#3609,#3610,#3611,#3612,#3613,#3614,#3615,#3616,#3617,#3618,
    #3619,#3620,#3621,#3622,#3623,#3624,#3625,#3626,#3627,#3628,#3629,
    #3630,#3631,#3632,#3633,#3634),.UNSPECIFIED.,.F.,.F.,(9,7,7,7,7,7,7,
    7,7,9),(0.,5.587733894013E-02,0.100786511935,0.124892112912,
    0.175247957932,0.262728591161,0.485691554898,0.70967413285,
    0.929723104325,1.),.UNSPECIFIED.);
#3570 = CARTESIAN_POINT('',(2.,-7.105427357601E-15,2.866691327831));
#3571 = CARTESIAN_POINT('',(2.,2.284752545899E-02,2.871573834481));
#3572 = CARTESIAN_POINT('',(1.999701700517,4.59678590086E-02,
    2.875681996322));
#3573 = CARTESIAN_POINT('',(1.999092666605,6.931574422389E-02,
    2.87895655771));
#3574 = CARTESIAN_POINT('',(1.998163248493,9.283727900179E-02,
    2.881342245372));
#3575 = CARTESIAN_POINT('',(1.996907789562,0.116469620497,2.882792230984
    ));
#3576 = CARTESIAN_POINT('',(1.995325834333,0.140140690061,2.883272593741
    ));
#3577 = CARTESIAN_POINT('',(1.993423336445,0.163768878173,2.882766782942
    ));
#3578 = CARTESIAN_POINT('',(1.989438093783,0.206145007314,2.880085203068
    ));
#3579 = CARTESIAN_POINT('',(1.987463379454,0.224947321696,2.878256342227
    ));
#3580 = CARTESIAN_POINT('',(1.985296463263,0.243623177465,2.875795533663
    ));
#3581 = CARTESIAN_POINT('',(1.982946202248,0.262131846164,2.872713253721
    ));
#3582 = CARTESIAN_POINT('',(1.980423119118,0.280437964955,2.869027098058
    ));
#3583 = CARTESIAN_POINT('',(1.977738950487,0.298511115636,2.864760460217
    ));
#3584 = CARTESIAN_POINT('',(1.974906195113,0.316325403651,2.859941210215
    ));
#3585 = CARTESIAN_POINT('',(1.970344262241,0.343270450038,2.851733607178
    ));
#3586 = CARTESIAN_POINT('',(1.968711615398,0.352601644197,2.848716296327
    ));
#3587 = CARTESIAN_POINT('',(1.967041648746,0.361849799551,2.845553186632
    ));
#3588 = CARTESIAN_POINT('',(1.965336242702,0.371012536918,2.842249055836
    ));
#3589 = CARTESIAN_POINT('',(1.963597230957,0.380087917961,2.838808713357
    ));
#3590 = CARTESIAN_POINT('',(1.96182640048,0.389074445187,2.835237000294)
  );
#3591 = CARTESIAN_POINT('',(1.960025491517,0.397971061951,2.831538789421
    ));
#3592 = CARTESIAN_POINT('',(1.954374859893,0.425172799543,2.819739533871
    ));
#3593 = CARTESIAN_POINT('',(1.950429887895,0.443171690162,2.811229797215
    ));
#3594 = CARTESIAN_POINT('',(1.946376096348,0.46077010817,2.802232856682)
  );
#3595 = CARTESIAN_POINT('',(1.942227039207,0.477969137319,2.792790149574
    ));
#3596 = CARTESIAN_POINT('',(1.937994895869,0.494773973385,2.782940702589
    ));
#3597 = CARTESIAN_POINT('',(1.933690357422,0.511193236291,2.772720365357
    ));
#3598 = CARTESIAN_POINT('',(1.929322512888,0.527238282234,2.762161043992
    ));
#3599 = CARTESIAN_POINT('',(1.917213533298,0.570169932372,2.732404112534
    ));
#3600 = CARTESIAN_POINT('',(1.909362749358,0.596317738683,2.712585297714
    ));
#3601 = CARTESIAN_POINT('',(1.901383462552,0.621444332209,2.691973418592
    ));
#3602 = CARTESIAN_POINT('',(1.893305631545,0.645621565049,2.670686826581
    ));
#3603 = CARTESIAN_POINT('',(1.885152654762,0.668916282616,2.648823409187
    ));
#3604 = CARTESIAN_POINT('',(1.876941930385,0.691391862319,2.626461703114
    ));
#3605 = CARTESIAN_POINT('',(1.868685416358,0.713109752236,2.603662007363
    ));
#3606 = CARTESIAN_POINT('',(1.8392480461,0.787708146976,2.521351361364)
  );
#3607 = CARTESIAN_POINT('',(1.817890717474,0.836666416853,2.459772274319
    ));
#3608 = CARTESIAN_POINT('',(1.796435106295,0.882030334849,2.396456725417
    ));
#3609 = CARTESIAN_POINT('',(1.774947918264,0.924346038369,2.331849740207
    ));
#3610 = CARTESIAN_POINT('',(1.753472631156,0.964067870942,2.266282736362
    ));
#3611 = CARTESIAN_POINT('',(1.732026445197,1.001529636234,2.199958741174
    ));
#3612 = CARTESIAN_POINT('',(1.710606546102,1.037027233508,2.132991290214
    ));
#3613 = CARTESIAN_POINT('',(1.667672867086,1.104754323957,1.997500365643
    ));
#3614 = CARTESIAN_POINT('',(1.646184067063,1.136929224913,1.929050062417
    ));
#3615 = CARTESIAN_POINT('',(1.624721733917,1.167563863117,1.860148117766
    ));
#3616 = CARTESIAN_POINT('',(1.603284559559,1.196826538359,1.790869847822
    ));
#3617 = CARTESIAN_POINT('',(1.581870308425,1.224849293657,1.721273225579
    ));
#3618 = CARTESIAN_POINT('',(1.560475657575,1.251741990274,1.651402856607
    ));
#3619 = CARTESIAN_POINT('',(1.539096041026,1.277599380086,1.581291937551
    ));
#3620 = CARTESIAN_POINT('',(1.496730267494,1.326965642448,1.44186759586)
  );
#3621 = CARTESIAN_POINT('',(1.475745537043,1.350506187428,1.372567663391
    ));
#3622 = CARTESIAN_POINT('',(1.454767139496,1.373196978382,1.30308791804)
  );
#3623 = CARTESIAN_POINT('',(1.433791252441,1.395100204454,1.233449793516
    ));
#3624 = CARTESIAN_POINT('',(1.412814292101,1.416268175323,1.163671108089
    ));
#3625 = CARTESIAN_POINT('',(1.391832806864,1.436745420754,1.093766533468
    ));
#3626 = CARTESIAN_POINT('',(1.37084337083,1.456570790149,1.023748063681)
  );
#3627 = CARTESIAN_POINT('',(1.343135435756,1.481914241797,0.931230481661
    ));
#3628 = CARTESIAN_POINT('',(1.336427249702,1.487986000525,0.908824935499
    ));
#3629 = CARTESIAN_POINT('',(1.329717815087,1.493995943048,0.886409188543
    ));
#3630 = CARTESIAN_POINT('',(1.323007029597,1.499945140918,0.863983568831
    ));
#3631 = CARTESIAN_POINT('',(1.316294792687,1.505834622472,0.841548389364
    ));
#3632 = CARTESIAN_POINT('',(1.309581005578,1.511665372827,0.819103948102
    ));
#3633 = CARTESIAN_POINT('',(1.302865571263,1.517438333884,0.796650527967
    ));
#3634 = CARTESIAN_POINT('',(1.296148394505,1.523154404328,0.774188396842
    ));
#3635 = PCURVE('',#2054,#3636);
#3636 = DEFINITIONAL_REPRESENTATION('',(#3637),#3703);
#3637 = B_SPLINE_CURVE_WITH_KNOTS('',8,(#3638,#3639,#3640,#3641,#3642,
    #3643,#3644,#3645,#3646,#3647,#3648,#3649,#3650,#3651,#3652,#3653,
    #3654,#3655,#3656,#3657,#3658,#3659,#3660,#3661,#3662,#3663,#3664,
    #3665,#3666,#3667,#3668,#3669,#3670,#3671,#3672,#3673,#3674,#3675,
    #3676,#3677,#3678,#3679,#3680,#3681,#3682,#3683,#3684,#3685,#3686,
    #3687,#3688,#3689,#3690,#3691,#3692,#3693,#3694,#3695,#3696,#3697,
    #3698,#3699,#3700,#3701,#3702),.UNSPECIFIED.,.F.,.F.,(9,7,7,7,7,7,7,
    7,7,9),(0.,5.587733894013E-02,0.100786511935,0.124892112912,
    0.175247957932,0.262728591161,0.485691554898,0.70967413285,
    0.929723104325,1.),.UNSPECIFIED.);
#3638 = CARTESIAN_POINT('',(0.,2.866691327831));
#3639 = CARTESIAN_POINT('',(1.14237627295E-02,2.871573834481));
#3640 = CARTESIAN_POINT('',(2.298394230789E-02,2.875681996322));
#3641 = CARTESIAN_POINT('',(3.466013984807E-02,2.87895655771));
#3642 = CARTESIAN_POINT('',(4.642793837964E-02,2.881342245372));
#3643 = CARTESIAN_POINT('',(5.825859134189E-02,2.882792230984));
#3644 = CARTESIAN_POINT('',(7.011871107671E-02,2.883272593741));
#3645 = CARTESIAN_POINT('',(8.196995732152E-02,2.882766782942));
#3646 = CARTESIAN_POINT('',(0.103251513186,2.880085203068));
#3647 = CARTESIAN_POINT('',(0.112703813078,2.878256342227));
#3648 = CARTESIAN_POINT('',(0.122103469674,2.875795533663));
#3649 = CARTESIAN_POINT('',(0.131431045693,2.872713253721));
#3650 = CARTESIAN_POINT('',(0.140669603036,2.869027098058));
#3651 = CARTESIAN_POINT('',(0.149804483546,2.864760460217));
#3652 = CARTESIAN_POINT('',(0.158823089766,2.859941210215));
#3653 = CARTESIAN_POINT('',(0.17248733834,2.851733607178));
#3654 = CARTESIAN_POINT('',(0.177223740021,2.848716296327));
#3655 = CARTESIAN_POINT('',(0.181922485625,2.845553186632));
#3656 = CARTESIAN_POINT('',(0.186582400138,2.842249055836));
#3657 = CARTESIAN_POINT('',(0.191202518643,2.838808713357));
#3658 = CARTESIAN_POINT('',(0.195782086323,2.835237000294));
#3659 = CARTESIAN_POINT('',(0.200320558462,2.831538789421));
#3660 = CARTESIAN_POINT('',(0.214211780202,2.819739533871));
#3661 = CARTESIAN_POINT('',(0.223424299554,2.811229797215));
#3662 = CARTESIAN_POINT('',(0.232453101337,2.802232856682));
#3663 = CARTESIAN_POINT('',(0.241298390494,2.792790149574));
#3664 = CARTESIAN_POINT('',(0.249962335567,2.782940702589));
#3665 = CARTESIAN_POINT('',(0.258448770186,2.772720365357));
#3666 = CARTESIAN_POINT('',(0.266762894568,2.762161043992));
#3667 = CARTESIAN_POINT('',(0.289066223749,2.732404112534));
#3668 = CARTESIAN_POINT('',(0.302714807248,2.712585297714));
#3669 = CARTESIAN_POINT('',(0.315893670819,2.691973418592));
#3670 = CARTESIAN_POINT('',(0.328636413961,2.670686826581));
#3671 = CARTESIAN_POINT('',(0.340974206668,2.648823409187));
#3672 = CARTESIAN_POINT('',(0.352936703741,2.626461703114));
#3673 = CARTESIAN_POINT('',(0.364552959099,2.603662007363));
#3674 = CARTESIAN_POINT('',(0.404651211135,2.521351361364));
#3675 = CARTESIAN_POINT('',(0.431341364715,2.459772274319));
#3676 = CARTESIAN_POINT('',(0.456414130422,2.396456725417));
#3677 = CARTESIAN_POINT('',(0.480125772788,2.331849740207));
#3678 = CARTESIAN_POINT('',(0.502689747028,2.266282736362));
#3679 = CARTESIAN_POINT('',(0.524263058926,2.199958741174));
#3680 = CARTESIAN_POINT('',(0.544987789996,2.132991290214));
#3681 = CARTESIAN_POINT('',(0.585082239657,1.997500365643));
#3682 = CARTESIAN_POINT('',(0.604422252478,1.929050062417));
#3683 = CARTESIAN_POINT('',(0.623117019965,1.860148117766));
#3684 = CARTESIAN_POINT('',(0.64124661282,1.790869847822));
#3685 = CARTESIAN_POINT('',(0.658873818306,1.721273225579));
#3686 = CARTESIAN_POINT('',(0.676051066725,1.651402856607));
#3687 = CARTESIAN_POINT('',(0.692823938206,1.581291937551));
#3688 = CARTESIAN_POINT('',(0.725350414447,1.44186759586));
#3689 = CARTESIAN_POINT('',(0.741115618161,1.372567663391));
#3690 = CARTESIAN_POINT('',(0.756562663096,1.30308791804));
#3691 = CARTESIAN_POINT('',(0.771721668793,1.233449793516));
#3692 = CARTESIAN_POINT('',(0.786618100223,1.163671108089));
#3693 = CARTESIAN_POINT('',(0.801273795804,1.093766533468));
#3694 = CARTESIAN_POINT('',(0.815707995416,1.023748063681));
#3695 = CARTESIAN_POINT('',(0.834483113308,0.931230481661));
#3696 = CARTESIAN_POINT('',(0.839007044123,0.908824935499));
#3697 = CARTESIAN_POINT('',(0.843510717678,0.886409188543));
#3698 = CARTESIAN_POINT('',(0.847994670896,0.863983568831));
#3699 = CARTESIAN_POINT('',(0.852459420806,0.841548389364));
#3700 = CARTESIAN_POINT('',(0.856905464544,0.819103948102));
#3701 = CARTESIAN_POINT('',(0.861333279351,0.796650527967));
#3702 = CARTESIAN_POINT('',(0.865743322574,0.774188396842));
#3703 = ( GEOMETRIC_REPRESENTATION_CONTEXT(2) 
PARAMETRIC_REPRESENTATION_CONTEXT() REPRESENTATION_CONTEXT('2D SPACE',''
  ) );
#3704 = PCURVE('',#2889,#3705);
#3705 = DEFINITIONAL_REPRESENTATION('',(#3706),#3772);
#3706 = B_SPLINE_CURVE_WITH_KNOTS('',8,(#3707,#3708,#3709,#3710,#3711,
    #3712,#3713,#3714,#3715,#3716,#3717,#3718,#3719,#3720,#3721,#3722,
    #3723,#3724,#3725,#3726,#3727,#3728,#3729,#3730,#3731,#3732,#3733,
    #3734,#3735,#3736,#3737,#3738,#3739,#3740,#3741,#3742,#3743,#3744,
    #3745,#3746,#3747,#3748,#3749,#3750,#3751,#3752,#3753,#3754,#3755,
    #3756,#3757,#3758,#3759,#3760,#3761,#3762,#3763,#3764,#3765,#3766,
    #3767,#3768,#3769,#3770,#3771),.UNSPECIFIED.,.F.,.F.,(9,7,7,7,7,7,7,
    7,7,9),(0.,5.587733894013E-02,0.100786511935,0.124892112912,
    0.175247957932,0.262728591161,0.485691554898,0.70967413285,
    0.929723104325,1.),.UNSPECIFIED.);
#3707 = CARTESIAN_POINT('',(0.861156208989,0.));
#3708 = CARTESIAN_POINT('',(0.860757340705,1.667647439186E-04));
#3709 = CARTESIAN_POINT('',(0.860412190615,3.356107282314E-04));
#3710 = CARTESIAN_POINT('',(0.860125037699,5.062112519994E-04));
#3711 = CARTESIAN_POINT('',(0.859899892751,6.781755520616E-04));
#3712 = CARTESIAN_POINT('',(0.859740185176,8.510463019531E-04));
#3713 = CARTESIAN_POINT('',(0.859648449781,1.024297110825E-03));
#3714 = CARTESIAN_POINT('',(0.859626013568,1.197330022361E-03));
#3715 = CARTESIAN_POINT('',(0.859710190839,1.507826047762E-03));
#3716 = CARTESIAN_POINT('',(0.859792347706,1.64565420577E-03));
#3717 = CARTESIAN_POINT('',(0.859919100747,1.782615666774E-03));
#3718 = CARTESIAN_POINT('',(0.860089786949,1.918410200755E-03));
#3719 = CARTESIAN_POINT('',(0.860303227946,2.052776243561E-03));
#3720 = CARTESIAN_POINT('',(0.8605578253,2.185487971843E-03));
#3721 = CARTESIAN_POINT('',(0.860851655782,2.316352377989E-03));
#3722 = CARTESIAN_POINT('',(0.861360187499,2.514370440212E-03));
#3723 = CARTESIAN_POINT('',(0.861548508976,2.582960021242E-03));
#3724 = CARTESIAN_POINT('',(0.861747200354,2.650953892393E-03));
#3725 = CARTESIAN_POINT('',(0.861955927794,2.718334092213E-03));
#3726 = CARTESIAN_POINT('',(0.862174354334,2.78508589356E-03));
#3727 = CARTESIAN_POINT('',(0.8624021399,2.851197803597E-03));
#3728 = CARTESIAN_POINT('',(0.862638941299,2.916661563792E-03));
#3729 = CARTESIAN_POINT('',(0.863397193284,3.116859433314E-03));
#3730 = CARTESIAN_POINT('',(0.863947788297,3.249383789592E-03));
#3731 = CARTESIAN_POINT('',(0.864533149648,3.379013449205E-03));
#3732 = CARTESIAN_POINT('',(0.865150338223,3.505752105069E-03));
#3733 = CARTESIAN_POINT('',(0.865796578363,3.629633916884E-03));
#3734 = CARTESIAN_POINT('',(0.866469312821,3.750718515453E-03));
#3735 = CARTESIAN_POINT('',(0.867166257722,3.869086006999E-03));
#3736 = CARTESIAN_POINT('',(0.869134886524,4.185911530182E-03));
#3737 = CARTESIAN_POINT('',(0.870450950326,4.379000463143E-03));
#3738 = CARTESIAN_POINT('',(0.871823560135,4.56465964102E-03));
#3739 = CARTESIAN_POINT('',(0.873244186816,4.743404476447E-03));
#3740 = CARTESIAN_POINT('',(0.874705771244,4.915715926977E-03));
#3741 = CARTESIAN_POINT('',(0.876202634663,5.082051492025E-03));
#3742 = CARTESIAN_POINT('',(0.877730389041,5.242856209798E-03));
#3743 = CARTESIAN_POINT('',(0.883250263308,5.795452616311E-03));
#3744 = CARTESIAN_POINT('',(0.887387822487,6.158591899099E-03));
#3745 = CARTESIAN_POINT('',(0.891644970082,6.495435622647E-03));
#3746 = CARTESIAN_POINT('',(0.895989400877,6.809952297481E-03));
#3747 = CARTESIAN_POINT('',(0.900397164861,7.105447620473E-03));
#3748 = CARTESIAN_POINT('',(0.904853645811,7.384354905763E-03));
#3749 = CARTESIAN_POINT('',(0.909350528941,7.648835758782E-03));
#3750 = CARTESIAN_POINT('',(0.918442251368,8.153801028246E-03));
#3751 = CARTESIAN_POINT('',(0.92303214956,8.393880033568E-03));
#3752 = CARTESIAN_POINT('',(0.927648647557,8.622627376867E-03));
#3753 = CARTESIAN_POINT('',(0.932286478408,8.841272630177E-03));
#3754 = CARTESIAN_POINT('',(0.936941688302,9.05078086283E-03));
#3755 = CARTESIAN_POINT('',(0.941611311552,9.251955394999E-03));
#3756 = CARTESIAN_POINT('',(0.946293207204,9.445489425003E-03));
#3757 = CARTESIAN_POINT('',(0.955596490976,9.815168704476E-03));
#3758 = CARTESIAN_POINT('',(0.960217104308,9.991547604195E-03));
#3759 = CARTESIAN_POINT('',(0.964846320679,1.016164594034E-02));
#3760 = CARTESIAN_POINT('',(0.969482877862,1.032591880998E-02));
#3761 = CARTESIAN_POINT('',(0.974125788699,1.048474905097E-02));
#3762 = CARTESIAN_POINT('',(0.978774301824,1.063846259656E-02));
#3763 = CARTESIAN_POINT('',(0.983427862376,1.078734382993E-02));
#3764 = CARTESIAN_POINT('',(0.989573762305,1.097773820548E-02));
#3765 = CARTESIAN_POINT('',(0.991061921237,1.102335863669E-02));
#3766 = CARTESIAN_POINT('',(0.992550535052,1.106852039187E-02));
#3767 = CARTESIAN_POINT('',(0.99403959041,1.111323131391E-02));
#3768 = CARTESIAN_POINT('',(0.995529075103,1.11574989292E-02));
#3769 = CARTESIAN_POINT('',(0.997018978047,1.120133044754E-02));
#3770 = CARTESIAN_POINT('',(0.998509289288,1.124473276222E-02));
#3771 = CARTESIAN_POINT('',(1.,1.128771244998E-02));
#3772 = ( GEOMETRIC_REPRESENTATION_CONTEXT(2) 
PARAMETRIC_REPRESENTATION_CONTEXT() REPRESENTATION_CONTEXT('2D SPACE',''
  ) );
#3773 = ORIENTED_EDGE('',*,*,#3774,.F.);
#3774 = EDGE_CURVE('',#3775,#3566,#3777,.T.);
#3775 = VERTEX_POINT('',#3776);
#3776 = CARTESIAN_POINT('',(1.049913616882,1.702257735211,0.403514106244
    ));
#3777 = SURFACE_CURVE('',#3778,(#3891,#4007),.PCURVE_S1.);
#3778 = B_SPLINE_CURVE_WITH_KNOTS('',6,(#3779,#3780,#3781,#3782,#3783,
    #3784,#3785,#3786,#3787,#3788,#3789,#3790,#3791,#3792,#3793,#3794,
    #3795,#3796,#3797,#3798,#3799,#3800,#3801,#3802,#3803,#3804,#3805,
    #3806,#3807,#3808,#3809,#3810,#3811,#3812,#3813,#3814,#3815,#3816,
    #3817,#3818,#3819,#3820,#3821,#3822,#3823,#3824,#3825,#3826,#3827,
    #3828,#3829,#3830,#3831,#3832,#3833,#3834,#3835,#3836,#3837,#3838,
    #3839,#3840,#3841,#3842,#3843,#3844,#3845,#3846,#3847,#3848,#3849,
    #3850,#3851,#3852,#3853,#3854,#3855,#3856,#3857,#3858,#3859,#3860,
    #3861,#3862,#3863,#3864,#3865,#3866,#3867,#3868,#3869,#3870,#3871,
    #3872,#3873,#3874,#3875,#3876,#3877,#3878,#3879,#3880,#3881,#3882,
    #3883,#3884,#3885,#3886,#3887,#3888,#3889,#3890),.UNSPECIFIED.,.F.,
  .F.,(7,5,5,5,5,5,5,5,5,5,5,5,5,5,5,5,5,5,5,5,5,5,7),(0.,0.14641013036,
    0.325808758147,0.403279300517,0.44798743833,0.474568856929,
    0.498499235159,0.520041489172,0.539378142746,0.563905427583,
    0.58491958615,0.599366066585,0.60720526325,0.623029960616,
    0.641737937378,0.651702511094,0.672947180964,0.690206087294,
    0.709445923078,0.739680376065,0.804639964497,0.867939204951,1.),
  .UNSPECIFIED.);
#3779 = CARTESIAN_POINT('',(1.049913616882,1.702257735211,0.403514106244
    ));
#3780 = CARTESIAN_POINT('',(1.080271057274,1.683533960672,0.431283608113
    ));
#3781 = CARTESIAN_POINT('',(1.110468062352,1.664012302784,0.458814470494
    ));
#3782 = CARTESIAN_POINT('',(1.140463622203,1.643691609799,0.486101720669
    ));
#3783 = CARTESIAN_POINT('',(1.170217223962,1.622572751647,0.51313855414)
  );
#3784 = CARTESIAN_POINT('',(1.199686971036,1.6006609039,0.539917236652)
  );
#3785 = CARTESIAN_POINT('',(1.264534297195,1.550161654672,0.598916518398
    ));
#3786 = CARTESIAN_POINT('',(1.299744374531,1.521184658343,0.631001578722
    ));
#3787 = CARTESIAN_POINT('',(1.334378931097,1.491055551871,0.662674205104
    ));
#3788 = CARTESIAN_POINT('',(1.368343333915,1.459816793343,0.693918436862
    ));
#3789 = CARTESIAN_POINT('',(1.401527873305,1.42753629015,0.724715715951)
  );
#3790 = CARTESIAN_POINT('',(1.447709834835,1.380049038416,0.768159725501
    ));
#3791 = CARTESIAN_POINT('',(1.461463748906,1.365562880613,0.781176511874
    ));
#3792 = CARTESIAN_POINT('',(1.475031128527,1.350925381445,0.794106997651
    ));
#3793 = CARTESIAN_POINT('',(1.488397279028,1.336153417778,0.806949733649
    ));
#3794 = CARTESIAN_POINT('',(1.501543910465,1.321270679725,0.819702726772
    ));
#3795 = CARTESIAN_POINT('',(1.521895014114,1.297676986249,0.839670437721
    ));
#3796 = CARTESIAN_POINT('',(1.529260985427,1.289018019138,0.846946311702
    ));
#3797 = CARTESIAN_POINT('',(1.536541682633,1.280339703593,0.854190987053
    ));
#3798 = CARTESIAN_POINT('',(1.543731700096,1.271650220206,0.861403699693
    ));
#3799 = CARTESIAN_POINT('',(1.550824510308,1.262959815281,0.868583325087
    ));
#3800 = CARTESIAN_POINT('',(1.561967182212,1.249120654895,0.879976500802
    ));
#3801 = CARTESIAN_POINT('',(1.566084769877,1.243964644224,0.88421236355)
  );
#3802 = CARTESIAN_POINT('',(1.570163605932,1.238815386335,0.888435655296
    ));
#3803 = CARTESIAN_POINT('',(1.5742017749,1.233676028544,0.892645936237)
  );
#3804 = CARTESIAN_POINT('',(1.578197066788,1.228550247976,0.896842637961
    ));
#3805 = CARTESIAN_POINT('',(1.585702951608,1.218843690136,0.90479036375)
  );
#3806 = CARTESIAN_POINT('',(1.589222097577,1.214259619712,0.908544058116
    ));
#3807 = CARTESIAN_POINT('',(1.592702612992,1.209693070867,0.912285660479
    ));
#3808 = CARTESIAN_POINT('',(1.596142336563,1.205147707112,0.916014493554
    ));
#3809 = CARTESIAN_POINT('',(1.599538747705,1.200627824894,0.919729688828
    ));
#3810 = CARTESIAN_POINT('',(1.605904851392,1.192096907606,0.926761394341
    ));
#3811 = CARTESIAN_POINT('',(1.608883244788,1.188080199965,0.930080643156
    ));
#3812 = CARTESIAN_POINT('',(1.611822076381,1.184091780089,0.933387190025
    ));
#3813 = CARTESIAN_POINT('',(1.614718836624,1.180135956105,0.936680016072
    ));
#3814 = CARTESIAN_POINT('',(1.617570576771,1.176217794852,0.939957826528
    ));
#3815 = CARTESIAN_POINT('',(1.622890222255,1.168865156716,0.946146374983
    ));
#3816 = CARTESIAN_POINT('',(1.625367464003,1.165422340114,0.949060271661
    ));
#3817 = CARTESIAN_POINT('',(1.627803215733,1.162018837333,0.951959641275
    ));
#3818 = CARTESIAN_POINT('',(1.630194537266,1.15865969901,0.954843003715)
  );
#3819 = CARTESIAN_POINT('',(1.632537966636,1.155350861152,0.957708498241
    ));
#3820 = CARTESIAN_POINT('',(1.637736206304,1.147974555305,0.964163069244
    ));
#3821 = CARTESIAN_POINT('',(1.640559101395,1.14394237854,0.967739528405)
  );
#3822 = CARTESIAN_POINT('',(1.643290452809,1.14001595092,0.971279149851)
  );
#3823 = CARTESIAN_POINT('',(1.645919894159,1.136212949268,0.974775525201
    ));
#3824 = CARTESIAN_POINT('',(1.648434445231,1.13255539116,0.978219948821)
  );
#3825 = CARTESIAN_POINT('',(1.652861100752,1.126083155389,0.984498547537
    ));
#3826 = CARTESIAN_POINT('',(1.654807677353,1.123223133504,0.987349080513
    ));
#3827 = CARTESIAN_POINT('',(1.656648218401,1.120506529684,0.990146059919
    ));
#3828 = CARTESIAN_POINT('',(1.658370536125,1.11795379869,0.992879976979)
  );
#3829 = CARTESIAN_POINT('',(1.659960278369,1.115588889636,0.99553877097)
  );
#3830 = CARTESIAN_POINT('',(1.662391323946,1.11196144306,0.999873964648)
  );
#3831 = CARTESIAN_POINT('',(1.663311299713,1.110585291575,1.001597624842
    ));
#3832 = CARTESIAN_POINT('',(1.664155298711,1.109320011323,1.003273813549
    ));
#3833 = CARTESIAN_POINT('',(1.664917609507,1.108175024988,1.004896963142
    ));
#3834 = CARTESIAN_POINT('',(1.665592366412,1.107159958139,1.006460934625
    ));
#3835 = CARTESIAN_POINT('',(1.666488920991,1.105809658702,1.008771933098
    ));
#3836 = CARTESIAN_POINT('',(1.666776764092,1.105375785127,1.009565455395
    ));
#3837 = CARTESIAN_POINT('',(1.667036133649,1.104984559525,1.010338509755
    ));
#3838 = CARTESIAN_POINT('',(1.667266141881,1.104637422635,1.011090021062
    ));
#3839 = CARTESIAN_POINT('',(1.667465958359,1.104335714929,1.011818913863
    ));
#3840 = CARTESIAN_POINT('',(1.6679756646,1.103565840147,1.013947670583)
  );
#3841 = CARTESIAN_POINT('',(1.668190406365,1.103241070311,1.015274881286
    ));
#3842 = CARTESIAN_POINT('',(1.668272701052,1.103116524447,1.016496636973
    ));
#3843 = CARTESIAN_POINT('',(1.668218009921,1.103199303541,1.017604907246
    ));
#3844 = CARTESIAN_POINT('',(1.668024333159,1.103492267479,1.018593428057
    ));
#3845 = CARTESIAN_POINT('',(1.667301195588,1.10458463998,1.020480951171)
  );
#3846 = CARTESIAN_POINT('',(1.666716859489,1.105466786472,1.021331138029
    ));
#3847 = CARTESIAN_POINT('',(1.665941939469,1.106635294072,1.022002393282
    ));
#3848 = CARTESIAN_POINT('',(1.664984284955,1.108076437513,1.022494741744
    ));
#3849 = CARTESIAN_POINT('',(1.663855791656,1.109769908858,1.022813109424
    ));
#3850 = CARTESIAN_POINT('',(1.661886047584,1.112715723592,1.023046886059
    ));
#3851 = CARTESIAN_POINT('',(1.661156943599,1.113804487208,1.023081075366
    ));
#3852 = CARTESIAN_POINT('',(1.6603853653,1.114954737096,1.023069489434)
  );
#3853 = CARTESIAN_POINT('',(1.659573403512,1.116162953456,1.023013542448
    ));
#3854 = CARTESIAN_POINT('',(1.658723155519,1.117425614797,1.022914782913
    ));
#3855 = CARTESIAN_POINT('',(1.655946837673,1.121539783403,1.022476646938
    ));
#3856 = CARTESIAN_POINT('',(1.653892619492,1.124571653189,1.021991377173
    ));
#3857 = CARTESIAN_POINT('',(1.651693651477,1.12780188777,1.021334997498)
  );
#3858 = CARTESIAN_POINT('',(1.649368111948,1.131200173918,1.020523839712
    ));
#3859 = CARTESIAN_POINT('',(1.64693161356,1.134740544726,1.019573151897)
  );
#3860 = CARTESIAN_POINT('',(1.642336171958,1.141378550054,1.017620203056
    ));
#3861 = CARTESIAN_POINT('',(1.640211127463,1.144434311095,1.016661174053
    ));
#3862 = CARTESIAN_POINT('',(1.638027476956,1.147559465411,1.015625450219
    ));
#3863 = CARTESIAN_POINT('',(1.635790883228,1.150744596789,1.014519221875
    ));
#3864 = CARTESIAN_POINT('',(1.633506101685,1.153981810141,1.013347928487
    ));
#3865 = CARTESIAN_POINT('',(1.628580528911,1.160924457494,1.010743221202
    ));
#3866 = CARTESIAN_POINT('',(1.625929122473,1.16464075024,1.00929523575)
  );
#3867 = CARTESIAN_POINT('',(1.623228116742,1.16840474287,1.007778767813)
  );
#3868 = CARTESIAN_POINT('',(1.620482063232,1.172208915377,1.006199477439
    ));
#3869 = CARTESIAN_POINT('',(1.617694709256,1.176047094619,1.004562219224
    ));
#3870 = CARTESIAN_POINT('',(1.610428531955,1.185991819351,1.000213441199
    ));
#3871 = CARTESIAN_POINT('',(1.605893743894,1.19214065911,0.997422958653)
  );
#3872 = CARTESIAN_POINT('',(1.601276142735,1.198341972829,0.994515443052
    ));
#3873 = CARTESIAN_POINT('',(1.596584745676,1.204581197524,0.991503625431
    ));
#3874 = CARTESIAN_POINT('',(1.59182636846,1.210847453181,0.988397667721)
  );
#3875 = CARTESIAN_POINT('',(1.576649034901,1.230637009736,0.978347700536
    ));
#3876 = CARTESIAN_POINT('',(1.566008875835,1.244225036847,0.9710948694)
  );
#3877 = CARTESIAN_POINT('',(1.555133296213,1.257819478091,0.963527191433
    ));
#3878 = CARTESIAN_POINT('',(1.544053281278,1.271374348567,0.955696473118
    ));
#3879 = CARTESIAN_POINT('',(1.532789920573,1.284860102116,0.947641849375
    ));
#3880 = CARTESIAN_POINT('',(1.510208402187,1.311321981344,0.931347354571
    ));
#3881 = CARTESIAN_POINT('',(1.498901634876,1.324299224016,0.923119424658
    ));
#3882 = CARTESIAN_POINT('',(1.487445153629,1.337176958693,0.914731741033
    ));
#3883 = CARTESIAN_POINT('',(1.475848473163,1.349943461089,0.90620495238)
  );
#3884 = CARTESIAN_POINT('',(1.46411854784,1.362591039732,0.897555500445)
  );
#3885 = CARTESIAN_POINT('',(1.427520060583,1.401242742431,0.870524696373
    ));
#3886 = CARTESIAN_POINT('',(1.402224385817,1.426827650724,0.851780913317
    ));
#3887 = CARTESIAN_POINT('',(1.376416609491,1.451825076013,0.832689740227
    ));
#3888 = CARTESIAN_POINT('',(1.350124947452,1.476215997894,0.813340881972
    ));
#3889 = CARTESIAN_POINT('',(1.323367370359,1.499992056667,0.793814441059
    ));
#3890 = CARTESIAN_POINT('',(1.296148394505,1.523154404328,0.774188396842
    ));
#3891 = PCURVE('',#2054,#3892);
#3892 = DEFINITIONAL_REPRESENTATION('',(#3893),#4006);
#3893 = B_SPLINE_CURVE_WITH_KNOTS('',6,(#3894,#3895,#3896,#3897,#3898,
    #3899,#3900,#3901,#3902,#3903,#3904,#3905,#3906,#3907,#3908,#3909,
    #3910,#3911,#3912,#3913,#3914,#3915,#3916,#3917,#3918,#3919,#3920,
    #3921,#3922,#3923,#3924,#3925,#3926,#3927,#3928,#3929,#3930,#3931,
    #3932,#3933,#3934,#3935,#3936,#3937,#3938,#3939,#3940,#3941,#3942,
    #3943,#3944,#3945,#3946,#3947,#3948,#3949,#3950,#3951,#3952,#3953,
    #3954,#3955,#3956,#3957,#3958,#3959,#3960,#3961,#3962,#3963,#3964,
    #3965,#3966,#3967,#3968,#3969,#3970,#3971,#3972,#3973,#3974,#3975,
    #3976,#3977,#3978,#3979,#3980,#3981,#3982,#3983,#3984,#3985,#3986,
    #3987,#3988,#3989,#3990,#3991,#3992,#3993,#3994,#3995,#3996,#3997,
    #3998,#3999,#4000,#4001,#4002,#4003,#4004,#4005),.UNSPECIFIED.,.F.,
  .F.,(7,5,5,5,5,5,5,5,5,5,5,5,5,5,5,5,5,5,5,5,5,5,7),(0.,0.14641013036,
    0.325808758147,0.403279300517,0.44798743833,0.474568856929,
    0.498499235159,0.520041489172,0.539378142746,0.563905427583,
    0.58491958615,0.599366066585,0.60720526325,0.623029960616,
    0.641737937378,0.651702511094,0.672947180964,0.690206087294,
    0.709445923078,0.739680376065,0.804639964497,0.867939204951,1.),
  .UNSPECIFIED.);
#3894 = CARTESIAN_POINT('',(1.018131960696,0.403514106244));
#3895 = CARTESIAN_POINT('',(1.000298327302,0.431283608113));
#3896 = CARTESIAN_POINT('',(0.982323539802,0.458814470494));
#3897 = CARTESIAN_POINT('',(0.964214550345,0.486101720669));
#3898 = CARTESIAN_POINT('',(0.945977792584,0.51313855414));
#3899 = CARTESIAN_POINT('',(0.927620744541,0.539917236652));
#3900 = CARTESIAN_POINT('',(0.886525276779,0.598916518398));
#3901 = CARTESIAN_POINT('',(0.863733258518,0.631001578722));
#3902 = CARTESIAN_POINT('',(0.840793441739,0.662674205104));
#3903 = CARTESIAN_POINT('',(0.817734004588,0.693918436862));
#3904 = CARTESIAN_POINT('',(0.794595322025,0.724715715951));
#3905 = CARTESIAN_POINT('',(0.761475038783,0.768159725501));
#3906 = CARTESIAN_POINT('',(0.751488025881,0.781176511874));
#3907 = CARTESIAN_POINT('',(0.741510002101,0.794106997651));
#3908 = CARTESIAN_POINT('',(0.731550334709,0.806949733649));
#3909 = CARTESIAN_POINT('',(0.721622156831,0.819702726772));
#3910 = CARTESIAN_POINT('',(0.706043086002,0.839670437721));
#3911 = CARTESIAN_POINT('',(0.700359137717,0.846946311702));
#3912 = CARTESIAN_POINT('',(0.694695375115,0.854190987053));
#3913 = CARTESIAN_POINT('',(0.689056340302,0.861403699693));
#3914 = CARTESIAN_POINT('',(0.683447742807,0.868583325087));
#3915 = CARTESIAN_POINT('',(0.674564028812,0.879976500802));
#3916 = CARTESIAN_POINT('',(0.671264851845,0.88421236355));
#3917 = CARTESIAN_POINT('',(0.667980390235,0.888435655296));
#3918 = CARTESIAN_POINT('',(0.664712407949,0.892645936237));
#3919 = CARTESIAN_POINT('',(0.661462971376,0.896842637961));
#3920 = CARTESIAN_POINT('',(0.655327916934,0.90479036375));
#3921 = CARTESIAN_POINT('',(0.652438380883,0.908544058116));
#3922 = CARTESIAN_POINT('',(0.649567546229,0.912285660479));
#3923 = CARTESIAN_POINT('',(0.64671748181,0.916014493554));
#3924 = CARTESIAN_POINT('',(0.643890620245,0.919729688828));
#3925 = CARTESIAN_POINT('',(0.638568406751,0.926761394341));
#3926 = CARTESIAN_POINT('',(0.636068180188,0.930080643156));
#3927 = CARTESIAN_POINT('',(0.63359109033,0.933387190025));
#3928 = CARTESIAN_POINT('',(0.631139587834,0.936680016072));
#3929 = CARTESIAN_POINT('',(0.628716561925,0.939957826528));
#3930 = CARTESIAN_POINT('',(0.624178943727,0.946146374983));
#3931 = CARTESIAN_POINT('',(0.622058236974,0.949060271661));
#3932 = CARTESIAN_POINT('',(0.619965598083,0.951959641275));
#3933 = CARTESIAN_POINT('',(0.61790391931,0.954843003715));
#3934 = CARTESIAN_POINT('',(0.61587660722,0.957708498241));
#3935 = CARTESIAN_POINT('',(0.611364634714,0.964163069244));
#3936 = CARTESIAN_POINT('',(0.608903591017,0.967739528405));
#3937 = CARTESIAN_POINT('',(0.606512104813,0.971279149851));
#3938 = CARTESIAN_POINT('',(0.60420036555,0.974775525201));
#3939 = CARTESIAN_POINT('',(0.601981098917,0.978219948821));
#3940 = CARTESIAN_POINT('',(0.598060476677,0.984498547537));
#3941 = CARTESIAN_POINT('',(0.596330677296,0.987349080513));
#3942 = CARTESIAN_POINT('',(0.59468998685,0.990146059919));
#3943 = CARTESIAN_POINT('',(0.593150281551,0.992879976979));
#3944 = CARTESIAN_POINT('',(0.591725495675,0.99553877097));
#3945 = CARTESIAN_POINT('',(0.589542129509,0.999873964648));
#3946 = CARTESIAN_POINT('',(0.588714460334,1.001597624842));
#3947 = CARTESIAN_POINT('',(0.587953989265,1.003273813549));
#3948 = CARTESIAN_POINT('',(0.58726621939,1.004896963142));
#3949 = CARTESIAN_POINT('',(0.58665678166,1.006460934625));
#3950 = CARTESIAN_POINT('',(0.585846362218,1.008771933098));
#3951 = CARTESIAN_POINT('',(0.585586025947,1.009565455395));
#3952 = CARTESIAN_POINT('',(0.585351329331,1.010338509755));
#3953 = CARTESIAN_POINT('',(0.585143118026,1.011090021062));
#3954 = CARTESIAN_POINT('',(0.584962180077,1.011818913863));
#3955 = CARTESIAN_POINT('',(0.584500523377,1.013947670583));
#3956 = CARTESIAN_POINT('',(0.584305850933,1.015274881286));
#3957 = CARTESIAN_POINT('',(0.584231211673,1.016496636973));
#3958 = CARTESIAN_POINT('',(0.584280818857,1.017604907246));
#3959 = CARTESIAN_POINT('',(0.584456416788,1.018593428057));
#3960 = CARTESIAN_POINT('',(0.585111436945,1.020480951171));
#3961 = CARTESIAN_POINT('',(0.585640500037,1.021331138029));
#3962 = CARTESIAN_POINT('',(0.58634155464,1.022002393282));
#3963 = CARTESIAN_POINT('',(0.587206712342,1.022494741744));
#3964 = CARTESIAN_POINT('',(0.588224225482,1.022813109424));
#3965 = CARTESIAN_POINT('',(0.589996068883,1.023046886059));
#3966 = CARTESIAN_POINT('',(0.590651240243,1.023081075366));
#3967 = CARTESIAN_POINT('',(0.591343772913,1.023069489434));
#3968 = CARTESIAN_POINT('',(0.592071623535,1.023013542448));
#3969 = CARTESIAN_POINT('',(0.592832746568,1.022914782913));
#3970 = CARTESIAN_POINT('',(0.59531439542,1.022476646938));
#3971 = CARTESIAN_POINT('',(0.597145515323,1.021991377173));
#3972 = CARTESIAN_POINT('',(0.599099342198,1.021334997498));
#3973 = CARTESIAN_POINT('',(0.601158244642,1.020523839712));
#3974 = CARTESIAN_POINT('',(0.603307116868,1.019573151897));
#3975 = CARTESIAN_POINT('',(0.607343860551,1.017620203056));
#3976 = CARTESIAN_POINT('',(0.609204870074,1.016661174053));
#3977 = CARTESIAN_POINT('',(0.611111097363,1.015625450219));
#3978 = CARTESIAN_POINT('',(0.613057073201,1.014519221875));
#3979 = CARTESIAN_POINT('',(0.615038214284,1.013347928487));
#3980 = CARTESIAN_POINT('',(0.619294433834,1.010743221202));
#3981 = CARTESIAN_POINT('',(0.621577011229,1.00929523575));
#3982 = CARTESIAN_POINT('',(0.623893410966,1.007778767813));
#3983 = CARTESIAN_POINT('',(0.626239273018,1.006199477439));
#3984 = CARTESIAN_POINT('',(0.628611021765,1.004562219224));
#3985 = CARTESIAN_POINT('',(0.634769245587,1.000213441199));
#3986 = CARTESIAN_POINT('',(0.638589303665,0.997422958653));
#3987 = CARTESIAN_POINT('',(0.642455070776,0.994515443052));
#3988 = CARTESIAN_POINT('',(0.646358117216,0.991503625431));
#3989 = CARTESIAN_POINT('',(0.650292157759,0.988397667721));
#3990 = CARTESIAN_POINT('',(0.662761901167,0.978347700536));
#3991 = CARTESIAN_POINT('',(0.671390592543,0.9710948694));
#3992 = CARTESIAN_POINT('',(0.680094572869,0.963527191433));
#3993 = CARTESIAN_POINT('',(0.688847431451,0.955696473118));
#3994 = CARTESIAN_POINT('',(0.697632278378,0.947641849375));
#3995 = CARTESIAN_POINT('',(0.715025926823,0.931347354571));
#3996 = CARTESIAN_POINT('',(0.72363145542,0.923119424658));
#3997 = CARTESIAN_POINT('',(0.732248870503,0.914731741033));
#3998 = CARTESIAN_POINT('',(0.740871784927,0.90620495238));
#3999 = CARTESIAN_POINT('',(0.749496177508,0.897555500445));
#4000 = CARTESIAN_POINT('',(0.776111038916,0.870524696373));
#4001 = CARTESIAN_POINT('',(0.794096137662,0.851780913317));
#4002 = CARTESIAN_POINT('',(0.812054477377,0.832689740227));
#4003 = CARTESIAN_POINT('',(0.829979882342,0.813340881972));
#4004 = CARTESIAN_POINT('',(0.847873186902,0.793814441059));
#4005 = CARTESIAN_POINT('',(0.865743322574,0.774188396842));
#4006 = ( GEOMETRIC_REPRESENTATION_CONTEXT(2) 
PARAMETRIC_REPRESENTATION_CONTEXT() REPRESENTATION_CONTEXT('2D SPACE',''
  ) );
#4007 = PCURVE('',#3037,#4008);
#4008 = DEFINITIONAL_REPRESENTATION('',(#4009),#4122);
#4009 = B_SPLINE_CURVE_WITH_KNOTS('',6,(#4010,#4011,#4012,#4013,#4014,
    #4015,#4016,#4017,#4018,#4019,#4020,#4021,#4022,#4023,#4024,#4025,
    #4026,#4027,#4028,#4029,#4030,#4031,#4032,#4033,#4034,#4035,#4036,
    #4037,#4038,#4039,#4040,#4041,#4042,#4043,#4044,#4045,#4046,#4047,
    #4048,#4049,#4050,#4051,#4052,#4053,#4054,#4055,#4056,#4057,#4058,
    #4059,#4060,#4061,#4062,#4063,#4064,#4065,#4066,#4067,#4068,#4069,
    #4070,#4071,#4072,#4073,#4074,#4075,#4076,#4077,#4078,#4079,#4080,
    #4081,#4082,#4083,#4084,#4085,#4086,#4087,#4088,#4089,#4090,#4091,
    #4092,#4093,#4094,#4095,#4096,#4097,#4098,#4099,#4100,#4101,#4102,
    #4103,#4104,#4105,#4106,#4107,#4108,#4109,#4110,#4111,#4112,#4113,
    #4114,#4115,#4116,#4117,#4118,#4119,#4120,#4121),.UNSPECIFIED.,.F.,
  .F.,(7,5,5,5,5,5,5,5,5,5,5,5,5,5,5,5,5,5,5,5,5,5,7),(0.,0.14641013036,
    0.325808758147,0.403279300517,0.44798743833,0.474568856929,
    0.498499235159,0.520041489172,0.539378142746,0.563905427583,
    0.58491958615,0.599366066585,0.60720526325,0.623029960616,
    0.641737937378,0.651702511094,0.672947180964,0.690206087294,
    0.709445923078,0.739680376065,0.804639964497,0.867939204951,1.),
  .UNSPECIFIED.);
#4010 = CARTESIAN_POINT('',(2.,1.263660562671E-02));
#4011 = CARTESIAN_POINT('',(1.987361282042,1.249536118605E-02));
#4012 = CARTESIAN_POINT('',(1.974670641332,1.234815500663E-02));
#4013 = CARTESIAN_POINT('',(1.961876754103,1.219498762632E-02));
#4014 = CARTESIAN_POINT('',(1.948926747086,1.203587562384E-02));
#4015 = CARTESIAN_POINT('',(1.935759675478,1.187086863779E-02));
#4016 = CARTESIAN_POINT('',(1.905807650661,1.149077970852E-02));
#4017 = CARTESIAN_POINT('',(1.888876623762,1.127280788688E-02));
#4018 = CARTESIAN_POINT('',(1.871367918251,1.104631228427E-02));
#4019 = CARTESIAN_POINT('',(1.853099022952,1.081163361875E-02));
#4020 = CARTESIAN_POINT('',(1.833848370452,1.056930475255E-02));
#4021 = CARTESIAN_POINT('',(1.804283319046,1.021308884087E-02));
#4022 = CARTESIAN_POINT('',(1.795106539029,1.010445806752E-02));
#4023 = CARTESIAN_POINT('',(1.785635314451,9.994727718014E-03));
#4024 = CARTESIAN_POINT('',(1.775830358836,9.88402577212E-03));
#4025 = CARTESIAN_POINT('',(1.765641210806,9.772530947507E-03));
#4026 = CARTESIAN_POINT('',(1.748858972102,9.595837007924E-03));
#4027 = CARTESIAN_POINT('',(1.742567271563,9.531002205965E-03));
#4028 = CARTESIAN_POINT('',(1.736112342811,9.466035160344E-03));
#4029 = CARTESIAN_POINT('',(1.729478788219,9.400997211328E-03));
#4030 = CARTESIAN_POINT('',(1.72264836776,9.335965072542E-03));
#4031 = CARTESIAN_POINT('',(1.711409360571,9.232423894049E-03));
#4032 = CARTESIAN_POINT('',(1.707141590524,9.19385237346E-03));
#4033 = CARTESIAN_POINT('',(1.702792196534,9.155335844972E-03));
#4034 = CARTESIAN_POINT('',(1.698356063006,9.116897827463E-03));
#4035 = CARTESIAN_POINT('',(1.693827451069,9.078565782924E-03));
#4036 = CARTESIAN_POINT('',(1.685034055074,9.005985712567E-03));
#4037 = CARTESIAN_POINT('',(1.680787968575,8.971712226858E-03));
#4038 = CARTESIAN_POINT('',(1.676457098899,8.937573283139E-03));
#4039 = CARTESIAN_POINT('',(1.672036179809,8.903596216767E-03));
#4040 = CARTESIAN_POINT('',(1.667519319021,8.869813074645E-03));
#4041 = CARTESIAN_POINT('',(1.658741660976,8.806056512465E-03));
#4042 = CARTESIAN_POINT('',(1.654500273052,8.776040050481E-03));
#4043 = CARTESIAN_POINT('',(1.650171067349,8.746237697242E-03));
#4044 = CARTESIAN_POINT('',(1.645748685129,8.716681569858E-03));
#4045 = CARTESIAN_POINT('',(1.641227175988,8.687409434588E-03));
#4046 = CARTESIAN_POINT('',(1.632446572664,8.632483480697E-03));
#4047 = CARTESIAN_POINT('',(1.628208016622,8.606766867164E-03));
#4048 = CARTESIAN_POINT('',(1.623879562088,8.58134590783E-03));
#4049 = CARTESIAN_POINT('',(1.619455965851,8.556258238116E-03));
#4050 = CARTESIAN_POINT('',(1.614931509127,8.531548087273E-03));
#4051 = CARTESIAN_POINT('',(1.604425227,8.476466386327E-03));
#4052 = CARTESIAN_POINT('',(1.598378579426,8.446359454672E-03));
#4053 = CARTESIAN_POINT('',(1.592146872168,8.41704484066E-03));
#4054 = CARTESIAN_POINT('',(1.585716284663,8.38865423916E-03));
#4055 = CARTESIAN_POINT('',(1.579072358464,8.361351682678E-03));
#4056 = CARTESIAN_POINT('',(1.566311987639,8.313042066736E-03));
#4057 = CARTESIAN_POINT('',(1.560257107067,8.291696001991E-03));
#4058 = CARTESIAN_POINT('',(1.554025116448,8.271421700221E-03));
#4059 = CARTESIAN_POINT('',(1.547608170273,8.252371556811E-03));
#4060 = CARTESIAN_POINT('',(1.541000816593,8.234724009435E-03));
#4061 = CARTESIAN_POINT('',(1.529524677443,8.207656289192E-03));
#4062 = CARTESIAN_POINT('',(1.524758416552,8.197387927553E-03));
#4063 = CARTESIAN_POINT('',(1.519900576727,8.187947150593E-03));
#4064 = CARTESIAN_POINT('',(1.514952439647,8.179404172139E-03));
#4065 = CARTESIAN_POINT('',(1.509917206287,8.171830722379E-03));
#4066 = CARTESIAN_POINT('',(1.502023209122,8.161756261398E-03));
#4067 = CARTESIAN_POINT('',(1.499222355979,8.158519208636E-03));
#4068 = CARTESIAN_POINT('',(1.49639834242,8.155600374176E-03));
#4069 = CARTESIAN_POINT('',(1.493552313931,8.153010496002E-03));
#4070 = CARTESIAN_POINT('',(1.490685656554,8.150759565482E-03));
#4071 = CARTESIAN_POINT('',(1.48197482209,8.14501584008E-03));
#4072 = CARTESIAN_POINT('',(1.476071457599,8.142592908656E-03));
#4073 = CARTESIAN_POINT('',(1.47010478458,8.141663748872E-03));
#4074 = CARTESIAN_POINT('',(1.464091990945,8.142281311619E-03));
#4075 = CARTESIAN_POINT('',(1.458052838712,8.144466950831E-03));
#4076 = CARTESIAN_POINT('',(1.444865998799,8.152616688134E-03));
#4077 = CARTESIAN_POINT('',(1.437714639199,8.159198076549E-03));
#4078 = CARTESIAN_POINT('',(1.430593932905,8.167916052918E-03));
#4079 = CARTESIAN_POINT('',(1.423535914756,8.178668421356E-03));
#4080 = CARTESIAN_POINT('',(1.416567253537,8.19130392487E-03));
#4081 = CARTESIAN_POINT('',(1.406057463179,8.213284633923E-03));
#4082 = CARTESIAN_POINT('',(1.402436136205,8.221408810662E-03));
#4083 = CARTESIAN_POINT('',(1.398848768693,8.229991998807E-03));
#4084 = CARTESIAN_POINT('',(1.395297600605,8.239007976852E-03));
#4085 = CARTESIAN_POINT('',(1.391784293701,8.248430509578E-03));
#4086 = CARTESIAN_POINT('',(1.380902522117,8.279133195151E-03));
#4087 = CARTESIAN_POINT('',(1.373673123177,8.301760370835E-03));
#4088 = CARTESIAN_POINT('',(1.366630413977,8.325869624692E-03));
#4089 = CARTESIAN_POINT('',(1.359775782669,8.35123509236E-03));
#4090 = CARTESIAN_POINT('',(1.353105006461,8.37766327991E-03));
#4091 = CARTESIAN_POINT('',(1.341333413661,8.427218974117E-03));
#4092 = CARTESIAN_POINT('',(1.33617335579,8.45003310574E-03));
#4093 = CARTESIAN_POINT('',(1.33112561204,8.473366938964E-03));
#4094 = CARTESIAN_POINT('',(1.326185711468,8.497150300698E-03));
#4095 = CARTESIAN_POINT('',(1.321348858314,8.5213243489E-03));
#4096 = CARTESIAN_POINT('',(1.311327084866,8.573172815267E-03));
#4097 = CARTESIAN_POINT('',(1.306166173821,8.600928773625E-03));
#4098 = CARTESIAN_POINT('',(1.301120345925,8.629043354405E-03));
#4099 = CARTESIAN_POINT('',(1.296183088273,8.657460497607E-03));
#4100 = CARTESIAN_POINT('',(1.291348227996,8.686134176482E-03));
#4101 = CARTESIAN_POINT('',(1.279163934232,8.760434240783E-03));
#4102 = CARTESIAN_POINT('',(1.271956892043,8.806380336176E-03));
#4103 = CARTESIAN_POINT('',(1.264965815685,8.852724993869E-03));
#4104 = CARTESIAN_POINT('',(1.258171741531,8.899359557406E-03));
#4105 = CARTESIAN_POINT('',(1.251558241578,8.946202807107E-03));
#4106 = CARTESIAN_POINT('',(1.231255556229,9.094160217035E-03));
#4107 = CARTESIAN_POINT('',(1.218168132955,9.195782392188E-03));
#4108 = CARTESIAN_POINT('',(1.205695426377,9.297483940137E-03));
#4109 = CARTESIAN_POINT('',(1.193744900421,9.398920574383E-03));
#4110 = CARTESIAN_POINT('',(1.18223802273,9.49987053851E-03));
#4111 = CARTESIAN_POINT('',(1.160266274704,9.698014661027E-03));
#4112 = CARTESIAN_POINT('',(1.149784616,9.795215665573E-03));
#4113 = CARTESIAN_POINT('',(1.139607796472,9.891699444597E-03));
#4114 = CARTESIAN_POINT('',(1.129692380499,9.987377267085E-03));
#4115 = CARTESIAN_POINT('',(1.120003539496,1.008219048966E-02));
#4116 = CARTESIAN_POINT('',(1.090703485726,1.037202493125E-02));
#4117 = CARTESIAN_POINT('',(1.07174991836,1.056399033418E-02));
#4118 = CARTESIAN_POINT('',(1.053370164831,1.075165511995E-02));
#4119 = CARTESIAN_POINT('',(1.035388527858,1.093486661249E-02));
#4120 = CARTESIAN_POINT('',(1.01764849842,1.111355251262E-02));
#4121 = CARTESIAN_POINT('',(1.,1.128771244998E-02));
#4122 = ( GEOMETRIC_REPRESENTATION_CONTEXT(2) 
PARAMETRIC_REPRESENTATION_CONTEXT() REPRESENTATION_CONTEXT('2D SPACE',''
  ) );
#4123 = ORIENTED_EDGE('',*,*,#4124,.F.);
#4124 = EDGE_CURVE('',#3407,#3775,#4125,.T.);
#4125 = SURFACE_CURVE('',#4126,(#4141,#4159),.PCURVE_S1.);
#4126 = B_SPLINE_CURVE_WITH_KNOTS('',4,(#4127,#4128,#4129,#4130,#4131,
    #4132,#4133,#4134,#4135,#4136,#4137,#4138,#4139,#4140),
  .UNSPECIFIED.,.F.,.F.,(5,3,3,3,5),(0.,0.245044672908,0.490906993456,
    0.740395883984,1.),.UNSPECIFIED.);
#4127 = CARTESIAN_POINT('',(0.916856192367,1.77746300173,0.213196742284)
  );
#4128 = CARTESIAN_POINT('',(0.917984872603,1.776880802571,0.223653928472
    ));
#4129 = CARTESIAN_POINT('',(0.920439977735,1.775613289104,0.234397218158
    ));
#4130 = CARTESIAN_POINT('',(0.924195104986,1.773667130383,0.245397915486
    ));
#4131 = CARTESIAN_POINT('',(0.934180334284,1.768428397277,0.267881540756
    ));
#4132 = CARTESIAN_POINT('',(0.94041913268,1.765131372209,0.279366157132)
  );
#4133 = CARTESIAN_POINT('',(0.947824000539,1.761170813873,0.29103961337)
  );
#4134 = CARTESIAN_POINT('',(0.964885986937,1.751882064186,0.314866028417
    ));
#4135 = CARTESIAN_POINT('',(0.974575243056,1.74653462846,0.327023664946)
  );
#4136 = CARTESIAN_POINT('',(0.985253473815,1.74053236054,0.339300772635)
  );
#4137 = CARTESIAN_POINT('',(1.008809408915,1.726990315835,0.364525451825
    ));
#4138 = CARTESIAN_POINT('',(1.021759198275,1.719398182208,0.377480099737
    ));
#4139 = CARTESIAN_POINT('',(1.035508287143,1.711142612945,0.390487403085
    ));
#4140 = CARTESIAN_POINT('',(1.049913616882,1.702257735211,0.403514106244
    ));
#4141 = PCURVE('',#2054,#4142);
#4142 = DEFINITIONAL_REPRESENTATION('',(#4143),#4158);
#4143 = B_SPLINE_CURVE_WITH_KNOTS('',4,(#4144,#4145,#4146,#4147,#4148,
    #4149,#4150,#4151,#4152,#4153,#4154,#4155,#4156,#4157),
  .UNSPECIFIED.,.F.,.F.,(5,3,3,3,5),(0.,0.245044672908,0.490906993456,
    0.740395883984,1.),.UNSPECIFIED.);
#4144 = CARTESIAN_POINT('',(1.094570641729,0.213196742284));
#4145 = CARTESIAN_POINT('',(1.093935646663,0.223653928472));
#4146 = CARTESIAN_POINT('',(1.092554145374,0.234397218158));
#4147 = CARTESIAN_POINT('',(1.090439425318,0.245397915486));
#4148 = CARTESIAN_POINT('',(1.084801404195,0.267881540756));
#4149 = CARTESIAN_POINT('',(1.081273204858,0.279366157132));
#4150 = CARTESIAN_POINT('',(1.077074558129,0.29103961337));
#4151 = CARTESIAN_POINT('',(1.067361265039,0.314866028417));
#4152 = CARTESIAN_POINT('',(1.061827889044,0.327023664946));
#4153 = CARTESIAN_POINT('',(1.055703385007,0.339300772635));
#4154 = CARTESIAN_POINT('',(1.042117831529,0.364525451825));
#4155 = CARTESIAN_POINT('',(1.034612478983,0.377480099737));
#4156 = CARTESIAN_POINT('',(1.02659444522,0.390487403085));
#4157 = CARTESIAN_POINT('',(1.018131960696,0.403514106244));
#4158 = ( GEOMETRIC_REPRESENTATION_CONTEXT(2) 
PARAMETRIC_REPRESENTATION_CONTEXT() REPRESENTATION_CONTEXT('2D SPACE',''
  ) );
#4159 = PCURVE('',#3185,#4160);
#4160 = DEFINITIONAL_REPRESENTATION('',(#4161),#4176);
#4161 = B_SPLINE_CURVE_WITH_KNOTS('',4,(#4162,#4163,#4164,#4165,#4166,
    #4167,#4168,#4169,#4170,#4171,#4172,#4173,#4174,#4175),
  .UNSPECIFIED.,.F.,.F.,(5,3,3,3,5),(0.,0.245044672908,0.490906993456,
    0.740395883984,1.),.UNSPECIFIED.);
#4162 = CARTESIAN_POINT('',(3.,1.320430669931E-02));
#4163 = CARTESIAN_POINT('',(2.937243210636,1.319990889601E-02));
#4164 = CARTESIAN_POINT('',(2.874619253979,1.319033443988E-02));
#4165 = CARTESIAN_POINT('',(2.812190154215,1.317563404056E-02));
#4166 = CARTESIAN_POINT('',(2.687602334104,1.313606635203E-02));
#4167 = CARTESIAN_POINT('',(2.625444833132,1.311116545113E-02));
#4168 = CARTESIAN_POINT('',(2.563571159203,1.308125562898E-02));
#4169 = CARTESIAN_POINT('',(2.439520640982,1.301111673045E-02));
#4170 = CARTESIAN_POINT('',(2.377352719236,1.297074244752E-02));
#4171 = CARTESIAN_POINT('',(2.315515016867,1.292543007417E-02));
#4172 = CARTESIAN_POINT('',(2.189990931162,1.282321632278E-02));
#4173 = CARTESIAN_POINT('',(2.126331430452,1.27659204067E-02));
#4174 = CARTESIAN_POINT('',(2.063012517963,1.270362948364E-02));
#4175 = CARTESIAN_POINT('',(2.,1.263660562671E-02));
#4176 = ( GEOMETRIC_REPRESENTATION_CONTEXT(2) 
PARAMETRIC_REPRESENTATION_CONTEXT() REPRESENTATION_CONTEXT('2D SPACE',''
  ) );
#4177 = ORIENTED_EDGE('',*,*,#3436,.F.);
#4178 = ADVANCED_FACE('',(#4179),#1757,.F.);
#4179 = FACE_BOUND('',#4180,.F.);
#4180 = EDGE_LOOP('',(#4181,#4182,#4204,#4205,#4206));
#4181 = ORIENTED_EDGE('',*,*,#2544,.T.);
#4182 = ORIENTED_EDGE('',*,*,#4183,.T.);
#4183 = EDGE_CURVE('',#2501,#1708,#4184,.T.);
#4184 = SURFACE_CURVE('',#4185,(#4190,#4197),.PCURVE_S1.);
#4185 = CIRCLE('',#4186,8.);
#4186 = AXIS2_PLACEMENT_3D('',#4187,#4188,#4189);
#4187 = CARTESIAN_POINT('',(0.,0.,-3.5));
#4188 = DIRECTION('',(0.,0.,1.));
#4189 = DIRECTION('',(1.,0.,-0.));
#4190 = PCURVE('',#1757,#4191);
#4191 = DEFINITIONAL_REPRESENTATION('',(#4192),#4196);
#4192 = CIRCLE('',#4193,8.);
#4193 = AXIS2_PLACEMENT_2D('',#4194,#4195);
#4194 = CARTESIAN_POINT('',(0.,0.));
#4195 = DIRECTION('',(1.,0.));
#4196 = ( GEOMETRIC_REPRESENTATION_CONTEXT(2) 
PARAMETRIC_REPRESENTATION_CONTEXT() REPRESENTATION_CONTEXT('2D SPACE',''
  ) );
#4197 = PCURVE('',#1840,#4198);
#4198 = DEFINITIONAL_REPRESENTATION('',(#4199),#4203);
#4199 = LINE('',#4200,#4201);
#4200 = CARTESIAN_POINT('',(0.,0.));
#4201 = VECTOR('',#4202,1.);
#4202 = DIRECTION('',(1.,0.));
#4203 = ( GEOMETRIC_REPRESENTATION_CONTEXT(2) 
PARAMETRIC_REPRESENTATION_CONTEXT() REPRESENTATION_CONTEXT('2D SPACE',''
  ) );
#4204 = ORIENTED_EDGE('',*,*,#1707,.T.);
#4205 = ORIENTED_EDGE('',*,*,#2780,.F.);
#4206 = ORIENTED_EDGE('',*,*,#3518,.F.);
#4207 = ADVANCED_FACE('',(#4208),#1840,.T.);
#4208 = FACE_BOUND('',#4209,.T.);
#4209 = EDGE_LOOP('',(#4210,#4234,#4290,#4640,#4783,#4861,#4862,#4863));
#4210 = ORIENTED_EDGE('',*,*,#4211,.F.);
#4211 = EDGE_CURVE('',#4212,#1787,#4214,.T.);
#4212 = VERTEX_POINT('',#4213);
#4213 = CARTESIAN_POINT('',(2.278370015219,7.668704589026,3.5));
#4214 = SURFACE_CURVE('',#4215,(#4220,#4227),.PCURVE_S1.);
#4215 = CIRCLE('',#4216,8.);
#4216 = AXIS2_PLACEMENT_3D('',#4217,#4218,#4219);
#4217 = CARTESIAN_POINT('',(0.,0.,3.5));
#4218 = DIRECTION('',(0.,0.,1.));
#4219 = DIRECTION('',(1.,0.,-0.));
#4220 = PCURVE('',#1840,#4221);
#4221 = DEFINITIONAL_REPRESENTATION('',(#4222),#4226);
#4222 = LINE('',#4223,#4224);
#4223 = CARTESIAN_POINT('',(0.,7.));
#4224 = VECTOR('',#4225,1.);
#4225 = DIRECTION('',(1.,0.));
#4226 = ( GEOMETRIC_REPRESENTATION_CONTEXT(2) 
PARAMETRIC_REPRESENTATION_CONTEXT() REPRESENTATION_CONTEXT('2D SPACE',''
  ) );
#4227 = PCURVE('',#1933,#4228);
#4228 = DEFINITIONAL_REPRESENTATION('',(#4229),#4233);
#4229 = CIRCLE('',#4230,8.);
#4230 = AXIS2_PLACEMENT_2D('',#4231,#4232);
#4231 = CARTESIAN_POINT('',(0.,0.));
#4232 = DIRECTION('',(1.,0.));
#4233 = ( GEOMETRIC_REPRESENTATION_CONTEXT(2) 
PARAMETRIC_REPRESENTATION_CONTEXT() REPRESENTATION_CONTEXT('2D SPACE',''
  ) );
#4234 = ORIENTED_EDGE('',*,*,#4235,.F.);
#4235 = EDGE_CURVE('',#4236,#4212,#4238,.T.);
#4236 = VERTEX_POINT('',#4237);
#4237 = CARTESIAN_POINT('',(1.224993156761,7.905655682224,0.852444109432
    ));
#4238 = SURFACE_CURVE('',#4239,(#4254,#4272),.PCURVE_S1.);
#4239 = B_SPLINE_CURVE_WITH_KNOTS('',4,(#4240,#4241,#4242,#4243,#4244,
    #4245,#4246,#4247,#4248,#4249,#4250,#4251,#4252,#4253),
  .UNSPECIFIED.,.F.,.F.,(5,3,3,3,5),(0.,0.150911698309,0.418461438378,
    0.712870348579,1.),.UNSPECIFIED.);
#4240 = CARTESIAN_POINT('',(1.224993156761,7.905655682224,0.852444109432
    ));
#4241 = CARTESIAN_POINT('',(1.266846594764,7.899170429489,0.952003903552
    ));
#4242 = CARTESIAN_POINT('',(1.30852705451,7.892409450689,1.051591188403)
  );
#4243 = CARTESIAN_POINT('',(1.350025300565,7.885378314961,1.151207238352
    ));
#4244 = CARTESIAN_POINT('',(1.464564871872,7.865149714342,1.427514761322
    ));
#4245 = CARTESIAN_POINT('',(1.53719621554,7.851386457338,1.604270566326)
  );
#4246 = CARTESIAN_POINT('',(1.609175556729,7.836827751392,1.781127724695
    ));
#4247 = CARTESIAN_POINT('',(1.758888559336,7.804661873214,2.15282346022)
  );
#4248 = CARTESIAN_POINT('',(1.836474501442,7.786895373503,2.347684801002
    ));
#4249 = CARTESIAN_POINT('',(1.91314729452,7.768267193559,2.542685739331)
  );
#4250 = CARTESIAN_POINT('',(2.062672768752,7.729889424514,2.928157927042
    ));
#4251 = CARTESIAN_POINT('',(2.135573018549,7.71017893816,3.11862195988)
  );
#4252 = CARTESIAN_POINT('',(2.207490026835,7.689763016247,3.309233942823
    ));
#4253 = CARTESIAN_POINT('',(2.278370238152,7.668704522793,3.5000006));
#4254 = PCURVE('',#1840,#4255);
#4255 = DEFINITIONAL_REPRESENTATION('',(#4256),#4271);
#4256 = B_SPLINE_CURVE_WITH_KNOTS('',4,(#4257,#4258,#4259,#4260,#4261,
    #4262,#4263,#4264,#4265,#4266,#4267,#4268,#4269,#4270),
  .UNSPECIFIED.,.F.,.F.,(5,3,3,3,5),(0.,0.150911698309,0.418461438378,
    0.712870348579,1.),.UNSPECIFIED.);
#4257 = CARTESIAN_POINT('',(1.417067395285,4.352444109432));
#4258 = CARTESIAN_POINT('',(1.411773281845,4.452003903552));
#4259 = CARTESIAN_POINT('',(1.406495258212,4.551591188403));
#4260 = CARTESIAN_POINT('',(1.401234175768,4.651207238352));
#4261 = CARTESIAN_POINT('',(1.386695160543,4.927514761322));
#4262 = CARTESIAN_POINT('',(1.377455395396,5.104270566326));
#4263 = CARTESIAN_POINT('',(1.368276449029,5.281127724695));
#4264 = CARTESIAN_POINT('',(1.349135268427,5.65282346022));
#4265 = CARTESIAN_POINT('',(1.339186905991,5.847684801002));
#4266 = CARTESIAN_POINT('',(1.329324819245,6.042685739331));
#4267 = CARTESIAN_POINT('',(1.310028316728,6.428157927042));
#4268 = CARTESIAN_POINT('',(1.300589359133,6.61862195988));
#4269 = CARTESIAN_POINT('',(1.291245214629,6.809233942823));
#4270 = CARTESIAN_POINT('',(1.282002426475,7.0000006));
#4271 = ( GEOMETRIC_REPRESENTATION_CONTEXT(2) 
PARAMETRIC_REPRESENTATION_CONTEXT() REPRESENTATION_CONTEXT('2D SPACE',''
  ) );
#4272 = PCURVE('',#2207,#4273);
#4273 = DEFINITIONAL_REPRESENTATION('',(#4274),#4289);
#4274 = B_SPLINE_CURVE_WITH_KNOTS('',4,(#4275,#4276,#4277,#4278,#4279,
    #4280,#4281,#4282,#4283,#4284,#4285,#4286,#4287,#4288),
  .UNSPECIFIED.,.F.,.F.,(5,3,3,3,5),(0.,0.150911698309,0.418461438378,
    0.712870348579,1.),.UNSPECIFIED.);
#4275 = CARTESIAN_POINT('',(1.,6.160520536024E-02));
#4276 = CARTESIAN_POINT('',(0.993290779306,6.155223555533E-02));
#4277 = CARTESIAN_POINT('',(0.986572213061,6.149701722856E-02));
#4278 = CARTESIAN_POINT('',(0.979842558043,6.143959655375E-02));
#4279 = CARTESIAN_POINT('',(0.961146191864,6.127441002071E-02));
#4280 = CARTESIAN_POINT('',(0.949151817993,6.116203354171E-02));
#4281 = CARTESIAN_POINT('',(0.937106810587,6.104317974315E-02));
#4282 = CARTESIAN_POINT('',(0.911677795733,6.078062945822E-02));
#4283 = CARTESIAN_POINT('',(0.898280725001,6.063563668894E-02));
#4284 = CARTESIAN_POINT('',(0.88479395016,6.04836409289E-02));
#4285 = CARTESIAN_POINT('',(0.857942163822,6.01705666706E-02));
#4286 = CARTESIAN_POINT('',(0.844582339385,6.000980556064E-02));
#4287 = CARTESIAN_POINT('',(0.831104359363,5.984332665258E-02));
#4288 = CARTESIAN_POINT('',(0.817488294571,5.967164820696E-02));
#4289 = ( GEOMETRIC_REPRESENTATION_CONTEXT(2) 
PARAMETRIC_REPRESENTATION_CONTEXT() REPRESENTATION_CONTEXT('2D SPACE',''
  ) );
#4290 = ORIENTED_EDGE('',*,*,#4291,.F.);
#4291 = EDGE_CURVE('',#4292,#4236,#4294,.T.);
#4292 = VERTEX_POINT('',#4293);
#4293 = CARTESIAN_POINT('',(1.116884746419,7.921651877179,0.385317334207
    ));
#4294 = SURFACE_CURVE('',#4295,(#4373,#4454),.PCURVE_S1.);
#4295 = B_SPLINE_CURVE_WITH_KNOTS('',6,(#4296,#4297,#4298,#4299,#4300,
    #4301,#4302,#4303,#4304,#4305,#4306,#4307,#4308,#4309,#4310,#4311,
    #4312,#4313,#4314,#4315,#4316,#4317,#4318,#4319,#4320,#4321,#4322,
    #4323,#4324,#4325,#4326,#4327,#4328,#4329,#4330,#4331,#4332,#4333,
    #4334,#4335,#4336,#4337,#4338,#4339,#4340,#4341,#4342,#4343,#4344,
    #4345,#4346,#4347,#4348,#4349,#4350,#4351,#4352,#4353,#4354,#4355,
    #4356,#4357,#4358,#4359,#4360,#4361,#4362,#4363,#4364,#4365,#4366,
    #4367,#4368,#4369,#4370,#4371,#4372),.UNSPECIFIED.,.F.,.F.,(7,5,5,5,
    5,5,5,5,5,5,5,5,5,5,5,7),(0.,4.446990582374E-02,0.106699889679,
    0.187035476968,0.26801339858,0.300097447871,0.314675223506,
    0.341597411097,0.36753298531,0.381347323108,0.411042460185,
    0.46242155436,0.576683420069,0.728288342752,0.886080488794,1.),
  .UNSPECIFIED.);
#4296 = CARTESIAN_POINT('',(1.116884746419,7.921651877179,0.385317334207
    ));
#4297 = CARTESIAN_POINT('',(1.108038556964,7.922899113768,0.380536723465
    ));
#4298 = CARTESIAN_POINT('',(1.099164693616,7.924138161275,0.375749474689
    ));
#4299 = CARTESIAN_POINT('',(1.090266674435,7.925368392953,0.370959685121
    ));
#4300 = CARTESIAN_POINT('',(1.081347753109,7.926589246609,0.366171410491
    ));
#4301 = CARTESIAN_POINT('',(1.072410918957,7.927800224602,0.361388665023
    ));
#4302 = CARTESIAN_POINT('',(1.050931679335,7.930681077913,0.349935873404
    ));
#4303 = CARTESIAN_POINT('',(1.038374920731,7.932341045981,0.343275061007
    ));
#4304 = CARTESIAN_POINT('',(1.025796105467,7.933979605469,0.336644040825
    ));
#4305 = CARTESIAN_POINT('',(1.013202652029,7.935595662183,0.330054427191
    ));
#4306 = CARTESIAN_POINT('',(1.000602402503,7.937188167565,0.323519302216
    ));
#4307 = CARTESIAN_POINT('',(0.971740391545,7.940780139062,0.308707928181
    ));
#4308 = CARTESIAN_POINT('',(0.955482165947,7.942762921696,0.300479287312
    ));
#4309 = CARTESIAN_POINT('',(0.939245487344,7.944702537663,0.292400853812
    ));
#4310 = CARTESIAN_POINT('',(0.923053999317,7.946596361905,0.284512907007
    ));
#4311 = CARTESIAN_POINT('',(0.906943659392,7.948440830955,0.276873164593
    ));
#4312 = CARTESIAN_POINT('',(0.874863523738,7.952035991413,0.262201599273
    ));
#4313 = CARTESIAN_POINT('',(0.858920742237,7.953783034056,0.255186867735
    ));
#4314 = CARTESIAN_POINT('',(0.843156983258,7.955471900869,0.248591371278
    ));
#4315 = CARTESIAN_POINT('',(0.827673901069,7.95709301817,0.242553529375)
  );
#4316 = CARTESIAN_POINT('',(0.812653948434,7.958630434207,0.237276524996
    ));
#4317 = CARTESIAN_POINT('',(0.792771444582,7.960624698517,0.231463813269
    ));
#4318 = CARTESIAN_POINT('',(0.787255741195,7.961173091594,0.229990416491
    ));
#4319 = CARTESIAN_POINT('',(0.781887817822,7.961702217273,0.228715137499
    ));
#4320 = CARTESIAN_POINT('',(0.776697992059,7.962209565354,0.227665551997
    ));
#4321 = CARTESIAN_POINT('',(0.771723598986,7.962692078632,0.226872457079
    ));
#4322 = CARTESIAN_POINT('',(0.764864009379,7.963352791528,0.226138117475
    ));
#4323 = CARTESIAN_POINT('',(0.762774321156,7.963553370711,0.225968165536
    ));
#4324 = CARTESIAN_POINT('',(0.760742153521,7.963747776789,0.22586071956)
  );
#4325 = CARTESIAN_POINT('',(0.75877180383,7.963935667064,0.225818655456)
  );
#4326 = CARTESIAN_POINT('',(0.756867685146,7.964116692929,0.225844684613
    ));
#4327 = CARTESIAN_POINT('',(0.751648485098,7.96461148593,0.226119882412)
  );
#4328 = CARTESIAN_POINT('',(0.748503097644,7.964907933709,0.226539270355
    ));
#4329 = CARTESIAN_POINT('',(0.745627777886,7.965177499299,0.227215017199
    ));
#4330 = CARTESIAN_POINT('',(0.743049139496,7.965418173418,0.228158114538
    ));
#4331 = CARTESIAN_POINT('',(0.740787186669,7.965628545343,0.229371820714
    ));
#4332 = CARTESIAN_POINT('',(0.736987152634,7.965981009475,0.232270936884
    ));
#4333 = CARTESIAN_POINT('',(0.735424950345,7.966125378615,0.233937911831
    ));
#4334 = CARTESIAN_POINT('',(0.734174174878,7.966240660571,0.235842839774
    ));
#4335 = CARTESIAN_POINT('',(0.733232243488,7.966327332015,0.237972052671
    ));
#4336 = CARTESIAN_POINT('',(0.732588184259,7.966386551294,0.240307119619
    ));
#4337 = CARTESIAN_POINT('',(0.732032942571,7.966437585806,0.244169545229
    ));
#4338 = CARTESIAN_POINT('',(0.731919932206,7.966447967652,0.245564526627
    ));
#4339 = CARTESIAN_POINT('',(0.731884351329,7.966451235254,0.247009138862
    ));
#4340 = CARTESIAN_POINT('',(0.731923475337,7.966447641766,0.248500394878
    ));
#4341 = CARTESIAN_POINT('',(0.732034379022,7.966437453495,0.250035357408
    ));
#4342 = CARTESIAN_POINT('',(0.732599911366,7.966385473984,0.254998420376
    ));
#4343 = CARTESIAN_POINT('',(0.733303265808,7.966320804987,0.258574052196
    ));
#4344 = CARTESIAN_POINT('',(0.734293584273,7.966229665297,0.262310565771
    ));
#4345 = CARTESIAN_POINT('',(0.735540491083,7.966114699626,0.266183209063
    ));
#4346 = CARTESIAN_POINT('',(0.737016081345,7.965978291887,0.270171291477
    ));
#4347 = CARTESIAN_POINT('',(0.741606318055,7.965552623885,0.281333074916
    ));
#4348 = CARTESIAN_POINT('',(0.745129189396,7.965224656709,0.288702450043
    ));
#4349 = CARTESIAN_POINT('',(0.749146284639,7.964848529955,0.296290516021
    ));
#4350 = CARTESIAN_POINT('',(0.753567281188,7.964431665526,0.304041499306
    ));
#4351 = CARTESIAN_POINT('',(0.758326480655,7.963979325804,0.311918886815
    ));
#4352 = CARTESIAN_POINT('',(0.774612304052,7.962418172017,0.337659891226
    ));
#4353 = CARTESIAN_POINT('',(0.787272541695,7.961185371745,0.355914863209
    ));
#4354 = CARTESIAN_POINT('',(0.800847959633,7.959836503898,0.374441331679
    ));
#4355 = CARTESIAN_POINT('',(0.815112918177,7.958387961398,0.393130507205
    ));
#4356 = CARTESIAN_POINT('',(0.829899831487,7.956852461118,0.411920623861
    ));
#4357 = CARTESIAN_POINT('',(0.865355991077,7.953085715296,0.455874807752
    ));
#4358 = CARTESIAN_POINT('',(0.886336875023,7.950794412687,0.481077473951
    ));
#4359 = CARTESIAN_POINT('',(0.907851063077,7.948375231825,0.506349629636
    ));
#4360 = CARTESIAN_POINT('',(0.929782050358,7.945835656122,0.531652579254
    ));
#4361 = CARTESIAN_POINT('',(0.952042245168,7.943181422461,0.556961815714
    ));
#4362 = CARTESIAN_POINT('',(0.998035075522,7.937536423468,0.608607049864
    ));
#4363 = CARTESIAN_POINT('',(1.021785608746,7.934536953952,0.634937437052
    ));
#4364 = CARTESIAN_POINT('',(1.045763537089,7.931421106176,0.661241251254
    ));
#4365 = CARTESIAN_POINT('',(1.069921197306,7.928192018144,0.68750378236)
  );
#4366 = CARTESIAN_POINT('',(1.094222178966,7.924852403298,0.713711965589
    ));
#4367 = CARTESIAN_POINT('',(1.136257295774,7.918916349718,0.758725395481
    ));
#4368 = CARTESIAN_POINT('',(1.15393840136,7.916371493401,0.777562549164)
  );
#4369 = CARTESIAN_POINT('',(1.171664266938,7.913771677051,0.796359101745
    ));
#4370 = CARTESIAN_POINT('',(1.189423260528,7.911118100339,0.815109404764
    ));
#4371 = CARTESIAN_POINT('',(1.207203727367,7.908412180881,0.833806966135
    ));
#4372 = CARTESIAN_POINT('',(1.224993156761,7.905655682224,0.852444109432
    ));
#4373 = PCURVE('',#1840,#4374);
#4374 = DEFINITIONAL_REPRESENTATION('',(#4375),#4453);
#4375 = B_SPLINE_CURVE_WITH_KNOTS('',6,(#4376,#4377,#4378,#4379,#4380,
    #4381,#4382,#4383,#4384,#4385,#4386,#4387,#4388,#4389,#4390,#4391,
    #4392,#4393,#4394,#4395,#4396,#4397,#4398,#4399,#4400,#4401,#4402,
    #4403,#4404,#4405,#4406,#4407,#4408,#4409,#4410,#4411,#4412,#4413,
    #4414,#4415,#4416,#4417,#4418,#4419,#4420,#4421,#4422,#4423,#4424,
    #4425,#4426,#4427,#4428,#4429,#4430,#4431,#4432,#4433,#4434,#4435,
    #4436,#4437,#4438,#4439,#4440,#4441,#4442,#4443,#4444,#4445,#4446,
    #4447,#4448,#4449,#4450,#4451,#4452),.UNSPECIFIED.,.F.,.F.,(7,5,5,5,
    5,5,5,5,5,5,5,5,5,5,5,7),(0.,4.446990582374E-02,0.106699889679,
    0.187035476968,0.26801339858,0.300097447871,0.314675223506,
    0.341597411097,0.36753298531,0.381347323108,0.411042460185,
    0.46242155436,0.576683420069,0.728288342752,0.886080488794,1.),
  .UNSPECIFIED.);
#4376 = CARTESIAN_POINT('',(1.430728181075,3.885317334207));
#4377 = CARTESIAN_POINT('',(1.431844891275,3.880536723465));
#4378 = CARTESIAN_POINT('',(1.432964883918,3.875749474689));
#4379 = CARTESIAN_POINT('',(1.434087715139,3.870959685121));
#4380 = CARTESIAN_POINT('',(1.435212974967,3.866171410491));
#4381 = CARTESIAN_POINT('',(1.436340287325,3.861388665023));
#4382 = CARTESIAN_POINT('',(1.439049233876,3.849935873404));
#4383 = CARTESIAN_POINT('',(1.440632481658,3.843275061007));
#4384 = CARTESIAN_POINT('',(1.442218113413,3.836644040825));
#4385 = CARTESIAN_POINT('',(1.443805199133,3.830054427191));
#4386 = CARTESIAN_POINT('',(1.445392757089,3.823519302216));
#4387 = CARTESIAN_POINT('',(1.449028340639,3.808707928181));
#4388 = CARTESIAN_POINT('',(1.451075670112,3.800479287312));
#4389 = CARTESIAN_POINT('',(1.453119675817,3.792400853812));
#4390 = CARTESIAN_POINT('',(1.455157400018,3.784512907007));
#4391 = CARTESIAN_POINT('',(1.457184342025,3.776873164593));
#4392 = CARTESIAN_POINT('',(1.461219461839,3.762201599273));
#4393 = CARTESIAN_POINT('',(1.463224233061,3.755186867735));
#4394 = CARTESIAN_POINT('',(1.465205970729,3.748591371278));
#4395 = CARTESIAN_POINT('',(1.46715192735,3.742553529375));
#4396 = CARTESIAN_POINT('',(1.469039227351,3.737276524996));
#4397 = CARTESIAN_POINT('',(1.471537010898,3.731463813269));
#4398 = CARTESIAN_POINT('',(1.472229872892,3.729990416491));
#4399 = CARTESIAN_POINT('',(1.472904114888,3.728715137499));
#4400 = CARTESIAN_POINT('',(1.47355593529,3.727665551997));
#4401 = CARTESIAN_POINT('',(1.474180652653,3.726872457079));
#4402 = CARTESIAN_POINT('',(1.475042069646,3.726138117475));
#4403 = CARTESIAN_POINT('',(1.47530448119,3.725968165536));
#4404 = CARTESIAN_POINT('',(1.475559661837,3.72586071956));
#4405 = CARTESIAN_POINT('',(1.475807072811,3.725818655456));
#4406 = CARTESIAN_POINT('',(1.47604616086,3.725844684613));
#4407 = CARTESIAN_POINT('',(1.476701486032,3.726119882412));
#4408 = CARTESIAN_POINT('',(1.477096401776,3.726539270355));
#4409 = CARTESIAN_POINT('',(1.477457392747,3.727215017199));
#4410 = CARTESIAN_POINT('',(1.477781123411,3.728158114538));
#4411 = CARTESIAN_POINT('',(1.47806508772,3.729371820714));
#4412 = CARTESIAN_POINT('',(1.478542130853,3.732270936884));
#4413 = CARTESIAN_POINT('',(1.478738238213,3.733937911831));
#4414 = CARTESIAN_POINT('',(1.478895247822,3.735842839774));
#4415 = CARTESIAN_POINT('',(1.479013486635,3.737972052671));
#4416 = CARTESIAN_POINT('',(1.479094333637,3.740307119619));
#4417 = CARTESIAN_POINT('',(1.479164031406,3.744169545229));
#4418 = CARTESIAN_POINT('',(1.479178217185,3.745564526627));
#4419 = CARTESIAN_POINT('',(1.47918268351,3.747009138862));
#4420 = CARTESIAN_POINT('',(1.479177772424,3.748500394878));
#4421 = CARTESIAN_POINT('',(1.479163851089,3.750035357408));
#4422 = CARTESIAN_POINT('',(1.479092861576,3.754998420376));
#4423 = CARTESIAN_POINT('',(1.479004571434,3.758574052196));
#4424 = CARTESIAN_POINT('',(1.478880258504,3.762310565771));
#4425 = CARTESIAN_POINT('',(1.478723734064,3.766183209063));
#4426 = CARTESIAN_POINT('',(1.478538498846,3.770171291477));
#4427 = CARTESIAN_POINT('',(1.477962257437,3.781333074916));
#4428 = CARTESIAN_POINT('',(1.477519994375,3.788702450043));
#4429 = CARTESIAN_POINT('',(1.47701566131,3.796290516021));
#4430 = CARTESIAN_POINT('',(1.476460585695,3.804041499306));
#4431 = CARTESIAN_POINT('',(1.475863004952,3.811918886815));
#4432 = CARTESIAN_POINT('',(1.473817945185,3.837659891226));
#4433 = CARTESIAN_POINT('',(1.472227932161,3.855914863209));
#4434 = CARTESIAN_POINT('',(1.470522654189,3.874441331679));
#4435 = CARTESIAN_POINT('',(1.468730371301,3.893130507205));
#4436 = CARTESIAN_POINT('',(1.466872073496,3.911920623861));
#4437 = CARTESIAN_POINT('',(1.462415113302,3.955874807752));
#4438 = CARTESIAN_POINT('',(1.459776921122,3.981077473951));
#4439 = CARTESIAN_POINT('',(1.457070720698,4.006349629636));
#4440 = CARTESIAN_POINT('',(1.454311051885,4.031652579254));
#4441 = CARTESIAN_POINT('',(1.451508833891,4.056961815714));
#4442 = CARTESIAN_POINT('',(1.445716588998,4.108607049864));
#4443 = CARTESIAN_POINT('',(1.442724209057,4.134937437052));
#4444 = CARTESIAN_POINT('',(1.439701797714,4.161241251254));
#4445 = CARTESIAN_POINT('',(1.436655264238,4.18750378236));
#4446 = CARTESIAN_POINT('',(1.433589112223,4.213711965589));
#4447 = CARTESIAN_POINT('',(1.428282589443,4.258725395481));
#4448 = CARTESIAN_POINT('',(1.426049683788,4.277562549164));
#4449 = CARTESIAN_POINT('',(1.423810257654,4.296359101745));
#4450 = CARTESIAN_POINT('',(1.421565751177,4.315109404764));
#4451 = CARTESIAN_POINT('',(1.419317610841,4.333806966135));
#4452 = CARTESIAN_POINT('',(1.417067395285,4.352444109432));
#4453 = ( GEOMETRIC_REPRESENTATION_CONTEXT(2) 
PARAMETRIC_REPRESENTATION_CONTEXT() REPRESENTATION_CONTEXT('2D SPACE',''
  ) );
#4454 = PCURVE('',#4455,#4560);
#4455 = ( BOUNDED_SURFACE() B_SPLINE_SURFACE(12,7,(
    (#4456,#4457,#4458,#4459,#4460,#4461,#4462,#4463)
    ,(#4464,#4465,#4466,#4467,#4468,#4469,#4470,#4471)
    ,(#4472,#4473,#4474,#4475,#4476,#4477,#4478,#4479)
    ,(#4480,#4481,#4482,#4483,#4484,#4485,#4486,#4487)
    ,(#4488,#4489,#4490,#4491,#4492,#4493,#4494,#4495)
    ,(#4496,#4497,#4498,#4499,#4500,#4501,#4502,#4503)
    ,(#4504,#4505,#4506,#4507,#4508,#4509,#4510,#4511)
    ,(#4512,#4513,#4514,#4515,#4516,#4517,#4518,#4519)
    ,(#4520,#4521,#4522,#4523,#4524,#4525,#4526,#4527)
    ,(#4528,#4529,#4530,#4531,#4532,#4533,#4534,#4535)
    ,(#4536,#4537,#4538,#4539,#4540,#4541,#4542,#4543)
    ,(#4544,#4545,#4546,#4547,#4548,#4549,#4550,#4551)
    ,(#4552,#4553,#4554,#4555,#4556,#4557,#4558,#4559
)),.UNSPECIFIED.,.F.,.F.,.F.) B_SPLINE_SURFACE_WITH_KNOTS((13,13),(8,8),
  (1.,2.),(0.,1.),.PIECEWISE_BEZIER_KNOTS.) 
GEOMETRIC_REPRESENTATION_ITEM() RATIONAL_B_SPLINE_SURFACE((
    (1.,1.,1.,1.,1.,1.,1.,1.)
    ,(1.,1.,1.,1.,1.,1.,1.,1.)
    ,(1.,1.,1.,1.,1.,1.,1.,1.)
    ,(1.,1.,1.,1.,1.,1.,1.,1.)
    ,(1.,1.,1.,1.,1.,1.,1.,1.)
    ,(1.,1.,1.,1.,1.,1.,1.,1.)
    ,(1.,1.,1.,1.,1.,1.,1.,1.)
    ,(1.,1.,1.,1.,1.,1.,1.,1.)
    ,(1.,1.,1.,1.,1.,1.,1.,1.)
    ,(1.,1.,1.,1.,1.,1.,1.,1.)
    ,(1.,1.,1.,1.,1.,1.,1.,1.)
    ,(1.,1.,1.,1.,1.,1.,1.,1.)
,(1.,1.,1.,1.,1.,1.,1.,1.))) REPRESENTATION_ITEM('') SURFACE() );
#4456 = CARTESIAN_POINT('',(1.253618010632,0.,0.822544868188));
#4457 = CARTESIAN_POINT('',(1.984207209637,19.572075798119,
    -2.161097430858E-02));
#4458 = CARTESIAN_POINT('',(-3.324173684077,29.906339939332,
    6.501853709071));
#4459 = CARTESIAN_POINT('',(4.99543498036,59.681862012181,
    -7.696936104938));
#4460 = CARTESIAN_POINT('',(-3.625779262004,66.668229265807,
    8.614033871538));
#4461 = CARTESIAN_POINT('',(2.355279095576,92.778443865811,
    -4.078559445575));
#4462 = CARTESIAN_POINT('',(-0.401677310147,107.78320990507,
    2.122427411691));
#4463 = CARTESIAN_POINT('',(0.237489892119,127.,0.617182285327));
#4464 = CARTESIAN_POINT('',(1.240199500889,0.,0.786723992191));
#4465 = CARTESIAN_POINT('',(4.447757710962,19.572075798134,
    2.134488604641));
#4466 = CARTESIAN_POINT('',(-18.95118140147,29.906339939229,
    -7.958184793645));
#4467 = CARTESIAN_POINT('',(18.547936176357,59.681862012464,
    10.856239243297));
#4468 = CARTESIAN_POINT('',(-18.46038448313,66.668229265383,
    -8.77816087891));
#4469 = CARTESIAN_POINT('',(4.19627234543,92.778443866175,4.849968396422
    ));
#4470 = CARTESIAN_POINT('',(-4.252765553206,107.78320990493,
    -0.976891520308));
#4471 = CARTESIAN_POINT('',(-2.134531793961,127.00000000001,
    0.464438316407));
#4472 = CARTESIAN_POINT('',(1.226764247418,0.,0.750892130273));
#4473 = CARTESIAN_POINT('',(6.968974728176,19.572075798076,
    4.440530337313));
#4474 = CARTESIAN_POINT('',(-34.95365242404,29.906339939671,
    -23.3942526643));
#4475 = CARTESIAN_POINT('',(32.544090519455,59.681862011203,
    30.562875666946));
#4476 = CARTESIAN_POINT('',(-33.71073657903,66.668229267356,
    -27.2513390924));
#4477 = CARTESIAN_POINT('',(6.169940687845,92.778443864411,
    14.123631359241));
#4478 = CARTESIAN_POINT('',(-8.192674957454,107.78320990562,
    -4.307153267272));
#4479 = CARTESIAN_POINT('',(-4.54729965939,126.99999999994,
    0.205801176388));
#4480 = CARTESIAN_POINT('',(1.213312466676,0.,0.715049857293));
#4481 = CARTESIAN_POINT('',(9.328860392792,19.572075798227,6.66771396071
    ));
#4482 = CARTESIAN_POINT('',(-50.02105729847,29.906339938496,
    -38.31042778003));
#4483 = CARTESIAN_POINT('',(46.601167265478,59.681862014621,
    49.593966940363));
#4484 = CARTESIAN_POINT('',(-49.62748574218,66.668229261864,
    -45.171072363));
#4485 = CARTESIAN_POINT('',(10.385691131499,92.778443869441,
    23.117944453524));
#4486 = CARTESIAN_POINT('',(-12.31074579415,107.78320990361,
    -7.627304474137));
#4487 = CARTESIAN_POINT('',(-6.512449673516,127.00000000014,
    -0.127279872639));
#4488 = CARTESIAN_POINT('',(1.199844375116,0.,0.679197748109));
#4489 = CARTESIAN_POINT('',(11.301691729762,19.572075797934,
    8.570156308827));
#4490 = CARTESIAN_POINT('',(-62.80017556749,29.906339940785,
    -51.10286537123));
#4491 = CARTESIAN_POINT('',(60.297527752407,59.681862007867,
    66.027667998723));
#4492 = CARTESIAN_POINT('',(-66.44044833124,66.66822927295,
    -60.86000832461));
#4493 = CARTESIAN_POINT('',(18.97719363332,92.778443859073,
    31.278698342831));
#4494 = CARTESIAN_POINT('',(-16.69353715848,107.78320990781,
    -10.69177647362));
#4495 = CARTESIAN_POINT('',(-7.531294155833,126.9999999997,
    -0.476713433718));
#4496 = CARTESIAN_POINT('',(1.186360189193,0.,0.643336377581));
#4497 = CARTESIAN_POINT('',(12.671045296392,19.572075798362,
    9.919128649883));
#4498 = CARTESIAN_POINT('',(-71.95343097929,29.90633993742,
    -60.27977351935));
#4499 = CARTESIAN_POINT('',(72.760565279077,59.681862017986,
    78.077353538231));
#4500 = CARTESIAN_POINT('',(-83.48071900573,66.668229255937,
    -72.74854226101));
#4501 = CARTESIAN_POINT('',(32.825229829918,92.778443875378,
    38.082493393448));
#4502 = CARTESIAN_POINT('',(-21.17860644183,107.78320990113,
    -13.24772812025));
#4503 = CARTESIAN_POINT('',(-7.248757719766,127.00000000047,
    -0.767632207869));
#4504 = CARTESIAN_POINT('',(1.172860125363,0.,0.607466320566));
#4505 = CARTESIAN_POINT('',(13.244923512492,19.572075797867,
    10.538917018253));
#4506 = CARTESIAN_POINT('',(-76.20856926485,29.906339941338,
    -64.68902859453));
#4507 = CARTESIAN_POINT('',(82.215073317895,59.681862005981,
    84.297629163945));
#4508 = CARTESIAN_POINT('',(-98.23764367076,66.668229276585,
    -79.46549722563));
#4509 = CARTESIAN_POINT('',(50.223269780036,92.778443855079,
    42.91389882884));
#4510 = CARTESIAN_POINT('',(-25.0915015263,107.78320990953,
    -15.01518517447));
#4511 = CARTESIAN_POINT('',(-5.610276244553,126.9999999994,
    -0.929147666146));
#4512 = CARTESIAN_POINT('',(1.159344400081,0.,0.571588151923));
#4513 = CARTESIAN_POINT('',(12.88381911687,19.572075798334,
    10.338646611407));
#4514 = CARTESIAN_POINT('',(-74.52637900796,29.906339937632,
    -63.72151537336));
#4515 = CARTESIAN_POINT('',(86.028447527783,59.681862017464,
    83.783156473933));
#4516 = CARTESIAN_POINT('',(-106.2970873956,66.668229256502,
    -79.95408277742));
#4517 = CARTESIAN_POINT('',(66.514692263403,92.778443875311,
    44.994894585706));
#4518 = CARTESIAN_POINT('',(-27.22419443213,107.78320990109,
    -15.6902389596));
#4519 = CARTESIAN_POINT('',(-2.942692804026,127.00000000059,
    -0.920228078528));
#4520 = CARTESIAN_POINT('',(1.145813229801,0.,0.535702446511));
#4521 = CARTESIAN_POINT('',(11.545770444388,19.572075797969,
    9.330256623265));
#4522 = CARTESIAN_POINT('',(-66.44085376298,29.906339940516,
    -57.43052331337));
#4523 = CARTESIAN_POINT('',(81.61498753063,59.681862008567,
    76.335204996629));
#4524 = CARTESIAN_POINT('',(-102.8829429595,66.668229272151,
    -73.65927489523));
#4525 = CARTESIAN_POINT('',(75.628101258155,92.778443859208,
    43.504618277957));
#4526 = CARTESIAN_POINT('',(-26.26014688666,107.78320990784,
    -15.0048133871));
#4527 = CARTESIAN_POINT('',(0.134199019882,126.99999999954,
    -0.74835880555));
#4528 = CARTESIAN_POINT('',(1.132266830978,0.,0.499809779188));
#4529 = CARTESIAN_POINT('',(9.339091843643,19.572075798201,
    7.630862527267));
#4530 = CARTESIAN_POINT('',(-52.50498345108,29.906339938696,
    -46.56180672907));
#4531 = CARTESIAN_POINT('',(68.052198372432,59.681862014066,
    62.654115524435));
#4532 = CARTESIAN_POINT('',(-85.73776000783,66.668229262541,
    -60.92065108234));
#4533 = CARTESIAN_POINT('',(73.239010541591,92.778443869271,
    38.044168037375));
#4534 = CARTESIAN_POINT('',(-21.56969306909,107.78320990361,
    -12.87742723762));
#4535 = CARTESIAN_POINT('',(2.950555019525,127.00000000026,
    -0.462624431637));
#4536 = CARTESIAN_POINT('',(1.118705420068,0.,0.463910724812));
#4537 = CARTESIAN_POINT('',(6.515346859738,19.572075798089,
    5.440454783783));
#4538 = CARTESIAN_POINT('',(-34.2981529063,29.906339939574,
    -32.4173499746));
#4539 = CARTESIAN_POINT('',(46.648551216881,59.68186201149,
    44.274466879616));
#4540 = CARTESIAN_POINT('',(-56.27911845535,66.668229266989,
    -43.05604151959));
#4541 = CARTESIAN_POINT('',(58.457353253985,92.778443864531,
    28.909315477113));
#4542 = CARTESIAN_POINT('',(-13.53376988558,107.7832099056,
    -9.482527966234));
#4543 = CARTESIAN_POINT('',(4.991527036665,126.99999999989,
    -0.132230319473));
#4544 = CARTESIAN_POINT('',(1.105129213525,0.,0.428005858243));
#4545 = CARTESIAN_POINT('',(3.41944214435,19.57207579813,3.005426107499)
  );
#4546 = CARTESIAN_POINT('',(-14.10483162905,29.906339939258,
    -16.61973188855));
#4547 = CARTESIAN_POINT('',(20.591881625729,59.681862012379,
    23.306432477661));
#4548 = CARTESIAN_POINT('',(-19.1671914013,66.668229265492,
    -22.16312982938));
#4549 = CARTESIAN_POINT('',(33.899953736317,92.778443866136,
    17.104303850721));
#4550 = CARTESIAN_POINT('',(-3.428794882746,107.78320990493,
    -5.230650289159));
#4551 = CARTESIAN_POINT('',(6.002133790804,127.00000000002,
    0.176095805678));
#4552 = CARTESIAN_POINT('',(1.091538427804,0.,0.392095754339));
#4553 = CARTESIAN_POINT('',(0.416241205529,19.572075798119,0.5772738656)
  );
#4554 = CARTESIAN_POINT('',(5.599359076112,29.906339939337,
    -0.837320800182));
#4555 = CARTESIAN_POINT('',(-6.054293371661,59.681862012172,
    2.048014057131));
#4556 = CARTESIAN_POINT('',(19.301197623814,66.668229265818,
    -0.69015991924));
#4557 = CARTESIAN_POINT('',(4.443209119388,92.778443865803,
    4.097905470597));
#4558 = CARTESIAN_POINT('',(7.014518738722,107.78320990507,
    -0.668652731187));
#4559 = CARTESIAN_POINT('',(5.985735955813,127.,0.413479222319));
#4560 = DEFINITIONAL_REPRESENTATION('',(#4561),#4639);
#4561 = B_SPLINE_CURVE_WITH_KNOTS('',6,(#4562,#4563,#4564,#4565,#4566,
    #4567,#4568,#4569,#4570,#4571,#4572,#4573,#4574,#4575,#4576,#4577,
    #4578,#4579,#4580,#4581,#4582,#4583,#4584,#4585,#4586,#4587,#4588,
    #4589,#4590,#4591,#4592,#4593,#4594,#4595,#4596,#4597,#4598,#4599,
    #4600,#4601,#4602,#4603,#4604,#4605,#4606,#4607,#4608,#4609,#4610,
    #4611,#4612,#4613,#4614,#4615,#4616,#4617,#4618,#4619,#4620,#4621,
    #4622,#4623,#4624,#4625,#4626,#4627,#4628,#4629,#4630,#4631,#4632,
    #4633,#4634,#4635,#4636,#4637,#4638),.UNSPECIFIED.,.F.,.F.,(7,5,5,5,
    5,5,5,5,5,5,5,5,5,5,5,7),(0.,4.446990582374E-02,0.106699889679,
    0.187035476968,0.26801339858,0.300097447871,0.314675223506,
    0.341597411097,0.36753298531,0.381347323108,0.411042460185,
    0.46242155436,0.576683420069,0.728288342752,0.886080488794,1.),
  .UNSPECIFIED.);
#4562 = CARTESIAN_POINT('',(2.,6.173586604678E-02));
#4563 = CARTESIAN_POINT('',(1.992463207118,6.174605439642E-02));
#4564 = CARTESIAN_POINT('',(1.984966501612,6.175617596892E-02));
#4565 = CARTESIAN_POINT('',(1.977500691166,6.176622564157E-02));
#4566 = CARTESIAN_POINT('',(1.970056802995,6.17761988187E-02));
#4567 = CARTESIAN_POINT('',(1.962626083846,6.178609143169E-02));
#4568 = CARTESIAN_POINT('',(1.944808139043,6.180962569882E-02));
#4569 = CARTESIAN_POINT('',(1.934425391754,6.182318652271E-02));
#4570 = CARTESIAN_POINT('',(1.924027727948,6.183657265851E-02));
#4571 = CARTESIAN_POINT('',(1.913591491654,6.184977515706E-02));
#4572 = CARTESIAN_POINT('',(1.90309164298,6.186278544139E-02));
#4573 = CARTESIAN_POINT('',(1.878826754279,6.189213117216E-02));
#4574 = CARTESIAN_POINT('',(1.865002797183,6.190833044088E-02));
#4575 = CARTESIAN_POINT('',(1.850963181065,6.192417733025E-02));
#4576 = CARTESIAN_POINT('',(1.836642557081,6.193965036927E-02));
#4577 = CARTESIAN_POINT('',(1.821959361159,6.195472041799E-02));
#4578 = CARTESIAN_POINT('',(1.791519430023,6.198409478324E-02));
#4579 = CARTESIAN_POINT('',(1.775777717212,6.199836929128E-02));
#4580 = CARTESIAN_POINT('',(1.759427134742,6.201216868694E-02));
#4581 = CARTESIAN_POINT('',(1.742323441736,6.202541471953E-02));
#4582 = CARTESIAN_POINT('',(1.724326772904,6.203797701359E-02));
#4583 = CARTESIAN_POINT('',(1.697621831574,6.205427243309E-02));
#4584 = CARTESIAN_POINT('',(1.689871524706,6.205875345548E-02));
#4585 = CARTESIAN_POINT('',(1.681937605443,6.206307706243E-02));
#4586 = CARTESIAN_POINT('',(1.673813260855,6.20672227395E-02));
#4587 = CARTESIAN_POINT('',(1.665498114175,6.207116550213E-02));
#4588 = CARTESIAN_POINT('',(1.653138779038,6.207656440911E-02));
#4589 = CARTESIAN_POINT('',(1.649240081338,6.207820341218E-02));
#4590 = CARTESIAN_POINT('',(1.645304893926,6.207979197556E-02));
#4591 = CARTESIAN_POINT('',(1.641334852928,6.208132729864E-02));
#4592 = CARTESIAN_POINT('',(1.637332243525,6.208280653244E-02));
#4593 = CARTESIAN_POINT('',(1.625853265938,6.208684968752E-02));
#4594 = CARTESIAN_POINT('',(1.618303807861,6.208927209074E-02));
#4595 = CARTESIAN_POINT('',(1.610673716251,6.209147483415E-02));
#4596 = CARTESIAN_POINT('',(1.602990129086,6.209344149677E-02));
#4597 = CARTESIAN_POINT('',(1.595285855578,6.209516054892E-02));
#4598 = CARTESIAN_POINT('',(1.580195806732,6.20980407102E-02));
#4599 = CARTESIAN_POINT('',(1.57280620023,6.209922042512E-02));
#4600 = CARTESIAN_POINT('',(1.565465907283,6.21001624549E-02));
#4601 = CARTESIAN_POINT('',(1.558203455275,6.210087069367E-02));
#4602 = CARTESIAN_POINT('',(1.551041974403,6.210135460628E-02));
#4603 = CARTESIAN_POINT('',(1.540249159006,6.210177163683E-02));
#4604 = CARTESIAN_POINT('',(1.53653182121,6.210185647252E-02));
#4605 = CARTESIAN_POINT('',(1.532850327539,6.210188317388E-02));
#4606 = CARTESIAN_POINT('',(1.529206482524,6.210185380953E-02));
#4607 = CARTESIAN_POINT('',(1.525601554252,6.210177055564E-02));
#4608 = CARTESIAN_POINT('',(1.514372390918,6.210134580299E-02));
#4609 = CARTESIAN_POINT('',(1.50689267638,6.210081735779E-02));
#4610 = CARTESIAN_POINT('',(1.499602674767,6.210007260666E-02));
#4611 = CARTESIAN_POINT('',(1.492501264085,6.209913316159E-02));
#4612 = CARTESIAN_POINT('',(1.485582302479,6.209801850357E-02));
#4613 = CARTESIAN_POINT('',(1.4671641675,6.209454015635E-02));
#4614 = CARTESIAN_POINT('',(1.456015982453,6.209186017712E-02));
#4615 = CARTESIAN_POINT('',(1.445336262521,6.20887866717E-02));
#4616 = CARTESIAN_POINT('',(1.435076919748,6.208538029259E-02));
#4617 = CARTESIAN_POINT('',(1.425192637722,6.208168404543E-02));
#4618 = CARTESIAN_POINT('',(1.394383896862,6.206892729955E-02));
#4619 = CARTESIAN_POINT('',(1.37478947598,6.205885373444E-02));
#4620 = CARTESIAN_POINT('',(1.356355314214,6.204783187347E-02));
#4621 = CARTESIAN_POINT('',(1.338877757658,6.203599570634E-02));
#4622 = CARTESIAN_POINT('',(1.322156381059,6.202344917957E-02));
#4623 = CARTESIAN_POINT('',(1.284647795294,6.199267169391E-02));
#4624 = CARTESIAN_POINT('',(1.264347499201,6.19739501676E-02));
#4625 = CARTESIAN_POINT('',(1.244811666087,6.195418420056E-02));
#4626 = CARTESIAN_POINT('',(1.225872734996,6.193343501897E-02));
#4627 = CARTESIAN_POINT('',(1.207385999479,6.191174957905E-02));
#4628 = CARTESIAN_POINT('',(1.170345831946,6.186563041359E-02));
#4629 = CARTESIAN_POINT('',(1.151823631454,6.184112562356E-02));
#4630 = CARTESIAN_POINT('',(1.133543925328,6.181567075389E-02));
#4631 = CARTESIAN_POINT('',(1.115409301063,6.178929154154E-02));
#4632 = CARTESIAN_POINT('',(1.097335506391,6.176201025642E-02));
#4633 = CARTESIAN_POINT('',(1.066169365145,6.171352027857E-02));
#4634 = CARTESIAN_POINT('',(1.053089569807,6.169273251919E-02));
#4635 = CARTESIAN_POINT('',(1.039964951447,6.16714963134E-02));
#4636 = CARTESIAN_POINT('',(1.02676424178,6.164982150108E-02));
#4637 = CARTESIAN_POINT('',(1.013454704738,6.162771970194E-02));
#4638 = CARTESIAN_POINT('',(1.,6.160520536024E-02));
#4639 = ( GEOMETRIC_REPRESENTATION_CONTEXT(2) 
PARAMETRIC_REPRESENTATION_CONTEXT() REPRESENTATION_CONTEXT('2D SPACE',''
  ) );
#4640 = ORIENTED_EDGE('',*,*,#4641,.F.);
#4641 = EDGE_CURVE('',#4642,#4292,#4644,.T.);
#4642 = VERTEX_POINT('',#4643);
#4643 = CARTESIAN_POINT('',(1.094806631715,7.924733335523,0.254575591304
    ));
#4644 = SURFACE_CURVE('',#4645,(#4654,#4666),.PCURVE_S1.);
#4645 = B_SPLINE_CURVE_WITH_KNOTS('',4,(#4646,#4647,#4648,#4649,#4650,
    #4651,#4652,#4653),.UNSPECIFIED.,.F.,.F.,(5,3,5),(0.,0.504922560655,
    1.),.UNSPECIFIED.);
#4646 = CARTESIAN_POINT('',(1.094806631715,7.924733335523,0.254575591304
    ));
#4647 = CARTESIAN_POINT('',(1.104319562919,7.92341911841,0.272408638187)
  );
#4648 = CARTESIAN_POINT('',(1.11139680182,7.922425896074,0.289724382803)
  );
#4649 = CARTESIAN_POINT('',(1.116078214707,7.921765954383,0.30655543879)
  );
#4650 = CARTESIAN_POINT('',(1.121046037683,7.921064445574,0.339075504387
    ));
#4651 = CARTESIAN_POINT('',(1.121415786797,7.921011327858,0.354780252383
    ));
#4652 = CARTESIAN_POINT('',(1.119907578967,7.921225683802,0.370159939329
    ));
#4653 = CARTESIAN_POINT('',(1.116884746419,7.921651877179,0.385317334207
    ));
#4654 = PCURVE('',#1840,#4655);
#4655 = DEFINITIONAL_REPRESENTATION('',(#4656),#4665);
#4656 = B_SPLINE_CURVE_WITH_KNOTS('',4,(#4657,#4658,#4659,#4660,#4661,
    #4662,#4663,#4664),.UNSPECIFIED.,.F.,.F.,(5,3,5),(0.,0.504922560655,
    1.),.UNSPECIFIED.);
#4657 = CARTESIAN_POINT('',(1.433514696753,3.754575591304));
#4658 = CARTESIAN_POINT('',(1.432314286493,3.772408638187));
#4659 = CARTESIAN_POINT('',(1.431420963889,3.789724382803));
#4660 = CARTESIAN_POINT('',(1.430830000995,3.80655543879));
#4661 = CARTESIAN_POINT('',(1.430202862407,3.839075504387));
#4662 = CARTESIAN_POINT('',(1.430156169411,3.854780252383));
#4663 = CARTESIAN_POINT('',(1.430346589887,3.870159939329));
#4664 = CARTESIAN_POINT('',(1.430728181075,3.885317334207));
#4665 = ( GEOMETRIC_REPRESENTATION_CONTEXT(2) 
PARAMETRIC_REPRESENTATION_CONTEXT() REPRESENTATION_CONTEXT('2D SPACE',''
  ) );
#4666 = PCURVE('',#4667,#4772);
#4667 = ( BOUNDED_SURFACE() B_SPLINE_SURFACE(12,7,(
    (#4668,#4669,#4670,#4671,#4672,#4673,#4674,#4675)
    ,(#4676,#4677,#4678,#4679,#4680,#4681,#4682,#4683)
    ,(#4684,#4685,#4686,#4687,#4688,#4689,#4690,#4691)
    ,(#4692,#4693,#4694,#4695,#4696,#4697,#4698,#4699)
    ,(#4700,#4701,#4702,#4703,#4704,#4705,#4706,#4707)
    ,(#4708,#4709,#4710,#4711,#4712,#4713,#4714,#4715)
    ,(#4716,#4717,#4718,#4719,#4720,#4721,#4722,#4723)
    ,(#4724,#4725,#4726,#4727,#4728,#4729,#4730,#4731)
    ,(#4732,#4733,#4734,#4735,#4736,#4737,#4738,#4739)
    ,(#4740,#4741,#4742,#4743,#4744,#4745,#4746,#4747)
    ,(#4748,#4749,#4750,#4751,#4752,#4753,#4754,#4755)
    ,(#4756,#4757,#4758,#4759,#4760,#4761,#4762,#4763)
    ,(#4764,#4765,#4766,#4767,#4768,#4769,#4770,#4771
)),.UNSPECIFIED.,.F.,.F.,.F.) B_SPLINE_SURFACE_WITH_KNOTS((13,13),(8,8),
  (2.,3.),(0.,1.),.PIECEWISE_BEZIER_KNOTS.) 
GEOMETRIC_REPRESENTATION_ITEM() RATIONAL_B_SPLINE_SURFACE((
    (1.,1.,1.,1.,1.,1.,1.,1.)
    ,(1.,1.,1.,1.,1.,1.,1.,1.)
    ,(1.,1.,1.,1.,1.,1.,1.,1.)
    ,(1.,1.,1.,1.,1.,1.,1.,1.)
    ,(1.,1.,1.,1.,1.,1.,1.,1.)
    ,(1.,1.,1.,1.,1.,1.,1.,1.)
    ,(1.,1.,1.,1.,1.,1.,1.,1.)
    ,(1.,1.,1.,1.,1.,1.,1.,1.)
    ,(1.,1.,1.,1.,1.,1.,1.,1.)
    ,(1.,1.,1.,1.,1.,1.,1.,1.)
    ,(1.,1.,1.,1.,1.,1.,1.,1.)
    ,(1.,1.,1.,1.,1.,1.,1.,1.)
,(1.,1.,1.,1.,1.,1.,1.,1.))) REPRESENTATION_ITEM('') SURFACE() );
#4668 = CARTESIAN_POINT('',(1.091538427804,0.,0.392095754339));
#4669 = CARTESIAN_POINT('',(0.416241205529,19.572075798119,0.5772738656)
  );
#4670 = CARTESIAN_POINT('',(5.599359076112,29.906339939337,
    -0.837320800182));
#4671 = CARTESIAN_POINT('',(-6.054293371661,59.681862012172,
    2.048014057131));
#4672 = CARTESIAN_POINT('',(19.301197623814,66.668229265818,
    -0.69015991924));
#4673 = CARTESIAN_POINT('',(4.443209119388,92.778443865803,
    4.097905470597));
#4674 = CARTESIAN_POINT('',(7.014518738722,107.78320990507,
    -0.668652731187));
#4675 = CARTESIAN_POINT('',(5.985735955813,127.,0.413479222319));
#4676 = CARTESIAN_POINT('',(1.086756727594,0.,0.379461359618));
#4677 = CARTESIAN_POINT('',(0.172377139243,19.572075798121,
    0.487210389307));
#4678 = CARTESIAN_POINT('',(7.456852023608,29.906339939323,
    -0.27903997389));
#4679 = CARTESIAN_POINT('',(-11.53448507267,59.681862012202,
    0.635197319025));
#4680 = CARTESIAN_POINT('',(28.810990705364,66.66822926578,
    1.726937391659));
#4681 = CARTESIAN_POINT('',(-2.971943592082,92.778443865831,
    2.292764372176));
#4682 = CARTESIAN_POINT('',(9.648136213593,107.78320990506,
    3.949446239318E-02));
#4683 = CARTESIAN_POINT('',(5.982239892689,127.,0.464090013898));
#4684 = CARTESIAN_POINT('',(1.081973222919,0.,0.36682631671));
#4685 = CARTESIAN_POINT('',(-5.211078232381E-02,19.572075798121,
    0.399920100966));
#4686 = CARTESIAN_POINT('',(9.164605647832,29.906339939325,
    0.257878563709));
#4687 = CARTESIAN_POINT('',(-16.59280668193,59.681862012199,
    -0.718233593787));
#4688 = CARTESIAN_POINT('',(37.719728929612,66.668229265784,
    4.062603964168));
#4689 = CARTESIAN_POINT('',(-9.998514665788,92.778443865827,
    0.53321840172));
#4690 = CARTESIAN_POINT('',(12.076249144515,107.78320990506,
    0.724437110735));
#4691 = CARTESIAN_POINT('',(5.932060904087,127.,0.511476064893));
#4692 = CARTESIAN_POINT('',(1.077187923282,0.,0.354190650684));
#4693 = CARTESIAN_POINT('',(-0.255229916517,19.572075798123,
    0.315995391354));
#4694 = CARTESIAN_POINT('',(10.707135088039,29.906339939313,
    0.768833098994));
#4695 = CARTESIAN_POINT('',(-21.18468431465,59.681862012228,
    -1.999048923269));
#4696 = CARTESIAN_POINT('',(45.960421404856,66.668229265747,
    6.297009998016));
#4697 = CARTESIAN_POINT('',(-16.58716645974,92.778443865854,
    -1.166163855622));
#4698 = CARTESIAN_POINT('',(14.281731907092,107.78320990505,
    1.380501316406));
#4699 = CARTESIAN_POINT('',(5.835232030244,127.,0.555163756066));
#4700 = CARTESIAN_POINT('',(1.072400838189,0.,0.341554386609));
#4701 = CARTESIAN_POINT('',(-0.435137666657,19.572075798125,
    0.236007808532));
#4702 = CARTESIAN_POINT('',(12.070118699166,29.906339939301,
    1.249382891036));
#4703 = CARTESIAN_POINT('',(-25.26886512831,59.681862012255,
    -3.1944718709));
#4704 = CARTESIAN_POINT('',(53.471018074818,66.668229265712,
    8.41097453796));
#4705 = CARTESIAN_POINT('',(-22.6923650991,92.778443865881,
    -2.791264732198));
#4706 = CARTESIAN_POINT('',(16.249562696409,107.78320990504,
    2.002261702452));
#4707 = CARTESIAN_POINT('',(5.692319620166,127.,0.594716276222));
#4708 = CARTESIAN_POINT('',(1.067611977145,0.,0.328917549555));
#4709 = CARTESIAN_POINT('',(-0.590157615391,19.572075798119,
    0.160502955044));
#4710 = CARTESIAN_POINT('',(13.240523278706,29.906339939337,
    1.695287795565));
#4711 = CARTESIAN_POINT('',(-28.8077763344,59.681862012171,
    -4.292292387625));
#4712 = CARTESIAN_POINT('',(60.194945914124,66.66822926582,
    10.386136437179));
#4713 = CARTESIAN_POINT('',(-28.27277672065,92.778443865802,
    -4.328547524195));
#4714 = CARTESIAN_POINT('',(17.966961981792,107.78320990507,
    2.584594511209));
#4715 = CARTESIAN_POINT('',(5.504423855459,127.,0.629740506256));
#4716 = CARTESIAN_POINT('',(1.062821349655,0.,0.316280164591));
#4717 = CARTESIAN_POINT('',(-0.718793228257,19.572075798118,
    8.999579247817E-02));
#4718 = CARTESIAN_POINT('',(14.206710337776,29.906339939338,
    2.102544725272));
#4719 = CARTESIAN_POINT('',(-31.76782879668,59.681862012168,
    -5.280971869575));
#4720 = CARTESIAN_POINT('',(66.081557849701,66.668229265824,
    12.20511157385));
#4721 = CARTESIAN_POINT('',(-33.29158751825,92.778443865798,
    -5.765175640728));
#4722 = CARTESIAN_POINT('',(19.423490242255,107.78320990507,
    3.122725124288));
#4723 = CARTESIAN_POINT('',(5.273168393894,127.,0.659893110999));
#4724 = CARTESIAN_POINT('',(1.058028965224,0.,0.303642256787));
#4725 = CARTESIAN_POINT('',(-0.819739197827,19.572075798121,
    2.49663570386E-02));
#4726 = CARTESIAN_POINT('',(14.958523977704,29.906339939326,
    2.467420917137));
#4727 = CARTESIAN_POINT('',(-34.11966698911,59.681862012196,
    -6.14973866763));
#4728 = CARTESIAN_POINT('',(71.086497696112,66.66822926579,
    13.851636153249));
#4729 = CARTESIAN_POINT('',(-37.71675141731,92.778443865821,
    -7.089120668765));
#4730 = CARTESIAN_POINT('',(20.611107303778,107.78320990506,
    3.612269910986));
#4731 = CARTESIAN_POINT('',(5.00067994171,127.,0.684885750344));
#4732 = CARTESIAN_POINT('',(1.053234833357,0.,0.291003851213));
#4733 = CARTESIAN_POINT('',(-0.891890498851,19.572075798119,
    -3.414411016809E-02));
#4734 = CARTESIAN_POINT('',(15.487360933512,29.906339939333,
    2.786483977551));
#4735 = CARTESIAN_POINT('',(-35.83836708672,59.681862012178,
    -6.888674319035));
#4736 = CARTESIAN_POINT('',(75.17198439308,66.668229265812,
    15.31069592783));
#4737 = CARTESIAN_POINT('',(-41.52116920636,92.778443865806,
    -8.289259167075));
#4738 = CARTESIAN_POINT('',(21.524195599634,107.78320990507,
    4.049272312427));
#4739 = CARTESIAN_POINT('',(4.689558563614,127.,0.704489321051));
#4740 = CARTESIAN_POINT('',(1.048438963558,0.,0.278364972937));
#4741 = CARTESIAN_POINT('',(-0.934349224776,19.572075798124,
    -8.693661447308E-02));
#4742 = CARTESIAN_POINT('',(15.786223345679,29.906339939308,
    3.056628675941));
#4743 = CARTESIAN_POINT('',(-36.90358496295,59.681862012237,
    -7.488790409202));
#4744 = CARTESIAN_POINT('',(78.30701883347,66.668229265737,
    16.568641167695));
#4745 = CARTESIAN_POINT('',(-44.6828029542,92.778443865861,
    -9.355458002337));
#4746 = CARTESIAN_POINT('',(22.159549674977,107.78320990505,
    4.430233068707));
#4747 = CARTESIAN_POINT('',(4.34283953947,127.,0.718537140702));
#4748 = CARTESIAN_POINT('',(1.043641365334,0.,0.26572564703));
#4749 = CARTESIAN_POINT('',(-0.94642927605,19.572075798119,
    -0.133057436924));
#4750 = CARTESIAN_POINT('',(15.849754821481,29.906339939336,
    3.27510045762));
#4751 = CARTESIAN_POINT('',(-37.29965586645,59.681862012174,
    -7.942095971816));
#4752 = CARTESIAN_POINT('',(80.467516569707,66.668229265814,
    17.613287213808));
#4753 = CARTESIAN_POINT('',(-47.18472954046,92.778443865807,
    -10.27864804051));
#4754 = CARTESIAN_POINT('',(22.516334256845,107.78320990507,
    4.752134496332));
#4755 = CARTESIAN_POINT('',(3.96394757667,127.,0.726926985236));
#4756 = CARTESIAN_POINT('',(1.038842048188,0.,0.253085898561));
#4757 = CARTESIAN_POINT('',(-0.927658970593,19.572075798119,
    -0.172200737828));
#4758 = CARTESIAN_POINT('',(15.674260347335,29.906339939334,
    3.439515646608));
#4759 = CARTESIAN_POINT('',(-37.01564755088,59.681862012176,
    -8.241655335444));
#4760 = CARTESIAN_POINT('',(81.636369687029,66.668229265813,
    18.434000446427));
#4761 = CARTESIAN_POINT('',(-49.01513712801,92.778443865805,
    -11.05088600671));
#4762 = CARTESIAN_POINT('',(22.596013210814,107.78320990507,
    5.012458723221));
#4763 = CARTESIAN_POINT('',(3.556644187139,127.,0.729621891488));
#4764 = CARTESIAN_POINT('',(1.034041021626,0.,0.240445752599));
#4765 = CARTESIAN_POINT('',(-0.877781646831,19.572075798119,
    -0.204110730886));
#4766 = CARTESIAN_POINT('',(15.257710613417,29.906339939337,
    3.547878309138));
#4767 = CARTESIAN_POINT('',(-36.04536863079,59.681862012172,
    -8.38163632476));
#4768 = CARTESIAN_POINT('',(81.803441131455,66.668229265818,
    19.021769501116));
#4769 = CARTESIAN_POINT('',(-50.16726840518,92.778443865803,
    -11.66540432658));
#4770 = CARTESIAN_POINT('',(22.402251705436,107.78320990507,
    5.209199788576));
#4771 = CARTESIAN_POINT('',(3.124969037993,127.,0.726649636209));
#4772 = DEFINITIONAL_REPRESENTATION('',(#4773),#4782);
#4773 = B_SPLINE_CURVE_WITH_KNOTS('',4,(#4774,#4775,#4776,#4777,#4778,
    #4779,#4780,#4781),.UNSPECIFIED.,.F.,.F.,(5,3,5),(0.,0.504922560655,
    1.),.UNSPECIFIED.);
#4774 = CARTESIAN_POINT('',(3.,6.176103797274E-02));
#4775 = CARTESIAN_POINT('',(2.874412154782,6.175030222228E-02));
#4776 = CARTESIAN_POINT('',(2.74848557128,6.17421888016E-02));
#4777 = CARTESIAN_POINT('',(2.622318033127,6.17367979101E-02));
#4778 = CARTESIAN_POINT('',(2.37214495121,6.173106747862E-02));
#4779 = CARTESIAN_POINT('',(2.248143843534,6.173063358349E-02));
#4780 = CARTESIAN_POINT('',(2.124079774573,6.17323845845E-02));
#4781 = CARTESIAN_POINT('',(2.,6.173586604678E-02));
#4782 = ( GEOMETRIC_REPRESENTATION_CONTEXT(2) 
PARAMETRIC_REPRESENTATION_CONTEXT() REPRESENTATION_CONTEXT('2D SPACE',''
  ) );
#4783 = ORIENTED_EDGE('',*,*,#4784,.F.);
#4784 = EDGE_CURVE('',#2368,#4642,#4785,.T.);
#4785 = SURFACE_CURVE('',#4786,(#4809,#4835),.PCURVE_S1.);
#4786 = B_SPLINE_CURVE_WITH_KNOTS('',5,(#4787,#4788,#4789,#4790,#4791,
    #4792,#4793,#4794,#4795,#4796,#4797,#4798,#4799,#4800,#4801,#4802,
    #4803,#4804,#4805,#4806,#4807,#4808),.UNSPECIFIED.,.F.,.F.,(6,4,4,4,
    4,6),(0.,0.294669054689,0.607332605194,0.827663485094,0.921821120172
    ,1.),.UNSPECIFIED.);
#4787 = CARTESIAN_POINT('',(0.813487990042,7.958532357794,0.100106911118
    ));
#4788 = CARTESIAN_POINT('',(0.823606894713,7.957498045555,0.106982826968
    ));
#4789 = CARTESIAN_POINT('',(0.835257997033,7.956290876023,0.114390115054
    ));
#4790 = CARTESIAN_POINT('',(0.848274624707,7.954917984493,0.122268331281
    ));
#4791 = CARTESIAN_POINT('',(0.862473868119,7.953387511749,0.130552852974
    ));
#4792 = CARTESIAN_POINT('',(0.89381751741,7.949927911208,0.148340912732)
  );
#4793 = CARTESIAN_POINT('',(0.911088385157,7.947980194221,0.157887753275
    ));
#4794 = CARTESIAN_POINT('',(0.929285116636,7.94587710324,0.167751735309)
  );
#4795 = CARTESIAN_POINT('',(0.948205863218,7.943632036932,0.177864095054
    ));
#4796 = CARTESIAN_POINT('',(0.981378386687,7.939589869731,0.195419964574
    ));
#4797 = CARTESIAN_POINT('',(0.995358673838,7.937856294081,0.202769608768
    ));
#4798 = CARTESIAN_POINT('',(1.00954114191,7.936065663571,0.210189694076)
  );
#4799 = CARTESIAN_POINT('',(1.023863538505,7.934224250296,0.217659349855
    ));
#4800 = CARTESIAN_POINT('',(1.044421562762,7.931533403638,0.228363576099
    ));
#4801 = CARTESIAN_POINT('',(1.05059132382,7.930719769249,0.23157383805)
  );
#4802 = CARTESIAN_POINT('',(1.056771145737,7.929898684746,0.234787970752
    ));
#4803 = CARTESIAN_POINT('',(1.062956462954,7.929070722627,0.238004445212
    ));
#4804 = CARTESIAN_POINT('',(1.074279278194,7.92754381229,0.243893084002)
  );
#4805 = CARTESIAN_POINT('',(1.079416462613,7.926846814533,0.246564987803
    ));
#4806 = CARTESIAN_POINT('',(1.084551770342,7.926145830405,0.249236607024
    ));
#4807 = CARTESIAN_POINT('',(1.089682662619,7.925441214907,0.251907089303
    ));
#4808 = CARTESIAN_POINT('',(1.094806631715,7.924733335523,0.254575591304
    ));
#4809 = PCURVE('',#1840,#4810);
#4810 = DEFINITIONAL_REPRESENTATION('',(#4811),#4834);
#4811 = B_SPLINE_CURVE_WITH_KNOTS('',5,(#4812,#4813,#4814,#4815,#4816,
    #4817,#4818,#4819,#4820,#4821,#4822,#4823,#4824,#4825,#4826,#4827,
    #4828,#4829,#4830,#4831,#4832,#4833),.UNSPECIFIED.,.F.,.F.,(6,4,4,4,
    4,6),(0.,0.294669054689,0.607332605194,0.827663485094,0.921821120172
    ,1.),.UNSPECIFIED.);
#4812 = CARTESIAN_POINT('',(1.468934268004,3.600106911118));
#4813 = CARTESIAN_POINT('',(1.467662814397,3.606982826968));
#4814 = CARTESIAN_POINT('',(1.466198631651,3.614390115054));
#4815 = CARTESIAN_POINT('',(1.46456253252,3.622268331281));
#4816 = CARTESIAN_POINT('',(1.462777352599,3.630552852974));
#4817 = CARTESIAN_POINT('',(1.458835602538,3.648340912732));
#4818 = CARTESIAN_POINT('',(1.456663065165,3.657887753275));
#4819 = CARTESIAN_POINT('',(1.454373345535,3.667751735309));
#4820 = CARTESIAN_POINT('',(1.451991672828,3.677864095054));
#4821 = CARTESIAN_POINT('',(1.447814436472,3.695419964574));
#4822 = CARTESIAN_POINT('',(1.446053520551,3.702769608768));
#4823 = CARTESIAN_POINT('',(1.444266643772,3.710189694076));
#4824 = CARTESIAN_POINT('',(1.442461612927,3.717659349855));
#4825 = CARTESIAN_POINT('',(1.439869940514,3.728363576099));
#4826 = CARTESIAN_POINT('',(1.43909204355,3.73157383805));
#4827 = CARTESIAN_POINT('',(1.438312777773,3.734787970752));
#4828 = CARTESIAN_POINT('',(1.437532717348,3.738004445212));
#4829 = CARTESIAN_POINT('',(1.436104554191,3.743893084002));
#4830 = CARTESIAN_POINT('',(1.435456522894,3.746564987803));
#4831 = CARTESIAN_POINT('',(1.434808656917,3.749236607024));
#4832 = CARTESIAN_POINT('',(1.434161276124,3.751907089303));
#4833 = CARTESIAN_POINT('',(1.433514696753,3.754575591304));
#4834 = ( GEOMETRIC_REPRESENTATION_CONTEXT(2) 
PARAMETRIC_REPRESENTATION_CONTEXT() REPRESENTATION_CONTEXT('2D SPACE',''
  ) );
#4835 = PCURVE('',#2388,#4836);
#4836 = DEFINITIONAL_REPRESENTATION('',(#4837),#4860);
#4837 = B_SPLINE_CURVE_WITH_KNOTS('',5,(#4838,#4839,#4840,#4841,#4842,
    #4843,#4844,#4845,#4846,#4847,#4848,#4849,#4850,#4851,#4852,#4853,
    #4854,#4855,#4856,#4857,#4858,#4859),.UNSPECIFIED.,.F.,.F.,(6,4,4,4,
    4,6),(0.,0.294669054689,0.607332605194,0.827663485094,0.921821120172
    ,1.),.UNSPECIFIED.);
#4838 = CARTESIAN_POINT('',(4.,6.203717568984E-02));
#4839 = CARTESIAN_POINT('',(3.938899277687,6.20287242748E-02));
#4840 = CARTESIAN_POINT('',(3.878179500632,6.201886051796E-02));
#4841 = CARTESIAN_POINT('',(3.817865605765,6.200764277789E-02));
#4842 = CARTESIAN_POINT('',(3.75795001614,6.19951376435E-02));
#4843 = CARTESIAN_POINT('',(3.63521345502,6.19668705551E-02));
#4844 = CARTESIAN_POINT('',(3.572440134419,6.195095674354E-02));
#4845 = CARTESIAN_POINT('',(3.510039090618,6.193377377034E-02));
#4846 = CARTESIAN_POINT('',(3.447950623935,6.191543120916E-02));
#4847 = CARTESIAN_POINT('',(3.342514483328,6.188240683021E-02));
#4848 = CARTESIAN_POINT('',(3.299047767663,6.186824378996E-02));
#4849 = CARTESIAN_POINT('',(3.255674267873,6.185361486529E-02));
#4850 = CARTESIAN_POINT('',(3.212367483749,6.183857132735E-02));
#4851 = CARTESIAN_POINT('',(3.150609791334,6.181658869907E-02));
#4852 = CARTESIAN_POINT('',(3.132126790177,6.180994183743E-02));
#4853 = CARTESIAN_POINT('',(3.113648886087,6.180323416569E-02));
#4854 = CARTESIAN_POINT('',(3.095173983153,6.179647036259E-02));
#4855 = CARTESIAN_POINT('',(3.061361091931,6.178399679977E-02));
#4856 = CARTESIAN_POINT('',(3.046022819861,6.17783029567E-02));
#4857 = CARTESIAN_POINT('',(3.030683993469,6.177257658697E-02));
#4858 = CARTESIAN_POINT('',(3.015343439146,6.176682059141E-02));
#4859 = CARTESIAN_POINT('',(3.,6.176103797274E-02));
#4860 = ( GEOMETRIC_REPRESENTATION_CONTEXT(2) 
PARAMETRIC_REPRESENTATION_CONTEXT() REPRESENTATION_CONTEXT('2D SPACE',''
  ) );
#4861 = ORIENTED_EDGE('',*,*,#2500,.F.);
#4862 = ORIENTED_EDGE('',*,*,#4183,.T.);
#4863 = ORIENTED_EDGE('',*,*,#1786,.F.);
#4864 = ADVANCED_FACE('',(#4865),#2388,.F.);
#4865 = FACE_BOUND('',#4866,.F.);
#4866 = EDGE_LOOP('',(#4867,#4895,#4896,#4897));
#4867 = ORIENTED_EDGE('',*,*,#4868,.F.);
#4868 = EDGE_CURVE('',#4642,#4869,#4871,.T.);
#4869 = VERTEX_POINT('',#4870);
#4870 = CARTESIAN_POINT('',(3.124969037993,127.,0.726649636209));
#4871 = SURFACE_CURVE('',#4872,(#4881,#4888),.PCURVE_S1.);
#4872 = ( BOUNDED_CURVE() B_SPLINE_CURVE(7,(#4873,#4874,#4875,#4876,
    #4877,#4878,#4879,#4880),.UNSPECIFIED.,.F.,.F.) 
B_SPLINE_CURVE_WITH_KNOTS((8,8),(0.,1.),.PIECEWISE_BEZIER_KNOTS.) CURVE(
) GEOMETRIC_REPRESENTATION_ITEM() RATIONAL_B_SPLINE_CURVE((1.,1.,1.,1.,
1.,1.,1.,1.)) REPRESENTATION_ITEM('') );
#4873 = CARTESIAN_POINT('',(1.034041021626,0.,0.240445752599));
#4874 = CARTESIAN_POINT('',(-0.877781646831,19.572075798119,
    -0.204110730886));
#4875 = CARTESIAN_POINT('',(15.257710613417,29.906339939337,
    3.547878309138));
#4876 = CARTESIAN_POINT('',(-36.04536863079,59.681862012172,
    -8.38163632476));
#4877 = CARTESIAN_POINT('',(81.803441131455,66.668229265818,
    19.021769501116));
#4878 = CARTESIAN_POINT('',(-50.16726840518,92.778443865803,
    -11.66540432658));
#4879 = CARTESIAN_POINT('',(22.402251705436,107.78320990507,
    5.209199788576));
#4880 = CARTESIAN_POINT('',(3.124969037993,127.,0.726649636209));
#4881 = PCURVE('',#2388,#4882);
#4882 = DEFINITIONAL_REPRESENTATION('',(#4883),#4887);
#4883 = LINE('',#4884,#4885);
#4884 = CARTESIAN_POINT('',(3.,0.));
#4885 = VECTOR('',#4886,1.);
#4886 = DIRECTION('',(0.,1.));
#4887 = ( GEOMETRIC_REPRESENTATION_CONTEXT(2) 
PARAMETRIC_REPRESENTATION_CONTEXT() REPRESENTATION_CONTEXT('2D SPACE',''
  ) );
#4888 = PCURVE('',#4667,#4889);
#4889 = DEFINITIONAL_REPRESENTATION('',(#4890),#4894);
#4890 = LINE('',#4891,#4892);
#4891 = CARTESIAN_POINT('',(3.,0.));
#4892 = VECTOR('',#4893,1.);
#4893 = DIRECTION('',(0.,1.));
#4894 = ( GEOMETRIC_REPRESENTATION_CONTEXT(2) 
PARAMETRIC_REPRESENTATION_CONTEXT() REPRESENTATION_CONTEXT('2D SPACE',''
  ) );
#4895 = ORIENTED_EDGE('',*,*,#4784,.F.);
#4896 = ORIENTED_EDGE('',*,*,#2367,.T.);
#4897 = ORIENTED_EDGE('',*,*,#4898,.F.);
#4898 = EDGE_CURVE('',#4869,#2320,#4899,.T.);
#4899 = SURFACE_CURVE('',#4900,(#4914,#4921),.PCURVE_S1.);
#4900 = B_SPLINE_CURVE_WITH_KNOTS('',12,(#4901,#4902,#4903,#4904,#4905,
    #4906,#4907,#4908,#4909,#4910,#4911,#4912,#4913),.UNSPECIFIED.,.F.,
  .F.,(13,13),(3.,4.),.PIECEWISE_BEZIER_KNOTS.);
#4901 = CARTESIAN_POINT('',(3.124969037993,127.,0.726649636209));
#4902 = CARTESIAN_POINT('',(3.032803522535,127.,0.726015039938));
#4903 = CARTESIAN_POINT('',(2.939527023244,127.,0.725122106442));
#4904 = CARTESIAN_POINT('',(2.845178857484,127.,0.723971105771));
#4905 = CARTESIAN_POINT('',(2.749798924453,127.,0.722562443354));
#4906 = CARTESIAN_POINT('',(2.653427678019,127.,0.720896659428));
#4907 = CARTESIAN_POINT('',(2.556106099572,127.,0.718974428473));
#4908 = CARTESIAN_POINT('',(2.457875670861,127.,0.716796558638));
#4909 = CARTESIAN_POINT('',(2.358778346838,127.,0.714363991175));
#4910 = CARTESIAN_POINT('',(2.258856528505,127.,0.711677799867));
#4911 = CARTESIAN_POINT('',(2.158153035754,127.,0.708739190461));
#4912 = CARTESIAN_POINT('',(2.056711080209,127.,0.705549500095));
#4913 = CARTESIAN_POINT('',(1.954574238074,127.,0.702110196735));
#4914 = PCURVE('',#2388,#4915);
#4915 = DEFINITIONAL_REPRESENTATION('',(#4916),#4920);
#4916 = LINE('',#4917,#4918);
#4917 = CARTESIAN_POINT('',(0.,1.));
#4918 = VECTOR('',#4919,1.);
#4919 = DIRECTION('',(1.,0.));
#4920 = ( GEOMETRIC_REPRESENTATION_CONTEXT(2) 
PARAMETRIC_REPRESENTATION_CONTEXT() REPRESENTATION_CONTEXT('2D SPACE',''
  ) );
#4921 = PCURVE('',#2345,#4922);
#4922 = DEFINITIONAL_REPRESENTATION('',(#4923),#4937);
#4923 = B_SPLINE_CURVE_WITH_KNOTS('',12,(#4924,#4925,#4926,#4927,#4928,
    #4929,#4930,#4931,#4932,#4933,#4934,#4935,#4936),.UNSPECIFIED.,.F.,
  .F.,(13,13),(3.,4.),.PIECEWISE_BEZIER_KNOTS.);
#4924 = CARTESIAN_POINT('',(-2.102296384284,0.252022329202));
#4925 = CARTESIAN_POINT('',(-2.011070272295,0.238881498051));
#4926 = CARTESIAN_POINT('',(-1.918707050839,0.225830139021));
#4927 = CARTESIAN_POINT('',(-1.825245636437,0.212873858587));
#4928 = CARTESIAN_POINT('',(-1.730725541135,0.20001821628));
#4929 = CARTESIAN_POINT('',(-1.63518684557,0.187268721196));
#4930 = CARTESIAN_POINT('',(-1.538670172028,0.174630828501));
#4931 = CARTESIAN_POINT('',(-1.441216657514,0.162109935938));
#4932 = CARTESIAN_POINT('',(-1.342867926806,0.14971138033));
#4933 = CARTESIAN_POINT('',(-1.243666065528,0.137440434092));
#4934 = CARTESIAN_POINT('',(-1.143653593204,0.12530230173));
#4935 = CARTESIAN_POINT('',(-1.042873436327,0.113302116354));
#4936 = CARTESIAN_POINT('',(-0.941368901417,0.10144493618));
#4937 = ( GEOMETRIC_REPRESENTATION_CONTEXT(2) 
PARAMETRIC_REPRESENTATION_CONTEXT() REPRESENTATION_CONTEXT('2D SPACE',''
  ) );
#4938 = ADVANCED_FACE('',(#4939),#2345,.F.);
#4939 = FACE_BOUND('',#4940,.F.);
#4940 = EDGE_LOOP('',(#4941,#4984,#5027,#5068,#5069));
#4941 = ORIENTED_EDGE('',*,*,#4942,.T.);
#4942 = EDGE_CURVE('',#2187,#4943,#4945,.T.);
#4943 = VERTEX_POINT('',#4944);
#4944 = CARTESIAN_POINT('',(0.237489892119,127.,0.617182285327));
#4945 = SURFACE_CURVE('',#4946,(#4960,#4977),.PCURVE_S1.);
#4946 = B_SPLINE_CURVE_WITH_KNOTS('',12,(#4947,#4948,#4949,#4950,#4951,
    #4952,#4953,#4954,#4955,#4956,#4957,#4958,#4959),.UNSPECIFIED.,.F.,
  .F.,(13,13),(0.,1.),.PIECEWISE_BEZIER_KNOTS.);
#4947 = CARTESIAN_POINT('',(1.008614056129,127.,0.661788765648));
#4948 = CARTESIAN_POINT('',(0.944880498506,127.,0.65852507663));
#4949 = CARTESIAN_POINT('',(0.881018545505,127.,0.655177150914));
#4950 = CARTESIAN_POINT('',(0.817037948402,127.,0.651745487931));
#4951 = CARTESIAN_POINT('',(0.752948473303,127.,0.648230602331));
#4952 = CARTESIAN_POINT('',(0.688759901149,127.,0.644633023993));
#4953 = CARTESIAN_POINT('',(0.62448202771,127.,0.640953298013));
#4954 = CARTESIAN_POINT('',(0.56012466359,127.,0.637191984714));
#4955 = CARTESIAN_POINT('',(0.495697634224,127.,0.633349659642));
#4956 = CARTESIAN_POINT('',(0.431210779879,127.,0.629426913565));
#4957 = CARTESIAN_POINT('',(0.366673955654,127.,0.625424352473));
#4958 = CARTESIAN_POINT('',(0.30209703148,127.,0.621342597581));
#4959 = CARTESIAN_POINT('',(0.237489892119,127.,0.617182285327));
#4960 = PCURVE('',#2345,#4961);
#4961 = DEFINITIONAL_REPRESENTATION('',(#4962),#4976);
#4962 = B_SPLINE_CURVE_WITH_KNOTS('',12,(#4963,#4964,#4965,#4966,#4967,
    #4968,#4969,#4970,#4971,#4972,#4973,#4974,#4975),.UNSPECIFIED.,.F.,
  .F.,(13,13),(0.,1.),.PIECEWISE_BEZIER_KNOTS.);
#4963 = CARTESIAN_POINT('',(0.,0.));
#4964 = CARTESIAN_POINT('',(6.350594523619E-02,-6.293882182376E-03));
#4965 = CARTESIAN_POINT('',(0.127151428952,-1.252365346825E-02));
#4966 = CARTESIAN_POINT('',(0.190926734684,-1.868835097162E-02));
#4967 = CARTESIAN_POINT('',(0.25482212903,-2.478702464311E-02));
#4968 = CARTESIAN_POINT('',(0.318827861648,-3.081873726994E-02));
#4969 = CARTESIAN_POINT('',(0.382934165254,-3.678256447592E-02));
#4970 = CARTESIAN_POINT('',(0.447131255629,-4.267759472149E-02));
#4971 = CARTESIAN_POINT('',(0.511409331611,-4.850292930368E-02));
#4972 = CARTESIAN_POINT('',(0.575758575098,-5.425768235612E-02));
#4973 = CARTESIAN_POINT('',(0.640169151051,-5.994098084906E-02));
#4974 = CARTESIAN_POINT('',(0.70463120749,-6.555196458934E-02));
#4975 = CARTESIAN_POINT('',(0.769134875495,-7.108978622041E-02));
#4976 = ( GEOMETRIC_REPRESENTATION_CONTEXT(2) 
PARAMETRIC_REPRESENTATION_CONTEXT() REPRESENTATION_CONTEXT('2D SPACE',''
  ) );
#4977 = PCURVE('',#2207,#4978);
#4978 = DEFINITIONAL_REPRESENTATION('',(#4979),#4983);
#4979 = LINE('',#4980,#4981);
#4980 = CARTESIAN_POINT('',(0.,1.));
#4981 = VECTOR('',#4982,1.);
#4982 = DIRECTION('',(1.,0.));
#4983 = ( GEOMETRIC_REPRESENTATION_CONTEXT(2) 
PARAMETRIC_REPRESENTATION_CONTEXT() REPRESENTATION_CONTEXT('2D SPACE',''
  ) );
#4984 = ORIENTED_EDGE('',*,*,#4985,.T.);
#4985 = EDGE_CURVE('',#4943,#4986,#4988,.T.);
#4986 = VERTEX_POINT('',#4987);
#4987 = CARTESIAN_POINT('',(5.985735955813,127.,0.413479222319));
#4988 = SURFACE_CURVE('',#4989,(#5003,#5020),.PCURVE_S1.);
#4989 = B_SPLINE_CURVE_WITH_KNOTS('',12,(#4990,#4991,#4992,#4993,#4994,
    #4995,#4996,#4997,#4998,#4999,#5000,#5001,#5002),.UNSPECIFIED.,.F.,
  .F.,(13,13),(1.,2.),.PIECEWISE_BEZIER_KNOTS.);
#4990 = CARTESIAN_POINT('',(0.237489892119,127.,0.617182285327));
#4991 = CARTESIAN_POINT('',(-2.134531793961,127.00000000001,
    0.464438316407));
#4992 = CARTESIAN_POINT('',(-4.54729965939,126.99999999994,
    0.205801176388));
#4993 = CARTESIAN_POINT('',(-6.512449673516,127.00000000014,
    -0.127279872639));
#4994 = CARTESIAN_POINT('',(-7.531294155833,126.9999999997,
    -0.476713433718));
#4995 = CARTESIAN_POINT('',(-7.248757719766,127.00000000047,
    -0.767632207869));
#4996 = CARTESIAN_POINT('',(-5.610276244553,126.9999999994,
    -0.929147666146));
#4997 = CARTESIAN_POINT('',(-2.942692804026,127.00000000059,
    -0.920228078528));
#4998 = CARTESIAN_POINT('',(0.134199019882,126.99999999954,
    -0.74835880555));
#4999 = CARTESIAN_POINT('',(2.950555019525,127.00000000026,
    -0.462624431637));
#5000 = CARTESIAN_POINT('',(4.991527036665,126.99999999989,
    -0.132230319473));
#5001 = CARTESIAN_POINT('',(6.002133790804,127.00000000002,
    0.176095805678));
#5002 = CARTESIAN_POINT('',(5.985735955813,127.,0.413479222319));
#5003 = PCURVE('',#2345,#5004);
#5004 = DEFINITIONAL_REPRESENTATION('',(#5005),#5019);
#5005 = B_SPLINE_CURVE_WITH_KNOTS('',12,(#5006,#5007,#5008,#5009,#5010,
    #5011,#5012,#5013,#5014,#5015,#5016,#5017,#5018),.UNSPECIFIED.,.F.,
  .F.,(13,13),(1.,2.),.PIECEWISE_BEZIER_KNOTS.);
#5006 = CARTESIAN_POINT('',(0.769134875495,-7.108978622041E-02));
#5007 = CARTESIAN_POINT('',(3.137357657865,-0.274408384326));
#5008 = CARTESIAN_POINT('',(5.561688436634,-0.379108994434));
#5009 = CARTESIAN_POINT('',(7.554545087776,-0.343332867742));
#5010 = CARTESIAN_POINT('',(8.614157698853,-0.150022218268));
#5011 = CARTESIAN_POINT('',(8.378251057804,0.179839309601));
#5012 = CARTESIAN_POINT('',(6.782283509722,0.584309794737));
#5013 = CARTESIAN_POINT('',(4.143300974253,0.973991907113));
#5014 = CARTESIAN_POINT('',(1.075260445749,1.263698065987));
#5015 = CARTESIAN_POINT('',(-1.752177708938,1.401896222924));
#5016 = CARTESIAN_POINT('',(-3.819604159718,1.380103684918));
#5017 = CARTESIAN_POINT('',(-4.86493057334,1.226208590955));
#5018 = CARTESIAN_POINT('',(-4.884178677382,0.989039271735));
#5019 = ( GEOMETRIC_REPRESENTATION_CONTEXT(2) 
PARAMETRIC_REPRESENTATION_CONTEXT() REPRESENTATION_CONTEXT('2D SPACE',''
  ) );
#5020 = PCURVE('',#4455,#5021);
#5021 = DEFINITIONAL_REPRESENTATION('',(#5022),#5026);
#5022 = LINE('',#5023,#5024);
#5023 = CARTESIAN_POINT('',(0.,1.));
#5024 = VECTOR('',#5025,1.);
#5025 = DIRECTION('',(1.,0.));
#5026 = ( GEOMETRIC_REPRESENTATION_CONTEXT(2) 
PARAMETRIC_REPRESENTATION_CONTEXT() REPRESENTATION_CONTEXT('2D SPACE',''
  ) );
#5027 = ORIENTED_EDGE('',*,*,#5028,.T.);
#5028 = EDGE_CURVE('',#4986,#4869,#5029,.T.);
#5029 = SURFACE_CURVE('',#5030,(#5044,#5061),.PCURVE_S1.);
#5030 = B_SPLINE_CURVE_WITH_KNOTS('',12,(#5031,#5032,#5033,#5034,#5035,
    #5036,#5037,#5038,#5039,#5040,#5041,#5042,#5043),.UNSPECIFIED.,.F.,
  .F.,(13,13),(2.,3.),.PIECEWISE_BEZIER_KNOTS.);
#5031 = CARTESIAN_POINT('',(5.985735955813,127.,0.413479222319));
#5032 = CARTESIAN_POINT('',(5.982239892689,127.,0.464090013898));
#5033 = CARTESIAN_POINT('',(5.932060904087,127.,0.511476064893));
#5034 = CARTESIAN_POINT('',(5.835232030244,127.,0.555163756066));
#5035 = CARTESIAN_POINT('',(5.692319620166,127.,0.594716276222));
#5036 = CARTESIAN_POINT('',(5.504423855459,127.,0.629740506256));
#5037 = CARTESIAN_POINT('',(5.273168393894,127.,0.659893110999));
#5038 = CARTESIAN_POINT('',(5.00067994171,127.,0.684885750344));
#5039 = CARTESIAN_POINT('',(4.689558563614,127.,0.704489321051));
#5040 = CARTESIAN_POINT('',(4.34283953947,127.,0.718537140702));
#5041 = CARTESIAN_POINT('',(3.96394757667,127.,0.726926985236));
#5042 = CARTESIAN_POINT('',(3.556644187139,127.,0.729621891488));
#5043 = CARTESIAN_POINT('',(3.124969037993,127.,0.726649636209));
#5044 = PCURVE('',#2345,#5045);
#5045 = DEFINITIONAL_REPRESENTATION('',(#5046),#5060);
#5046 = B_SPLINE_CURVE_WITH_KNOTS('',12,(#5047,#5048,#5049,#5050,#5051,
    #5052,#5053,#5054,#5055,#5056,#5057,#5058,#5059),.UNSPECIFIED.,.F.,
  .F.,(13,13),(2.,3.),.PIECEWISE_BEZIER_KNOTS.);
#5047 = CARTESIAN_POINT('',(-4.884178677382,0.989039271735));
#5048 = CARTESIAN_POINT('',(-4.888282425637,0.93847412631));
#5049 = CARTESIAN_POINT('',(-4.845745351356,0.884123725781));
#5050 = CARTESIAN_POINT('',(-4.75652937159,0.826461310604));
#5051 = CARTESIAN_POINT('',(-4.621129226449,0.766003395482));
#5052 = CARTESIAN_POINT('',(-4.440574025445,0.703303040821));
#5053 = CARTESIAN_POINT('',(-4.216417917306,0.638942282122));
#5054 = CARTESIAN_POINT('',(-3.950720669975,0.573523925711));
#5055 = CARTESIAN_POINT('',(-3.646018947435,0.507662919232));
#5056 = CARTESIAN_POINT('',(-3.305289070056,0.441977505315));
#5057 = CARTESIAN_POINT('',(-2.931902045127,0.37708036685));
#5058 = CARTESIAN_POINT('',(-2.529571654252,0.313569972256));
#5059 = CARTESIAN_POINT('',(-2.102296384284,0.252022329202));
#5060 = ( GEOMETRIC_REPRESENTATION_CONTEXT(2) 
PARAMETRIC_REPRESENTATION_CONTEXT() REPRESENTATION_CONTEXT('2D SPACE',''
  ) );
#5061 = PCURVE('',#4667,#5062);
#5062 = DEFINITIONAL_REPRESENTATION('',(#5063),#5067);
#5063 = LINE('',#5064,#5065);
#5064 = CARTESIAN_POINT('',(0.,1.));
#5065 = VECTOR('',#5066,1.);
#5066 = DIRECTION('',(1.,0.));
#5067 = ( GEOMETRIC_REPRESENTATION_CONTEXT(2) 
PARAMETRIC_REPRESENTATION_CONTEXT() REPRESENTATION_CONTEXT('2D SPACE',''
  ) );
#5068 = ORIENTED_EDGE('',*,*,#4898,.T.);
#5069 = ORIENTED_EDGE('',*,*,#2319,.T.);
#5070 = ADVANCED_FACE('',(#5071),#2207,.F.);
#5071 = FACE_BOUND('',#5072,.F.);
#5072 = EDGE_LOOP('',(#5073,#5074,#5152,#5153,#5179,#5180));
#5073 = ORIENTED_EDGE('',*,*,#3341,.T.);
#5074 = ORIENTED_EDGE('',*,*,#5075,.T.);
#5075 = EDGE_CURVE('',#3342,#4212,#5076,.T.);
#5076 = SURFACE_CURVE('',#5077,(#5100,#5126),.PCURVE_S1.);
#5077 = B_SPLINE_CURVE_WITH_KNOTS('',6,(#5078,#5079,#5080,#5081,#5082,
    #5083,#5084,#5085,#5086,#5087,#5088,#5089,#5090,#5091,#5092,#5093,
    #5094,#5095,#5096,#5097,#5098,#5099),.UNSPECIFIED.,.F.,.F.,(7,5,5,5,
    7),(0.,8.026789202575E-02,0.45441361894,0.814867331874,1.),
  .UNSPECIFIED.);
#5078 = CARTESIAN_POINT('',(2.222951811375,0.,3.5));
#5079 = CARTESIAN_POINT('',(2.210514586509,0.106509108157,3.5));
#5080 = CARTESIAN_POINT('',(2.198600073025,0.213079294826,3.5));
#5081 = CARTESIAN_POINT('',(2.187213258236,0.31970784045,3.5));
#5082 = CARTESIAN_POINT('',(2.176357561321,0.426391803434,3.5));
#5083 = CARTESIAN_POINT('',(2.166034833333,0.533128020137,3.5));
#5084 = CARTESIAN_POINT('',(2.110614525542,1.137661110286,3.5));
#5085 = CARTESIAN_POINT('',(2.076567971452,1.636490086444,3.5));
#5086 = CARTESIAN_POINT('',(2.054148793926,2.136007244976,3.5));
#5087 = CARTESIAN_POINT('',(2.042675721368,2.635870335626,3.5));
#5088 = CARTESIAN_POINT('',(2.041058324478,3.135797071573,3.5));
#5089 = CARTESIAN_POINT('',(2.054826384918,4.117065452286,3.5));
#5090 = CARTESIAN_POINT('',(2.069591746647,4.598431390434,3.5));
#5091 = CARTESIAN_POINT('',(2.091270451145,5.079542203388,3.5));
#5092 = CARTESIAN_POINT('',(2.118649293136,5.560336904944,3.5));
#5093 = CARTESIAN_POINT('',(2.150597492294,6.040815631021,3.5));
#5094 = CARTESIAN_POINT('',(2.204366330998,6.767683859691,3.5));
#5095 = CARTESIAN_POINT('',(2.223554857646,7.014260399722,3.5));
#5096 = CARTESIAN_POINT('',(2.243551031101,7.260772964219,3.5));
#5097 = CARTESIAN_POINT('',(2.26423006549,7.507228478534,3.5));
#5098 = CARTESIAN_POINT('',(2.28547800305,7.753634656414,3.5));
#5099 = CARTESIAN_POINT('',(2.307191714129,8.,3.5));
#5100 = PCURVE('',#2207,#5101);
#5101 = DEFINITIONAL_REPRESENTATION('',(#5102),#5125);
#5102 = B_SPLINE_CURVE_WITH_KNOTS('',6,(#5103,#5104,#5105,#5106,#5107,
    #5108,#5109,#5110,#5111,#5112,#5113,#5114,#5115,#5116,#5117,#5118,
    #5119,#5120,#5121,#5122,#5123,#5124),.UNSPECIFIED.,.F.,.F.,(7,5,5,5,
    7),(0.,8.026789202575E-02,0.45441361894,0.814867331874,1.),
  .UNSPECIFIED.);
#5103 = CARTESIAN_POINT('',(0.816721487306,0.));
#5104 = CARTESIAN_POINT('',(0.816456543665,7.774130366402E-04));
#5105 = CARTESIAN_POINT('',(0.816206602636,1.557325729486E-03));
#5106 = CARTESIAN_POINT('',(0.815971328798,2.339705833557E-03));
#5107 = CARTESIAN_POINT('',(0.815750379658,3.12451839273E-03));
#5108 = CARTESIAN_POINT('',(0.815543405652,3.911725739742E-03));
#5109 = CARTESIAN_POINT('',(0.814448778946,8.381602873298E-03));
#5110 = CARTESIAN_POINT('',(0.813843364328,1.21132141728E-02));
#5111 = CARTESIAN_POINT('',(0.813497887461,1.589166844741E-02));
#5112 = CARTESIAN_POINT('',(0.81337304577,1.971233728031E-02));
#5113 = CARTESIAN_POINT('',(0.813429757889,2.357062699239E-02));
#5114 = CARTESIAN_POINT('',(0.813824455026,3.121147584063E-02));
#5115 = CARTESIAN_POINT('',(0.814152076717,3.499174565158E-02));
#5116 = CARTESIAN_POINT('',(0.814580380084,3.879969262354E-02));
#5117 = CARTESIAN_POINT('',(0.815077799265,4.263230861829E-02));
#5118 = CARTESIAN_POINT('',(0.815615576443,4.648703194243E-02));
#5119 = CARTESIAN_POINT('',(0.81645091834,5.235195348886E-02));
#5120 = CARTESIAN_POINT('',(0.816738091229,5.434736018161E-02));
#5121 = CARTESIAN_POINT('',(0.81702542975,5.634774992428E-02));
#5122 = CARTESIAN_POINT('',(0.817309545269,5.835284172111E-02));
#5123 = CARTESIAN_POINT('',(0.817587212984,6.036236584928E-02));
#5124 = CARTESIAN_POINT('',(0.817855371928,6.237606385896E-02));
#5125 = ( GEOMETRIC_REPRESENTATION_CONTEXT(2) 
PARAMETRIC_REPRESENTATION_CONTEXT() REPRESENTATION_CONTEXT('2D SPACE',''
  ) );
#5126 = PCURVE('',#1933,#5127);
#5127 = DEFINITIONAL_REPRESENTATION('',(#5128),#5151);
#5128 = B_SPLINE_CURVE_WITH_KNOTS('',6,(#5129,#5130,#5131,#5132,#5133,
    #5134,#5135,#5136,#5137,#5138,#5139,#5140,#5141,#5142,#5143,#5144,
    #5145,#5146,#5147,#5148,#5149,#5150),.UNSPECIFIED.,.F.,.F.,(7,5,5,5,
    7),(0.,8.026789202575E-02,0.45441361894,0.814867331874,1.),
  .UNSPECIFIED.);
#5129 = CARTESIAN_POINT('',(2.222951811375,0.));
#5130 = CARTESIAN_POINT('',(2.210514586509,0.106509108157));
#5131 = CARTESIAN_POINT('',(2.198600073025,0.213079294826));
#5132 = CARTESIAN_POINT('',(2.187213258236,0.31970784045));
#5133 = CARTESIAN_POINT('',(2.176357561321,0.426391803434));
#5134 = CARTESIAN_POINT('',(2.166034833333,0.533128020137));
#5135 = CARTESIAN_POINT('',(2.110614525542,1.137661110286));
#5136 = CARTESIAN_POINT('',(2.076567971452,1.636490086444));
#5137 = CARTESIAN_POINT('',(2.054148793926,2.136007244976));
#5138 = CARTESIAN_POINT('',(2.042675721368,2.635870335626));
#5139 = CARTESIAN_POINT('',(2.041058324478,3.135797071573));
#5140 = CARTESIAN_POINT('',(2.054826384918,4.117065452286));
#5141 = CARTESIAN_POINT('',(2.069591746647,4.598431390434));
#5142 = CARTESIAN_POINT('',(2.091270451145,5.079542203388));
#5143 = CARTESIAN_POINT('',(2.118649293136,5.560336904944));
#5144 = CARTESIAN_POINT('',(2.150597492294,6.040815631021));
#5145 = CARTESIAN_POINT('',(2.204366330998,6.767683859691));
#5146 = CARTESIAN_POINT('',(2.223554857646,7.014260399722));
#5147 = CARTESIAN_POINT('',(2.243551031101,7.260772964219));
#5148 = CARTESIAN_POINT('',(2.26423006549,7.507228478534));
#5149 = CARTESIAN_POINT('',(2.28547800305,7.753634656414));
#5150 = CARTESIAN_POINT('',(2.307191714129,8.));
#5151 = ( GEOMETRIC_REPRESENTATION_CONTEXT(2) 
PARAMETRIC_REPRESENTATION_CONTEXT() REPRESENTATION_CONTEXT('2D SPACE',''
  ) );
#5152 = ORIENTED_EDGE('',*,*,#4235,.F.);
#5153 = ORIENTED_EDGE('',*,*,#5154,.T.);
#5154 = EDGE_CURVE('',#4236,#4943,#5155,.T.);
#5155 = SURFACE_CURVE('',#5156,(#5165,#5172),.PCURVE_S1.);
#5156 = ( BOUNDED_CURVE() B_SPLINE_CURVE(7,(#5157,#5158,#5159,#5160,
    #5161,#5162,#5163,#5164),.UNSPECIFIED.,.F.,.F.) 
B_SPLINE_CURVE_WITH_KNOTS((8,8),(0.,1.),.PIECEWISE_BEZIER_KNOTS.) CURVE(
) GEOMETRIC_REPRESENTATION_ITEM() RATIONAL_B_SPLINE_CURVE((1.,1.,1.,1.,
1.,1.,1.,1.)) REPRESENTATION_ITEM('') );
#5157 = CARTESIAN_POINT('',(1.253618010632,0.,0.822544868188));
#5158 = CARTESIAN_POINT('',(1.984207209637,19.572075798119,
    -2.161097430858E-02));
#5159 = CARTESIAN_POINT('',(-3.324173684077,29.906339939332,
    6.501853709071));
#5160 = CARTESIAN_POINT('',(4.99543498036,59.681862012181,
    -7.696936104938));
#5161 = CARTESIAN_POINT('',(-3.625779262004,66.668229265807,
    8.614033871538));
#5162 = CARTESIAN_POINT('',(2.355279095576,92.778443865811,
    -4.078559445575));
#5163 = CARTESIAN_POINT('',(-0.401677310147,107.78320990507,
    2.122427411691));
#5164 = CARTESIAN_POINT('',(0.237489892119,127.,0.617182285327));
#5165 = PCURVE('',#2207,#5166);
#5166 = DEFINITIONAL_REPRESENTATION('',(#5167),#5171);
#5167 = LINE('',#5168,#5169);
#5168 = CARTESIAN_POINT('',(1.,0.));
#5169 = VECTOR('',#5170,1.);
#5170 = DIRECTION('',(0.,1.));
#5171 = ( GEOMETRIC_REPRESENTATION_CONTEXT(2) 
PARAMETRIC_REPRESENTATION_CONTEXT() REPRESENTATION_CONTEXT('2D SPACE',''
  ) );
#5172 = PCURVE('',#4455,#5173);
#5173 = DEFINITIONAL_REPRESENTATION('',(#5174),#5178);
#5174 = LINE('',#5175,#5176);
#5175 = CARTESIAN_POINT('',(1.,0.));
#5176 = VECTOR('',#5177,1.);
#5177 = DIRECTION('',(0.,1.));
#5178 = ( GEOMETRIC_REPRESENTATION_CONTEXT(2) 
PARAMETRIC_REPRESENTATION_CONTEXT() REPRESENTATION_CONTEXT('2D SPACE',''
  ) );
#5179 = ORIENTED_EDGE('',*,*,#4942,.F.);
#5180 = ORIENTED_EDGE('',*,*,#2186,.F.);
#5181 = ADVANCED_FACE('',(#5182),#1933,.T.);
#5182 = FACE_BOUND('',#5183,.T.);
#5183 = EDGE_LOOP('',(#5184,#5185,#5186,#5187,#5188));
#5184 = ORIENTED_EDGE('',*,*,#5075,.T.);
#5185 = ORIENTED_EDGE('',*,*,#4211,.T.);
#5186 = ORIENTED_EDGE('',*,*,#1871,.F.);
#5187 = ORIENTED_EDGE('',*,*,#3542,.F.);
#5188 = ORIENTED_EDGE('',*,*,#3384,.F.);
#5189 = ADVANCED_FACE('',(#5190),#3185,.F.);
#5190 = FACE_BOUND('',#5191,.F.);
#5191 = EDGE_LOOP('',(#5192,#5218,#5219,#5220));
#5192 = ORIENTED_EDGE('',*,*,#5193,.F.);
#5193 = EDGE_CURVE('',#3002,#3775,#5194,.T.);
#5194 = SURFACE_CURVE('',#5195,(#5204,#5211),.PCURVE_S1.);
#5195 = ( BOUNDED_CURVE() B_SPLINE_CURVE(7,(#5196,#5197,#5198,#5199,
    #5200,#5201,#5202,#5203),.UNSPECIFIED.,.F.,.F.) 
B_SPLINE_CURVE_WITH_KNOTS((8,8),(0.,1.),.PIECEWISE_BEZIER_KNOTS.) CURVE(
) GEOMETRIC_REPRESENTATION_ITEM() RATIONAL_B_SPLINE_CURVE((1.,1.,1.,1.,
1.,1.,1.,1.)) REPRESENTATION_ITEM('') );
#5196 = CARTESIAN_POINT('',(1.091538427804,0.,0.392095754339));
#5197 = CARTESIAN_POINT('',(0.416241205529,19.572075798119,0.5772738656)
  );
#5198 = CARTESIAN_POINT('',(5.599359076112,29.906339939337,
    -0.837320800182));
#5199 = CARTESIAN_POINT('',(-6.054293371661,59.681862012172,
    2.048014057131));
#5200 = CARTESIAN_POINT('',(19.301197623814,66.668229265818,
    -0.69015991924));
#5201 = CARTESIAN_POINT('',(4.443209119388,92.778443865803,
    4.097905470597));
#5202 = CARTESIAN_POINT('',(7.014518738722,107.78320990507,
    -0.668652731187));
#5203 = CARTESIAN_POINT('',(5.985735955813,127.,0.413479222319));
#5204 = PCURVE('',#3185,#5205);
#5205 = DEFINITIONAL_REPRESENTATION('',(#5206),#5210);
#5206 = LINE('',#5207,#5208);
#5207 = CARTESIAN_POINT('',(2.,0.));
#5208 = VECTOR('',#5209,1.);
#5209 = DIRECTION('',(0.,1.));
#5210 = ( GEOMETRIC_REPRESENTATION_CONTEXT(2) 
PARAMETRIC_REPRESENTATION_CONTEXT() REPRESENTATION_CONTEXT('2D SPACE',''
  ) );
#5211 = PCURVE('',#3037,#5212);
#5212 = DEFINITIONAL_REPRESENTATION('',(#5213),#5217);
#5213 = LINE('',#5214,#5215);
#5214 = CARTESIAN_POINT('',(2.,0.));
#5215 = VECTOR('',#5216,1.);
#5216 = DIRECTION('',(0.,1.));
#5217 = ( GEOMETRIC_REPRESENTATION_CONTEXT(2) 
PARAMETRIC_REPRESENTATION_CONTEXT() REPRESENTATION_CONTEXT('2D SPACE',''
  ) );
#5218 = ORIENTED_EDGE('',*,*,#3149,.T.);
#5219 = ORIENTED_EDGE('',*,*,#3406,.T.);
#5220 = ORIENTED_EDGE('',*,*,#4124,.T.);
#5221 = ADVANCED_FACE('',(#5222),#3037,.F.);
#5222 = FACE_BOUND('',#5223,.F.);
#5223 = EDGE_LOOP('',(#5224,#5250,#5251,#5252));
#5224 = ORIENTED_EDGE('',*,*,#5225,.F.);
#5225 = EDGE_CURVE('',#2854,#3566,#5226,.T.);
#5226 = SURFACE_CURVE('',#5227,(#5236,#5243),.PCURVE_S1.);
#5227 = ( BOUNDED_CURVE() B_SPLINE_CURVE(7,(#5228,#5229,#5230,#5231,
    #5232,#5233,#5234,#5235),.UNSPECIFIED.,.F.,.F.) 
B_SPLINE_CURVE_WITH_KNOTS((8,8),(0.,1.),.PIECEWISE_BEZIER_KNOTS.) CURVE(
) GEOMETRIC_REPRESENTATION_ITEM() RATIONAL_B_SPLINE_CURVE((1.,1.,1.,1.,
1.,1.,1.,1.)) REPRESENTATION_ITEM('') );
#5228 = CARTESIAN_POINT('',(1.253618010632,0.,0.822544868188));
#5229 = CARTESIAN_POINT('',(1.984207209637,19.572075798119,
    -2.161097430858E-02));
#5230 = CARTESIAN_POINT('',(-3.324173684077,29.906339939332,
    6.501853709071));
#5231 = CARTESIAN_POINT('',(4.99543498036,59.681862012181,
    -7.696936104938));
#5232 = CARTESIAN_POINT('',(-3.625779262004,66.668229265807,
    8.614033871538));
#5233 = CARTESIAN_POINT('',(2.355279095576,92.778443865811,
    -4.078559445575));
#5234 = CARTESIAN_POINT('',(-0.401677310147,107.78320990507,
    2.122427411691));
#5235 = CARTESIAN_POINT('',(0.237489892119,127.,0.617182285327));
#5236 = PCURVE('',#3037,#5237);
#5237 = DEFINITIONAL_REPRESENTATION('',(#5238),#5242);
#5238 = LINE('',#5239,#5240);
#5239 = CARTESIAN_POINT('',(1.,0.));
#5240 = VECTOR('',#5241,1.);
#5241 = DIRECTION('',(0.,1.));
#5242 = ( GEOMETRIC_REPRESENTATION_CONTEXT(2) 
PARAMETRIC_REPRESENTATION_CONTEXT() REPRESENTATION_CONTEXT('2D SPACE',''
  ) );
#5243 = PCURVE('',#2889,#5244);
#5244 = DEFINITIONAL_REPRESENTATION('',(#5245),#5249);
#5245 = LINE('',#5246,#5247);
#5246 = CARTESIAN_POINT('',(1.,0.));
#5247 = VECTOR('',#5248,1.);
#5248 = DIRECTION('',(0.,1.));
#5249 = ( GEOMETRIC_REPRESENTATION_CONTEXT(2) 
PARAMETRIC_REPRESENTATION_CONTEXT() REPRESENTATION_CONTEXT('2D SPACE',''
  ) );
#5250 = ORIENTED_EDGE('',*,*,#3001,.T.);
#5251 = ORIENTED_EDGE('',*,*,#5193,.T.);
#5252 = ORIENTED_EDGE('',*,*,#3774,.T.);
#5253 = ADVANCED_FACE('',(#5254),#2889,.F.);
#5254 = FACE_BOUND('',#5255,.F.);
#5255 = EDGE_LOOP('',(#5256,#5257,#5258));
#5256 = ORIENTED_EDGE('',*,*,#3565,.F.);
#5257 = ORIENTED_EDGE('',*,*,#2853,.T.);
#5258 = ORIENTED_EDGE('',*,*,#5225,.T.);
#5259 = ADVANCED_FACE('',(#5260),#4667,.F.);
#5260 = FACE_BOUND('',#5261,.F.);
#5261 = EDGE_LOOP('',(#5262,#5288,#5289,#5290));
#5262 = ORIENTED_EDGE('',*,*,#5263,.F.);
#5263 = EDGE_CURVE('',#4292,#4986,#5264,.T.);
#5264 = SURFACE_CURVE('',#5265,(#5274,#5281),.PCURVE_S1.);
#5265 = ( BOUNDED_CURVE() B_SPLINE_CURVE(7,(#5266,#5267,#5268,#5269,
    #5270,#5271,#5272,#5273),.UNSPECIFIED.,.F.,.F.) 
B_SPLINE_CURVE_WITH_KNOTS((8,8),(0.,1.),.PIECEWISE_BEZIER_KNOTS.) CURVE(
) GEOMETRIC_REPRESENTATION_ITEM() RATIONAL_B_SPLINE_CURVE((1.,1.,1.,1.,
1.,1.,1.,1.)) REPRESENTATION_ITEM('') );
#5266 = CARTESIAN_POINT('',(1.091538427804,0.,0.392095754339));
#5267 = CARTESIAN_POINT('',(0.416241205529,19.572075798119,0.5772738656)
  );
#5268 = CARTESIAN_POINT('',(5.599359076112,29.906339939337,
    -0.837320800182));
#5269 = CARTESIAN_POINT('',(-6.054293371661,59.681862012172,
    2.048014057131));
#5270 = CARTESIAN_POINT('',(19.301197623814,66.668229265818,
    -0.69015991924));
#5271 = CARTESIAN_POINT('',(4.443209119388,92.778443865803,
    4.097905470597));
#5272 = CARTESIAN_POINT('',(7.014518738722,107.78320990507,
    -0.668652731187));
#5273 = CARTESIAN_POINT('',(5.985735955813,127.,0.413479222319));
#5274 = PCURVE('',#4667,#5275);
#5275 = DEFINITIONAL_REPRESENTATION('',(#5276),#5280);
#5276 = LINE('',#5277,#5278);
#5277 = CARTESIAN_POINT('',(2.,0.));
#5278 = VECTOR('',#5279,1.);
#5279 = DIRECTION('',(0.,1.));
#5280 = ( GEOMETRIC_REPRESENTATION_CONTEXT(2) 
PARAMETRIC_REPRESENTATION_CONTEXT() REPRESENTATION_CONTEXT('2D SPACE',''
  ) );
#5281 = PCURVE('',#4455,#5282);
#5282 = DEFINITIONAL_REPRESENTATION('',(#5283),#5287);
#5283 = LINE('',#5284,#5285);
#5284 = CARTESIAN_POINT('',(2.,0.));
#5285 = VECTOR('',#5286,1.);
#5286 = DIRECTION('',(0.,1.));
#5287 = ( GEOMETRIC_REPRESENTATION_CONTEXT(2) 
PARAMETRIC_REPRESENTATION_CONTEXT() REPRESENTATION_CONTEXT('2D SPACE',''
  ) );
#5288 = ORIENTED_EDGE('',*,*,#4641,.F.);
#5289 = ORIENTED_EDGE('',*,*,#4868,.T.);
#5290 = ORIENTED_EDGE('',*,*,#5028,.F.);
#5291 = ADVANCED_FACE('',(#5292),#4455,.F.);
#5292 = FACE_BOUND('',#5293,.F.);
#5293 = EDGE_LOOP('',(#5294,#5295,#5296,#5297));
#5294 = ORIENTED_EDGE('',*,*,#5154,.F.);
#5295 = ORIENTED_EDGE('',*,*,#4291,.F.);
#5296 = ORIENTED_EDGE('',*,*,#5263,.T.);
#5297 = ORIENTED_EDGE('',*,*,#4985,.F.);
#5298 = ( GEOMETRIC_REPRESENTATION_CONTEXT(3) 
GLOBAL_UNCERTAINTY_ASSIGNED_CONTEXT((#5302)) 
GLOBAL_UNIT_ASSIGNED_CONTEXT((#5299,#5300,#5301)) REPRESENTATION_CONTEXT
('Context #1','3D Context with UNIT and UNCERTAINTY') );
#5299 = ( LENGTH_UNIT() NAMED_UNIT(*) SI_UNIT(.MILLI.,.METRE.) );
#5300 = ( NAMED_UNIT(*) PLANE_ANGLE_UNIT() SI_UNIT($,.RADIAN.) );
#5301 = ( NAMED_UNIT(*) SI_UNIT($,.STERADIAN.) SOLID_ANGLE_UNIT() );
#5302 = UNCERTAINTY_MEASURE_WITH_UNIT(LENGTH_MEASURE(2.E-06),#5299,
  'distance_accuracy_value','confusion accuracy');
#5303 = PRODUCT_RELATED_PRODUCT_CATEGORY('part',$,(#7));
ENDSEC;
END-ISO-10303-21;
